rel_path,abs_path,size_bytes,size_mb,modified,filename,parent
_reports/alfa_manifest_csv.csv,/content/gdrive/MyDrive/datasets/ALFA/processed_csv/processed/_reports/alfa_manifest_csv.csv,761557,0.726,2026-02-24T00:34:01,alfa_manifest_csv.csv,_reports
carbonZ_2018-07-18-12-10-11_no_ground_truth/carbonZ_2018-07-18-12-10-11_no_ground_truth-diagnostics.csv,/content/gdrive/MyDrive/datasets/ALFA/processed_csv/processed/carbonZ_2018-07-18-12-10-11_no_ground_truth/carbonZ_2018-07-18-12-10-11_no_ground_truth-diagnostics.csv,211107,0.201,2026-01-29T01:53:45,carbonZ_2018-07-18-12-10-11_no_ground_truth-diagnostics.csv,carbonZ_2018-07-18-12-10-11_no_ground_truth
carbonZ_2018-07-18-12-10-11_no_ground_truth/carbonZ_2018-07-18-12-10-11_no_ground_truth-mavctrl-path_dev.csv,/content/gdrive/MyDrive/datasets/ALFA/processed_csv/processed/carbonZ_2018-07-18-12-10-11_no_ground_truth/carbonZ_2018-07-18-12-10-11_no_ground_truth-mavctrl-path_dev.csv,543328,0.518,2026-01-29T01:53:46,carbonZ_2018-07-18-12-10-11_no_ground_truth-mavctrl-path_dev.csv,carbonZ_2018-07-18-12-10-11_no_ground_truth
carbonZ_2018-07-18-12-10-11_no_ground_truth/carbonZ_2018-07-18-12-10-11_no_ground_truth-mavctrl-rpy.csv,/content/gdrive/MyDrive/datasets/ALFA/processed_csv/processed/carbonZ_2018-07-18-12-10-11_no_ground_truth/carbonZ_2018-07-18-12-10-11_no_ground_truth-mavctrl-rpy.csv,680698,0.649,2026-01-29T01:53:45,carbonZ_2018-07-18-12-10-11_no_ground_truth-mavctrl-rpy.csv,carbonZ_2018-07-18-12-10-11_no_ground_truth
carbonZ_2018-07-18-12-10-11_no_ground_truth/carbonZ_2018-07-18-12-10-11_no_ground_truth-mavlink-from.csv,/content/gdrive/MyDrive/datasets/ALFA/processed_csv/processed/carbonZ_2018-07-18-12-10-11_no_ground_truth/carbonZ_2018-07-18-12-10-11_no_ground_truth-mavlink-from.csv,5404083,5.154,2026-01-29T01:53:45,carbonZ_2018-07-18-12-10-11_no_ground_truth-mavlink-from.csv,carbonZ_2018-07-18-12-10-11_no_ground_truth
carbonZ_2018-07-18-12-10-11_no_ground_truth/carbonZ_2018-07-18-12-10-11_no_ground_truth-mavros-battery.csv,/content/gdrive/MyDrive/datasets/ALFA/processed_csv/processed/carbonZ_2018-07-18-12-10-11_no_ground_truth/carbonZ_2018-07-18-12-10-11_no_ground_truth-mavros-battery.csv,450758,0.43,2026-01-29T01:53:45,carbonZ_2018-07-18-12-10-11_no_ground_truth-mavros-battery.csv,carbonZ_2018-07-18-12-10-11_no_ground_truth
carbonZ_2018-07-18-12-10-11_no_ground_truth/carbonZ_2018-07-18-12-10-11_no_ground_truth-mavros-global_position-compass_hdg.csv,/content/gdrive/MyDrive/datasets/ALFA/processed_csv/processed/carbonZ_2018-07-18-12-10-11_no_ground_truth/carbonZ_2018-07-18-12-10-11_no_ground_truth-mavros-global_position-compass_hdg.csv,22129,0.021,2026-01-29T01:53:46,carbonZ_2018-07-18-12-10-11_no_ground_truth-mavros-global_position-compass_hdg.csv,carbonZ_2018-07-18-12-10-11_no_ground_truth
carbonZ_2018-07-18-12-10-11_no_ground_truth/carbonZ_2018-07-18-12-10-11_no_ground_truth-mavros-global_position-global.csv,/content/gdrive/MyDrive/datasets/ALFA/processed_csv/processed/carbonZ_2018-07-18-12-10-11_no_ground_truth/carbonZ_2018-07-18-12-10-11_no_ground_truth-mavros-global_position-global.csv,138844,0.132,2026-01-29T01:53:46,carbonZ_2018-07-18-12-10-11_no_ground_truth-mavros-global_position-global.csv,carbonZ_2018-07-18-12-10-11_no_ground_truth
carbonZ_2018-07-18-12-10-11_no_ground_truth/carbonZ_2018-07-18-12-10-11_no_ground_truth-mavros-global_position-local.csv,/content/gdrive/MyDrive/datasets/ALFA/processed_csv/processed/carbonZ_2018-07-18-12-10-11_no_ground_truth/carbonZ_2018-07-18-12-10-11_no_ground_truth-mavros-global_position-local.csv,438390,0.418,2026-01-29T01:53:46,carbonZ_2018-07-18-12-10-11_no_ground_truth-mavros-global_position-local.csv,carbonZ_2018-07-18-12-10-11_no_ground_truth
carbonZ_2018-07-18-12-10-11_no_ground_truth/carbonZ_2018-07-18-12-10-11_no_ground_truth-mavros-global_position-raw-fix.csv,/content/gdrive/MyDrive/datasets/ALFA/processed_csv/processed/carbonZ_2018-07-18-12-10-11_no_ground_truth/carbonZ_2018-07-18-12-10-11_no_ground_truth-mavros-global_position-raw-fix.csv,170209,0.162,2026-01-29T01:53:46,carbonZ_2018-07-18-12-10-11_no_ground_truth-mavros-global_position-raw-fix.csv,carbonZ_2018-07-18-12-10-11_no_ground_truth
carbonZ_2018-07-18-12-10-11_no_ground_truth/carbonZ_2018-07-18-12-10-11_no_ground_truth-mavros-global_position-raw-gps_vel.csv,/content/gdrive/MyDrive/datasets/ALFA/processed_csv/processed/carbonZ_2018-07-18-12-10-11_no_ground_truth/carbonZ_2018-07-18-12-10-11_no_ground_truth-mavros-global_position-raw-gps_vel.csv,97032,0.093,2026-01-29T01:53:46,carbonZ_2018-07-18-12-10-11_no_ground_truth-mavros-global_position-raw-gps_vel.csv,carbonZ_2018-07-18-12-10-11_no_ground_truth
carbonZ_2018-07-18-12-10-11_no_ground_truth/carbonZ_2018-07-18-12-10-11_no_ground_truth-mavros-global_position-rel_alt.csv,/content/gdrive/MyDrive/datasets/ALFA/processed_csv/processed/carbonZ_2018-07-18-12-10-11_no_ground_truth/carbonZ_2018-07-18-12-10-11_no_ground_truth-mavros-global_position-rel_alt.csv,22560,0.022,2026-01-29T01:53:46,carbonZ_2018-07-18-12-10-11_no_ground_truth-mavros-global_position-rel_alt.csv,carbonZ_2018-07-18-12-10-11_no_ground_truth
carbonZ_2018-07-18-12-10-11_no_ground_truth/carbonZ_2018-07-18-12-10-11_no_ground_truth-mavros-imu-atm_pressure.csv,/content/gdrive/MyDrive/datasets/ALFA/processed_csv/processed/carbonZ_2018-07-18-12-10-11_no_ground_truth/carbonZ_2018-07-18-12-10-11_no_ground_truth-mavros-imu-atm_pressure.csv,151885,0.145,2026-01-29T01:53:46,carbonZ_2018-07-18-12-10-11_no_ground_truth-mavros-imu-atm_pressure.csv,carbonZ_2018-07-18-12-10-11_no_ground_truth
carbonZ_2018-07-18-12-10-11_no_ground_truth/carbonZ_2018-07-18-12-10-11_no_ground_truth-mavros-imu-data.csv,/content/gdrive/MyDrive/datasets/ALFA/processed_csv/processed/carbonZ_2018-07-18-12-10-11_no_ground_truth/carbonZ_2018-07-18-12-10-11_no_ground_truth-mavros-imu-data.csv,188469,0.18,2026-01-29T01:53:46,carbonZ_2018-07-18-12-10-11_no_ground_truth-mavros-imu-data.csv,carbonZ_2018-07-18-12-10-11_no_ground_truth
carbonZ_2018-07-18-12-10-11_no_ground_truth/carbonZ_2018-07-18-12-10-11_no_ground_truth-mavros-imu-data_raw.csv,/content/gdrive/MyDrive/datasets/ALFA/processed_csv/processed/carbonZ_2018-07-18-12-10-11_no_ground_truth/carbonZ_2018-07-18-12-10-11_no_ground_truth-mavros-imu-data_raw.csv,579290,0.552,2026-01-29T01:53:46,carbonZ_2018-07-18-12-10-11_no_ground_truth-mavros-imu-data_raw.csv,carbonZ_2018-07-18-12-10-11_no_ground_truth
carbonZ_2018-07-18-12-10-11_no_ground_truth/carbonZ_2018-07-18-12-10-11_no_ground_truth-mavros-imu-mag.csv,/content/gdrive/MyDrive/datasets/ALFA/processed_csv/processed/carbonZ_2018-07-18-12-10-11_no_ground_truth/carbonZ_2018-07-18-12-10-11_no_ground_truth-mavros-imu-mag.csv,249435,0.238,2026-01-29T01:53:46,carbonZ_2018-07-18-12-10-11_no_ground_truth-mavros-imu-mag.csv,carbonZ_2018-07-18-12-10-11_no_ground_truth
carbonZ_2018-07-18-12-10-11_no_ground_truth/carbonZ_2018-07-18-12-10-11_no_ground_truth-mavros-imu-temperature.csv,/content/gdrive/MyDrive/datasets/ALFA/processed_csv/processed/carbonZ_2018-07-18-12-10-11_no_ground_truth/carbonZ_2018-07-18-12-10-11_no_ground_truth-mavros-imu-temperature.csv,135509,0.129,2026-01-29T01:53:46,carbonZ_2018-07-18-12-10-11_no_ground_truth-mavros-imu-temperature.csv,carbonZ_2018-07-18-12-10-11_no_ground_truth
carbonZ_2018-07-18-12-10-11_no_ground_truth/carbonZ_2018-07-18-12-10-11_no_ground_truth-mavros-local_position-odom.csv,/content/gdrive/MyDrive/datasets/ALFA/processed_csv/processed/carbonZ_2018-07-18-12-10-11_no_ground_truth/carbonZ_2018-07-18-12-10-11_no_ground_truth-mavros-local_position-odom.csv,483935,0.462,2026-01-29T01:53:46,carbonZ_2018-07-18-12-10-11_no_ground_truth-mavros-local_position-odom.csv,carbonZ_2018-07-18-12-10-11_no_ground_truth
carbonZ_2018-07-18-12-10-11_no_ground_truth/carbonZ_2018-07-18-12-10-11_no_ground_truth-mavros-local_position-pose.csv,/content/gdrive/MyDrive/datasets/ALFA/processed_csv/processed/carbonZ_2018-07-18-12-10-11_no_ground_truth/carbonZ_2018-07-18-12-10-11_no_ground_truth-mavros-local_position-pose.csv,130793,0.125,2026-01-29T01:53:47,carbonZ_2018-07-18-12-10-11_no_ground_truth-mavros-local_position-pose.csv,carbonZ_2018-07-18-12-10-11_no_ground_truth
carbonZ_2018-07-18-12-10-11_no_ground_truth/carbonZ_2018-07-18-12-10-11_no_ground_truth-mavros-local_position-velocity.csv,/content/gdrive/MyDrive/datasets/ALFA/processed_csv/processed/carbonZ_2018-07-18-12-10-11_no_ground_truth/carbonZ_2018-07-18-12-10-11_no_ground_truth-mavros-local_position-velocity.csv,118365,0.113,2026-01-29T01:53:47,carbonZ_2018-07-18-12-10-11_no_ground_truth-mavros-local_position-velocity.csv,carbonZ_2018-07-18-12-10-11_no_ground_truth
carbonZ_2018-07-18-12-10-11_no_ground_truth/carbonZ_2018-07-18-12-10-11_no_ground_truth-mavros-nav_info-airspeed.csv,/content/gdrive/MyDrive/datasets/ALFA/processed_csv/processed/carbonZ_2018-07-18-12-10-11_no_ground_truth/carbonZ_2018-07-18-12-10-11_no_ground_truth-mavros-nav_info-airspeed.csv,227114,0.217,2026-01-29T01:53:47,carbonZ_2018-07-18-12-10-11_no_ground_truth-mavros-nav_info-airspeed.csv,carbonZ_2018-07-18-12-10-11_no_ground_truth
carbonZ_2018-07-18-12-10-11_no_ground_truth/carbonZ_2018-07-18-12-10-11_no_ground_truth-mavros-nav_info-errors.csv,/content/gdrive/MyDrive/datasets/ALFA/processed_csv/processed/carbonZ_2018-07-18-12-10-11_no_ground_truth/carbonZ_2018-07-18-12-10-11_no_ground_truth-mavros-nav_info-errors.csv,379969,0.362,2026-01-29T01:53:47,carbonZ_2018-07-18-12-10-11_no_ground_truth-mavros-nav_info-errors.csv,carbonZ_2018-07-18-12-10-11_no_ground_truth
carbonZ_2018-07-18-12-10-11_no_ground_truth/carbonZ_2018-07-18-12-10-11_no_ground_truth-mavros-nav_info-pitch.csv,/content/gdrive/MyDrive/datasets/ALFA/processed_csv/processed/carbonZ_2018-07-18-12-10-11_no_ground_truth/carbonZ_2018-07-18-12-10-11_no_ground_truth-mavros-nav_info-pitch.csv,307953,0.294,2026-01-29T01:53:47,carbonZ_2018-07-18-12-10-11_no_ground_truth-mavros-nav_info-pitch.csv,carbonZ_2018-07-18-12-10-11_no_ground_truth
carbonZ_2018-07-18-12-10-11_no_ground_truth/carbonZ_2018-07-18-12-10-11_no_ground_truth-mavros-nav_info-roll.csv,/content/gdrive/MyDrive/datasets/ALFA/processed_csv/processed/carbonZ_2018-07-18-12-10-11_no_ground_truth/carbonZ_2018-07-18-12-10-11_no_ground_truth-mavros-nav_info-roll.csv,305293,0.291,2026-01-29T01:53:47,carbonZ_2018-07-18-12-10-11_no_ground_truth-mavros-nav_info-roll.csv,carbonZ_2018-07-18-12-10-11_no_ground_truth
carbonZ_2018-07-18-12-10-11_no_ground_truth/carbonZ_2018-07-18-12-10-11_no_ground_truth-mavros-nav_info-velocity.csv,/content/gdrive/MyDrive/datasets/ALFA/processed_csv/processed/carbonZ_2018-07-18-12-10-11_no_ground_truth/carbonZ_2018-07-18-12-10-11_no_ground_truth-mavros-nav_info-velocity.csv,538126,0.513,2026-01-29T01:53:47,carbonZ_2018-07-18-12-10-11_no_ground_truth-mavros-nav_info-velocity.csv,carbonZ_2018-07-18-12-10-11_no_ground_truth
carbonZ_2018-07-18-12-10-11_no_ground_truth/carbonZ_2018-07-18-12-10-11_no_ground_truth-mavros-nav_info-yaw.csv,/content/gdrive/MyDrive/datasets/ALFA/processed_csv/processed/carbonZ_2018-07-18-12-10-11_no_ground_truth/carbonZ_2018-07-18-12-10-11_no_ground_truth-mavros-nav_info-yaw.csv,272126,0.26,2026-01-29T01:53:47,carbonZ_2018-07-18-12-10-11_no_ground_truth-mavros-nav_info-yaw.csv,carbonZ_2018-07-18-12-10-11_no_ground_truth
carbonZ_2018-07-18-12-10-11_no_ground_truth/carbonZ_2018-07-18-12-10-11_no_ground_truth-mavros-rc-in.csv,/content/gdrive/MyDrive/datasets/ALFA/processed_csv/processed/carbonZ_2018-07-18-12-10-11_no_ground_truth/carbonZ_2018-07-18-12-10-11_no_ground_truth-mavros-rc-in.csv,78315,0.075,2026-01-29T01:53:47,carbonZ_2018-07-18-12-10-11_no_ground_truth-mavros-rc-in.csv,carbonZ_2018-07-18-12-10-11_no_ground_truth
carbonZ_2018-07-18-12-10-11_no_ground_truth/carbonZ_2018-07-18-12-10-11_no_ground_truth-mavros-rc-out.csv,/content/gdrive/MyDrive/datasets/ALFA/processed_csv/processed/carbonZ_2018-07-18-12-10-11_no_ground_truth/carbonZ_2018-07-18-12-10-11_no_ground_truth-mavros-rc-out.csv,52996,0.051,2026-01-29T01:53:47,carbonZ_2018-07-18-12-10-11_no_ground_truth-mavros-rc-out.csv,carbonZ_2018-07-18-12-10-11_no_ground_truth
carbonZ_2018-07-18-12-10-11_no_ground_truth/carbonZ_2018-07-18-12-10-11_no_ground_truth-mavros-setpoint_raw-local.csv,/content/gdrive/MyDrive/datasets/ALFA/processed_csv/processed/carbonZ_2018-07-18-12-10-11_no_ground_truth/carbonZ_2018-07-18-12-10-11_no_ground_truth-mavros-setpoint_raw-local.csv,1264773,1.206,2026-01-29T01:53:48,carbonZ_2018-07-18-12-10-11_no_ground_truth-mavros-setpoint_raw-local.csv,carbonZ_2018-07-18-12-10-11_no_ground_truth
carbonZ_2018-07-18-12-10-11_no_ground_truth/carbonZ_2018-07-18-12-10-11_no_ground_truth-mavros-setpoint_raw-target_global.csv,/content/gdrive/MyDrive/datasets/ALFA/processed_csv/processed/carbonZ_2018-07-18-12-10-11_no_ground_truth/carbonZ_2018-07-18-12-10-11_no_ground_truth-mavros-setpoint_raw-target_global.csv,736780,0.703,2026-01-29T01:53:48,carbonZ_2018-07-18-12-10-11_no_ground_truth-mavros-setpoint_raw-target_global.csv,carbonZ_2018-07-18-12-10-11_no_ground_truth
carbonZ_2018-07-18-12-10-11_no_ground_truth/carbonZ_2018-07-18-12-10-11_no_ground_truth-mavros-state.csv,/content/gdrive/MyDrive/datasets/ALFA/processed_csv/processed/carbonZ_2018-07-18-12-10-11_no_ground_truth/carbonZ_2018-07-18-12-10-11_no_ground_truth-mavros-state.csv,12641,0.012,2026-01-29T01:53:48,carbonZ_2018-07-18-12-10-11_no_ground_truth-mavros-state.csv,carbonZ_2018-07-18-12-10-11_no_ground_truth
carbonZ_2018-07-18-12-10-11_no_ground_truth/carbonZ_2018-07-18-12-10-11_no_ground_truth-mavros-time_reference.csv,/content/gdrive/MyDrive/datasets/ALFA/processed_csv/processed/carbonZ_2018-07-18-12-10-11_no_ground_truth/carbonZ_2018-07-18-12-10-11_no_ground_truth-mavros-time_reference.csv,30682,0.029,2026-01-29T01:53:48,carbonZ_2018-07-18-12-10-11_no_ground_truth-mavros-time_reference.csv,carbonZ_2018-07-18-12-10-11_no_ground_truth
carbonZ_2018-07-18-12-10-11_no_ground_truth/carbonZ_2018-07-18-12-10-11_no_ground_truth-mavros-vfr_hud.csv,/content/gdrive/MyDrive/datasets/ALFA/processed_csv/processed/carbonZ_2018-07-18-12-10-11_no_ground_truth/carbonZ_2018-07-18-12-10-11_no_ground_truth-mavros-vfr_hud.csv,58033,0.055,2026-01-29T01:53:48,carbonZ_2018-07-18-12-10-11_no_ground_truth-mavros-vfr_hud.csv,carbonZ_2018-07-18-12-10-11_no_ground_truth
carbonZ_2018-07-18-12-10-11_no_ground_truth/carbonZ_2018-07-18-12-10-11_no_ground_truth-mavros-wind_estimation.csv,/content/gdrive/MyDrive/datasets/ALFA/processed_csv/processed/carbonZ_2018-07-18-12-10-11_no_ground_truth/carbonZ_2018-07-18-12-10-11_no_ground_truth-mavros-wind_estimation.csv,40293,0.038,2026-01-29T01:53:48,carbonZ_2018-07-18-12-10-11_no_ground_truth-mavros-wind_estimation.csv,carbonZ_2018-07-18-12-10-11_no_ground_truth
carbonZ_2018-07-18-15-53-31_1_engine_failure/carbonZ_2018-07-18-15-53-31_1_engine_failure-diagnostics.csv,/content/gdrive/MyDrive/datasets/ALFA/processed_csv/processed/carbonZ_2018-07-18-15-53-31_1_engine_failure/carbonZ_2018-07-18-15-53-31_1_engine_failure-diagnostics.csv,133925,0.128,2026-01-29T01:53:48,carbonZ_2018-07-18-15-53-31_1_engine_failure-diagnostics.csv,carbonZ_2018-07-18-15-53-31_1_engine_failure
carbonZ_2018-07-18-15-53-31_1_engine_failure/carbonZ_2018-07-18-15-53-31_1_engine_failure-failure_status-engines.csv,/content/gdrive/MyDrive/datasets/ALFA/processed_csv/processed/carbonZ_2018-07-18-15-53-31_1_engine_failure/carbonZ_2018-07-18-15-53-31_1_engine_failure-failure_status-engines.csv,1799,0.002,2026-01-29T01:53:48,carbonZ_2018-07-18-15-53-31_1_engine_failure-failure_status-engines.csv,carbonZ_2018-07-18-15-53-31_1_engine_failure
carbonZ_2018-07-18-15-53-31_1_engine_failure/carbonZ_2018-07-18-15-53-31_1_engine_failure-mavctrl-path_dev.csv,/content/gdrive/MyDrive/datasets/ALFA/processed_csv/processed/carbonZ_2018-07-18-15-53-31_1_engine_failure/carbonZ_2018-07-18-15-53-31_1_engine_failure-mavctrl-path_dev.csv,352595,0.336,2026-01-29T01:53:48,carbonZ_2018-07-18-15-53-31_1_engine_failure-mavctrl-path_dev.csv,carbonZ_2018-07-18-15-53-31_1_engine_failure
carbonZ_2018-07-18-15-53-31_1_engine_failure/carbonZ_2018-07-18-15-53-31_1_engine_failure-mavctrl-rpy.csv,/content/gdrive/MyDrive/datasets/ALFA/processed_csv/processed/carbonZ_2018-07-18-15-53-31_1_engine_failure/carbonZ_2018-07-18-15-53-31_1_engine_failure-mavctrl-rpy.csv,443278,0.423,2026-01-29T01:53:48,carbonZ_2018-07-18-15-53-31_1_engine_failure-mavctrl-rpy.csv,carbonZ_2018-07-18-15-53-31_1_engine_failure
carbonZ_2018-07-18-15-53-31_1_engine_failure/carbonZ_2018-07-18-15-53-31_1_engine_failure-mavlink-from.csv,/content/gdrive/MyDrive/datasets/ALFA/processed_csv/processed/carbonZ_2018-07-18-15-53-31_1_engine_failure/carbonZ_2018-07-18-15-53-31_1_engine_failure-mavlink-from.csv,3485045,3.324,2026-01-29T01:53:48,carbonZ_2018-07-18-15-53-31_1_engine_failure-mavlink-from.csv,carbonZ_2018-07-18-15-53-31_1_engine_failure
carbonZ_2018-07-18-15-53-31_1_engine_failure/carbonZ_2018-07-18-15-53-31_1_engine_failure-mavros-battery.csv,/content/gdrive/MyDrive/datasets/ALFA/processed_csv/processed/carbonZ_2018-07-18-15-53-31_1_engine_failure/carbonZ_2018-07-18-15-53-31_1_engine_failure-mavros-battery.csv,288334,0.275,2026-01-29T01:53:48,carbonZ_2018-07-18-15-53-31_1_engine_failure-mavros-battery.csv,carbonZ_2018-07-18-15-53-31_1_engine_failure
carbonZ_2018-07-18-15-53-31_1_engine_failure/carbonZ_2018-07-18-15-53-31_1_engine_failure-mavros-global_position-compass_hdg.csv,/content/gdrive/MyDrive/datasets/ALFA/processed_csv/processed/carbonZ_2018-07-18-15-53-31_1_engine_failure/carbonZ_2018-07-18-15-53-31_1_engine_failure-mavros-global_position-compass_hdg.csv,14381,0.014,2026-01-29T01:53:48,carbonZ_2018-07-18-15-53-31_1_engine_failure-mavros-global_position-compass_hdg.csv,carbonZ_2018-07-18-15-53-31_1_engine_failure
carbonZ_2018-07-18-15-53-31_1_engine_failure/carbonZ_2018-07-18-15-53-31_1_engine_failure-mavros-global_position-global.csv,/content/gdrive/MyDrive/datasets/ALFA/processed_csv/processed/carbonZ_2018-07-18-15-53-31_1_engine_failure/carbonZ_2018-07-18-15-53-31_1_engine_failure-mavros-global_position-global.csv,90556,0.086,2026-01-29T01:53:48,carbonZ_2018-07-18-15-53-31_1_engine_failure-mavros-global_position-global.csv,carbonZ_2018-07-18-15-53-31_1_engine_failure
carbonZ_2018-07-18-15-53-31_1_engine_failure/carbonZ_2018-07-18-15-53-31_1_engine_failure-mavros-global_position-local.csv,/content/gdrive/MyDrive/datasets/ALFA/processed_csv/processed/carbonZ_2018-07-18-15-53-31_1_engine_failure/carbonZ_2018-07-18-15-53-31_1_engine_failure-mavros-global_position-local.csv,285951,0.273,2026-01-29T01:53:48,carbonZ_2018-07-18-15-53-31_1_engine_failure-mavros-global_position-local.csv,carbonZ_2018-07-18-15-53-31_1_engine_failure
carbonZ_2018-07-18-15-53-31_1_engine_failure/carbonZ_2018-07-18-15-53-31_1_engine_failure-mavros-global_position-raw-fix.csv,/content/gdrive/MyDrive/datasets/ALFA/processed_csv/processed/carbonZ_2018-07-18-15-53-31_1_engine_failure/carbonZ_2018-07-18-15-53-31_1_engine_failure-mavros-global_position-raw-fix.csv,110107,0.105,2026-01-29T01:53:48,carbonZ_2018-07-18-15-53-31_1_engine_failure-mavros-global_position-raw-fix.csv,carbonZ_2018-07-18-15-53-31_1_engine_failure
carbonZ_2018-07-18-15-53-31_1_engine_failure/carbonZ_2018-07-18-15-53-31_1_engine_failure-mavros-global_position-raw-gps_vel.csv,/content/gdrive/MyDrive/datasets/ALFA/processed_csv/processed/carbonZ_2018-07-18-15-53-31_1_engine_failure/carbonZ_2018-07-18-15-53-31_1_engine_failure-mavros-global_position-raw-gps_vel.csv,62697,0.06,2026-01-29T01:53:48,carbonZ_2018-07-18-15-53-31_1_engine_failure-mavros-global_position-raw-gps_vel.csv,carbonZ_2018-07-18-15-53-31_1_engine_failure
carbonZ_2018-07-18-15-53-31_1_engine_failure/carbonZ_2018-07-18-15-53-31_1_engine_failure-mavros-global_position-rel_alt.csv,/content/gdrive/MyDrive/datasets/ALFA/processed_csv/processed/carbonZ_2018-07-18-15-53-31_1_engine_failure/carbonZ_2018-07-18-15-53-31_1_engine_failure-mavros-global_position-rel_alt.csv,14656,0.014,2026-01-29T01:53:48,carbonZ_2018-07-18-15-53-31_1_engine_failure-mavros-global_position-rel_alt.csv,carbonZ_2018-07-18-15-53-31_1_engine_failure
carbonZ_2018-07-18-15-53-31_1_engine_failure/carbonZ_2018-07-18-15-53-31_1_engine_failure-mavros-imu-atm_pressure.csv,/content/gdrive/MyDrive/datasets/ALFA/processed_csv/processed/carbonZ_2018-07-18-15-53-31_1_engine_failure/carbonZ_2018-07-18-15-53-31_1_engine_failure-mavros-imu-atm_pressure.csv,96515,0.092,2026-01-29T01:53:48,carbonZ_2018-07-18-15-53-31_1_engine_failure-mavros-imu-atm_pressure.csv,carbonZ_2018-07-18-15-53-31_1_engine_failure
carbonZ_2018-07-18-15-53-31_1_engine_failure/carbonZ_2018-07-18-15-53-31_1_engine_failure-mavros-imu-data.csv,/content/gdrive/MyDrive/datasets/ALFA/processed_csv/processed/carbonZ_2018-07-18-15-53-31_1_engine_failure/carbonZ_2018-07-18-15-53-31_1_engine_failure-mavros-imu-data.csv,117784,0.112,2026-01-29T01:53:48,carbonZ_2018-07-18-15-53-31_1_engine_failure-mavros-imu-data.csv,carbonZ_2018-07-18-15-53-31_1_engine_failure
carbonZ_2018-07-18-15-53-31_1_engine_failure/carbonZ_2018-07-18-15-53-31_1_engine_failure-mavros-imu-data_raw.csv,/content/gdrive/MyDrive/datasets/ALFA/processed_csv/processed/carbonZ_2018-07-18-15-53-31_1_engine_failure/carbonZ_2018-07-18-15-53-31_1_engine_failure-mavros-imu-data_raw.csv,371977,0.355,2026-01-29T01:53:48,carbonZ_2018-07-18-15-53-31_1_engine_failure-mavros-imu-data_raw.csv,carbonZ_2018-07-18-15-53-31_1_engine_failure
carbonZ_2018-07-18-15-53-31_1_engine_failure/carbonZ_2018-07-18-15-53-31_1_engine_failure-mavros-imu-mag.csv,/content/gdrive/MyDrive/datasets/ALFA/processed_csv/processed/carbonZ_2018-07-18-15-53-31_1_engine_failure/carbonZ_2018-07-18-15-53-31_1_engine_failure-mavros-imu-mag.csv,160036,0.153,2026-01-29T01:53:48,carbonZ_2018-07-18-15-53-31_1_engine_failure-mavros-imu-mag.csv,carbonZ_2018-07-18-15-53-31_1_engine_failure
carbonZ_2018-07-18-15-53-31_1_engine_failure/carbonZ_2018-07-18-15-53-31_1_engine_failure-mavros-imu-temperature.csv,/content/gdrive/MyDrive/datasets/ALFA/processed_csv/processed/carbonZ_2018-07-18-15-53-31_1_engine_failure/carbonZ_2018-07-18-15-53-31_1_engine_failure-mavros-imu-temperature.csv,85956,0.082,2026-01-29T01:53:48,carbonZ_2018-07-18-15-53-31_1_engine_failure-mavros-imu-temperature.csv,carbonZ_2018-07-18-15-53-31_1_engine_failure
carbonZ_2018-07-18-15-53-31_1_engine_failure/carbonZ_2018-07-18-15-53-31_1_engine_failure-mavros-local_position-odom.csv,/content/gdrive/MyDrive/datasets/ALFA/processed_csv/processed/carbonZ_2018-07-18-15-53-31_1_engine_failure/carbonZ_2018-07-18-15-53-31_1_engine_failure-mavros-local_position-odom.csv,315723,0.301,2026-01-29T01:53:48,carbonZ_2018-07-18-15-53-31_1_engine_failure-mavros-local_position-odom.csv,carbonZ_2018-07-18-15-53-31_1_engine_failure
carbonZ_2018-07-18-15-53-31_1_engine_failure/carbonZ_2018-07-18-15-53-31_1_engine_failure-mavros-local_position-pose.csv,/content/gdrive/MyDrive/datasets/ALFA/processed_csv/processed/carbonZ_2018-07-18-15-53-31_1_engine_failure/carbonZ_2018-07-18-15-53-31_1_engine_failure-mavros-local_position-pose.csv,85278,0.081,2026-01-29T01:53:48,carbonZ_2018-07-18-15-53-31_1_engine_failure-mavros-local_position-pose.csv,carbonZ_2018-07-18-15-53-31_1_engine_failure
carbonZ_2018-07-18-15-53-31_1_engine_failure/carbonZ_2018-07-18-15-53-31_1_engine_failure-mavros-local_position-velocity.csv,/content/gdrive/MyDrive/datasets/ALFA/processed_csv/processed/carbonZ_2018-07-18-15-53-31_1_engine_failure/carbonZ_2018-07-18-15-53-31_1_engine_failure-mavros-local_position-velocity.csv,77271,0.074,2026-01-29T01:53:48,carbonZ_2018-07-18-15-53-31_1_engine_failure-mavros-local_position-velocity.csv,carbonZ_2018-07-18-15-53-31_1_engine_failure
carbonZ_2018-07-18-15-53-31_1_engine_failure/carbonZ_2018-07-18-15-53-31_1_engine_failure-mavros-nav_info-airspeed.csv,/content/gdrive/MyDrive/datasets/ALFA/processed_csv/processed/carbonZ_2018-07-18-15-53-31_1_engine_failure/carbonZ_2018-07-18-15-53-31_1_engine_failure-mavros-nav_info-airspeed.csv,169450,0.162,2026-01-29T01:53:48,carbonZ_2018-07-18-15-53-31_1_engine_failure-mavros-nav_info-airspeed.csv,carbonZ_2018-07-18-15-53-31_1_engine_failure
carbonZ_2018-07-18-15-53-31_1_engine_failure/carbonZ_2018-07-18-15-53-31_1_engine_failure-mavros-nav_info-errors.csv,/content/gdrive/MyDrive/datasets/ALFA/processed_csv/processed/carbonZ_2018-07-18-15-53-31_1_engine_failure/carbonZ_2018-07-18-15-53-31_1_engine_failure-mavros-nav_info-errors.csv,244795,0.233,2026-01-29T01:53:48,carbonZ_2018-07-18-15-53-31_1_engine_failure-mavros-nav_info-errors.csv,carbonZ_2018-07-18-15-53-31_1_engine_failure
carbonZ_2018-07-18-15-53-31_1_engine_failure/carbonZ_2018-07-18-15-53-31_1_engine_failure-mavros-nav_info-pitch.csv,/content/gdrive/MyDrive/datasets/ALFA/processed_csv/processed/carbonZ_2018-07-18-15-53-31_1_engine_failure/carbonZ_2018-07-18-15-53-31_1_engine_failure-mavros-nav_info-pitch.csv,197034,0.188,2026-01-29T01:53:48,carbonZ_2018-07-18-15-53-31_1_engine_failure-mavros-nav_info-pitch.csv,carbonZ_2018-07-18-15-53-31_1_engine_failure
carbonZ_2018-07-18-15-53-31_1_engine_failure/carbonZ_2018-07-18-15-53-31_1_engine_failure-mavros-nav_info-roll.csv,/content/gdrive/MyDrive/datasets/ALFA/processed_csv/processed/carbonZ_2018-07-18-15-53-31_1_engine_failure/carbonZ_2018-07-18-15-53-31_1_engine_failure-mavros-nav_info-roll.csv,196089,0.187,2026-01-29T01:53:48,carbonZ_2018-07-18-15-53-31_1_engine_failure-mavros-nav_info-roll.csv,carbonZ_2018-07-18-15-53-31_1_engine_failure
carbonZ_2018-07-18-15-53-31_1_engine_failure/carbonZ_2018-07-18-15-53-31_1_engine_failure-mavros-nav_info-velocity.csv,/content/gdrive/MyDrive/datasets/ALFA/processed_csv/processed/carbonZ_2018-07-18-15-53-31_1_engine_failure/carbonZ_2018-07-18-15-53-31_1_engine_failure-mavros-nav_info-velocity.csv,344275,0.328,2026-01-29T01:53:48,carbonZ_2018-07-18-15-53-31_1_engine_failure-mavros-nav_info-velocity.csv,carbonZ_2018-07-18-15-53-31_1_engine_failure
carbonZ_2018-07-18-15-53-31_1_engine_failure/carbonZ_2018-07-18-15-53-31_1_engine_failure-mavros-nav_info-yaw.csv,/content/gdrive/MyDrive/datasets/ALFA/processed_csv/processed/carbonZ_2018-07-18-15-53-31_1_engine_failure/carbonZ_2018-07-18-15-53-31_1_engine_failure-mavros-nav_info-yaw.csv,175215,0.167,2026-01-29T01:53:48,carbonZ_2018-07-18-15-53-31_1_engine_failure-mavros-nav_info-yaw.csv,carbonZ_2018-07-18-15-53-31_1_engine_failure
carbonZ_2018-07-18-15-53-31_1_engine_failure/carbonZ_2018-07-18-15-53-31_1_engine_failure-mavros-rc-in.csv,/content/gdrive/MyDrive/datasets/ALFA/processed_csv/processed/carbonZ_2018-07-18-15-53-31_1_engine_failure/carbonZ_2018-07-18-15-53-31_1_engine_failure-mavros-rc-in.csv,49367,0.047,2026-01-29T01:53:48,carbonZ_2018-07-18-15-53-31_1_engine_failure-mavros-rc-in.csv,carbonZ_2018-07-18-15-53-31_1_engine_failure
carbonZ_2018-07-18-15-53-31_1_engine_failure/carbonZ_2018-07-18-15-53-31_1_engine_failure-mavros-rc-out.csv,/content/gdrive/MyDrive/datasets/ALFA/processed_csv/processed/carbonZ_2018-07-18-15-53-31_1_engine_failure/carbonZ_2018-07-18-15-53-31_1_engine_failure-mavros-rc-out.csv,33312,0.032,2026-01-29T01:53:48,carbonZ_2018-07-18-15-53-31_1_engine_failure-mavros-rc-out.csv,carbonZ_2018-07-18-15-53-31_1_engine_failure
carbonZ_2018-07-18-15-53-31_1_engine_failure/carbonZ_2018-07-18-15-53-31_1_engine_failure-mavros-setpoint_raw-local.csv,/content/gdrive/MyDrive/datasets/ALFA/processed_csv/processed/carbonZ_2018-07-18-15-53-31_1_engine_failure/carbonZ_2018-07-18-15-53-31_1_engine_failure-mavros-setpoint_raw-local.csv,806782,0.769,2026-01-29T01:53:48,carbonZ_2018-07-18-15-53-31_1_engine_failure-mavros-setpoint_raw-local.csv,carbonZ_2018-07-18-15-53-31_1_engine_failure
carbonZ_2018-07-18-15-53-31_1_engine_failure/carbonZ_2018-07-18-15-53-31_1_engine_failure-mavros-setpoint_raw-target_global.csv,/content/gdrive/MyDrive/datasets/ALFA/processed_csv/processed/carbonZ_2018-07-18-15-53-31_1_engine_failure/carbonZ_2018-07-18-15-53-31_1_engine_failure-mavros-setpoint_raw-target_global.csv,491929,0.469,2026-01-29T01:53:48,carbonZ_2018-07-18-15-53-31_1_engine_failure-mavros-setpoint_raw-target_global.csv,carbonZ_2018-07-18-15-53-31_1_engine_failure
carbonZ_2018-07-18-15-53-31_1_engine_failure/carbonZ_2018-07-18-15-53-31_1_engine_failure-mavros-state.csv,/content/gdrive/MyDrive/datasets/ALFA/processed_csv/processed/carbonZ_2018-07-18-15-53-31_1_engine_failure/carbonZ_2018-07-18-15-53-31_1_engine_failure-mavros-state.csv,8116,0.008,2026-01-29T01:53:48,carbonZ_2018-07-18-15-53-31_1_engine_failure-mavros-state.csv,carbonZ_2018-07-18-15-53-31_1_engine_failure
carbonZ_2018-07-18-15-53-31_1_engine_failure/carbonZ_2018-07-18-15-53-31_1_engine_failure-mavros-time_reference.csv,/content/gdrive/MyDrive/datasets/ALFA/processed_csv/processed/carbonZ_2018-07-18-15-53-31_1_engine_failure/carbonZ_2018-07-18-15-53-31_1_engine_failure-mavros-time_reference.csv,18722,0.018,2026-01-29T01:53:48,carbonZ_2018-07-18-15-53-31_1_engine_failure-mavros-time_reference.csv,carbonZ_2018-07-18-15-53-31_1_engine_failure
carbonZ_2018-07-18-15-53-31_1_engine_failure/carbonZ_2018-07-18-15-53-31_1_engine_failure-mavros-vfr_hud.csv,/content/gdrive/MyDrive/datasets/ALFA/processed_csv/processed/carbonZ_2018-07-18-15-53-31_1_engine_failure/carbonZ_2018-07-18-15-53-31_1_engine_failure-mavros-vfr_hud.csv,38954,0.037,2026-01-29T01:53:48,carbonZ_2018-07-18-15-53-31_1_engine_failure-mavros-vfr_hud.csv,carbonZ_2018-07-18-15-53-31_1_engine_failure
carbonZ_2018-07-18-15-53-31_1_engine_failure/carbonZ_2018-07-18-15-53-31_1_engine_failure-mavros-wind_estimation.csv,/content/gdrive/MyDrive/datasets/ALFA/processed_csv/processed/carbonZ_2018-07-18-15-53-31_1_engine_failure/carbonZ_2018-07-18-15-53-31_1_engine_failure-mavros-wind_estimation.csv,24651,0.024,2026-01-29T01:53:48,carbonZ_2018-07-18-15-53-31_1_engine_failure-mavros-wind_estimation.csv,carbonZ_2018-07-18-15-53-31_1_engine_failure
carbonZ_2018-07-18-15-53-31_2_engine_failure/carbonZ_2018-07-18-15-53-31_2_engine_failure-diagnostics.csv,/content/gdrive/MyDrive/datasets/ALFA/processed_csv/processed/carbonZ_2018-07-18-15-53-31_2_engine_failure/carbonZ_2018-07-18-15-53-31_2_engine_failure-diagnostics.csv,90374,0.086,2026-01-29T01:53:48,carbonZ_2018-07-18-15-53-31_2_engine_failure-diagnostics.csv,carbonZ_2018-07-18-15-53-31_2_engine_failure
carbonZ_2018-07-18-15-53-31_2_engine_failure/carbonZ_2018-07-18-15-53-31_2_engine_failure-failure_status-engines.csv,/content/gdrive/MyDrive/datasets/ALFA/processed_csv/processed/carbonZ_2018-07-18-15-53-31_2_engine_failure/carbonZ_2018-07-18-15-53-31_2_engine_failure-failure_status-engines.csv,1711,0.002,2026-01-29T01:53:49,carbonZ_2018-07-18-15-53-31_2_engine_failure-failure_status-engines.csv,carbonZ_2018-07-18-15-53-31_2_engine_failure
carbonZ_2018-07-18-15-53-31_2_engine_failure/carbonZ_2018-07-18-15-53-31_2_engine_failure-mavctrl-path_dev.csv,/content/gdrive/MyDrive/datasets/ALFA/processed_csv/processed/carbonZ_2018-07-18-15-53-31_2_engine_failure/carbonZ_2018-07-18-15-53-31_2_engine_failure-mavctrl-path_dev.csv,236474,0.226,2026-01-29T01:53:48,carbonZ_2018-07-18-15-53-31_2_engine_failure-mavctrl-path_dev.csv,carbonZ_2018-07-18-15-53-31_2_engine_failure
carbonZ_2018-07-18-15-53-31_2_engine_failure/carbonZ_2018-07-18-15-53-31_2_engine_failure-mavctrl-rpy.csv,/content/gdrive/MyDrive/datasets/ALFA/processed_csv/processed/carbonZ_2018-07-18-15-53-31_2_engine_failure/carbonZ_2018-07-18-15-53-31_2_engine_failure-mavctrl-rpy.csv,297461,0.284,2026-01-29T01:53:49,carbonZ_2018-07-18-15-53-31_2_engine_failure-mavctrl-rpy.csv,carbonZ_2018-07-18-15-53-31_2_engine_failure
carbonZ_2018-07-18-15-53-31_2_engine_failure/carbonZ_2018-07-18-15-53-31_2_engine_failure-mavlink-from.csv,/content/gdrive/MyDrive/datasets/ALFA/processed_csv/processed/carbonZ_2018-07-18-15-53-31_2_engine_failure/carbonZ_2018-07-18-15-53-31_2_engine_failure-mavlink-from.csv,2346001,2.237,2026-01-29T01:53:48,carbonZ_2018-07-18-15-53-31_2_engine_failure-mavlink-from.csv,carbonZ_2018-07-18-15-53-31_2_engine_failure
carbonZ_2018-07-18-15-53-31_2_engine_failure/carbonZ_2018-07-18-15-53-31_2_engine_failure-mavros-battery.csv,/content/gdrive/MyDrive/datasets/ALFA/processed_csv/processed/carbonZ_2018-07-18-15-53-31_2_engine_failure/carbonZ_2018-07-18-15-53-31_2_engine_failure-mavros-battery.csv,194015,0.185,2026-01-29T01:53:49,carbonZ_2018-07-18-15-53-31_2_engine_failure-mavros-battery.csv,carbonZ_2018-07-18-15-53-31_2_engine_failure
carbonZ_2018-07-18-15-53-31_2_engine_failure/carbonZ_2018-07-18-15-53-31_2_engine_failure-mavros-global_position-compass_hdg.csv,/content/gdrive/MyDrive/datasets/ALFA/processed_csv/processed/carbonZ_2018-07-18-15-53-31_2_engine_failure/carbonZ_2018-07-18-15-53-31_2_engine_failure-mavros-global_position-compass_hdg.csv,9703,0.009,2026-01-29T01:53:49,carbonZ_2018-07-18-15-53-31_2_engine_failure-mavros-global_position-compass_hdg.csv,carbonZ_2018-07-18-15-53-31_2_engine_failure
carbonZ_2018-07-18-15-53-31_2_engine_failure/carbonZ_2018-07-18-15-53-31_2_engine_failure-mavros-global_position-global.csv,/content/gdrive/MyDrive/datasets/ALFA/processed_csv/processed/carbonZ_2018-07-18-15-53-31_2_engine_failure/carbonZ_2018-07-18-15-53-31_2_engine_failure-mavros-global_position-global.csv,61056,0.058,2026-01-29T01:53:49,carbonZ_2018-07-18-15-53-31_2_engine_failure-mavros-global_position-global.csv,carbonZ_2018-07-18-15-53-31_2_engine_failure
carbonZ_2018-07-18-15-53-31_2_engine_failure/carbonZ_2018-07-18-15-53-31_2_engine_failure-mavros-global_position-local.csv,/content/gdrive/MyDrive/datasets/ALFA/processed_csv/processed/carbonZ_2018-07-18-15-53-31_2_engine_failure/carbonZ_2018-07-18-15-53-31_2_engine_failure-mavros-global_position-local.csv,193100,0.184,2026-01-29T01:53:49,carbonZ_2018-07-18-15-53-31_2_engine_failure-mavros-global_position-local.csv,carbonZ_2018-07-18-15-53-31_2_engine_failure
carbonZ_2018-07-18-15-53-31_2_engine_failure/carbonZ_2018-07-18-15-53-31_2_engine_failure-mavros-global_position-raw-fix.csv,/content/gdrive/MyDrive/datasets/ALFA/processed_csv/processed/carbonZ_2018-07-18-15-53-31_2_engine_failure/carbonZ_2018-07-18-15-53-31_2_engine_failure-mavros-global_position-raw-fix.csv,73993,0.071,2026-01-29T01:53:49,carbonZ_2018-07-18-15-53-31_2_engine_failure-mavros-global_position-raw-fix.csv,carbonZ_2018-07-18-15-53-31_2_engine_failure
carbonZ_2018-07-18-15-53-31_2_engine_failure/carbonZ_2018-07-18-15-53-31_2_engine_failure-mavros-global_position-raw-gps_vel.csv,/content/gdrive/MyDrive/datasets/ALFA/processed_csv/processed/carbonZ_2018-07-18-15-53-31_2_engine_failure/carbonZ_2018-07-18-15-53-31_2_engine_failure-mavros-global_position-raw-gps_vel.csv,42179,0.04,2026-01-29T01:53:49,carbonZ_2018-07-18-15-53-31_2_engine_failure-mavros-global_position-raw-gps_vel.csv,carbonZ_2018-07-18-15-53-31_2_engine_failure
carbonZ_2018-07-18-15-53-31_2_engine_failure/carbonZ_2018-07-18-15-53-31_2_engine_failure-mavros-global_position-rel_alt.csv,/content/gdrive/MyDrive/datasets/ALFA/processed_csv/processed/carbonZ_2018-07-18-15-53-31_2_engine_failure/carbonZ_2018-07-18-15-53-31_2_engine_failure-mavros-global_position-rel_alt.csv,9857,0.009,2026-01-29T01:53:49,carbonZ_2018-07-18-15-53-31_2_engine_failure-mavros-global_position-rel_alt.csv,carbonZ_2018-07-18-15-53-31_2_engine_failure
carbonZ_2018-07-18-15-53-31_2_engine_failure/carbonZ_2018-07-18-15-53-31_2_engine_failure-mavros-imu-atm_pressure.csv,/content/gdrive/MyDrive/datasets/ALFA/processed_csv/processed/carbonZ_2018-07-18-15-53-31_2_engine_failure/carbonZ_2018-07-18-15-53-31_2_engine_failure-mavros-imu-atm_pressure.csv,64810,0.062,2026-01-29T01:53:49,carbonZ_2018-07-18-15-53-31_2_engine_failure-mavros-imu-atm_pressure.csv,carbonZ_2018-07-18-15-53-31_2_engine_failure
carbonZ_2018-07-18-15-53-31_2_engine_failure/carbonZ_2018-07-18-15-53-31_2_engine_failure-mavros-imu-data.csv,/content/gdrive/MyDrive/datasets/ALFA/processed_csv/processed/carbonZ_2018-07-18-15-53-31_2_engine_failure/carbonZ_2018-07-18-15-53-31_2_engine_failure-mavros-imu-data.csv,81829,0.078,2026-01-29T01:53:49,carbonZ_2018-07-18-15-53-31_2_engine_failure-mavros-imu-data.csv,carbonZ_2018-07-18-15-53-31_2_engine_failure
carbonZ_2018-07-18-15-53-31_2_engine_failure/carbonZ_2018-07-18-15-53-31_2_engine_failure-mavros-imu-data_raw.csv,/content/gdrive/MyDrive/datasets/ALFA/processed_csv/processed/carbonZ_2018-07-18-15-53-31_2_engine_failure/carbonZ_2018-07-18-15-53-31_2_engine_failure-mavros-imu-data_raw.csv,250307,0.239,2026-01-29T01:53:49,carbonZ_2018-07-18-15-53-31_2_engine_failure-mavros-imu-data_raw.csv,carbonZ_2018-07-18-15-53-31_2_engine_failure
carbonZ_2018-07-18-15-53-31_2_engine_failure/carbonZ_2018-07-18-15-53-31_2_engine_failure-mavros-imu-mag.csv,/content/gdrive/MyDrive/datasets/ALFA/processed_csv/processed/carbonZ_2018-07-18-15-53-31_2_engine_failure/carbonZ_2018-07-18-15-53-31_2_engine_failure-mavros-imu-mag.csv,107519,0.103,2026-01-29T01:53:49,carbonZ_2018-07-18-15-53-31_2_engine_failure-mavros-imu-mag.csv,carbonZ_2018-07-18-15-53-31_2_engine_failure
carbonZ_2018-07-18-15-53-31_2_engine_failure/carbonZ_2018-07-18-15-53-31_2_engine_failure-mavros-imu-temperature.csv,/content/gdrive/MyDrive/datasets/ALFA/processed_csv/processed/carbonZ_2018-07-18-15-53-31_2_engine_failure/carbonZ_2018-07-18-15-53-31_2_engine_failure-mavros-imu-temperature.csv,57728,0.055,2026-01-29T01:53:49,carbonZ_2018-07-18-15-53-31_2_engine_failure-mavros-imu-temperature.csv,carbonZ_2018-07-18-15-53-31_2_engine_failure
carbonZ_2018-07-18-15-53-31_2_engine_failure/carbonZ_2018-07-18-15-53-31_2_engine_failure-mavros-local_position-odom.csv,/content/gdrive/MyDrive/datasets/ALFA/processed_csv/processed/carbonZ_2018-07-18-15-53-31_2_engine_failure/carbonZ_2018-07-18-15-53-31_2_engine_failure-mavros-local_position-odom.csv,213178,0.203,2026-01-29T01:53:49,carbonZ_2018-07-18-15-53-31_2_engine_failure-mavros-local_position-odom.csv,carbonZ_2018-07-18-15-53-31_2_engine_failure
carbonZ_2018-07-18-15-53-31_2_engine_failure/carbonZ_2018-07-18-15-53-31_2_engine_failure-mavros-local_position-pose.csv,/content/gdrive/MyDrive/datasets/ALFA/processed_csv/processed/carbonZ_2018-07-18-15-53-31_2_engine_failure/carbonZ_2018-07-18-15-53-31_2_engine_failure-mavros-local_position-pose.csv,57399,0.055,2026-01-29T01:53:49,carbonZ_2018-07-18-15-53-31_2_engine_failure-mavros-local_position-pose.csv,carbonZ_2018-07-18-15-53-31_2_engine_failure
carbonZ_2018-07-18-15-53-31_2_engine_failure/carbonZ_2018-07-18-15-53-31_2_engine_failure-mavros-local_position-velocity.csv,/content/gdrive/MyDrive/datasets/ALFA/processed_csv/processed/carbonZ_2018-07-18-15-53-31_2_engine_failure/carbonZ_2018-07-18-15-53-31_2_engine_failure-mavros-local_position-velocity.csv,52307,0.05,2026-01-29T01:53:49,carbonZ_2018-07-18-15-53-31_2_engine_failure-mavros-local_position-velocity.csv,carbonZ_2018-07-18-15-53-31_2_engine_failure
carbonZ_2018-07-18-15-53-31_2_engine_failure/carbonZ_2018-07-18-15-53-31_2_engine_failure-mavros-nav_info-airspeed.csv,/content/gdrive/MyDrive/datasets/ALFA/processed_csv/processed/carbonZ_2018-07-18-15-53-31_2_engine_failure/carbonZ_2018-07-18-15-53-31_2_engine_failure-mavros-nav_info-airspeed.csv,113237,0.108,2026-01-29T01:53:49,carbonZ_2018-07-18-15-53-31_2_engine_failure-mavros-nav_info-airspeed.csv,carbonZ_2018-07-18-15-53-31_2_engine_failure
carbonZ_2018-07-18-15-53-31_2_engine_failure/carbonZ_2018-07-18-15-53-31_2_engine_failure-mavros-nav_info-errors.csv,/content/gdrive/MyDrive/datasets/ALFA/processed_csv/processed/carbonZ_2018-07-18-15-53-31_2_engine_failure/carbonZ_2018-07-18-15-53-31_2_engine_failure-mavros-nav_info-errors.csv,162897,0.155,2026-01-29T01:53:49,carbonZ_2018-07-18-15-53-31_2_engine_failure-mavros-nav_info-errors.csv,carbonZ_2018-07-18-15-53-31_2_engine_failure
carbonZ_2018-07-18-15-53-31_2_engine_failure/carbonZ_2018-07-18-15-53-31_2_engine_failure-mavros-nav_info-pitch.csv,/content/gdrive/MyDrive/datasets/ALFA/processed_csv/processed/carbonZ_2018-07-18-15-53-31_2_engine_failure/carbonZ_2018-07-18-15-53-31_2_engine_failure-mavros-nav_info-pitch.csv,132919,0.127,2026-01-29T01:53:49,carbonZ_2018-07-18-15-53-31_2_engine_failure-mavros-nav_info-pitch.csv,carbonZ_2018-07-18-15-53-31_2_engine_failure
carbonZ_2018-07-18-15-53-31_2_engine_failure/carbonZ_2018-07-18-15-53-31_2_engine_failure-mavros-nav_info-roll.csv,/content/gdrive/MyDrive/datasets/ALFA/processed_csv/processed/carbonZ_2018-07-18-15-53-31_2_engine_failure/carbonZ_2018-07-18-15-53-31_2_engine_failure-mavros-nav_info-roll.csv,131788,0.126,2026-01-29T01:53:49,carbonZ_2018-07-18-15-53-31_2_engine_failure-mavros-nav_info-roll.csv,carbonZ_2018-07-18-15-53-31_2_engine_failure
carbonZ_2018-07-18-15-53-31_2_engine_failure/carbonZ_2018-07-18-15-53-31_2_engine_failure-mavros-nav_info-velocity.csv,/content/gdrive/MyDrive/datasets/ALFA/processed_csv/processed/carbonZ_2018-07-18-15-53-31_2_engine_failure/carbonZ_2018-07-18-15-53-31_2_engine_failure-mavros-nav_info-velocity.csv,231312,0.221,2026-01-29T01:53:49,carbonZ_2018-07-18-15-53-31_2_engine_failure-mavros-nav_info-velocity.csv,carbonZ_2018-07-18-15-53-31_2_engine_failure
carbonZ_2018-07-18-15-53-31_2_engine_failure/carbonZ_2018-07-18-15-53-31_2_engine_failure-mavros-nav_info-yaw.csv,/content/gdrive/MyDrive/datasets/ALFA/processed_csv/processed/carbonZ_2018-07-18-15-53-31_2_engine_failure/carbonZ_2018-07-18-15-53-31_2_engine_failure-mavros-nav_info-yaw.csv,117865,0.112,2026-01-29T01:53:49,carbonZ_2018-07-18-15-53-31_2_engine_failure-mavros-nav_info-yaw.csv,carbonZ_2018-07-18-15-53-31_2_engine_failure
carbonZ_2018-07-18-15-53-31_2_engine_failure/carbonZ_2018-07-18-15-53-31_2_engine_failure-mavros-rc-in.csv,/content/gdrive/MyDrive/datasets/ALFA/processed_csv/processed/carbonZ_2018-07-18-15-53-31_2_engine_failure/carbonZ_2018-07-18-15-53-31_2_engine_failure-mavros-rc-in.csv,33992,0.032,2026-01-29T01:53:49,carbonZ_2018-07-18-15-53-31_2_engine_failure-mavros-rc-in.csv,carbonZ_2018-07-18-15-53-31_2_engine_failure
carbonZ_2018-07-18-15-53-31_2_engine_failure/carbonZ_2018-07-18-15-53-31_2_engine_failure-mavros-rc-out.csv,/content/gdrive/MyDrive/datasets/ALFA/processed_csv/processed/carbonZ_2018-07-18-15-53-31_2_engine_failure/carbonZ_2018-07-18-15-53-31_2_engine_failure-mavros-rc-out.csv,22982,0.022,2026-01-29T01:53:49,carbonZ_2018-07-18-15-53-31_2_engine_failure-mavros-rc-out.csv,carbonZ_2018-07-18-15-53-31_2_engine_failure
carbonZ_2018-07-18-15-53-31_2_engine_failure/carbonZ_2018-07-18-15-53-31_2_engine_failure-mavros-setpoint_raw-local.csv,/content/gdrive/MyDrive/datasets/ALFA/processed_csv/processed/carbonZ_2018-07-18-15-53-31_2_engine_failure/carbonZ_2018-07-18-15-53-31_2_engine_failure-mavros-setpoint_raw-local.csv,547291,0.522,2026-01-29T01:53:49,carbonZ_2018-07-18-15-53-31_2_engine_failure-mavros-setpoint_raw-local.csv,carbonZ_2018-07-18-15-53-31_2_engine_failure
carbonZ_2018-07-18-15-53-31_2_engine_failure/carbonZ_2018-07-18-15-53-31_2_engine_failure-mavros-setpoint_raw-target_global.csv,/content/gdrive/MyDrive/datasets/ALFA/processed_csv/processed/carbonZ_2018-07-18-15-53-31_2_engine_failure/carbonZ_2018-07-18-15-53-31_2_engine_failure-mavros-setpoint_raw-target_global.csv,333568,0.318,2026-01-29T01:53:49,carbonZ_2018-07-18-15-53-31_2_engine_failure-mavros-setpoint_raw-target_global.csv,carbonZ_2018-07-18-15-53-31_2_engine_failure
carbonZ_2018-07-18-15-53-31_2_engine_failure/carbonZ_2018-07-18-15-53-31_2_engine_failure-mavros-state.csv,/content/gdrive/MyDrive/datasets/ALFA/processed_csv/processed/carbonZ_2018-07-18-15-53-31_2_engine_failure/carbonZ_2018-07-18-15-53-31_2_engine_failure-mavros-state.csv,5476,0.005,2026-01-29T01:53:49,carbonZ_2018-07-18-15-53-31_2_engine_failure-mavros-state.csv,carbonZ_2018-07-18-15-53-31_2_engine_failure
carbonZ_2018-07-18-15-53-31_2_engine_failure/carbonZ_2018-07-18-15-53-31_2_engine_failure-mavros-time_reference.csv,/content/gdrive/MyDrive/datasets/ALFA/processed_csv/processed/carbonZ_2018-07-18-15-53-31_2_engine_failure/carbonZ_2018-07-18-15-53-31_2_engine_failure-mavros-time_reference.csv,13182,0.013,2026-01-29T01:53:49,carbonZ_2018-07-18-15-53-31_2_engine_failure-mavros-time_reference.csv,carbonZ_2018-07-18-15-53-31_2_engine_failure
carbonZ_2018-07-18-15-53-31_2_engine_failure/carbonZ_2018-07-18-15-53-31_2_engine_failure-mavros-vfr_hud.csv,/content/gdrive/MyDrive/datasets/ALFA/processed_csv/processed/carbonZ_2018-07-18-15-53-31_2_engine_failure/carbonZ_2018-07-18-15-53-31_2_engine_failure-mavros-vfr_hud.csv,27029,0.026,2026-01-29T01:53:49,carbonZ_2018-07-18-15-53-31_2_engine_failure-mavros-vfr_hud.csv,carbonZ_2018-07-18-15-53-31_2_engine_failure
carbonZ_2018-07-18-15-53-31_2_engine_failure/carbonZ_2018-07-18-15-53-31_2_engine_failure-mavros-wind_estimation.csv,/content/gdrive/MyDrive/datasets/ALFA/processed_csv/processed/carbonZ_2018-07-18-15-53-31_2_engine_failure/carbonZ_2018-07-18-15-53-31_2_engine_failure-mavros-wind_estimation.csv,17335,0.017,2026-01-29T01:53:49,carbonZ_2018-07-18-15-53-31_2_engine_failure-mavros-wind_estimation.csv,carbonZ_2018-07-18-15-53-31_2_engine_failure
carbonZ_2018-07-18-16-22-01_engine_failure_with_emr_traj/carbonZ_2018-07-18-16-22-01_engine_failure_with_emr_traj-diagnostics.csv,/content/gdrive/MyDrive/datasets/ALFA/processed_csv/processed/carbonZ_2018-07-18-16-22-01_engine_failure_with_emr_traj/carbonZ_2018-07-18-16-22-01_engine_failure_with_emr_traj-diagnostics.csv,131313,0.125,2026-01-29T01:53:49,carbonZ_2018-07-18-16-22-01_engine_failure_with_emr_traj-diagnostics.csv,carbonZ_2018-07-18-16-22-01_engine_failure_with_emr_traj
carbonZ_2018-07-18-16-22-01_engine_failure_with_emr_traj/carbonZ_2018-07-18-16-22-01_engine_failure_with_emr_traj-emergency_responder-traj_file.csv,/content/gdrive/MyDrive/datasets/ALFA/processed_csv/processed/carbonZ_2018-07-18-16-22-01_engine_failure_with_emr_traj/carbonZ_2018-07-18-16-22-01_engine_failure_with_emr_traj-emergency_responder-traj_file.csv,63,0.0,2026-01-29T01:53:49,carbonZ_2018-07-18-16-22-01_engine_failure_with_emr_traj-emergency_responder-traj_file.csv,carbonZ_2018-07-18-16-22-01_engine_failure_with_emr_traj
carbonZ_2018-07-18-16-22-01_engine_failure_with_emr_traj/carbonZ_2018-07-18-16-22-01_engine_failure_with_emr_traj-failure_status-engines.csv,/content/gdrive/MyDrive/datasets/ALFA/processed_csv/processed/carbonZ_2018-07-18-16-22-01_engine_failure_with_emr_traj/carbonZ_2018-07-18-16-22-01_engine_failure_with_emr_traj-failure_status-engines.csv,1777,0.002,2026-01-29T01:53:49,carbonZ_2018-07-18-16-22-01_engine_failure_with_emr_traj-failure_status-engines.csv,carbonZ_2018-07-18-16-22-01_engine_failure_with_emr_traj
carbonZ_2018-07-18-16-22-01_engine_failure_with_emr_traj/carbonZ_2018-07-18-16-22-01_engine_failure_with_emr_traj-mavctrl-path_dev.csv,/content/gdrive/MyDrive/datasets/ALFA/processed_csv/processed/carbonZ_2018-07-18-16-22-01_engine_failure_with_emr_traj/carbonZ_2018-07-18-16-22-01_engine_failure_with_emr_traj-mavctrl-path_dev.csv,349262,0.333,2026-01-29T01:53:49,carbonZ_2018-07-18-16-22-01_engine_failure_with_emr_traj-mavctrl-path_dev.csv,carbonZ_2018-07-18-16-22-01_engine_failure_with_emr_traj
carbonZ_2018-07-18-16-22-01_engine_failure_with_emr_traj/carbonZ_2018-07-18-16-22-01_engine_failure_with_emr_traj-mavctrl-rpy.csv,/content/gdrive/MyDrive/datasets/ALFA/processed_csv/processed/carbonZ_2018-07-18-16-22-01_engine_failure_with_emr_traj/carbonZ_2018-07-18-16-22-01_engine_failure_with_emr_traj-mavctrl-rpy.csv,441394,0.421,2026-01-29T01:53:49,carbonZ_2018-07-18-16-22-01_engine_failure_with_emr_traj-mavctrl-rpy.csv,carbonZ_2018-07-18-16-22-01_engine_failure_with_emr_traj
carbonZ_2018-07-18-16-22-01_engine_failure_with_emr_traj/carbonZ_2018-07-18-16-22-01_engine_failure_with_emr_traj-mavlink-from.csv,/content/gdrive/MyDrive/datasets/ALFA/processed_csv/processed/carbonZ_2018-07-18-16-22-01_engine_failure_with_emr_traj/carbonZ_2018-07-18-16-22-01_engine_failure_with_emr_traj-mavlink-from.csv,3495484,3.334,2026-01-29T01:53:49,carbonZ_2018-07-18-16-22-01_engine_failure_with_emr_traj-mavlink-from.csv,carbonZ_2018-07-18-16-22-01_engine_failure_with_emr_traj
carbonZ_2018-07-18-16-22-01_engine_failure_with_emr_traj/carbonZ_2018-07-18-16-22-01_engine_failure_with_emr_traj-mavros-battery.csv,/content/gdrive/MyDrive/datasets/ALFA/processed_csv/processed/carbonZ_2018-07-18-16-22-01_engine_failure_with_emr_traj/carbonZ_2018-07-18-16-22-01_engine_failure_with_emr_traj-mavros-battery.csv,291566,0.278,2026-01-29T01:53:49,carbonZ_2018-07-18-16-22-01_engine_failure_with_emr_traj-mavros-battery.csv,carbonZ_2018-07-18-16-22-01_engine_failure_with_emr_traj
carbonZ_2018-07-18-16-22-01_engine_failure_with_emr_traj/carbonZ_2018-07-18-16-22-01_engine_failure_with_emr_traj-mavros-global_position-compass_hdg.csv,/content/gdrive/MyDrive/datasets/ALFA/processed_csv/processed/carbonZ_2018-07-18-16-22-01_engine_failure_with_emr_traj/carbonZ_2018-07-18-16-22-01_engine_failure_with_emr_traj-mavros-global_position-compass_hdg.csv,14418,0.014,2026-01-29T01:53:49,carbonZ_2018-07-18-16-22-01_engine_failure_with_emr_traj-mavros-global_position-compass_hdg.csv,carbonZ_2018-07-18-16-22-01_engine_failure_with_emr_traj
carbonZ_2018-07-18-16-22-01_engine_failure_with_emr_traj/carbonZ_2018-07-18-16-22-01_engine_failure_with_emr_traj-mavros-global_position-global.csv,/content/gdrive/MyDrive/datasets/ALFA/processed_csv/processed/carbonZ_2018-07-18-16-22-01_engine_failure_with_emr_traj/carbonZ_2018-07-18-16-22-01_engine_failure_with_emr_traj-mavros-global_position-global.csv,90018,0.086,2026-01-29T01:53:50,carbonZ_2018-07-18-16-22-01_engine_failure_with_emr_traj-mavros-global_position-global.csv,carbonZ_2018-07-18-16-22-01_engine_failure_with_emr_traj
carbonZ_2018-07-18-16-22-01_engine_failure_with_emr_traj/carbonZ_2018-07-18-16-22-01_engine_failure_with_emr_traj-mavros-global_position-local.csv,/content/gdrive/MyDrive/datasets/ALFA/processed_csv/processed/carbonZ_2018-07-18-16-22-01_engine_failure_with_emr_traj/carbonZ_2018-07-18-16-22-01_engine_failure_with_emr_traj-mavros-global_position-local.csv,285508,0.272,2026-01-29T01:53:50,carbonZ_2018-07-18-16-22-01_engine_failure_with_emr_traj-mavros-global_position-local.csv,carbonZ_2018-07-18-16-22-01_engine_failure_with_emr_traj
carbonZ_2018-07-18-16-22-01_engine_failure_with_emr_traj/carbonZ_2018-07-18-16-22-01_engine_failure_with_emr_traj-mavros-global_position-raw-fix.csv,/content/gdrive/MyDrive/datasets/ALFA/processed_csv/processed/carbonZ_2018-07-18-16-22-01_engine_failure_with_emr_traj/carbonZ_2018-07-18-16-22-01_engine_failure_with_emr_traj-mavros-global_position-raw-fix.csv,109480,0.104,2026-01-29T01:53:50,carbonZ_2018-07-18-16-22-01_engine_failure_with_emr_traj-mavros-global_position-raw-fix.csv,carbonZ_2018-07-18-16-22-01_engine_failure_with_emr_traj
carbonZ_2018-07-18-16-22-01_engine_failure_with_emr_traj/carbonZ_2018-07-18-16-22-01_engine_failure_with_emr_traj-mavros-global_position-raw-gps_vel.csv,/content/gdrive/MyDrive/datasets/ALFA/processed_csv/processed/carbonZ_2018-07-18-16-22-01_engine_failure_with_emr_traj/carbonZ_2018-07-18-16-22-01_engine_failure_with_emr_traj-mavros-global_position-raw-gps_vel.csv,62730,0.06,2026-01-29T01:53:50,carbonZ_2018-07-18-16-22-01_engine_failure_with_emr_traj-mavros-global_position-raw-gps_vel.csv,carbonZ_2018-07-18-16-22-01_engine_failure_with_emr_traj
carbonZ_2018-07-18-16-22-01_engine_failure_with_emr_traj/carbonZ_2018-07-18-16-22-01_engine_failure_with_emr_traj-mavros-global_position-rel_alt.csv,/content/gdrive/MyDrive/datasets/ALFA/processed_csv/processed/carbonZ_2018-07-18-16-22-01_engine_failure_with_emr_traj/carbonZ_2018-07-18-16-22-01_engine_failure_with_emr_traj-mavros-global_position-rel_alt.csv,14674,0.014,2026-01-29T01:53:50,carbonZ_2018-07-18-16-22-01_engine_failure_with_emr_traj-mavros-global_position-rel_alt.csv,carbonZ_2018-07-18-16-22-01_engine_failure_with_emr_traj
carbonZ_2018-07-18-16-22-01_engine_failure_with_emr_traj/carbonZ_2018-07-18-16-22-01_engine_failure_with_emr_traj-mavros-imu-atm_pressure.csv,/content/gdrive/MyDrive/datasets/ALFA/processed_csv/processed/carbonZ_2018-07-18-16-22-01_engine_failure_with_emr_traj/carbonZ_2018-07-18-16-22-01_engine_failure_with_emr_traj-mavros-imu-atm_pressure.csv,96640,0.092,2026-01-29T01:53:50,carbonZ_2018-07-18-16-22-01_engine_failure_with_emr_traj-mavros-imu-atm_pressure.csv,carbonZ_2018-07-18-16-22-01_engine_failure_with_emr_traj
carbonZ_2018-07-18-16-22-01_engine_failure_with_emr_traj/carbonZ_2018-07-18-16-22-01_engine_failure_with_emr_traj-mavros-imu-data.csv,/content/gdrive/MyDrive/datasets/ALFA/processed_csv/processed/carbonZ_2018-07-18-16-22-01_engine_failure_with_emr_traj/carbonZ_2018-07-18-16-22-01_engine_failure_with_emr_traj-mavros-imu-data.csv,117983,0.113,2026-01-29T01:53:50,carbonZ_2018-07-18-16-22-01_engine_failure_with_emr_traj-mavros-imu-data.csv,carbonZ_2018-07-18-16-22-01_engine_failure_with_emr_traj
carbonZ_2018-07-18-16-22-01_engine_failure_with_emr_traj/carbonZ_2018-07-18-16-22-01_engine_failure_with_emr_traj-mavros-imu-data_raw.csv,/content/gdrive/MyDrive/datasets/ALFA/processed_csv/processed/carbonZ_2018-07-18-16-22-01_engine_failure_with_emr_traj/carbonZ_2018-07-18-16-22-01_engine_failure_with_emr_traj-mavros-imu-data_raw.csv,372380,0.355,2026-01-29T01:53:50,carbonZ_2018-07-18-16-22-01_engine_failure_with_emr_traj-mavros-imu-data_raw.csv,carbonZ_2018-07-18-16-22-01_engine_failure_with_emr_traj
carbonZ_2018-07-18-16-22-01_engine_failure_with_emr_traj/carbonZ_2018-07-18-16-22-01_engine_failure_with_emr_traj-mavros-imu-mag.csv,/content/gdrive/MyDrive/datasets/ALFA/processed_csv/processed/carbonZ_2018-07-18-16-22-01_engine_failure_with_emr_traj/carbonZ_2018-07-18-16-22-01_engine_failure_with_emr_traj-mavros-imu-mag.csv,160021,0.153,2026-01-29T01:53:50,carbonZ_2018-07-18-16-22-01_engine_failure_with_emr_traj-mavros-imu-mag.csv,carbonZ_2018-07-18-16-22-01_engine_failure_with_emr_traj
carbonZ_2018-07-18-16-22-01_engine_failure_with_emr_traj/carbonZ_2018-07-18-16-22-01_engine_failure_with_emr_traj-mavros-imu-temperature.csv,/content/gdrive/MyDrive/datasets/ALFA/processed_csv/processed/carbonZ_2018-07-18-16-22-01_engine_failure_with_emr_traj/carbonZ_2018-07-18-16-22-01_engine_failure_with_emr_traj-mavros-imu-temperature.csv,86094,0.082,2026-01-29T01:53:50,carbonZ_2018-07-18-16-22-01_engine_failure_with_emr_traj-mavros-imu-temperature.csv,carbonZ_2018-07-18-16-22-01_engine_failure_with_emr_traj
carbonZ_2018-07-18-16-22-01_engine_failure_with_emr_traj/carbonZ_2018-07-18-16-22-01_engine_failure_with_emr_traj-mavros-local_position-odom.csv,/content/gdrive/MyDrive/datasets/ALFA/processed_csv/processed/carbonZ_2018-07-18-16-22-01_engine_failure_with_emr_traj/carbonZ_2018-07-18-16-22-01_engine_failure_with_emr_traj-mavros-local_position-odom.csv,316142,0.301,2026-01-29T01:53:50,carbonZ_2018-07-18-16-22-01_engine_failure_with_emr_traj-mavros-local_position-odom.csv,carbonZ_2018-07-18-16-22-01_engine_failure_with_emr_traj
carbonZ_2018-07-18-16-22-01_engine_failure_with_emr_traj/carbonZ_2018-07-18-16-22-01_engine_failure_with_emr_traj-mavros-local_position-pose.csv,/content/gdrive/MyDrive/datasets/ALFA/processed_csv/processed/carbonZ_2018-07-18-16-22-01_engine_failure_with_emr_traj/carbonZ_2018-07-18-16-22-01_engine_failure_with_emr_traj-mavros-local_position-pose.csv,85233,0.081,2026-01-29T01:53:50,carbonZ_2018-07-18-16-22-01_engine_failure_with_emr_traj-mavros-local_position-pose.csv,carbonZ_2018-07-18-16-22-01_engine_failure_with_emr_traj
carbonZ_2018-07-18-16-22-01_engine_failure_with_emr_traj/carbonZ_2018-07-18-16-22-01_engine_failure_with_emr_traj-mavros-local_position-velocity.csv,/content/gdrive/MyDrive/datasets/ALFA/processed_csv/processed/carbonZ_2018-07-18-16-22-01_engine_failure_with_emr_traj/carbonZ_2018-07-18-16-22-01_engine_failure_with_emr_traj-mavros-local_position-velocity.csv,77267,0.074,2026-01-29T01:53:50,carbonZ_2018-07-18-16-22-01_engine_failure_with_emr_traj-mavros-local_position-velocity.csv,carbonZ_2018-07-18-16-22-01_engine_failure_with_emr_traj
carbonZ_2018-07-18-16-22-01_engine_failure_with_emr_traj/carbonZ_2018-07-18-16-22-01_engine_failure_with_emr_traj-mavros-nav_info-airspeed.csv,/content/gdrive/MyDrive/datasets/ALFA/processed_csv/processed/carbonZ_2018-07-18-16-22-01_engine_failure_with_emr_traj/carbonZ_2018-07-18-16-22-01_engine_failure_with_emr_traj-mavros-nav_info-airspeed.csv,168457,0.161,2026-01-29T01:53:50,carbonZ_2018-07-18-16-22-01_engine_failure_with_emr_traj-mavros-nav_info-airspeed.csv,carbonZ_2018-07-18-16-22-01_engine_failure_with_emr_traj
carbonZ_2018-07-18-16-22-01_engine_failure_with_emr_traj/carbonZ_2018-07-18-16-22-01_engine_failure_with_emr_traj-mavros-nav_info-errors.csv,/content/gdrive/MyDrive/datasets/ALFA/processed_csv/processed/carbonZ_2018-07-18-16-22-01_engine_failure_with_emr_traj/carbonZ_2018-07-18-16-22-01_engine_failure_with_emr_traj-mavros-nav_info-errors.csv,243038,0.232,2026-01-29T01:53:50,carbonZ_2018-07-18-16-22-01_engine_failure_with_emr_traj-mavros-nav_info-errors.csv,carbonZ_2018-07-18-16-22-01_engine_failure_with_emr_traj
carbonZ_2018-07-18-16-22-01_engine_failure_with_emr_traj/carbonZ_2018-07-18-16-22-01_engine_failure_with_emr_traj-mavros-nav_info-pitch.csv,/content/gdrive/MyDrive/datasets/ALFA/processed_csv/processed/carbonZ_2018-07-18-16-22-01_engine_failure_with_emr_traj/carbonZ_2018-07-18-16-22-01_engine_failure_with_emr_traj-mavros-nav_info-pitch.csv,194865,0.186,2026-01-29T01:53:50,carbonZ_2018-07-18-16-22-01_engine_failure_with_emr_traj-mavros-nav_info-pitch.csv,carbonZ_2018-07-18-16-22-01_engine_failure_with_emr_traj
carbonZ_2018-07-18-16-22-01_engine_failure_with_emr_traj/carbonZ_2018-07-18-16-22-01_engine_failure_with_emr_traj-mavros-nav_info-roll.csv,/content/gdrive/MyDrive/datasets/ALFA/processed_csv/processed/carbonZ_2018-07-18-16-22-01_engine_failure_with_emr_traj/carbonZ_2018-07-18-16-22-01_engine_failure_with_emr_traj-mavros-nav_info-roll.csv,194561,0.186,2026-01-29T01:53:50,carbonZ_2018-07-18-16-22-01_engine_failure_with_emr_traj-mavros-nav_info-roll.csv,carbonZ_2018-07-18-16-22-01_engine_failure_with_emr_traj
carbonZ_2018-07-18-16-22-01_engine_failure_with_emr_traj/carbonZ_2018-07-18-16-22-01_engine_failure_with_emr_traj-mavros-nav_info-velocity.csv,/content/gdrive/MyDrive/datasets/ALFA/processed_csv/processed/carbonZ_2018-07-18-16-22-01_engine_failure_with_emr_traj/carbonZ_2018-07-18-16-22-01_engine_failure_with_emr_traj-mavros-nav_info-velocity.csv,340967,0.325,2026-01-29T01:53:50,carbonZ_2018-07-18-16-22-01_engine_failure_with_emr_traj-mavros-nav_info-velocity.csv,carbonZ_2018-07-18-16-22-01_engine_failure_with_emr_traj
carbonZ_2018-07-18-16-22-01_engine_failure_with_emr_traj/carbonZ_2018-07-18-16-22-01_engine_failure_with_emr_traj-mavros-nav_info-yaw.csv,/content/gdrive/MyDrive/datasets/ALFA/processed_csv/processed/carbonZ_2018-07-18-16-22-01_engine_failure_with_emr_traj/carbonZ_2018-07-18-16-22-01_engine_failure_with_emr_traj-mavros-nav_info-yaw.csv,173662,0.166,2026-01-29T01:53:50,carbonZ_2018-07-18-16-22-01_engine_failure_with_emr_traj-mavros-nav_info-yaw.csv,carbonZ_2018-07-18-16-22-01_engine_failure_with_emr_traj
carbonZ_2018-07-18-16-22-01_engine_failure_with_emr_traj/carbonZ_2018-07-18-16-22-01_engine_failure_with_emr_traj-mavros-rc-in.csv,/content/gdrive/MyDrive/datasets/ALFA/processed_csv/processed/carbonZ_2018-07-18-16-22-01_engine_failure_with_emr_traj/carbonZ_2018-07-18-16-22-01_engine_failure_with_emr_traj-mavros-rc-in.csv,49867,0.048,2026-01-29T01:53:50,carbonZ_2018-07-18-16-22-01_engine_failure_with_emr_traj-mavros-rc-in.csv,carbonZ_2018-07-18-16-22-01_engine_failure_with_emr_traj
carbonZ_2018-07-18-16-22-01_engine_failure_with_emr_traj/carbonZ_2018-07-18-16-22-01_engine_failure_with_emr_traj-mavros-rc-out.csv,/content/gdrive/MyDrive/datasets/ALFA/processed_csv/processed/carbonZ_2018-07-18-16-22-01_engine_failure_with_emr_traj/carbonZ_2018-07-18-16-22-01_engine_failure_with_emr_traj-mavros-rc-out.csv,33732,0.032,2026-01-29T01:53:50,carbonZ_2018-07-18-16-22-01_engine_failure_with_emr_traj-mavros-rc-out.csv,carbonZ_2018-07-18-16-22-01_engine_failure_with_emr_traj
carbonZ_2018-07-18-16-22-01_engine_failure_with_emr_traj/carbonZ_2018-07-18-16-22-01_engine_failure_with_emr_traj-mavros-setpoint_raw-local.csv,/content/gdrive/MyDrive/datasets/ALFA/processed_csv/processed/carbonZ_2018-07-18-16-22-01_engine_failure_with_emr_traj/carbonZ_2018-07-18-16-22-01_engine_failure_with_emr_traj-mavros-setpoint_raw-local.csv,799189,0.762,2026-01-29T01:53:50,carbonZ_2018-07-18-16-22-01_engine_failure_with_emr_traj-mavros-setpoint_raw-local.csv,carbonZ_2018-07-18-16-22-01_engine_failure_with_emr_traj
carbonZ_2018-07-18-16-22-01_engine_failure_with_emr_traj/carbonZ_2018-07-18-16-22-01_engine_failure_with_emr_traj-mavros-setpoint_raw-target_global.csv,/content/gdrive/MyDrive/datasets/ALFA/processed_csv/processed/carbonZ_2018-07-18-16-22-01_engine_failure_with_emr_traj/carbonZ_2018-07-18-16-22-01_engine_failure_with_emr_traj-mavros-setpoint_raw-target_global.csv,493852,0.471,2026-01-29T01:53:50,carbonZ_2018-07-18-16-22-01_engine_failure_with_emr_traj-mavros-setpoint_raw-target_global.csv,carbonZ_2018-07-18-16-22-01_engine_failure_with_emr_traj
carbonZ_2018-07-18-16-22-01_engine_failure_with_emr_traj/carbonZ_2018-07-18-16-22-01_engine_failure_with_emr_traj-mavros-state.csv,/content/gdrive/MyDrive/datasets/ALFA/processed_csv/processed/carbonZ_2018-07-18-16-22-01_engine_failure_with_emr_traj/carbonZ_2018-07-18-16-22-01_engine_failure_with_emr_traj-mavros-state.csv,8116,0.008,2026-01-29T01:53:50,carbonZ_2018-07-18-16-22-01_engine_failure_with_emr_traj-mavros-state.csv,carbonZ_2018-07-18-16-22-01_engine_failure_with_emr_traj
carbonZ_2018-07-18-16-22-01_engine_failure_with_emr_traj/carbonZ_2018-07-18-16-22-01_engine_failure_with_emr_traj-mavros-time_reference.csv,/content/gdrive/MyDrive/datasets/ALFA/processed_csv/processed/carbonZ_2018-07-18-16-22-01_engine_failure_with_emr_traj/carbonZ_2018-07-18-16-22-01_engine_failure_with_emr_traj-mavros-time_reference.csv,18922,0.018,2026-01-29T01:53:50,carbonZ_2018-07-18-16-22-01_engine_failure_with_emr_traj-mavros-time_reference.csv,carbonZ_2018-07-18-16-22-01_engine_failure_with_emr_traj
carbonZ_2018-07-18-16-22-01_engine_failure_with_emr_traj/carbonZ_2018-07-18-16-22-01_engine_failure_with_emr_traj-mavros-vfr_hud.csv,/content/gdrive/MyDrive/datasets/ALFA/processed_csv/processed/carbonZ_2018-07-18-16-22-01_engine_failure_with_emr_traj/carbonZ_2018-07-18-16-22-01_engine_failure_with_emr_traj-mavros-vfr_hud.csv,39187,0.037,2026-01-29T01:53:50,carbonZ_2018-07-18-16-22-01_engine_failure_with_emr_traj-mavros-vfr_hud.csv,carbonZ_2018-07-18-16-22-01_engine_failure_with_emr_traj
carbonZ_2018-07-18-16-22-01_engine_failure_with_emr_traj/carbonZ_2018-07-18-16-22-01_engine_failure_with_emr_traj-mavros-wind_estimation.csv,/content/gdrive/MyDrive/datasets/ALFA/processed_csv/processed/carbonZ_2018-07-18-16-22-01_engine_failure_with_emr_traj/carbonZ_2018-07-18-16-22-01_engine_failure_with_emr_traj-mavros-wind_estimation.csv,24696,0.024,2026-01-29T01:53:50,carbonZ_2018-07-18-16-22-01_engine_failure_with_emr_traj-mavros-wind_estimation.csv,carbonZ_2018-07-18-16-22-01_engine_failure_with_emr_traj
carbonZ_2018-07-18-16-37-39_1_no_failure/carbonZ_2018-07-18-16-37-39_1_no_failure-diagnostics.csv,/content/gdrive/MyDrive/datasets/ALFA/processed_csv/processed/carbonZ_2018-07-18-16-37-39_1_no_failure/carbonZ_2018-07-18-16-37-39_1_no_failure-diagnostics.csv,32210,0.031,2026-01-29T01:53:50,carbonZ_2018-07-18-16-37-39_1_no_failure-diagnostics.csv,carbonZ_2018-07-18-16-37-39_1_no_failure
carbonZ_2018-07-18-16-37-39_1_no_failure/carbonZ_2018-07-18-16-37-39_1_no_failure-mavlink-from.csv,/content/gdrive/MyDrive/datasets/ALFA/processed_csv/processed/carbonZ_2018-07-18-16-37-39_1_no_failure/carbonZ_2018-07-18-16-37-39_1_no_failure-mavlink-from.csv,811552,0.774,2026-01-29T01:53:50,carbonZ_2018-07-18-16-37-39_1_no_failure-mavlink-from.csv,carbonZ_2018-07-18-16-37-39_1_no_failure
carbonZ_2018-07-18-16-37-39_1_no_failure/carbonZ_2018-07-18-16-37-39_1_no_failure-mavros-battery.csv,/content/gdrive/MyDrive/datasets/ALFA/processed_csv/processed/carbonZ_2018-07-18-16-37-39_1_no_failure/carbonZ_2018-07-18-16-37-39_1_no_failure-mavros-battery.csv,67682,0.065,2026-01-29T01:53:50,carbonZ_2018-07-18-16-37-39_1_no_failure-mavros-battery.csv,carbonZ_2018-07-18-16-37-39_1_no_failure
carbonZ_2018-07-18-16-37-39_1_no_failure/carbonZ_2018-07-18-16-37-39_1_no_failure-mavros-global_position-compass_hdg.csv,/content/gdrive/MyDrive/datasets/ALFA/processed_csv/processed/carbonZ_2018-07-18-16-37-39_1_no_failure/carbonZ_2018-07-18-16-37-39_1_no_failure-mavros-global_position-compass_hdg.csv,3349,0.003,2026-01-29T01:53:50,carbonZ_2018-07-18-16-37-39_1_no_failure-mavros-global_position-compass_hdg.csv,carbonZ_2018-07-18-16-37-39_1_no_failure
carbonZ_2018-07-18-16-37-39_1_no_failure/carbonZ_2018-07-18-16-37-39_1_no_failure-mavros-global_position-global.csv,/content/gdrive/MyDrive/datasets/ALFA/processed_csv/processed/carbonZ_2018-07-18-16-37-39_1_no_failure/carbonZ_2018-07-18-16-37-39_1_no_failure-mavros-global_position-global.csv,21282,0.02,2026-01-29T01:53:50,carbonZ_2018-07-18-16-37-39_1_no_failure-mavros-global_position-global.csv,carbonZ_2018-07-18-16-37-39_1_no_failure
carbonZ_2018-07-18-16-37-39_1_no_failure/carbonZ_2018-07-18-16-37-39_1_no_failure-mavros-global_position-local.csv,/content/gdrive/MyDrive/datasets/ALFA/processed_csv/processed/carbonZ_2018-07-18-16-37-39_1_no_failure/carbonZ_2018-07-18-16-37-39_1_no_failure-mavros-global_position-local.csv,67702,0.065,2026-01-29T01:53:50,carbonZ_2018-07-18-16-37-39_1_no_failure-mavros-global_position-local.csv,carbonZ_2018-07-18-16-37-39_1_no_failure
carbonZ_2018-07-18-16-37-39_1_no_failure/carbonZ_2018-07-18-16-37-39_1_no_failure-mavros-global_position-raw-fix.csv,/content/gdrive/MyDrive/datasets/ALFA/processed_csv/processed/carbonZ_2018-07-18-16-37-39_1_no_failure/carbonZ_2018-07-18-16-37-39_1_no_failure-mavros-global_position-raw-fix.csv,25595,0.024,2026-01-29T01:53:50,carbonZ_2018-07-18-16-37-39_1_no_failure-mavros-global_position-raw-fix.csv,carbonZ_2018-07-18-16-37-39_1_no_failure
carbonZ_2018-07-18-16-37-39_1_no_failure/carbonZ_2018-07-18-16-37-39_1_no_failure-mavros-global_position-raw-gps_vel.csv,/content/gdrive/MyDrive/datasets/ALFA/processed_csv/processed/carbonZ_2018-07-18-16-37-39_1_no_failure/carbonZ_2018-07-18-16-37-39_1_no_failure-mavros-global_position-raw-gps_vel.csv,14446,0.014,2026-01-29T01:53:50,carbonZ_2018-07-18-16-37-39_1_no_failure-mavros-global_position-raw-gps_vel.csv,carbonZ_2018-07-18-16-37-39_1_no_failure
carbonZ_2018-07-18-16-37-39_1_no_failure/carbonZ_2018-07-18-16-37-39_1_no_failure-mavros-global_position-rel_alt.csv,/content/gdrive/MyDrive/datasets/ALFA/processed_csv/processed/carbonZ_2018-07-18-16-37-39_1_no_failure/carbonZ_2018-07-18-16-37-39_1_no_failure-mavros-global_position-rel_alt.csv,3405,0.003,2026-01-29T01:53:50,carbonZ_2018-07-18-16-37-39_1_no_failure-mavros-global_position-rel_alt.csv,carbonZ_2018-07-18-16-37-39_1_no_failure
carbonZ_2018-07-18-16-37-39_1_no_failure/carbonZ_2018-07-18-16-37-39_1_no_failure-mavros-imu-atm_pressure.csv,/content/gdrive/MyDrive/datasets/ALFA/processed_csv/processed/carbonZ_2018-07-18-16-37-39_1_no_failure/carbonZ_2018-07-18-16-37-39_1_no_failure-mavros-imu-atm_pressure.csv,22545,0.022,2026-01-29T01:53:50,carbonZ_2018-07-18-16-37-39_1_no_failure-mavros-imu-atm_pressure.csv,carbonZ_2018-07-18-16-37-39_1_no_failure
carbonZ_2018-07-18-16-37-39_1_no_failure/carbonZ_2018-07-18-16-37-39_1_no_failure-mavros-imu-data.csv,/content/gdrive/MyDrive/datasets/ALFA/processed_csv/processed/carbonZ_2018-07-18-16-37-39_1_no_failure/carbonZ_2018-07-18-16-37-39_1_no_failure-mavros-imu-data.csv,28216,0.027,2026-01-29T01:53:50,carbonZ_2018-07-18-16-37-39_1_no_failure-mavros-imu-data.csv,carbonZ_2018-07-18-16-37-39_1_no_failure
carbonZ_2018-07-18-16-37-39_1_no_failure/carbonZ_2018-07-18-16-37-39_1_no_failure-mavros-imu-data_raw.csv,/content/gdrive/MyDrive/datasets/ALFA/processed_csv/processed/carbonZ_2018-07-18-16-37-39_1_no_failure/carbonZ_2018-07-18-16-37-39_1_no_failure-mavros-imu-data_raw.csv,86862,0.083,2026-01-29T01:53:50,carbonZ_2018-07-18-16-37-39_1_no_failure-mavros-imu-data_raw.csv,carbonZ_2018-07-18-16-37-39_1_no_failure
carbonZ_2018-07-18-16-37-39_1_no_failure/carbonZ_2018-07-18-16-37-39_1_no_failure-mavros-imu-mag.csv,/content/gdrive/MyDrive/datasets/ALFA/processed_csv/processed/carbonZ_2018-07-18-16-37-39_1_no_failure/carbonZ_2018-07-18-16-37-39_1_no_failure-mavros-imu-mag.csv,37385,0.036,2026-01-29T01:53:50,carbonZ_2018-07-18-16-37-39_1_no_failure-mavros-imu-mag.csv,carbonZ_2018-07-18-16-37-39_1_no_failure
carbonZ_2018-07-18-16-37-39_1_no_failure/carbonZ_2018-07-18-16-37-39_1_no_failure-mavros-imu-temperature.csv,/content/gdrive/MyDrive/datasets/ALFA/processed_csv/processed/carbonZ_2018-07-18-16-37-39_1_no_failure/carbonZ_2018-07-18-16-37-39_1_no_failure-mavros-imu-temperature.csv,20133,0.019,2026-01-29T01:53:50,carbonZ_2018-07-18-16-37-39_1_no_failure-mavros-imu-temperature.csv,carbonZ_2018-07-18-16-37-39_1_no_failure
carbonZ_2018-07-18-16-37-39_1_no_failure/carbonZ_2018-07-18-16-37-39_1_no_failure-mavros-local_position-odom.csv,/content/gdrive/MyDrive/datasets/ALFA/processed_csv/processed/carbonZ_2018-07-18-16-37-39_1_no_failure/carbonZ_2018-07-18-16-37-39_1_no_failure-mavros-local_position-odom.csv,74679,0.071,2026-01-29T01:53:50,carbonZ_2018-07-18-16-37-39_1_no_failure-mavros-local_position-odom.csv,carbonZ_2018-07-18-16-37-39_1_no_failure
carbonZ_2018-07-18-16-37-39_1_no_failure/carbonZ_2018-07-18-16-37-39_1_no_failure-mavros-local_position-pose.csv,/content/gdrive/MyDrive/datasets/ALFA/processed_csv/processed/carbonZ_2018-07-18-16-37-39_1_no_failure/carbonZ_2018-07-18-16-37-39_1_no_failure-mavros-local_position-pose.csv,19798,0.019,2026-01-29T01:53:50,carbonZ_2018-07-18-16-37-39_1_no_failure-mavros-local_position-pose.csv,carbonZ_2018-07-18-16-37-39_1_no_failure
carbonZ_2018-07-18-16-37-39_1_no_failure/carbonZ_2018-07-18-16-37-39_1_no_failure-mavros-local_position-velocity.csv,/content/gdrive/MyDrive/datasets/ALFA/processed_csv/processed/carbonZ_2018-07-18-16-37-39_1_no_failure/carbonZ_2018-07-18-16-37-39_1_no_failure-mavros-local_position-velocity.csv,17913,0.017,2026-01-29T01:53:50,carbonZ_2018-07-18-16-37-39_1_no_failure-mavros-local_position-velocity.csv,carbonZ_2018-07-18-16-37-39_1_no_failure
carbonZ_2018-07-18-16-37-39_1_no_failure/carbonZ_2018-07-18-16-37-39_1_no_failure-mavros-nav_info-airspeed.csv,/content/gdrive/MyDrive/datasets/ALFA/processed_csv/processed/carbonZ_2018-07-18-16-37-39_1_no_failure/carbonZ_2018-07-18-16-37-39_1_no_failure-mavros-nav_info-airspeed.csv,39151,0.037,2026-01-29T01:53:50,carbonZ_2018-07-18-16-37-39_1_no_failure-mavros-nav_info-airspeed.csv,carbonZ_2018-07-18-16-37-39_1_no_failure
carbonZ_2018-07-18-16-37-39_1_no_failure/carbonZ_2018-07-18-16-37-39_1_no_failure-mavros-nav_info-errors.csv,/content/gdrive/MyDrive/datasets/ALFA/processed_csv/processed/carbonZ_2018-07-18-16-37-39_1_no_failure/carbonZ_2018-07-18-16-37-39_1_no_failure-mavros-nav_info-errors.csv,56421,0.054,2026-01-29T01:53:50,carbonZ_2018-07-18-16-37-39_1_no_failure-mavros-nav_info-errors.csv,carbonZ_2018-07-18-16-37-39_1_no_failure
carbonZ_2018-07-18-16-37-39_1_no_failure/carbonZ_2018-07-18-16-37-39_1_no_failure-mavros-nav_info-pitch.csv,/content/gdrive/MyDrive/datasets/ALFA/processed_csv/processed/carbonZ_2018-07-18-16-37-39_1_no_failure/carbonZ_2018-07-18-16-37-39_1_no_failure-mavros-nav_info-pitch.csv,45608,0.043,2026-01-29T01:53:50,carbonZ_2018-07-18-16-37-39_1_no_failure-mavros-nav_info-pitch.csv,carbonZ_2018-07-18-16-37-39_1_no_failure
carbonZ_2018-07-18-16-37-39_1_no_failure/carbonZ_2018-07-18-16-37-39_1_no_failure-mavros-nav_info-roll.csv,/content/gdrive/MyDrive/datasets/ALFA/processed_csv/processed/carbonZ_2018-07-18-16-37-39_1_no_failure/carbonZ_2018-07-18-16-37-39_1_no_failure-mavros-nav_info-roll.csv,45212,0.043,2026-01-29T01:53:50,carbonZ_2018-07-18-16-37-39_1_no_failure-mavros-nav_info-roll.csv,carbonZ_2018-07-18-16-37-39_1_no_failure
carbonZ_2018-07-18-16-37-39_1_no_failure/carbonZ_2018-07-18-16-37-39_1_no_failure-mavros-nav_info-velocity.csv,/content/gdrive/MyDrive/datasets/ALFA/processed_csv/processed/carbonZ_2018-07-18-16-37-39_1_no_failure/carbonZ_2018-07-18-16-37-39_1_no_failure-mavros-nav_info-velocity.csv,78216,0.075,2026-01-29T01:53:50,carbonZ_2018-07-18-16-37-39_1_no_failure-mavros-nav_info-velocity.csv,carbonZ_2018-07-18-16-37-39_1_no_failure
carbonZ_2018-07-18-16-37-39_1_no_failure/carbonZ_2018-07-18-16-37-39_1_no_failure-mavros-nav_info-yaw.csv,/content/gdrive/MyDrive/datasets/ALFA/processed_csv/processed/carbonZ_2018-07-18-16-37-39_1_no_failure/carbonZ_2018-07-18-16-37-39_1_no_failure-mavros-nav_info-yaw.csv,40888,0.039,2026-01-29T01:53:50,carbonZ_2018-07-18-16-37-39_1_no_failure-mavros-nav_info-yaw.csv,carbonZ_2018-07-18-16-37-39_1_no_failure
carbonZ_2018-07-18-16-37-39_1_no_failure/carbonZ_2018-07-18-16-37-39_1_no_failure-mavros-rc-in.csv,/content/gdrive/MyDrive/datasets/ALFA/processed_csv/processed/carbonZ_2018-07-18-16-37-39_1_no_failure/carbonZ_2018-07-18-16-37-39_1_no_failure-mavros-rc-in.csv,11767,0.011,2026-01-29T01:53:50,carbonZ_2018-07-18-16-37-39_1_no_failure-mavros-rc-in.csv,carbonZ_2018-07-18-16-37-39_1_no_failure
carbonZ_2018-07-18-16-37-39_1_no_failure/carbonZ_2018-07-18-16-37-39_1_no_failure-mavros-rc-out.csv,/content/gdrive/MyDrive/datasets/ALFA/processed_csv/processed/carbonZ_2018-07-18-16-37-39_1_no_failure/carbonZ_2018-07-18-16-37-39_1_no_failure-mavros-rc-out.csv,7932,0.008,2026-01-29T01:53:50,carbonZ_2018-07-18-16-37-39_1_no_failure-mavros-rc-out.csv,carbonZ_2018-07-18-16-37-39_1_no_failure
carbonZ_2018-07-18-16-37-39_1_no_failure/carbonZ_2018-07-18-16-37-39_1_no_failure-mavros-setpoint_raw-target_global.csv,/content/gdrive/MyDrive/datasets/ALFA/processed_csv/processed/carbonZ_2018-07-18-16-37-39_1_no_failure/carbonZ_2018-07-18-16-37-39_1_no_failure-mavros-setpoint_raw-target_global.csv,114028,0.109,2026-01-29T01:53:50,carbonZ_2018-07-18-16-37-39_1_no_failure-mavros-setpoint_raw-target_global.csv,carbonZ_2018-07-18-16-37-39_1_no_failure
carbonZ_2018-07-18-16-37-39_1_no_failure/carbonZ_2018-07-18-16-37-39_1_no_failure-mavros-state.csv,/content/gdrive/MyDrive/datasets/ALFA/processed_csv/processed/carbonZ_2018-07-18-16-37-39_1_no_failure/carbonZ_2018-07-18-16-37-39_1_no_failure-mavros-state.csv,1966,0.002,2026-01-29T01:53:50,carbonZ_2018-07-18-16-37-39_1_no_failure-mavros-state.csv,carbonZ_2018-07-18-16-37-39_1_no_failure
carbonZ_2018-07-18-16-37-39_1_no_failure/carbonZ_2018-07-18-16-37-39_1_no_failure-mavros-time_reference.csv,/content/gdrive/MyDrive/datasets/ALFA/processed_csv/processed/carbonZ_2018-07-18-16-37-39_1_no_failure/carbonZ_2018-07-18-16-37-39_1_no_failure-mavros-time_reference.csv,4572,0.004,2026-01-29T01:53:50,carbonZ_2018-07-18-16-37-39_1_no_failure-mavros-time_reference.csv,carbonZ_2018-07-18-16-37-39_1_no_failure
carbonZ_2018-07-18-16-37-39_1_no_failure/carbonZ_2018-07-18-16-37-39_1_no_failure-mavros-vfr_hud.csv,/content/gdrive/MyDrive/datasets/ALFA/processed_csv/processed/carbonZ_2018-07-18-16-37-39_1_no_failure/carbonZ_2018-07-18-16-37-39_1_no_failure-mavros-vfr_hud.csv,9293,0.009,2026-01-29T01:53:50,carbonZ_2018-07-18-16-37-39_1_no_failure-mavros-vfr_hud.csv,carbonZ_2018-07-18-16-37-39_1_no_failure
carbonZ_2018-07-18-16-37-39_1_no_failure/carbonZ_2018-07-18-16-37-39_1_no_failure-mavros-wind_estimation.csv,/content/gdrive/MyDrive/datasets/ALFA/processed_csv/processed/carbonZ_2018-07-18-16-37-39_1_no_failure/carbonZ_2018-07-18-16-37-39_1_no_failure-mavros-wind_estimation.csv,6007,0.006,2026-01-29T01:53:50,carbonZ_2018-07-18-16-37-39_1_no_failure-mavros-wind_estimation.csv,carbonZ_2018-07-18-16-37-39_1_no_failure
carbonZ_2018-07-18-16-37-39_2_engine_failure_with_emr_traj/carbonZ_2018-07-18-16-37-39_2_engine_failure_with_emr_traj-diagnostics.csv,/content/gdrive/MyDrive/datasets/ALFA/processed_csv/processed/carbonZ_2018-07-18-16-37-39_2_engine_failure_with_emr_traj/carbonZ_2018-07-18-16-37-39_2_engine_failure_with_emr_traj-diagnostics.csv,134110,0.128,2026-01-29T01:53:50,carbonZ_2018-07-18-16-37-39_2_engine_failure_with_emr_traj-diagnostics.csv,carbonZ_2018-07-18-16-37-39_2_engine_failure_with_emr_traj
carbonZ_2018-07-18-16-37-39_2_engine_failure_with_emr_traj/carbonZ_2018-07-18-16-37-39_2_engine_failure_with_emr_traj-emergency_responder-traj_file.csv,/content/gdrive/MyDrive/datasets/ALFA/processed_csv/processed/carbonZ_2018-07-18-16-37-39_2_engine_failure_with_emr_traj/carbonZ_2018-07-18-16-37-39_2_engine_failure_with_emr_traj-emergency_responder-traj_file.csv,63,0.0,2026-01-29T01:53:50,carbonZ_2018-07-18-16-37-39_2_engine_failure_with_emr_traj-emergency_responder-traj_file.csv,carbonZ_2018-07-18-16-37-39_2_engine_failure_with_emr_traj
carbonZ_2018-07-18-16-37-39_2_engine_failure_with_emr_traj/carbonZ_2018-07-18-16-37-39_2_engine_failure_with_emr_traj-failure_status-engines.csv,/content/gdrive/MyDrive/datasets/ALFA/processed_csv/processed/carbonZ_2018-07-18-16-37-39_2_engine_failure_with_emr_traj/carbonZ_2018-07-18-16-37-39_2_engine_failure_with_emr_traj-failure_status-engines.csv,1843,0.002,2026-01-29T01:53:50,carbonZ_2018-07-18-16-37-39_2_engine_failure_with_emr_traj-failure_status-engines.csv,carbonZ_2018-07-18-16-37-39_2_engine_failure_with_emr_traj
carbonZ_2018-07-18-16-37-39_2_engine_failure_with_emr_traj/carbonZ_2018-07-18-16-37-39_2_engine_failure_with_emr_traj-mavctrl-path_dev.csv,/content/gdrive/MyDrive/datasets/ALFA/processed_csv/processed/carbonZ_2018-07-18-16-37-39_2_engine_failure_with_emr_traj/carbonZ_2018-07-18-16-37-39_2_engine_failure_with_emr_traj-mavctrl-path_dev.csv,345614,0.33,2026-01-29T01:53:50,carbonZ_2018-07-18-16-37-39_2_engine_failure_with_emr_traj-mavctrl-path_dev.csv,carbonZ_2018-07-18-16-37-39_2_engine_failure_with_emr_traj
carbonZ_2018-07-18-16-37-39_2_engine_failure_with_emr_traj/carbonZ_2018-07-18-16-37-39_2_engine_failure_with_emr_traj-mavctrl-rpy.csv,/content/gdrive/MyDrive/datasets/ALFA/processed_csv/processed/carbonZ_2018-07-18-16-37-39_2_engine_failure_with_emr_traj/carbonZ_2018-07-18-16-37-39_2_engine_failure_with_emr_traj-mavctrl-rpy.csv,434801,0.415,2026-01-29T01:53:50,carbonZ_2018-07-18-16-37-39_2_engine_failure_with_emr_traj-mavctrl-rpy.csv,carbonZ_2018-07-18-16-37-39_2_engine_failure_with_emr_traj
carbonZ_2018-07-18-16-37-39_2_engine_failure_with_emr_traj/carbonZ_2018-07-18-16-37-39_2_engine_failure_with_emr_traj-mavlink-from.csv,/content/gdrive/MyDrive/datasets/ALFA/processed_csv/processed/carbonZ_2018-07-18-16-37-39_2_engine_failure_with_emr_traj/carbonZ_2018-07-18-16-37-39_2_engine_failure_with_emr_traj-mavlink-from.csv,3451433,3.292,2026-01-29T01:53:51,carbonZ_2018-07-18-16-37-39_2_engine_failure_with_emr_traj-mavlink-from.csv,carbonZ_2018-07-18-16-37-39_2_engine_failure_with_emr_traj
carbonZ_2018-07-18-16-37-39_2_engine_failure_with_emr_traj/carbonZ_2018-07-18-16-37-39_2_engine_failure_with_emr_traj-mavros-battery.csv,/content/gdrive/MyDrive/datasets/ALFA/processed_csv/processed/carbonZ_2018-07-18-16-37-39_2_engine_failure_with_emr_traj/carbonZ_2018-07-18-16-37-39_2_engine_failure_with_emr_traj-mavros-battery.csv,287462,0.274,2026-01-29T01:53:51,carbonZ_2018-07-18-16-37-39_2_engine_failure_with_emr_traj-mavros-battery.csv,carbonZ_2018-07-18-16-37-39_2_engine_failure_with_emr_traj
carbonZ_2018-07-18-16-37-39_2_engine_failure_with_emr_traj/carbonZ_2018-07-18-16-37-39_2_engine_failure_with_emr_traj-mavros-global_position-compass_hdg.csv,/content/gdrive/MyDrive/datasets/ALFA/processed_csv/processed/carbonZ_2018-07-18-16-37-39_2_engine_failure_with_emr_traj/carbonZ_2018-07-18-16-37-39_2_engine_failure_with_emr_traj-mavros-global_position-compass_hdg.csv,14308,0.014,2026-01-29T01:53:51,carbonZ_2018-07-18-16-37-39_2_engine_failure_with_emr_traj-mavros-global_position-compass_hdg.csv,carbonZ_2018-07-18-16-37-39_2_engine_failure_with_emr_traj
carbonZ_2018-07-18-16-37-39_2_engine_failure_with_emr_traj/carbonZ_2018-07-18-16-37-39_2_engine_failure_with_emr_traj-mavros-global_position-global.csv,/content/gdrive/MyDrive/datasets/ALFA/processed_csv/processed/carbonZ_2018-07-18-16-37-39_2_engine_failure_with_emr_traj/carbonZ_2018-07-18-16-37-39_2_engine_failure_with_emr_traj-mavros-global_position-global.csv,89501,0.085,2026-01-29T01:53:51,carbonZ_2018-07-18-16-37-39_2_engine_failure_with_emr_traj-mavros-global_position-global.csv,carbonZ_2018-07-18-16-37-39_2_engine_failure_with_emr_traj
carbonZ_2018-07-18-16-37-39_2_engine_failure_with_emr_traj/carbonZ_2018-07-18-16-37-39_2_engine_failure_with_emr_traj-mavros-global_position-local.csv,/content/gdrive/MyDrive/datasets/ALFA/processed_csv/processed/carbonZ_2018-07-18-16-37-39_2_engine_failure_with_emr_traj/carbonZ_2018-07-18-16-37-39_2_engine_failure_with_emr_traj-mavros-global_position-local.csv,282456,0.269,2026-01-29T01:53:51,carbonZ_2018-07-18-16-37-39_2_engine_failure_with_emr_traj-mavros-global_position-local.csv,carbonZ_2018-07-18-16-37-39_2_engine_failure_with_emr_traj
carbonZ_2018-07-18-16-37-39_2_engine_failure_with_emr_traj/carbonZ_2018-07-18-16-37-39_2_engine_failure_with_emr_traj-mavros-global_position-raw-fix.csv,/content/gdrive/MyDrive/datasets/ALFA/processed_csv/processed/carbonZ_2018-07-18-16-37-39_2_engine_failure_with_emr_traj/carbonZ_2018-07-18-16-37-39_2_engine_failure_with_emr_traj-mavros-global_position-raw-fix.csv,108373,0.103,2026-01-29T01:53:51,carbonZ_2018-07-18-16-37-39_2_engine_failure_with_emr_traj-mavros-global_position-raw-fix.csv,carbonZ_2018-07-18-16-37-39_2_engine_failure_with_emr_traj
carbonZ_2018-07-18-16-37-39_2_engine_failure_with_emr_traj/carbonZ_2018-07-18-16-37-39_2_engine_failure_with_emr_traj-mavros-global_position-raw-gps_vel.csv,/content/gdrive/MyDrive/datasets/ALFA/processed_csv/processed/carbonZ_2018-07-18-16-37-39_2_engine_failure_with_emr_traj/carbonZ_2018-07-18-16-37-39_2_engine_failure_with_emr_traj-mavros-global_position-raw-gps_vel.csv,61635,0.059,2026-01-29T01:53:51,carbonZ_2018-07-18-16-37-39_2_engine_failure_with_emr_traj-mavros-global_position-raw-gps_vel.csv,carbonZ_2018-07-18-16-37-39_2_engine_failure_with_emr_traj
carbonZ_2018-07-18-16-37-39_2_engine_failure_with_emr_traj/carbonZ_2018-07-18-16-37-39_2_engine_failure_with_emr_traj-mavros-global_position-rel_alt.csv,/content/gdrive/MyDrive/datasets/ALFA/processed_csv/processed/carbonZ_2018-07-18-16-37-39_2_engine_failure_with_emr_traj/carbonZ_2018-07-18-16-37-39_2_engine_failure_with_emr_traj-mavros-global_position-rel_alt.csv,14482,0.014,2026-01-29T01:53:51,carbonZ_2018-07-18-16-37-39_2_engine_failure_with_emr_traj-mavros-global_position-rel_alt.csv,carbonZ_2018-07-18-16-37-39_2_engine_failure_with_emr_traj
carbonZ_2018-07-18-16-37-39_2_engine_failure_with_emr_traj/carbonZ_2018-07-18-16-37-39_2_engine_failure_with_emr_traj-mavros-imu-atm_pressure.csv,/content/gdrive/MyDrive/datasets/ALFA/processed_csv/processed/carbonZ_2018-07-18-16-37-39_2_engine_failure_with_emr_traj/carbonZ_2018-07-18-16-37-39_2_engine_failure_with_emr_traj-mavros-imu-atm_pressure.csv,96418,0.092,2026-01-29T01:53:51,carbonZ_2018-07-18-16-37-39_2_engine_failure_with_emr_traj-mavros-imu-atm_pressure.csv,carbonZ_2018-07-18-16-37-39_2_engine_failure_with_emr_traj
carbonZ_2018-07-18-16-37-39_2_engine_failure_with_emr_traj/carbonZ_2018-07-18-16-37-39_2_engine_failure_with_emr_traj-mavros-imu-data.csv,/content/gdrive/MyDrive/datasets/ALFA/processed_csv/processed/carbonZ_2018-07-18-16-37-39_2_engine_failure_with_emr_traj/carbonZ_2018-07-18-16-37-39_2_engine_failure_with_emr_traj-mavros-imu-data.csv,114542,0.109,2026-01-29T01:53:51,carbonZ_2018-07-18-16-37-39_2_engine_failure_with_emr_traj-mavros-imu-data.csv,carbonZ_2018-07-18-16-37-39_2_engine_failure_with_emr_traj
carbonZ_2018-07-18-16-37-39_2_engine_failure_with_emr_traj/carbonZ_2018-07-18-16-37-39_2_engine_failure_with_emr_traj-mavros-imu-data_raw.csv,/content/gdrive/MyDrive/datasets/ALFA/processed_csv/processed/carbonZ_2018-07-18-16-37-39_2_engine_failure_with_emr_traj/carbonZ_2018-07-18-16-37-39_2_engine_failure_with_emr_traj-mavros-imu-data_raw.csv,367582,0.351,2026-01-29T01:53:51,carbonZ_2018-07-18-16-37-39_2_engine_failure_with_emr_traj-mavros-imu-data_raw.csv,carbonZ_2018-07-18-16-37-39_2_engine_failure_with_emr_traj
carbonZ_2018-07-18-16-37-39_2_engine_failure_with_emr_traj/carbonZ_2018-07-18-16-37-39_2_engine_failure_with_emr_traj-mavros-imu-mag.csv,/content/gdrive/MyDrive/datasets/ALFA/processed_csv/processed/carbonZ_2018-07-18-16-37-39_2_engine_failure_with_emr_traj/carbonZ_2018-07-18-16-37-39_2_engine_failure_with_emr_traj-mavros-imu-mag.csv,158834,0.151,2026-01-29T01:53:51,carbonZ_2018-07-18-16-37-39_2_engine_failure_with_emr_traj-mavros-imu-mag.csv,carbonZ_2018-07-18-16-37-39_2_engine_failure_with_emr_traj
carbonZ_2018-07-18-16-37-39_2_engine_failure_with_emr_traj/carbonZ_2018-07-18-16-37-39_2_engine_failure_with_emr_traj-mavros-imu-temperature.csv,/content/gdrive/MyDrive/datasets/ALFA/processed_csv/processed/carbonZ_2018-07-18-16-37-39_2_engine_failure_with_emr_traj/carbonZ_2018-07-18-16-37-39_2_engine_failure_with_emr_traj-mavros-imu-temperature.csv,86026,0.082,2026-01-29T01:53:51,carbonZ_2018-07-18-16-37-39_2_engine_failure_with_emr_traj-mavros-imu-temperature.csv,carbonZ_2018-07-18-16-37-39_2_engine_failure_with_emr_traj
carbonZ_2018-07-18-16-37-39_2_engine_failure_with_emr_traj/carbonZ_2018-07-18-16-37-39_2_engine_failure_with_emr_traj-mavros-local_position-odom.csv,/content/gdrive/MyDrive/datasets/ALFA/processed_csv/processed/carbonZ_2018-07-18-16-37-39_2_engine_failure_with_emr_traj/carbonZ_2018-07-18-16-37-39_2_engine_failure_with_emr_traj-mavros-local_position-odom.csv,312306,0.298,2026-01-29T01:53:51,carbonZ_2018-07-18-16-37-39_2_engine_failure_with_emr_traj-mavros-local_position-odom.csv,carbonZ_2018-07-18-16-37-39_2_engine_failure_with_emr_traj
carbonZ_2018-07-18-16-37-39_2_engine_failure_with_emr_traj/carbonZ_2018-07-18-16-37-39_2_engine_failure_with_emr_traj-mavros-local_position-pose.csv,/content/gdrive/MyDrive/datasets/ALFA/processed_csv/processed/carbonZ_2018-07-18-16-37-39_2_engine_failure_with_emr_traj/carbonZ_2018-07-18-16-37-39_2_engine_failure_with_emr_traj-mavros-local_position-pose.csv,84235,0.08,2026-01-29T01:53:51,carbonZ_2018-07-18-16-37-39_2_engine_failure_with_emr_traj-mavros-local_position-pose.csv,carbonZ_2018-07-18-16-37-39_2_engine_failure_with_emr_traj
carbonZ_2018-07-18-16-37-39_2_engine_failure_with_emr_traj/carbonZ_2018-07-18-16-37-39_2_engine_failure_with_emr_traj-mavros-local_position-velocity.csv,/content/gdrive/MyDrive/datasets/ALFA/processed_csv/processed/carbonZ_2018-07-18-16-37-39_2_engine_failure_with_emr_traj/carbonZ_2018-07-18-16-37-39_2_engine_failure_with_emr_traj-mavros-local_position-velocity.csv,76303,0.073,2026-01-29T01:53:51,carbonZ_2018-07-18-16-37-39_2_engine_failure_with_emr_traj-mavros-local_position-velocity.csv,carbonZ_2018-07-18-16-37-39_2_engine_failure_with_emr_traj
carbonZ_2018-07-18-16-37-39_2_engine_failure_with_emr_traj/carbonZ_2018-07-18-16-37-39_2_engine_failure_with_emr_traj-mavros-nav_info-airspeed.csv,/content/gdrive/MyDrive/datasets/ALFA/processed_csv/processed/carbonZ_2018-07-18-16-37-39_2_engine_failure_with_emr_traj/carbonZ_2018-07-18-16-37-39_2_engine_failure_with_emr_traj-mavros-nav_info-airspeed.csv,167119,0.159,2026-01-29T01:53:51,carbonZ_2018-07-18-16-37-39_2_engine_failure_with_emr_traj-mavros-nav_info-airspeed.csv,carbonZ_2018-07-18-16-37-39_2_engine_failure_with_emr_traj
carbonZ_2018-07-18-16-37-39_2_engine_failure_with_emr_traj/carbonZ_2018-07-18-16-37-39_2_engine_failure_with_emr_traj-mavros-nav_info-errors.csv,/content/gdrive/MyDrive/datasets/ALFA/processed_csv/processed/carbonZ_2018-07-18-16-37-39_2_engine_failure_with_emr_traj/carbonZ_2018-07-18-16-37-39_2_engine_failure_with_emr_traj-mavros-nav_info-errors.csv,241224,0.23,2026-01-29T01:53:51,carbonZ_2018-07-18-16-37-39_2_engine_failure_with_emr_traj-mavros-nav_info-errors.csv,carbonZ_2018-07-18-16-37-39_2_engine_failure_with_emr_traj
carbonZ_2018-07-18-16-37-39_2_engine_failure_with_emr_traj/carbonZ_2018-07-18-16-37-39_2_engine_failure_with_emr_traj-mavros-nav_info-pitch.csv,/content/gdrive/MyDrive/datasets/ALFA/processed_csv/processed/carbonZ_2018-07-18-16-37-39_2_engine_failure_with_emr_traj/carbonZ_2018-07-18-16-37-39_2_engine_failure_with_emr_traj-mavros-nav_info-pitch.csv,193958,0.185,2026-01-29T01:53:51,carbonZ_2018-07-18-16-37-39_2_engine_failure_with_emr_traj-mavros-nav_info-pitch.csv,carbonZ_2018-07-18-16-37-39_2_engine_failure_with_emr_traj
carbonZ_2018-07-18-16-37-39_2_engine_failure_with_emr_traj/carbonZ_2018-07-18-16-37-39_2_engine_failure_with_emr_traj-mavros-nav_info-roll.csv,/content/gdrive/MyDrive/datasets/ALFA/processed_csv/processed/carbonZ_2018-07-18-16-37-39_2_engine_failure_with_emr_traj/carbonZ_2018-07-18-16-37-39_2_engine_failure_with_emr_traj-mavros-nav_info-roll.csv,193636,0.185,2026-01-29T01:53:51,carbonZ_2018-07-18-16-37-39_2_engine_failure_with_emr_traj-mavros-nav_info-roll.csv,carbonZ_2018-07-18-16-37-39_2_engine_failure_with_emr_traj
carbonZ_2018-07-18-16-37-39_2_engine_failure_with_emr_traj/carbonZ_2018-07-18-16-37-39_2_engine_failure_with_emr_traj-mavros-nav_info-velocity.csv,/content/gdrive/MyDrive/datasets/ALFA/processed_csv/processed/carbonZ_2018-07-18-16-37-39_2_engine_failure_with_emr_traj/carbonZ_2018-07-18-16-37-39_2_engine_failure_with_emr_traj-mavros-nav_info-velocity.csv,338482,0.323,2026-01-29T01:53:51,carbonZ_2018-07-18-16-37-39_2_engine_failure_with_emr_traj-mavros-nav_info-velocity.csv,carbonZ_2018-07-18-16-37-39_2_engine_failure_with_emr_traj
carbonZ_2018-07-18-16-37-39_2_engine_failure_with_emr_traj/carbonZ_2018-07-18-16-37-39_2_engine_failure_with_emr_traj-mavros-nav_info-yaw.csv,/content/gdrive/MyDrive/datasets/ALFA/processed_csv/processed/carbonZ_2018-07-18-16-37-39_2_engine_failure_with_emr_traj/carbonZ_2018-07-18-16-37-39_2_engine_failure_with_emr_traj-mavros-nav_info-yaw.csv,173529,0.165,2026-01-29T01:53:51,carbonZ_2018-07-18-16-37-39_2_engine_failure_with_emr_traj-mavros-nav_info-yaw.csv,carbonZ_2018-07-18-16-37-39_2_engine_failure_with_emr_traj
carbonZ_2018-07-18-16-37-39_2_engine_failure_with_emr_traj/carbonZ_2018-07-18-16-37-39_2_engine_failure_with_emr_traj-mavros-rc-in.csv,/content/gdrive/MyDrive/datasets/ALFA/processed_csv/processed/carbonZ_2018-07-18-16-37-39_2_engine_failure_with_emr_traj/carbonZ_2018-07-18-16-37-39_2_engine_failure_with_emr_traj-mavros-rc-in.csv,48470,0.046,2026-01-29T01:53:51,carbonZ_2018-07-18-16-37-39_2_engine_failure_with_emr_traj-mavros-rc-in.csv,carbonZ_2018-07-18-16-37-39_2_engine_failure_with_emr_traj
carbonZ_2018-07-18-16-37-39_2_engine_failure_with_emr_traj/carbonZ_2018-07-18-16-37-39_2_engine_failure_with_emr_traj-mavros-rc-out.csv,/content/gdrive/MyDrive/datasets/ALFA/processed_csv/processed/carbonZ_2018-07-18-16-37-39_2_engine_failure_with_emr_traj/carbonZ_2018-07-18-16-37-39_2_engine_failure_with_emr_traj-mavros-rc-out.csv,32786,0.031,2026-01-29T01:53:51,carbonZ_2018-07-18-16-37-39_2_engine_failure_with_emr_traj-mavros-rc-out.csv,carbonZ_2018-07-18-16-37-39_2_engine_failure_with_emr_traj
carbonZ_2018-07-18-16-37-39_2_engine_failure_with_emr_traj/carbonZ_2018-07-18-16-37-39_2_engine_failure_with_emr_traj-mavros-setpoint_raw-local.csv,/content/gdrive/MyDrive/datasets/ALFA/processed_csv/processed/carbonZ_2018-07-18-16-37-39_2_engine_failure_with_emr_traj/carbonZ_2018-07-18-16-37-39_2_engine_failure_with_emr_traj-mavros-setpoint_raw-local.csv,800292,0.763,2026-01-29T01:53:51,carbonZ_2018-07-18-16-37-39_2_engine_failure_with_emr_traj-mavros-setpoint_raw-local.csv,carbonZ_2018-07-18-16-37-39_2_engine_failure_with_emr_traj
carbonZ_2018-07-18-16-37-39_2_engine_failure_with_emr_traj/carbonZ_2018-07-18-16-37-39_2_engine_failure_with_emr_traj-mavros-setpoint_raw-target_global.csv,/content/gdrive/MyDrive/datasets/ALFA/processed_csv/processed/carbonZ_2018-07-18-16-37-39_2_engine_failure_with_emr_traj/carbonZ_2018-07-18-16-37-39_2_engine_failure_with_emr_traj-mavros-setpoint_raw-target_global.csv,489391,0.467,2026-01-29T01:53:51,carbonZ_2018-07-18-16-37-39_2_engine_failure_with_emr_traj-mavros-setpoint_raw-target_global.csv,carbonZ_2018-07-18-16-37-39_2_engine_failure_with_emr_traj
carbonZ_2018-07-18-16-37-39_2_engine_failure_with_emr_traj/carbonZ_2018-07-18-16-37-39_2_engine_failure_with_emr_traj-mavros-state.csv,/content/gdrive/MyDrive/datasets/ALFA/processed_csv/processed/carbonZ_2018-07-18-16-37-39_2_engine_failure_with_emr_traj/carbonZ_2018-07-18-16-37-39_2_engine_failure_with_emr_traj-mavros-state.csv,8066,0.008,2026-01-29T01:53:51,carbonZ_2018-07-18-16-37-39_2_engine_failure_with_emr_traj-mavros-state.csv,carbonZ_2018-07-18-16-37-39_2_engine_failure_with_emr_traj
carbonZ_2018-07-18-16-37-39_2_engine_failure_with_emr_traj/carbonZ_2018-07-18-16-37-39_2_engine_failure_with_emr_traj-mavros-time_reference.csv,/content/gdrive/MyDrive/datasets/ALFA/processed_csv/processed/carbonZ_2018-07-18-16-37-39_2_engine_failure_with_emr_traj/carbonZ_2018-07-18-16-37-39_2_engine_failure_with_emr_traj-mavros-time_reference.csv,18502,0.018,2026-01-29T01:53:51,carbonZ_2018-07-18-16-37-39_2_engine_failure_with_emr_traj-mavros-time_reference.csv,carbonZ_2018-07-18-16-37-39_2_engine_failure_with_emr_traj
carbonZ_2018-07-18-16-37-39_2_engine_failure_with_emr_traj/carbonZ_2018-07-18-16-37-39_2_engine_failure_with_emr_traj-mavros-vfr_hud.csv,/content/gdrive/MyDrive/datasets/ALFA/processed_csv/processed/carbonZ_2018-07-18-16-37-39_2_engine_failure_with_emr_traj/carbonZ_2018-07-18-16-37-39_2_engine_failure_with_emr_traj-mavros-vfr_hud.csv,38255,0.036,2026-01-29T01:53:51,carbonZ_2018-07-18-16-37-39_2_engine_failure_with_emr_traj-mavros-vfr_hud.csv,carbonZ_2018-07-18-16-37-39_2_engine_failure_with_emr_traj
carbonZ_2018-07-18-16-37-39_2_engine_failure_with_emr_traj/carbonZ_2018-07-18-16-37-39_2_engine_failure_with_emr_traj-mavros-wind_estimation.csv,/content/gdrive/MyDrive/datasets/ALFA/processed_csv/processed/carbonZ_2018-07-18-16-37-39_2_engine_failure_with_emr_traj/carbonZ_2018-07-18-16-37-39_2_engine_failure_with_emr_traj-mavros-wind_estimation.csv,24088,0.023,2026-01-29T01:53:51,carbonZ_2018-07-18-16-37-39_2_engine_failure_with_emr_traj-mavros-wind_estimation.csv,carbonZ_2018-07-18-16-37-39_2_engine_failure_with_emr_traj
carbonZ_2018-07-30-16-29-45_engine_failure_with_emr_traj/carbonZ_2018-07-30-16-29-45_engine_failure_with_emr_traj-diagnostics.csv,/content/gdrive/MyDrive/datasets/ALFA/processed_csv/processed/carbonZ_2018-07-30-16-29-45_engine_failure_with_emr_traj/carbonZ_2018-07-30-16-29-45_engine_failure_with_emr_traj-diagnostics.csv,146644,0.14,2026-01-29T01:53:51,carbonZ_2018-07-30-16-29-45_engine_failure_with_emr_traj-diagnostics.csv,carbonZ_2018-07-30-16-29-45_engine_failure_with_emr_traj
carbonZ_2018-07-30-16-29-45_engine_failure_with_emr_traj/carbonZ_2018-07-30-16-29-45_engine_failure_with_emr_traj-emergency_responder-traj_file.csv,/content/gdrive/MyDrive/datasets/ALFA/processed_csv/processed/carbonZ_2018-07-30-16-29-45_engine_failure_with_emr_traj/carbonZ_2018-07-30-16-29-45_engine_failure_with_emr_traj-emergency_responder-traj_file.csv,63,0.0,2026-01-29T01:53:51,carbonZ_2018-07-30-16-29-45_engine_failure_with_emr_traj-emergency_responder-traj_file.csv,carbonZ_2018-07-30-16-29-45_engine_failure_with_emr_traj
carbonZ_2018-07-30-16-29-45_engine_failure_with_emr_traj/carbonZ_2018-07-30-16-29-45_engine_failure_with_emr_traj-failure_status-engines.csv,/content/gdrive/MyDrive/datasets/ALFA/processed_csv/processed/carbonZ_2018-07-30-16-29-45_engine_failure_with_emr_traj/carbonZ_2018-07-30-16-29-45_engine_failure_with_emr_traj-failure_status-engines.csv,2129,0.002,2026-01-29T01:53:51,carbonZ_2018-07-30-16-29-45_engine_failure_with_emr_traj-failure_status-engines.csv,carbonZ_2018-07-30-16-29-45_engine_failure_with_emr_traj
carbonZ_2018-07-30-16-29-45_engine_failure_with_emr_traj/carbonZ_2018-07-30-16-29-45_engine_failure_with_emr_traj-mavctrl-path_dev.csv,/content/gdrive/MyDrive/datasets/ALFA/processed_csv/processed/carbonZ_2018-07-30-16-29-45_engine_failure_with_emr_traj/carbonZ_2018-07-30-16-29-45_engine_failure_with_emr_traj-mavctrl-path_dev.csv,377398,0.36,2026-01-29T01:53:51,carbonZ_2018-07-30-16-29-45_engine_failure_with_emr_traj-mavctrl-path_dev.csv,carbonZ_2018-07-30-16-29-45_engine_failure_with_emr_traj
carbonZ_2018-07-30-16-29-45_engine_failure_with_emr_traj/carbonZ_2018-07-30-16-29-45_engine_failure_with_emr_traj-mavctrl-rpy.csv,/content/gdrive/MyDrive/datasets/ALFA/processed_csv/processed/carbonZ_2018-07-30-16-29-45_engine_failure_with_emr_traj/carbonZ_2018-07-30-16-29-45_engine_failure_with_emr_traj-mavctrl-rpy.csv,478526,0.456,2026-01-29T01:53:51,carbonZ_2018-07-30-16-29-45_engine_failure_with_emr_traj-mavctrl-rpy.csv,carbonZ_2018-07-30-16-29-45_engine_failure_with_emr_traj
carbonZ_2018-07-30-16-29-45_engine_failure_with_emr_traj/carbonZ_2018-07-30-16-29-45_engine_failure_with_emr_traj-mavlink-from.csv,/content/gdrive/MyDrive/datasets/ALFA/processed_csv/processed/carbonZ_2018-07-30-16-29-45_engine_failure_with_emr_traj/carbonZ_2018-07-30-16-29-45_engine_failure_with_emr_traj-mavlink-from.csv,3726225,3.554,2026-01-29T01:53:51,carbonZ_2018-07-30-16-29-45_engine_failure_with_emr_traj-mavlink-from.csv,carbonZ_2018-07-30-16-29-45_engine_failure_with_emr_traj
carbonZ_2018-07-30-16-29-45_engine_failure_with_emr_traj/carbonZ_2018-07-30-16-29-45_engine_failure_with_emr_traj-mavros-battery.csv,/content/gdrive/MyDrive/datasets/ALFA/processed_csv/processed/carbonZ_2018-07-30-16-29-45_engine_failure_with_emr_traj/carbonZ_2018-07-30-16-29-45_engine_failure_with_emr_traj-mavros-battery.csv,309520,0.295,2026-01-29T01:53:51,carbonZ_2018-07-30-16-29-45_engine_failure_with_emr_traj-mavros-battery.csv,carbonZ_2018-07-30-16-29-45_engine_failure_with_emr_traj
carbonZ_2018-07-30-16-29-45_engine_failure_with_emr_traj/carbonZ_2018-07-30-16-29-45_engine_failure_with_emr_traj-mavros-global_position-compass_hdg.csv,/content/gdrive/MyDrive/datasets/ALFA/processed_csv/processed/carbonZ_2018-07-30-16-29-45_engine_failure_with_emr_traj/carbonZ_2018-07-30-16-29-45_engine_failure_with_emr_traj-mavros-global_position-compass_hdg.csv,15750,0.015,2026-01-29T01:53:51,carbonZ_2018-07-30-16-29-45_engine_failure_with_emr_traj-mavros-global_position-compass_hdg.csv,carbonZ_2018-07-30-16-29-45_engine_failure_with_emr_traj
carbonZ_2018-07-30-16-29-45_engine_failure_with_emr_traj/carbonZ_2018-07-30-16-29-45_engine_failure_with_emr_traj-mavros-global_position-global.csv,/content/gdrive/MyDrive/datasets/ALFA/processed_csv/processed/carbonZ_2018-07-30-16-29-45_engine_failure_with_emr_traj/carbonZ_2018-07-30-16-29-45_engine_failure_with_emr_traj-mavros-global_position-global.csv,97811,0.093,2026-01-29T01:53:51,carbonZ_2018-07-30-16-29-45_engine_failure_with_emr_traj-mavros-global_position-global.csv,carbonZ_2018-07-30-16-29-45_engine_failure_with_emr_traj
carbonZ_2018-07-30-16-29-45_engine_failure_with_emr_traj/carbonZ_2018-07-30-16-29-45_engine_failure_with_emr_traj-mavros-global_position-local.csv,/content/gdrive/MyDrive/datasets/ALFA/processed_csv/processed/carbonZ_2018-07-30-16-29-45_engine_failure_with_emr_traj/carbonZ_2018-07-30-16-29-45_engine_failure_with_emr_traj-mavros-global_position-local.csv,308327,0.294,2026-01-29T01:53:51,carbonZ_2018-07-30-16-29-45_engine_failure_with_emr_traj-mavros-global_position-local.csv,carbonZ_2018-07-30-16-29-45_engine_failure_with_emr_traj
carbonZ_2018-07-30-16-29-45_engine_failure_with_emr_traj/carbonZ_2018-07-30-16-29-45_engine_failure_with_emr_traj-mavros-global_position-raw-fix.csv,/content/gdrive/MyDrive/datasets/ALFA/processed_csv/processed/carbonZ_2018-07-30-16-29-45_engine_failure_with_emr_traj/carbonZ_2018-07-30-16-29-45_engine_failure_with_emr_traj-mavros-global_position-raw-fix.csv,118330,0.113,2026-01-29T01:53:51,carbonZ_2018-07-30-16-29-45_engine_failure_with_emr_traj-mavros-global_position-raw-fix.csv,carbonZ_2018-07-30-16-29-45_engine_failure_with_emr_traj
carbonZ_2018-07-30-16-29-45_engine_failure_with_emr_traj/carbonZ_2018-07-30-16-29-45_engine_failure_with_emr_traj-mavros-global_position-raw-gps_vel.csv,/content/gdrive/MyDrive/datasets/ALFA/processed_csv/processed/carbonZ_2018-07-30-16-29-45_engine_failure_with_emr_traj/carbonZ_2018-07-30-16-29-45_engine_failure_with_emr_traj-mavros-global_position-raw-gps_vel.csv,67270,0.064,2026-01-29T01:53:51,carbonZ_2018-07-30-16-29-45_engine_failure_with_emr_traj-mavros-global_position-raw-gps_vel.csv,carbonZ_2018-07-30-16-29-45_engine_failure_with_emr_traj
carbonZ_2018-07-30-16-29-45_engine_failure_with_emr_traj/carbonZ_2018-07-30-16-29-45_engine_failure_with_emr_traj-mavros-global_position-rel_alt.csv,/content/gdrive/MyDrive/datasets/ALFA/processed_csv/processed/carbonZ_2018-07-30-16-29-45_engine_failure_with_emr_traj/carbonZ_2018-07-30-16-29-45_engine_failure_with_emr_traj-mavros-global_position-rel_alt.csv,15820,0.015,2026-01-29T01:53:51,carbonZ_2018-07-30-16-29-45_engine_failure_with_emr_traj-mavros-global_position-rel_alt.csv,carbonZ_2018-07-30-16-29-45_engine_failure_with_emr_traj
carbonZ_2018-07-30-16-29-45_engine_failure_with_emr_traj/carbonZ_2018-07-30-16-29-45_engine_failure_with_emr_traj-mavros-imu-atm_pressure.csv,/content/gdrive/MyDrive/datasets/ALFA/processed_csv/processed/carbonZ_2018-07-30-16-29-45_engine_failure_with_emr_traj/carbonZ_2018-07-30-16-29-45_engine_failure_with_emr_traj-mavros-imu-atm_pressure.csv,103714,0.099,2026-01-29T01:53:51,carbonZ_2018-07-30-16-29-45_engine_failure_with_emr_traj-mavros-imu-atm_pressure.csv,carbonZ_2018-07-30-16-29-45_engine_failure_with_emr_traj
carbonZ_2018-07-30-16-29-45_engine_failure_with_emr_traj/carbonZ_2018-07-30-16-29-45_engine_failure_with_emr_traj-mavros-imu-data.csv,/content/gdrive/MyDrive/datasets/ALFA/processed_csv/processed/carbonZ_2018-07-30-16-29-45_engine_failure_with_emr_traj/carbonZ_2018-07-30-16-29-45_engine_failure_with_emr_traj-mavros-imu-data.csv,129165,0.123,2026-01-29T01:53:51,carbonZ_2018-07-30-16-29-45_engine_failure_with_emr_traj-mavros-imu-data.csv,carbonZ_2018-07-30-16-29-45_engine_failure_with_emr_traj
carbonZ_2018-07-30-16-29-45_engine_failure_with_emr_traj/carbonZ_2018-07-30-16-29-45_engine_failure_with_emr_traj-mavros-imu-data_raw.csv,/content/gdrive/MyDrive/datasets/ALFA/processed_csv/processed/carbonZ_2018-07-30-16-29-45_engine_failure_with_emr_traj/carbonZ_2018-07-30-16-29-45_engine_failure_with_emr_traj-mavros-imu-data_raw.csv,399178,0.381,2026-01-29T01:53:51,carbonZ_2018-07-30-16-29-45_engine_failure_with_emr_traj-mavros-imu-data_raw.csv,carbonZ_2018-07-30-16-29-45_engine_failure_with_emr_traj
carbonZ_2018-07-30-16-29-45_engine_failure_with_emr_traj/carbonZ_2018-07-30-16-29-45_engine_failure_with_emr_traj-mavros-imu-mag.csv,/content/gdrive/MyDrive/datasets/ALFA/processed_csv/processed/carbonZ_2018-07-30-16-29-45_engine_failure_with_emr_traj/carbonZ_2018-07-30-16-29-45_engine_failure_with_emr_traj-mavros-imu-mag.csv,172080,0.164,2026-01-29T01:53:51,carbonZ_2018-07-30-16-29-45_engine_failure_with_emr_traj-mavros-imu-mag.csv,carbonZ_2018-07-30-16-29-45_engine_failure_with_emr_traj
carbonZ_2018-07-30-16-29-45_engine_failure_with_emr_traj/carbonZ_2018-07-30-16-29-45_engine_failure_with_emr_traj-mavros-imu-temperature.csv,/content/gdrive/MyDrive/datasets/ALFA/processed_csv/processed/carbonZ_2018-07-30-16-29-45_engine_failure_with_emr_traj/carbonZ_2018-07-30-16-29-45_engine_failure_with_emr_traj-mavros-imu-temperature.csv,92400,0.088,2026-01-29T01:53:51,carbonZ_2018-07-30-16-29-45_engine_failure_with_emr_traj-mavros-imu-temperature.csv,carbonZ_2018-07-30-16-29-45_engine_failure_with_emr_traj
carbonZ_2018-07-30-16-29-45_engine_failure_with_emr_traj/carbonZ_2018-07-30-16-29-45_engine_failure_with_emr_traj-mavros-local_position-odom.csv,/content/gdrive/MyDrive/datasets/ALFA/processed_csv/processed/carbonZ_2018-07-30-16-29-45_engine_failure_with_emr_traj/carbonZ_2018-07-30-16-29-45_engine_failure_with_emr_traj-mavros-local_position-odom.csv,340750,0.325,2026-01-29T01:53:51,carbonZ_2018-07-30-16-29-45_engine_failure_with_emr_traj-mavros-local_position-odom.csv,carbonZ_2018-07-30-16-29-45_engine_failure_with_emr_traj
carbonZ_2018-07-30-16-29-45_engine_failure_with_emr_traj/carbonZ_2018-07-30-16-29-45_engine_failure_with_emr_traj-mavros-local_position-pose.csv,/content/gdrive/MyDrive/datasets/ALFA/processed_csv/processed/carbonZ_2018-07-30-16-29-45_engine_failure_with_emr_traj/carbonZ_2018-07-30-16-29-45_engine_failure_with_emr_traj-mavros-local_position-pose.csv,91656,0.087,2026-01-29T01:53:51,carbonZ_2018-07-30-16-29-45_engine_failure_with_emr_traj-mavros-local_position-pose.csv,carbonZ_2018-07-30-16-29-45_engine_failure_with_emr_traj
carbonZ_2018-07-30-16-29-45_engine_failure_with_emr_traj/carbonZ_2018-07-30-16-29-45_engine_failure_with_emr_traj-mavros-local_position-velocity.csv,/content/gdrive/MyDrive/datasets/ALFA/processed_csv/processed/carbonZ_2018-07-30-16-29-45_engine_failure_with_emr_traj/carbonZ_2018-07-30-16-29-45_engine_failure_with_emr_traj-mavros-local_position-velocity.csv,83602,0.08,2026-01-29T01:53:51,carbonZ_2018-07-30-16-29-45_engine_failure_with_emr_traj-mavros-local_position-velocity.csv,carbonZ_2018-07-30-16-29-45_engine_failure_with_emr_traj
carbonZ_2018-07-30-16-29-45_engine_failure_with_emr_traj/carbonZ_2018-07-30-16-29-45_engine_failure_with_emr_traj-mavros-nav_info-airspeed.csv,/content/gdrive/MyDrive/datasets/ALFA/processed_csv/processed/carbonZ_2018-07-30-16-29-45_engine_failure_with_emr_traj/carbonZ_2018-07-30-16-29-45_engine_failure_with_emr_traj-mavros-nav_info-airspeed.csv,177781,0.17,2026-01-29T01:53:51,carbonZ_2018-07-30-16-29-45_engine_failure_with_emr_traj-mavros-nav_info-airspeed.csv,carbonZ_2018-07-30-16-29-45_engine_failure_with_emr_traj
carbonZ_2018-07-30-16-29-45_engine_failure_with_emr_traj/carbonZ_2018-07-30-16-29-45_engine_failure_with_emr_traj-mavros-nav_info-errors.csv,/content/gdrive/MyDrive/datasets/ALFA/processed_csv/processed/carbonZ_2018-07-30-16-29-45_engine_failure_with_emr_traj/carbonZ_2018-07-30-16-29-45_engine_failure_with_emr_traj-mavros-nav_info-errors.csv,254211,0.242,2026-01-29T01:53:51,carbonZ_2018-07-30-16-29-45_engine_failure_with_emr_traj-mavros-nav_info-errors.csv,carbonZ_2018-07-30-16-29-45_engine_failure_with_emr_traj
carbonZ_2018-07-30-16-29-45_engine_failure_with_emr_traj/carbonZ_2018-07-30-16-29-45_engine_failure_with_emr_traj-mavros-nav_info-pitch.csv,/content/gdrive/MyDrive/datasets/ALFA/processed_csv/processed/carbonZ_2018-07-30-16-29-45_engine_failure_with_emr_traj/carbonZ_2018-07-30-16-29-45_engine_failure_with_emr_traj-mavros-nav_info-pitch.csv,205930,0.196,2026-01-29T01:53:52,carbonZ_2018-07-30-16-29-45_engine_failure_with_emr_traj-mavros-nav_info-pitch.csv,carbonZ_2018-07-30-16-29-45_engine_failure_with_emr_traj
carbonZ_2018-07-30-16-29-45_engine_failure_with_emr_traj/carbonZ_2018-07-30-16-29-45_engine_failure_with_emr_traj-mavros-nav_info-roll.csv,/content/gdrive/MyDrive/datasets/ALFA/processed_csv/processed/carbonZ_2018-07-30-16-29-45_engine_failure_with_emr_traj/carbonZ_2018-07-30-16-29-45_engine_failure_with_emr_traj-mavros-nav_info-roll.csv,205020,0.196,2026-01-29T01:53:52,carbonZ_2018-07-30-16-29-45_engine_failure_with_emr_traj-mavros-nav_info-roll.csv,carbonZ_2018-07-30-16-29-45_engine_failure_with_emr_traj
carbonZ_2018-07-30-16-29-45_engine_failure_with_emr_traj/carbonZ_2018-07-30-16-29-45_engine_failure_with_emr_traj-mavros-nav_info-velocity.csv,/content/gdrive/MyDrive/datasets/ALFA/processed_csv/processed/carbonZ_2018-07-30-16-29-45_engine_failure_with_emr_traj/carbonZ_2018-07-30-16-29-45_engine_failure_with_emr_traj-mavros-nav_info-velocity.csv,360596,0.344,2026-01-29T01:53:52,carbonZ_2018-07-30-16-29-45_engine_failure_with_emr_traj-mavros-nav_info-velocity.csv,carbonZ_2018-07-30-16-29-45_engine_failure_with_emr_traj
carbonZ_2018-07-30-16-29-45_engine_failure_with_emr_traj/carbonZ_2018-07-30-16-29-45_engine_failure_with_emr_traj-mavros-nav_info-yaw.csv,/content/gdrive/MyDrive/datasets/ALFA/processed_csv/processed/carbonZ_2018-07-30-16-29-45_engine_failure_with_emr_traj/carbonZ_2018-07-30-16-29-45_engine_failure_with_emr_traj-mavros-nav_info-yaw.csv,183544,0.175,2026-01-29T01:53:52,carbonZ_2018-07-30-16-29-45_engine_failure_with_emr_traj-mavros-nav_info-yaw.csv,carbonZ_2018-07-30-16-29-45_engine_failure_with_emr_traj
carbonZ_2018-07-30-16-29-45_engine_failure_with_emr_traj/carbonZ_2018-07-30-16-29-45_engine_failure_with_emr_traj-mavros-rc-in.csv,/content/gdrive/MyDrive/datasets/ALFA/processed_csv/processed/carbonZ_2018-07-30-16-29-45_engine_failure_with_emr_traj/carbonZ_2018-07-30-16-29-45_engine_failure_with_emr_traj-mavros-rc-in.csv,54312,0.052,2026-01-29T01:53:52,carbonZ_2018-07-30-16-29-45_engine_failure_with_emr_traj-mavros-rc-in.csv,carbonZ_2018-07-30-16-29-45_engine_failure_with_emr_traj
carbonZ_2018-07-30-16-29-45_engine_failure_with_emr_traj/carbonZ_2018-07-30-16-29-45_engine_failure_with_emr_traj-mavros-rc-out.csv,/content/gdrive/MyDrive/datasets/ALFA/processed_csv/processed/carbonZ_2018-07-30-16-29-45_engine_failure_with_emr_traj/carbonZ_2018-07-30-16-29-45_engine_failure_with_emr_traj-mavros-rc-out.csv,36317,0.035,2026-01-29T01:53:52,carbonZ_2018-07-30-16-29-45_engine_failure_with_emr_traj-mavros-rc-out.csv,carbonZ_2018-07-30-16-29-45_engine_failure_with_emr_traj
carbonZ_2018-07-30-16-29-45_engine_failure_with_emr_traj/carbonZ_2018-07-30-16-29-45_engine_failure_with_emr_traj-mavros-setpoint_raw-local.csv,/content/gdrive/MyDrive/datasets/ALFA/processed_csv/processed/carbonZ_2018-07-30-16-29-45_engine_failure_with_emr_traj/carbonZ_2018-07-30-16-29-45_engine_failure_with_emr_traj-mavros-setpoint_raw-local.csv,881816,0.841,2026-01-29T01:53:52,carbonZ_2018-07-30-16-29-45_engine_failure_with_emr_traj-mavros-setpoint_raw-local.csv,carbonZ_2018-07-30-16-29-45_engine_failure_with_emr_traj
carbonZ_2018-07-30-16-29-45_engine_failure_with_emr_traj/carbonZ_2018-07-30-16-29-45_engine_failure_with_emr_traj-mavros-setpoint_raw-target_global.csv,/content/gdrive/MyDrive/datasets/ALFA/processed_csv/processed/carbonZ_2018-07-30-16-29-45_engine_failure_with_emr_traj/carbonZ_2018-07-30-16-29-45_engine_failure_with_emr_traj-mavros-setpoint_raw-target_global.csv,521412,0.497,2026-01-29T01:53:52,carbonZ_2018-07-30-16-29-45_engine_failure_with_emr_traj-mavros-setpoint_raw-target_global.csv,carbonZ_2018-07-30-16-29-45_engine_failure_with_emr_traj
carbonZ_2018-07-30-16-29-45_engine_failure_with_emr_traj/carbonZ_2018-07-30-16-29-45_engine_failure_with_emr_traj-mavros-state.csv,/content/gdrive/MyDrive/datasets/ALFA/processed_csv/processed/carbonZ_2018-07-30-16-29-45_engine_failure_with_emr_traj/carbonZ_2018-07-30-16-29-45_engine_failure_with_emr_traj-mavros-state.csv,8656,0.008,2026-01-29T01:53:52,carbonZ_2018-07-30-16-29-45_engine_failure_with_emr_traj-mavros-state.csv,carbonZ_2018-07-30-16-29-45_engine_failure_with_emr_traj
carbonZ_2018-07-30-16-29-45_engine_failure_with_emr_traj/carbonZ_2018-07-30-16-29-45_engine_failure_with_emr_traj-mavros-time_reference.csv,/content/gdrive/MyDrive/datasets/ALFA/processed_csv/processed/carbonZ_2018-07-30-16-29-45_engine_failure_with_emr_traj/carbonZ_2018-07-30-16-29-45_engine_failure_with_emr_traj-mavros-time_reference.csv,20643,0.02,2026-01-29T01:53:52,carbonZ_2018-07-30-16-29-45_engine_failure_with_emr_traj-mavros-time_reference.csv,carbonZ_2018-07-30-16-29-45_engine_failure_with_emr_traj
carbonZ_2018-07-30-16-29-45_engine_failure_with_emr_traj/carbonZ_2018-07-30-16-29-45_engine_failure_with_emr_traj-mavros-vfr_hud.csv,/content/gdrive/MyDrive/datasets/ALFA/processed_csv/processed/carbonZ_2018-07-30-16-29-45_engine_failure_with_emr_traj/carbonZ_2018-07-30-16-29-45_engine_failure_with_emr_traj-mavros-vfr_hud.csv,43053,0.041,2026-01-29T01:53:52,carbonZ_2018-07-30-16-29-45_engine_failure_with_emr_traj-mavros-vfr_hud.csv,carbonZ_2018-07-30-16-29-45_engine_failure_with_emr_traj
carbonZ_2018-07-30-16-29-45_engine_failure_with_emr_traj/carbonZ_2018-07-30-16-29-45_engine_failure_with_emr_traj-mavros-wind_estimation.csv,/content/gdrive/MyDrive/datasets/ALFA/processed_csv/processed/carbonZ_2018-07-30-16-29-45_engine_failure_with_emr_traj/carbonZ_2018-07-30-16-29-45_engine_failure_with_emr_traj-mavros-wind_estimation.csv,27455,0.026,2026-01-29T01:53:52,carbonZ_2018-07-30-16-29-45_engine_failure_with_emr_traj-mavros-wind_estimation.csv,carbonZ_2018-07-30-16-29-45_engine_failure_with_emr_traj
carbonZ_2018-07-30-16-39-00_1_engine_failure/carbonZ_2018-07-30-16-39-00_1_engine_failure-diagnostics.csv,/content/gdrive/MyDrive/datasets/ALFA/processed_csv/processed/carbonZ_2018-07-30-16-39-00_1_engine_failure/carbonZ_2018-07-30-16-39-00_1_engine_failure-diagnostics.csv,138827,0.132,2026-01-29T01:53:52,carbonZ_2018-07-30-16-39-00_1_engine_failure-diagnostics.csv,carbonZ_2018-07-30-16-39-00_1_engine_failure
carbonZ_2018-07-30-16-39-00_1_engine_failure/carbonZ_2018-07-30-16-39-00_1_engine_failure-failure_status-engines.csv,/content/gdrive/MyDrive/datasets/ALFA/processed_csv/processed/carbonZ_2018-07-30-16-39-00_1_engine_failure/carbonZ_2018-07-30-16-39-00_1_engine_failure-failure_status-engines.csv,1667,0.002,2026-01-29T01:53:52,carbonZ_2018-07-30-16-39-00_1_engine_failure-failure_status-engines.csv,carbonZ_2018-07-30-16-39-00_1_engine_failure
carbonZ_2018-07-30-16-39-00_1_engine_failure/carbonZ_2018-07-30-16-39-00_1_engine_failure-mavctrl-path_dev.csv,/content/gdrive/MyDrive/datasets/ALFA/processed_csv/processed/carbonZ_2018-07-30-16-39-00_1_engine_failure/carbonZ_2018-07-30-16-39-00_1_engine_failure-mavctrl-path_dev.csv,347537,0.331,2026-01-29T01:53:52,carbonZ_2018-07-30-16-39-00_1_engine_failure-mavctrl-path_dev.csv,carbonZ_2018-07-30-16-39-00_1_engine_failure
carbonZ_2018-07-30-16-39-00_1_engine_failure/carbonZ_2018-07-30-16-39-00_1_engine_failure-mavctrl-rpy.csv,/content/gdrive/MyDrive/datasets/ALFA/processed_csv/processed/carbonZ_2018-07-30-16-39-00_1_engine_failure/carbonZ_2018-07-30-16-39-00_1_engine_failure-mavctrl-rpy.csv,441023,0.421,2026-01-29T01:53:52,carbonZ_2018-07-30-16-39-00_1_engine_failure-mavctrl-rpy.csv,carbonZ_2018-07-30-16-39-00_1_engine_failure
carbonZ_2018-07-30-16-39-00_1_engine_failure/carbonZ_2018-07-30-16-39-00_1_engine_failure-mavlink-from.csv,/content/gdrive/MyDrive/datasets/ALFA/processed_csv/processed/carbonZ_2018-07-30-16-39-00_1_engine_failure/carbonZ_2018-07-30-16-39-00_1_engine_failure-mavlink-from.csv,3511095,3.348,2026-01-29T01:53:52,carbonZ_2018-07-30-16-39-00_1_engine_failure-mavlink-from.csv,carbonZ_2018-07-30-16-39-00_1_engine_failure
carbonZ_2018-07-30-16-39-00_1_engine_failure/carbonZ_2018-07-30-16-39-00_1_engine_failure-mavros-battery.csv,/content/gdrive/MyDrive/datasets/ALFA/processed_csv/processed/carbonZ_2018-07-30-16-39-00_1_engine_failure/carbonZ_2018-07-30-16-39-00_1_engine_failure-mavros-battery.csv,290594,0.277,2026-01-29T01:53:52,carbonZ_2018-07-30-16-39-00_1_engine_failure-mavros-battery.csv,carbonZ_2018-07-30-16-39-00_1_engine_failure
carbonZ_2018-07-30-16-39-00_1_engine_failure/carbonZ_2018-07-30-16-39-00_1_engine_failure-mavros-global_position-compass_hdg.csv,/content/gdrive/MyDrive/datasets/ALFA/processed_csv/processed/carbonZ_2018-07-30-16-39-00_1_engine_failure/carbonZ_2018-07-30-16-39-00_1_engine_failure-mavros-global_position-compass_hdg.csv,14487,0.014,2026-01-29T01:53:52,carbonZ_2018-07-30-16-39-00_1_engine_failure-mavros-global_position-compass_hdg.csv,carbonZ_2018-07-30-16-39-00_1_engine_failure
carbonZ_2018-07-30-16-39-00_1_engine_failure/carbonZ_2018-07-30-16-39-00_1_engine_failure-mavros-global_position-global.csv,/content/gdrive/MyDrive/datasets/ALFA/processed_csv/processed/carbonZ_2018-07-30-16-39-00_1_engine_failure/carbonZ_2018-07-30-16-39-00_1_engine_failure-mavros-global_position-global.csv,90016,0.086,2026-01-29T01:53:52,carbonZ_2018-07-30-16-39-00_1_engine_failure-mavros-global_position-global.csv,carbonZ_2018-07-30-16-39-00_1_engine_failure
carbonZ_2018-07-30-16-39-00_1_engine_failure/carbonZ_2018-07-30-16-39-00_1_engine_failure-mavros-global_position-local.csv,/content/gdrive/MyDrive/datasets/ALFA/processed_csv/processed/carbonZ_2018-07-30-16-39-00_1_engine_failure/carbonZ_2018-07-30-16-39-00_1_engine_failure-mavros-global_position-local.csv,283595,0.27,2026-01-29T01:53:52,carbonZ_2018-07-30-16-39-00_1_engine_failure-mavros-global_position-local.csv,carbonZ_2018-07-30-16-39-00_1_engine_failure
carbonZ_2018-07-30-16-39-00_1_engine_failure/carbonZ_2018-07-30-16-39-00_1_engine_failure-mavros-global_position-raw-fix.csv,/content/gdrive/MyDrive/datasets/ALFA/processed_csv/processed/carbonZ_2018-07-30-16-39-00_1_engine_failure/carbonZ_2018-07-30-16-39-00_1_engine_failure-mavros-global_position-raw-fix.csv,109371,0.104,2026-01-29T01:53:52,carbonZ_2018-07-30-16-39-00_1_engine_failure-mavros-global_position-raw-fix.csv,carbonZ_2018-07-30-16-39-00_1_engine_failure
carbonZ_2018-07-30-16-39-00_1_engine_failure/carbonZ_2018-07-30-16-39-00_1_engine_failure-mavros-global_position-raw-gps_vel.csv,/content/gdrive/MyDrive/datasets/ALFA/processed_csv/processed/carbonZ_2018-07-30-16-39-00_1_engine_failure/carbonZ_2018-07-30-16-39-00_1_engine_failure-mavros-global_position-raw-gps_vel.csv,62207,0.059,2026-01-29T01:53:52,carbonZ_2018-07-30-16-39-00_1_engine_failure-mavros-global_position-raw-gps_vel.csv,carbonZ_2018-07-30-16-39-00_1_engine_failure
carbonZ_2018-07-30-16-39-00_1_engine_failure/carbonZ_2018-07-30-16-39-00_1_engine_failure-mavros-global_position-rel_alt.csv,/content/gdrive/MyDrive/datasets/ALFA/processed_csv/processed/carbonZ_2018-07-30-16-39-00_1_engine_failure/carbonZ_2018-07-30-16-39-00_1_engine_failure-mavros-global_position-rel_alt.csv,14561,0.014,2026-01-29T01:53:52,carbonZ_2018-07-30-16-39-00_1_engine_failure-mavros-global_position-rel_alt.csv,carbonZ_2018-07-30-16-39-00_1_engine_failure
carbonZ_2018-07-30-16-39-00_1_engine_failure/carbonZ_2018-07-30-16-39-00_1_engine_failure-mavros-imu-atm_pressure.csv,/content/gdrive/MyDrive/datasets/ALFA/processed_csv/processed/carbonZ_2018-07-30-16-39-00_1_engine_failure/carbonZ_2018-07-30-16-39-00_1_engine_failure-mavros-imu-atm_pressure.csv,97307,0.093,2026-01-29T01:53:52,carbonZ_2018-07-30-16-39-00_1_engine_failure-mavros-imu-atm_pressure.csv,carbonZ_2018-07-30-16-39-00_1_engine_failure
carbonZ_2018-07-30-16-39-00_1_engine_failure/carbonZ_2018-07-30-16-39-00_1_engine_failure-mavros-imu-data.csv,/content/gdrive/MyDrive/datasets/ALFA/processed_csv/processed/carbonZ_2018-07-30-16-39-00_1_engine_failure/carbonZ_2018-07-30-16-39-00_1_engine_failure-mavros-imu-data.csv,119165,0.114,2026-01-29T01:53:52,carbonZ_2018-07-30-16-39-00_1_engine_failure-mavros-imu-data.csv,carbonZ_2018-07-30-16-39-00_1_engine_failure
carbonZ_2018-07-30-16-39-00_1_engine_failure/carbonZ_2018-07-30-16-39-00_1_engine_failure-mavros-imu-data_raw.csv,/content/gdrive/MyDrive/datasets/ALFA/processed_csv/processed/carbonZ_2018-07-30-16-39-00_1_engine_failure/carbonZ_2018-07-30-16-39-00_1_engine_failure-mavros-imu-data_raw.csv,370773,0.354,2026-01-29T01:53:52,carbonZ_2018-07-30-16-39-00_1_engine_failure-mavros-imu-data_raw.csv,carbonZ_2018-07-30-16-39-00_1_engine_failure
carbonZ_2018-07-30-16-39-00_1_engine_failure/carbonZ_2018-07-30-16-39-00_1_engine_failure-mavros-imu-mag.csv,/content/gdrive/MyDrive/datasets/ALFA/processed_csv/processed/carbonZ_2018-07-30-16-39-00_1_engine_failure/carbonZ_2018-07-30-16-39-00_1_engine_failure-mavros-imu-mag.csv,160825,0.153,2026-01-29T01:53:52,carbonZ_2018-07-30-16-39-00_1_engine_failure-mavros-imu-mag.csv,carbonZ_2018-07-30-16-39-00_1_engine_failure
carbonZ_2018-07-30-16-39-00_1_engine_failure/carbonZ_2018-07-30-16-39-00_1_engine_failure-mavros-imu-temperature.csv,/content/gdrive/MyDrive/datasets/ALFA/processed_csv/processed/carbonZ_2018-07-30-16-39-00_1_engine_failure/carbonZ_2018-07-30-16-39-00_1_engine_failure-mavros-imu-temperature.csv,86822,0.083,2026-01-29T01:53:52,carbonZ_2018-07-30-16-39-00_1_engine_failure-mavros-imu-temperature.csv,carbonZ_2018-07-30-16-39-00_1_engine_failure
carbonZ_2018-07-30-16-39-00_1_engine_failure/carbonZ_2018-07-30-16-39-00_1_engine_failure-mavros-local_position-odom.csv,/content/gdrive/MyDrive/datasets/ALFA/processed_csv/processed/carbonZ_2018-07-30-16-39-00_1_engine_failure/carbonZ_2018-07-30-16-39-00_1_engine_failure-mavros-local_position-odom.csv,313291,0.299,2026-01-29T01:53:52,carbonZ_2018-07-30-16-39-00_1_engine_failure-mavros-local_position-odom.csv,carbonZ_2018-07-30-16-39-00_1_engine_failure
carbonZ_2018-07-30-16-39-00_1_engine_failure/carbonZ_2018-07-30-16-39-00_1_engine_failure-mavros-local_position-pose.csv,/content/gdrive/MyDrive/datasets/ALFA/processed_csv/processed/carbonZ_2018-07-30-16-39-00_1_engine_failure/carbonZ_2018-07-30-16-39-00_1_engine_failure-mavros-local_position-pose.csv,84119,0.08,2026-01-29T01:53:52,carbonZ_2018-07-30-16-39-00_1_engine_failure-mavros-local_position-pose.csv,carbonZ_2018-07-30-16-39-00_1_engine_failure
carbonZ_2018-07-30-16-39-00_1_engine_failure/carbonZ_2018-07-30-16-39-00_1_engine_failure-mavros-local_position-velocity.csv,/content/gdrive/MyDrive/datasets/ALFA/processed_csv/processed/carbonZ_2018-07-30-16-39-00_1_engine_failure/carbonZ_2018-07-30-16-39-00_1_engine_failure-mavros-local_position-velocity.csv,76890,0.073,2026-01-29T01:53:52,carbonZ_2018-07-30-16-39-00_1_engine_failure-mavros-local_position-velocity.csv,carbonZ_2018-07-30-16-39-00_1_engine_failure
carbonZ_2018-07-30-16-39-00_1_engine_failure/carbonZ_2018-07-30-16-39-00_1_engine_failure-mavros-nav_info-airspeed.csv,/content/gdrive/MyDrive/datasets/ALFA/processed_csv/processed/carbonZ_2018-07-30-16-39-00_1_engine_failure/carbonZ_2018-07-30-16-39-00_1_engine_failure-mavros-nav_info-airspeed.csv,169422,0.162,2026-01-29T01:53:52,carbonZ_2018-07-30-16-39-00_1_engine_failure-mavros-nav_info-airspeed.csv,carbonZ_2018-07-30-16-39-00_1_engine_failure
carbonZ_2018-07-30-16-39-00_1_engine_failure/carbonZ_2018-07-30-16-39-00_1_engine_failure-mavros-nav_info-errors.csv,/content/gdrive/MyDrive/datasets/ALFA/processed_csv/processed/carbonZ_2018-07-30-16-39-00_1_engine_failure/carbonZ_2018-07-30-16-39-00_1_engine_failure-mavros-nav_info-errors.csv,241349,0.23,2026-01-29T01:53:52,carbonZ_2018-07-30-16-39-00_1_engine_failure-mavros-nav_info-errors.csv,carbonZ_2018-07-30-16-39-00_1_engine_failure
carbonZ_2018-07-30-16-39-00_1_engine_failure/carbonZ_2018-07-30-16-39-00_1_engine_failure-mavros-nav_info-pitch.csv,/content/gdrive/MyDrive/datasets/ALFA/processed_csv/processed/carbonZ_2018-07-30-16-39-00_1_engine_failure/carbonZ_2018-07-30-16-39-00_1_engine_failure-mavros-nav_info-pitch.csv,194975,0.186,2026-01-29T01:53:52,carbonZ_2018-07-30-16-39-00_1_engine_failure-mavros-nav_info-pitch.csv,carbonZ_2018-07-30-16-39-00_1_engine_failure
carbonZ_2018-07-30-16-39-00_1_engine_failure/carbonZ_2018-07-30-16-39-00_1_engine_failure-mavros-nav_info-roll.csv,/content/gdrive/MyDrive/datasets/ALFA/processed_csv/processed/carbonZ_2018-07-30-16-39-00_1_engine_failure/carbonZ_2018-07-30-16-39-00_1_engine_failure-mavros-nav_info-roll.csv,195708,0.187,2026-01-29T01:53:52,carbonZ_2018-07-30-16-39-00_1_engine_failure-mavros-nav_info-roll.csv,carbonZ_2018-07-30-16-39-00_1_engine_failure
carbonZ_2018-07-30-16-39-00_1_engine_failure/carbonZ_2018-07-30-16-39-00_1_engine_failure-mavros-nav_info-velocity.csv,/content/gdrive/MyDrive/datasets/ALFA/processed_csv/processed/carbonZ_2018-07-30-16-39-00_1_engine_failure/carbonZ_2018-07-30-16-39-00_1_engine_failure-mavros-nav_info-velocity.csv,345244,0.329,2026-01-29T01:53:52,carbonZ_2018-07-30-16-39-00_1_engine_failure-mavros-nav_info-velocity.csv,carbonZ_2018-07-30-16-39-00_1_engine_failure
carbonZ_2018-07-30-16-39-00_1_engine_failure/carbonZ_2018-07-30-16-39-00_1_engine_failure-mavros-nav_info-yaw.csv,/content/gdrive/MyDrive/datasets/ALFA/processed_csv/processed/carbonZ_2018-07-30-16-39-00_1_engine_failure/carbonZ_2018-07-30-16-39-00_1_engine_failure-mavros-nav_info-yaw.csv,175439,0.167,2026-01-29T01:53:52,carbonZ_2018-07-30-16-39-00_1_engine_failure-mavros-nav_info-yaw.csv,carbonZ_2018-07-30-16-39-00_1_engine_failure
carbonZ_2018-07-30-16-39-00_1_engine_failure/carbonZ_2018-07-30-16-39-00_1_engine_failure-mavros-rc-in.csv,/content/gdrive/MyDrive/datasets/ALFA/processed_csv/processed/carbonZ_2018-07-30-16-39-00_1_engine_failure/carbonZ_2018-07-30-16-39-00_1_engine_failure-mavros-rc-in.csv,50513,0.048,2026-01-29T01:53:52,carbonZ_2018-07-30-16-39-00_1_engine_failure-mavros-rc-in.csv,carbonZ_2018-07-30-16-39-00_1_engine_failure
carbonZ_2018-07-30-16-39-00_1_engine_failure/carbonZ_2018-07-30-16-39-00_1_engine_failure-mavros-rc-out.csv,/content/gdrive/MyDrive/datasets/ALFA/processed_csv/processed/carbonZ_2018-07-30-16-39-00_1_engine_failure/carbonZ_2018-07-30-16-39-00_1_engine_failure-mavros-rc-out.csv,33904,0.032,2026-01-29T01:53:52,carbonZ_2018-07-30-16-39-00_1_engine_failure-mavros-rc-out.csv,carbonZ_2018-07-30-16-39-00_1_engine_failure
carbonZ_2018-07-30-16-39-00_1_engine_failure/carbonZ_2018-07-30-16-39-00_1_engine_failure-mavros-setpoint_raw-local.csv,/content/gdrive/MyDrive/datasets/ALFA/processed_csv/processed/carbonZ_2018-07-30-16-39-00_1_engine_failure/carbonZ_2018-07-30-16-39-00_1_engine_failure-mavros-setpoint_raw-local.csv,806270,0.769,2026-01-29T01:53:52,carbonZ_2018-07-30-16-39-00_1_engine_failure-mavros-setpoint_raw-local.csv,carbonZ_2018-07-30-16-39-00_1_engine_failure
carbonZ_2018-07-30-16-39-00_1_engine_failure/carbonZ_2018-07-30-16-39-00_1_engine_failure-mavros-setpoint_raw-target_global.csv,/content/gdrive/MyDrive/datasets/ALFA/processed_csv/processed/carbonZ_2018-07-30-16-39-00_1_engine_failure/carbonZ_2018-07-30-16-39-00_1_engine_failure-mavros-setpoint_raw-target_global.csv,497580,0.475,2026-01-29T01:53:52,carbonZ_2018-07-30-16-39-00_1_engine_failure-mavros-setpoint_raw-target_global.csv,carbonZ_2018-07-30-16-39-00_1_engine_failure
carbonZ_2018-07-30-16-39-00_1_engine_failure/carbonZ_2018-07-30-16-39-00_1_engine_failure-mavros-state.csv,/content/gdrive/MyDrive/datasets/ALFA/processed_csv/processed/carbonZ_2018-07-30-16-39-00_1_engine_failure/carbonZ_2018-07-30-16-39-00_1_engine_failure-mavros-state.csv,8127,0.008,2026-01-29T01:53:52,carbonZ_2018-07-30-16-39-00_1_engine_failure-mavros-state.csv,carbonZ_2018-07-30-16-39-00_1_engine_failure
carbonZ_2018-07-30-16-39-00_1_engine_failure/carbonZ_2018-07-30-16-39-00_1_engine_failure-mavros-time_reference.csv,/content/gdrive/MyDrive/datasets/ALFA/processed_csv/processed/carbonZ_2018-07-30-16-39-00_1_engine_failure/carbonZ_2018-07-30-16-39-00_1_engine_failure-mavros-time_reference.csv,19412,0.019,2026-01-29T01:53:52,carbonZ_2018-07-30-16-39-00_1_engine_failure-mavros-time_reference.csv,carbonZ_2018-07-30-16-39-00_1_engine_failure
carbonZ_2018-07-30-16-39-00_1_engine_failure/carbonZ_2018-07-30-16-39-00_1_engine_failure-mavros-vfr_hud.csv,/content/gdrive/MyDrive/datasets/ALFA/processed_csv/processed/carbonZ_2018-07-30-16-39-00_1_engine_failure/carbonZ_2018-07-30-16-39-00_1_engine_failure-mavros-vfr_hud.csv,39621,0.038,2026-01-29T01:53:52,carbonZ_2018-07-30-16-39-00_1_engine_failure-mavros-vfr_hud.csv,carbonZ_2018-07-30-16-39-00_1_engine_failure
carbonZ_2018-07-30-16-39-00_1_engine_failure/carbonZ_2018-07-30-16-39-00_1_engine_failure-mavros-wind_estimation.csv,/content/gdrive/MyDrive/datasets/ALFA/processed_csv/processed/carbonZ_2018-07-30-16-39-00_1_engine_failure/carbonZ_2018-07-30-16-39-00_1_engine_failure-mavros-wind_estimation.csv,25660,0.024,2026-01-29T01:53:52,carbonZ_2018-07-30-16-39-00_1_engine_failure-mavros-wind_estimation.csv,carbonZ_2018-07-30-16-39-00_1_engine_failure
carbonZ_2018-07-30-16-39-00_2_engine_failure/carbonZ_2018-07-30-16-39-00_2_engine_failure-diagnostics.csv,/content/gdrive/MyDrive/datasets/ALFA/processed_csv/processed/carbonZ_2018-07-30-16-39-00_2_engine_failure/carbonZ_2018-07-30-16-39-00_2_engine_failure-diagnostics.csv,109645,0.105,2026-01-29T01:53:53,carbonZ_2018-07-30-16-39-00_2_engine_failure-diagnostics.csv,carbonZ_2018-07-30-16-39-00_2_engine_failure
carbonZ_2018-07-30-16-39-00_2_engine_failure/carbonZ_2018-07-30-16-39-00_2_engine_failure-failure_status-engines.csv,/content/gdrive/MyDrive/datasets/ALFA/processed_csv/processed/carbonZ_2018-07-30-16-39-00_2_engine_failure/carbonZ_2018-07-30-16-39-00_2_engine_failure-failure_status-engines.csv,1645,0.002,2026-01-29T01:53:53,carbonZ_2018-07-30-16-39-00_2_engine_failure-failure_status-engines.csv,carbonZ_2018-07-30-16-39-00_2_engine_failure
carbonZ_2018-07-30-16-39-00_2_engine_failure/carbonZ_2018-07-30-16-39-00_2_engine_failure-mavctrl-path_dev.csv,/content/gdrive/MyDrive/datasets/ALFA/processed_csv/processed/carbonZ_2018-07-30-16-39-00_2_engine_failure/carbonZ_2018-07-30-16-39-00_2_engine_failure-mavctrl-path_dev.csv,280726,0.268,2026-01-29T01:53:52,carbonZ_2018-07-30-16-39-00_2_engine_failure-mavctrl-path_dev.csv,carbonZ_2018-07-30-16-39-00_2_engine_failure
carbonZ_2018-07-30-16-39-00_2_engine_failure/carbonZ_2018-07-30-16-39-00_2_engine_failure-mavctrl-rpy.csv,/content/gdrive/MyDrive/datasets/ALFA/processed_csv/processed/carbonZ_2018-07-30-16-39-00_2_engine_failure/carbonZ_2018-07-30-16-39-00_2_engine_failure-mavctrl-rpy.csv,357956,0.341,2026-01-29T01:53:53,carbonZ_2018-07-30-16-39-00_2_engine_failure-mavctrl-rpy.csv,carbonZ_2018-07-30-16-39-00_2_engine_failure
carbonZ_2018-07-30-16-39-00_2_engine_failure/carbonZ_2018-07-30-16-39-00_2_engine_failure-mavlink-from.csv,/content/gdrive/MyDrive/datasets/ALFA/processed_csv/processed/carbonZ_2018-07-30-16-39-00_2_engine_failure/carbonZ_2018-07-30-16-39-00_2_engine_failure-mavlink-from.csv,2829725,2.699,2026-01-29T01:53:52,carbonZ_2018-07-30-16-39-00_2_engine_failure-mavlink-from.csv,carbonZ_2018-07-30-16-39-00_2_engine_failure
carbonZ_2018-07-30-16-39-00_2_engine_failure/carbonZ_2018-07-30-16-39-00_2_engine_failure-mavros-battery.csv,/content/gdrive/MyDrive/datasets/ALFA/processed_csv/processed/carbonZ_2018-07-30-16-39-00_2_engine_failure/carbonZ_2018-07-30-16-39-00_2_engine_failure-mavros-battery.csv,232922,0.222,2026-01-29T01:53:53,carbonZ_2018-07-30-16-39-00_2_engine_failure-mavros-battery.csv,carbonZ_2018-07-30-16-39-00_2_engine_failure
carbonZ_2018-07-30-16-39-00_2_engine_failure/carbonZ_2018-07-30-16-39-00_2_engine_failure-mavros-global_position-compass_hdg.csv,/content/gdrive/MyDrive/datasets/ALFA/processed_csv/processed/carbonZ_2018-07-30-16-39-00_2_engine_failure/carbonZ_2018-07-30-16-39-00_2_engine_failure-mavros-global_position-compass_hdg.csv,11628,0.011,2026-01-29T01:53:52,carbonZ_2018-07-30-16-39-00_2_engine_failure-mavros-global_position-compass_hdg.csv,carbonZ_2018-07-30-16-39-00_2_engine_failure
carbonZ_2018-07-30-16-39-00_2_engine_failure/carbonZ_2018-07-30-16-39-00_2_engine_failure-mavros-global_position-global.csv,/content/gdrive/MyDrive/datasets/ALFA/processed_csv/processed/carbonZ_2018-07-30-16-39-00_2_engine_failure/carbonZ_2018-07-30-16-39-00_2_engine_failure-mavros-global_position-global.csv,72582,0.069,2026-01-29T01:53:53,carbonZ_2018-07-30-16-39-00_2_engine_failure-mavros-global_position-global.csv,carbonZ_2018-07-30-16-39-00_2_engine_failure
carbonZ_2018-07-30-16-39-00_2_engine_failure/carbonZ_2018-07-30-16-39-00_2_engine_failure-mavros-global_position-local.csv,/content/gdrive/MyDrive/datasets/ALFA/processed_csv/processed/carbonZ_2018-07-30-16-39-00_2_engine_failure/carbonZ_2018-07-30-16-39-00_2_engine_failure-mavros-global_position-local.csv,229432,0.219,2026-01-29T01:53:53,carbonZ_2018-07-30-16-39-00_2_engine_failure-mavros-global_position-local.csv,carbonZ_2018-07-30-16-39-00_2_engine_failure
carbonZ_2018-07-30-16-39-00_2_engine_failure/carbonZ_2018-07-30-16-39-00_2_engine_failure-mavros-global_position-raw-fix.csv,/content/gdrive/MyDrive/datasets/ALFA/processed_csv/processed/carbonZ_2018-07-30-16-39-00_2_engine_failure/carbonZ_2018-07-30-16-39-00_2_engine_failure-mavros-global_position-raw-fix.csv,88074,0.084,2026-01-29T01:53:53,carbonZ_2018-07-30-16-39-00_2_engine_failure-mavros-global_position-raw-fix.csv,carbonZ_2018-07-30-16-39-00_2_engine_failure
carbonZ_2018-07-30-16-39-00_2_engine_failure/carbonZ_2018-07-30-16-39-00_2_engine_failure-mavros-global_position-raw-gps_vel.csv,/content/gdrive/MyDrive/datasets/ALFA/processed_csv/processed/carbonZ_2018-07-30-16-39-00_2_engine_failure/carbonZ_2018-07-30-16-39-00_2_engine_failure-mavros-global_position-raw-gps_vel.csv,50249,0.048,2026-01-29T01:53:53,carbonZ_2018-07-30-16-39-00_2_engine_failure-mavros-global_position-raw-gps_vel.csv,carbonZ_2018-07-30-16-39-00_2_engine_failure
carbonZ_2018-07-30-16-39-00_2_engine_failure/carbonZ_2018-07-30-16-39-00_2_engine_failure-mavros-global_position-rel_alt.csv,/content/gdrive/MyDrive/datasets/ALFA/processed_csv/processed/carbonZ_2018-07-30-16-39-00_2_engine_failure/carbonZ_2018-07-30-16-39-00_2_engine_failure-mavros-global_position-rel_alt.csv,11774,0.011,2026-01-29T01:53:53,carbonZ_2018-07-30-16-39-00_2_engine_failure-mavros-global_position-rel_alt.csv,carbonZ_2018-07-30-16-39-00_2_engine_failure
carbonZ_2018-07-30-16-39-00_2_engine_failure/carbonZ_2018-07-30-16-39-00_2_engine_failure-mavros-imu-atm_pressure.csv,/content/gdrive/MyDrive/datasets/ALFA/processed_csv/processed/carbonZ_2018-07-30-16-39-00_2_engine_failure/carbonZ_2018-07-30-16-39-00_2_engine_failure-mavros-imu-atm_pressure.csv,78672,0.075,2026-01-29T01:53:53,carbonZ_2018-07-30-16-39-00_2_engine_failure-mavros-imu-atm_pressure.csv,carbonZ_2018-07-30-16-39-00_2_engine_failure
carbonZ_2018-07-30-16-39-00_2_engine_failure/carbonZ_2018-07-30-16-39-00_2_engine_failure-mavros-imu-data.csv,/content/gdrive/MyDrive/datasets/ALFA/processed_csv/processed/carbonZ_2018-07-30-16-39-00_2_engine_failure/carbonZ_2018-07-30-16-39-00_2_engine_failure-mavros-imu-data.csv,98002,0.093,2026-01-29T01:53:53,carbonZ_2018-07-30-16-39-00_2_engine_failure-mavros-imu-data.csv,carbonZ_2018-07-30-16-39-00_2_engine_failure
carbonZ_2018-07-30-16-39-00_2_engine_failure/carbonZ_2018-07-30-16-39-00_2_engine_failure-mavros-imu-data_raw.csv,/content/gdrive/MyDrive/datasets/ALFA/processed_csv/processed/carbonZ_2018-07-30-16-39-00_2_engine_failure/carbonZ_2018-07-30-16-39-00_2_engine_failure-mavros-imu-data_raw.csv,299622,0.286,2026-01-29T01:53:53,carbonZ_2018-07-30-16-39-00_2_engine_failure-mavros-imu-data_raw.csv,carbonZ_2018-07-30-16-39-00_2_engine_failure
carbonZ_2018-07-30-16-39-00_2_engine_failure/carbonZ_2018-07-30-16-39-00_2_engine_failure-mavros-imu-mag.csv,/content/gdrive/MyDrive/datasets/ALFA/processed_csv/processed/carbonZ_2018-07-30-16-39-00_2_engine_failure/carbonZ_2018-07-30-16-39-00_2_engine_failure-mavros-imu-mag.csv,129857,0.124,2026-01-29T01:53:53,carbonZ_2018-07-30-16-39-00_2_engine_failure-mavros-imu-mag.csv,carbonZ_2018-07-30-16-39-00_2_engine_failure
carbonZ_2018-07-30-16-39-00_2_engine_failure/carbonZ_2018-07-30-16-39-00_2_engine_failure-mavros-imu-temperature.csv,/content/gdrive/MyDrive/datasets/ALFA/processed_csv/processed/carbonZ_2018-07-30-16-39-00_2_engine_failure/carbonZ_2018-07-30-16-39-00_2_engine_failure-mavros-imu-temperature.csv,70126,0.067,2026-01-29T01:53:53,carbonZ_2018-07-30-16-39-00_2_engine_failure-mavros-imu-temperature.csv,carbonZ_2018-07-30-16-39-00_2_engine_failure
carbonZ_2018-07-30-16-39-00_2_engine_failure/carbonZ_2018-07-30-16-39-00_2_engine_failure-mavros-local_position-odom.csv,/content/gdrive/MyDrive/datasets/ALFA/processed_csv/processed/carbonZ_2018-07-30-16-39-00_2_engine_failure/carbonZ_2018-07-30-16-39-00_2_engine_failure-mavros-local_position-odom.csv,253883,0.242,2026-01-29T01:53:53,carbonZ_2018-07-30-16-39-00_2_engine_failure-mavros-local_position-odom.csv,carbonZ_2018-07-30-16-39-00_2_engine_failure
carbonZ_2018-07-30-16-39-00_2_engine_failure/carbonZ_2018-07-30-16-39-00_2_engine_failure-mavros-local_position-pose.csv,/content/gdrive/MyDrive/datasets/ALFA/processed_csv/processed/carbonZ_2018-07-30-16-39-00_2_engine_failure/carbonZ_2018-07-30-16-39-00_2_engine_failure-mavros-local_position-pose.csv,68220,0.065,2026-01-29T01:53:53,carbonZ_2018-07-30-16-39-00_2_engine_failure-mavros-local_position-pose.csv,carbonZ_2018-07-30-16-39-00_2_engine_failure
carbonZ_2018-07-30-16-39-00_2_engine_failure/carbonZ_2018-07-30-16-39-00_2_engine_failure-mavros-local_position-velocity.csv,/content/gdrive/MyDrive/datasets/ALFA/processed_csv/processed/carbonZ_2018-07-30-16-39-00_2_engine_failure/carbonZ_2018-07-30-16-39-00_2_engine_failure-mavros-local_position-velocity.csv,62191,0.059,2026-01-29T01:53:53,carbonZ_2018-07-30-16-39-00_2_engine_failure-mavros-local_position-velocity.csv,carbonZ_2018-07-30-16-39-00_2_engine_failure
carbonZ_2018-07-30-16-39-00_2_engine_failure/carbonZ_2018-07-30-16-39-00_2_engine_failure-mavros-nav_info-airspeed.csv,/content/gdrive/MyDrive/datasets/ALFA/processed_csv/processed/carbonZ_2018-07-30-16-39-00_2_engine_failure/carbonZ_2018-07-30-16-39-00_2_engine_failure-mavros-nav_info-airspeed.csv,138972,0.133,2026-01-29T01:53:53,carbonZ_2018-07-30-16-39-00_2_engine_failure-mavros-nav_info-airspeed.csv,carbonZ_2018-07-30-16-39-00_2_engine_failure
carbonZ_2018-07-30-16-39-00_2_engine_failure/carbonZ_2018-07-30-16-39-00_2_engine_failure-mavros-nav_info-errors.csv,/content/gdrive/MyDrive/datasets/ALFA/processed_csv/processed/carbonZ_2018-07-30-16-39-00_2_engine_failure/carbonZ_2018-07-30-16-39-00_2_engine_failure-mavros-nav_info-errors.csv,195263,0.186,2026-01-29T01:53:53,carbonZ_2018-07-30-16-39-00_2_engine_failure-mavros-nav_info-errors.csv,carbonZ_2018-07-30-16-39-00_2_engine_failure
carbonZ_2018-07-30-16-39-00_2_engine_failure/carbonZ_2018-07-30-16-39-00_2_engine_failure-mavros-nav_info-pitch.csv,/content/gdrive/MyDrive/datasets/ALFA/processed_csv/processed/carbonZ_2018-07-30-16-39-00_2_engine_failure/carbonZ_2018-07-30-16-39-00_2_engine_failure-mavros-nav_info-pitch.csv,157070,0.15,2026-01-29T01:53:53,carbonZ_2018-07-30-16-39-00_2_engine_failure-mavros-nav_info-pitch.csv,carbonZ_2018-07-30-16-39-00_2_engine_failure
carbonZ_2018-07-30-16-39-00_2_engine_failure/carbonZ_2018-07-30-16-39-00_2_engine_failure-mavros-nav_info-roll.csv,/content/gdrive/MyDrive/datasets/ALFA/processed_csv/processed/carbonZ_2018-07-30-16-39-00_2_engine_failure/carbonZ_2018-07-30-16-39-00_2_engine_failure-mavros-nav_info-roll.csv,157588,0.15,2026-01-29T01:53:53,carbonZ_2018-07-30-16-39-00_2_engine_failure-mavros-nav_info-roll.csv,carbonZ_2018-07-30-16-39-00_2_engine_failure
carbonZ_2018-07-30-16-39-00_2_engine_failure/carbonZ_2018-07-30-16-39-00_2_engine_failure-mavros-nav_info-velocity.csv,/content/gdrive/MyDrive/datasets/ALFA/processed_csv/processed/carbonZ_2018-07-30-16-39-00_2_engine_failure/carbonZ_2018-07-30-16-39-00_2_engine_failure-mavros-nav_info-velocity.csv,279459,0.267,2026-01-29T01:53:53,carbonZ_2018-07-30-16-39-00_2_engine_failure-mavros-nav_info-velocity.csv,carbonZ_2018-07-30-16-39-00_2_engine_failure
carbonZ_2018-07-30-16-39-00_2_engine_failure/carbonZ_2018-07-30-16-39-00_2_engine_failure-mavros-nav_info-yaw.csv,/content/gdrive/MyDrive/datasets/ALFA/processed_csv/processed/carbonZ_2018-07-30-16-39-00_2_engine_failure/carbonZ_2018-07-30-16-39-00_2_engine_failure-mavros-nav_info-yaw.csv,140662,0.134,2026-01-29T01:53:53,carbonZ_2018-07-30-16-39-00_2_engine_failure-mavros-nav_info-yaw.csv,carbonZ_2018-07-30-16-39-00_2_engine_failure
carbonZ_2018-07-30-16-39-00_2_engine_failure/carbonZ_2018-07-30-16-39-00_2_engine_failure-mavros-rc-in.csv,/content/gdrive/MyDrive/datasets/ALFA/processed_csv/processed/carbonZ_2018-07-30-16-39-00_2_engine_failure/carbonZ_2018-07-30-16-39-00_2_engine_failure-mavros-rc-in.csv,41169,0.039,2026-01-29T01:53:53,carbonZ_2018-07-30-16-39-00_2_engine_failure-mavros-rc-in.csv,carbonZ_2018-07-30-16-39-00_2_engine_failure
carbonZ_2018-07-30-16-39-00_2_engine_failure/carbonZ_2018-07-30-16-39-00_2_engine_failure-mavros-rc-out.csv,/content/gdrive/MyDrive/datasets/ALFA/processed_csv/processed/carbonZ_2018-07-30-16-39-00_2_engine_failure/carbonZ_2018-07-30-16-39-00_2_engine_failure-mavros-rc-out.csv,27626,0.026,2026-01-29T01:53:53,carbonZ_2018-07-30-16-39-00_2_engine_failure-mavros-rc-out.csv,carbonZ_2018-07-30-16-39-00_2_engine_failure
carbonZ_2018-07-30-16-39-00_2_engine_failure/carbonZ_2018-07-30-16-39-00_2_engine_failure-mavros-setpoint_raw-local.csv,/content/gdrive/MyDrive/datasets/ALFA/processed_csv/processed/carbonZ_2018-07-30-16-39-00_2_engine_failure/carbonZ_2018-07-30-16-39-00_2_engine_failure-mavros-setpoint_raw-local.csv,673139,0.642,2026-01-29T01:53:53,carbonZ_2018-07-30-16-39-00_2_engine_failure-mavros-setpoint_raw-local.csv,carbonZ_2018-07-30-16-39-00_2_engine_failure
carbonZ_2018-07-30-16-39-00_2_engine_failure/carbonZ_2018-07-30-16-39-00_2_engine_failure-mavros-setpoint_raw-target_global.csv,/content/gdrive/MyDrive/datasets/ALFA/processed_csv/processed/carbonZ_2018-07-30-16-39-00_2_engine_failure/carbonZ_2018-07-30-16-39-00_2_engine_failure-mavros-setpoint_raw-target_global.csv,404483,0.386,2026-01-29T01:53:53,carbonZ_2018-07-30-16-39-00_2_engine_failure-mavros-setpoint_raw-target_global.csv,carbonZ_2018-07-30-16-39-00_2_engine_failure
carbonZ_2018-07-30-16-39-00_2_engine_failure/carbonZ_2018-07-30-16-39-00_2_engine_failure-mavros-state.csv,/content/gdrive/MyDrive/datasets/ALFA/processed_csv/processed/carbonZ_2018-07-30-16-39-00_2_engine_failure/carbonZ_2018-07-30-16-39-00_2_engine_failure-mavros-state.csv,6602,0.006,2026-01-29T01:53:53,carbonZ_2018-07-30-16-39-00_2_engine_failure-mavros-state.csv,carbonZ_2018-07-30-16-39-00_2_engine_failure
carbonZ_2018-07-30-16-39-00_2_engine_failure/carbonZ_2018-07-30-16-39-00_2_engine_failure-mavros-time_reference.csv,/content/gdrive/MyDrive/datasets/ALFA/processed_csv/processed/carbonZ_2018-07-30-16-39-00_2_engine_failure/carbonZ_2018-07-30-16-39-00_2_engine_failure-mavros-time_reference.csv,15982,0.015,2026-01-29T01:53:53,carbonZ_2018-07-30-16-39-00_2_engine_failure-mavros-time_reference.csv,carbonZ_2018-07-30-16-39-00_2_engine_failure
carbonZ_2018-07-30-16-39-00_2_engine_failure/carbonZ_2018-07-30-16-39-00_2_engine_failure-mavros-vfr_hud.csv,/content/gdrive/MyDrive/datasets/ALFA/processed_csv/processed/carbonZ_2018-07-30-16-39-00_2_engine_failure/carbonZ_2018-07-30-16-39-00_2_engine_failure-mavros-vfr_hud.csv,32500,0.031,2026-01-29T01:53:53,carbonZ_2018-07-30-16-39-00_2_engine_failure-mavros-vfr_hud.csv,carbonZ_2018-07-30-16-39-00_2_engine_failure
carbonZ_2018-07-30-16-39-00_2_engine_failure/carbonZ_2018-07-30-16-39-00_2_engine_failure-mavros-wind_estimation.csv,/content/gdrive/MyDrive/datasets/ALFA/processed_csv/processed/carbonZ_2018-07-30-16-39-00_2_engine_failure/carbonZ_2018-07-30-16-39-00_2_engine_failure-mavros-wind_estimation.csv,21155,0.02,2026-01-29T01:53:53,carbonZ_2018-07-30-16-39-00_2_engine_failure-mavros-wind_estimation.csv,carbonZ_2018-07-30-16-39-00_2_engine_failure
carbonZ_2018-07-30-16-39-00_3_no_failure/carbonZ_2018-07-30-16-39-00_3_no_failure-diagnostics.csv,/content/gdrive/MyDrive/datasets/ALFA/processed_csv/processed/carbonZ_2018-07-30-16-39-00_3_no_failure/carbonZ_2018-07-30-16-39-00_3_no_failure-diagnostics.csv,84440,0.081,2026-01-29T01:53:53,carbonZ_2018-07-30-16-39-00_3_no_failure-diagnostics.csv,carbonZ_2018-07-30-16-39-00_3_no_failure
carbonZ_2018-07-30-16-39-00_3_no_failure/carbonZ_2018-07-30-16-39-00_3_no_failure-mavctrl-path_dev.csv,/content/gdrive/MyDrive/datasets/ALFA/processed_csv/processed/carbonZ_2018-07-30-16-39-00_3_no_failure/carbonZ_2018-07-30-16-39-00_3_no_failure-mavctrl-path_dev.csv,209064,0.199,2026-01-29T01:53:53,carbonZ_2018-07-30-16-39-00_3_no_failure-mavctrl-path_dev.csv,carbonZ_2018-07-30-16-39-00_3_no_failure
carbonZ_2018-07-30-16-39-00_3_no_failure/carbonZ_2018-07-30-16-39-00_3_no_failure-mavctrl-rpy.csv,/content/gdrive/MyDrive/datasets/ALFA/processed_csv/processed/carbonZ_2018-07-30-16-39-00_3_no_failure/carbonZ_2018-07-30-16-39-00_3_no_failure-mavctrl-rpy.csv,265806,0.253,2026-01-29T01:53:53,carbonZ_2018-07-30-16-39-00_3_no_failure-mavctrl-rpy.csv,carbonZ_2018-07-30-16-39-00_3_no_failure
carbonZ_2018-07-30-16-39-00_3_no_failure/carbonZ_2018-07-30-16-39-00_3_no_failure-mavlink-from.csv,/content/gdrive/MyDrive/datasets/ALFA/processed_csv/processed/carbonZ_2018-07-30-16-39-00_3_no_failure/carbonZ_2018-07-30-16-39-00_3_no_failure-mavlink-from.csv,2101416,2.004,2026-01-29T01:53:53,carbonZ_2018-07-30-16-39-00_3_no_failure-mavlink-from.csv,carbonZ_2018-07-30-16-39-00_3_no_failure
carbonZ_2018-07-30-16-39-00_3_no_failure/carbonZ_2018-07-30-16-39-00_3_no_failure-mavros-battery.csv,/content/gdrive/MyDrive/datasets/ALFA/processed_csv/processed/carbonZ_2018-07-30-16-39-00_3_no_failure/carbonZ_2018-07-30-16-39-00_3_no_failure-mavros-battery.csv,173198,0.165,2026-01-29T01:53:53,carbonZ_2018-07-30-16-39-00_3_no_failure-mavros-battery.csv,carbonZ_2018-07-30-16-39-00_3_no_failure
carbonZ_2018-07-30-16-39-00_3_no_failure/carbonZ_2018-07-30-16-39-00_3_no_failure-mavros-global_position-compass_hdg.csv,/content/gdrive/MyDrive/datasets/ALFA/processed_csv/processed/carbonZ_2018-07-30-16-39-00_3_no_failure/carbonZ_2018-07-30-16-39-00_3_no_failure-mavros-global_position-compass_hdg.csv,8600,0.008,2026-01-29T01:53:53,carbonZ_2018-07-30-16-39-00_3_no_failure-mavros-global_position-compass_hdg.csv,carbonZ_2018-07-30-16-39-00_3_no_failure
carbonZ_2018-07-30-16-39-00_3_no_failure/carbonZ_2018-07-30-16-39-00_3_no_failure-mavros-global_position-global.csv,/content/gdrive/MyDrive/datasets/ALFA/processed_csv/processed/carbonZ_2018-07-30-16-39-00_3_no_failure/carbonZ_2018-07-30-16-39-00_3_no_failure-mavros-global_position-global.csv,53866,0.051,2026-01-29T01:53:53,carbonZ_2018-07-30-16-39-00_3_no_failure-mavros-global_position-global.csv,carbonZ_2018-07-30-16-39-00_3_no_failure
carbonZ_2018-07-30-16-39-00_3_no_failure/carbonZ_2018-07-30-16-39-00_3_no_failure-mavros-global_position-local.csv,/content/gdrive/MyDrive/datasets/ALFA/processed_csv/processed/carbonZ_2018-07-30-16-39-00_3_no_failure/carbonZ_2018-07-30-16-39-00_3_no_failure-mavros-global_position-local.csv,170841,0.163,2026-01-29T01:53:53,carbonZ_2018-07-30-16-39-00_3_no_failure-mavros-global_position-local.csv,carbonZ_2018-07-30-16-39-00_3_no_failure
carbonZ_2018-07-30-16-39-00_3_no_failure/carbonZ_2018-07-30-16-39-00_3_no_failure-mavros-global_position-raw-fix.csv,/content/gdrive/MyDrive/datasets/ALFA/processed_csv/processed/carbonZ_2018-07-30-16-39-00_3_no_failure/carbonZ_2018-07-30-16-39-00_3_no_failure-mavros-global_position-raw-fix.csv,65752,0.063,2026-01-29T01:53:53,carbonZ_2018-07-30-16-39-00_3_no_failure-mavros-global_position-raw-fix.csv,carbonZ_2018-07-30-16-39-00_3_no_failure
carbonZ_2018-07-30-16-39-00_3_no_failure/carbonZ_2018-07-30-16-39-00_3_no_failure-mavros-global_position-raw-gps_vel.csv,/content/gdrive/MyDrive/datasets/ALFA/processed_csv/processed/carbonZ_2018-07-30-16-39-00_3_no_failure/carbonZ_2018-07-30-16-39-00_3_no_failure-mavros-global_position-raw-gps_vel.csv,37550,0.036,2026-01-29T01:53:53,carbonZ_2018-07-30-16-39-00_3_no_failure-mavros-global_position-raw-gps_vel.csv,carbonZ_2018-07-30-16-39-00_3_no_failure
carbonZ_2018-07-30-16-39-00_3_no_failure/carbonZ_2018-07-30-16-39-00_3_no_failure-mavros-global_position-rel_alt.csv,/content/gdrive/MyDrive/datasets/ALFA/processed_csv/processed/carbonZ_2018-07-30-16-39-00_3_no_failure/carbonZ_2018-07-30-16-39-00_3_no_failure-mavros-global_position-rel_alt.csv,8731,0.008,2026-01-29T01:53:53,carbonZ_2018-07-30-16-39-00_3_no_failure-mavros-global_position-rel_alt.csv,carbonZ_2018-07-30-16-39-00_3_no_failure
carbonZ_2018-07-30-16-39-00_3_no_failure/carbonZ_2018-07-30-16-39-00_3_no_failure-mavros-imu-atm_pressure.csv,/content/gdrive/MyDrive/datasets/ALFA/processed_csv/processed/carbonZ_2018-07-30-16-39-00_3_no_failure/carbonZ_2018-07-30-16-39-00_3_no_failure-mavros-imu-atm_pressure.csv,58547,0.056,2026-01-29T01:53:53,carbonZ_2018-07-30-16-39-00_3_no_failure-mavros-imu-atm_pressure.csv,carbonZ_2018-07-30-16-39-00_3_no_failure
carbonZ_2018-07-30-16-39-00_3_no_failure/carbonZ_2018-07-30-16-39-00_3_no_failure-mavros-imu-data.csv,/content/gdrive/MyDrive/datasets/ALFA/processed_csv/processed/carbonZ_2018-07-30-16-39-00_3_no_failure/carbonZ_2018-07-30-16-39-00_3_no_failure-mavros-imu-data.csv,72393,0.069,2026-01-29T01:53:53,carbonZ_2018-07-30-16-39-00_3_no_failure-mavros-imu-data.csv,carbonZ_2018-07-30-16-39-00_3_no_failure
carbonZ_2018-07-30-16-39-00_3_no_failure/carbonZ_2018-07-30-16-39-00_3_no_failure-mavros-imu-data_raw.csv,/content/gdrive/MyDrive/datasets/ALFA/processed_csv/processed/carbonZ_2018-07-30-16-39-00_3_no_failure/carbonZ_2018-07-30-16-39-00_3_no_failure-mavros-imu-data_raw.csv,223620,0.213,2026-01-29T01:53:53,carbonZ_2018-07-30-16-39-00_3_no_failure-mavros-imu-data_raw.csv,carbonZ_2018-07-30-16-39-00_3_no_failure
carbonZ_2018-07-30-16-39-00_3_no_failure/carbonZ_2018-07-30-16-39-00_3_no_failure-mavros-imu-mag.csv,/content/gdrive/MyDrive/datasets/ALFA/processed_csv/processed/carbonZ_2018-07-30-16-39-00_3_no_failure/carbonZ_2018-07-30-16-39-00_3_no_failure-mavros-imu-mag.csv,96841,0.092,2026-01-29T01:53:53,carbonZ_2018-07-30-16-39-00_3_no_failure-mavros-imu-mag.csv,carbonZ_2018-07-30-16-39-00_3_no_failure
carbonZ_2018-07-30-16-39-00_3_no_failure/carbonZ_2018-07-30-16-39-00_3_no_failure-mavros-imu-temperature.csv,/content/gdrive/MyDrive/datasets/ALFA/processed_csv/processed/carbonZ_2018-07-30-16-39-00_3_no_failure/carbonZ_2018-07-30-16-39-00_3_no_failure-mavros-imu-temperature.csv,52225,0.05,2026-01-29T01:53:53,carbonZ_2018-07-30-16-39-00_3_no_failure-mavros-imu-temperature.csv,carbonZ_2018-07-30-16-39-00_3_no_failure
carbonZ_2018-07-30-16-39-00_3_no_failure/carbonZ_2018-07-30-16-39-00_3_no_failure-mavros-local_position-odom.csv,/content/gdrive/MyDrive/datasets/ALFA/processed_csv/processed/carbonZ_2018-07-30-16-39-00_3_no_failure/carbonZ_2018-07-30-16-39-00_3_no_failure-mavros-local_position-odom.csv,188859,0.18,2026-01-29T01:53:53,carbonZ_2018-07-30-16-39-00_3_no_failure-mavros-local_position-odom.csv,carbonZ_2018-07-30-16-39-00_3_no_failure
carbonZ_2018-07-30-16-39-00_3_no_failure/carbonZ_2018-07-30-16-39-00_3_no_failure-mavros-local_position-pose.csv,/content/gdrive/MyDrive/datasets/ALFA/processed_csv/processed/carbonZ_2018-07-30-16-39-00_3_no_failure/carbonZ_2018-07-30-16-39-00_3_no_failure-mavros-local_position-pose.csv,50773,0.048,2026-01-29T01:53:53,carbonZ_2018-07-30-16-39-00_3_no_failure-mavros-local_position-pose.csv,carbonZ_2018-07-30-16-39-00_3_no_failure
carbonZ_2018-07-30-16-39-00_3_no_failure/carbonZ_2018-07-30-16-39-00_3_no_failure-mavros-local_position-velocity.csv,/content/gdrive/MyDrive/datasets/ALFA/processed_csv/processed/carbonZ_2018-07-30-16-39-00_3_no_failure/carbonZ_2018-07-30-16-39-00_3_no_failure-mavros-local_position-velocity.csv,46102,0.044,2026-01-29T01:53:53,carbonZ_2018-07-30-16-39-00_3_no_failure-mavros-local_position-velocity.csv,carbonZ_2018-07-30-16-39-00_3_no_failure
carbonZ_2018-07-30-16-39-00_3_no_failure/carbonZ_2018-07-30-16-39-00_3_no_failure-mavros-nav_info-airspeed.csv,/content/gdrive/MyDrive/datasets/ALFA/processed_csv/processed/carbonZ_2018-07-30-16-39-00_3_no_failure/carbonZ_2018-07-30-16-39-00_3_no_failure-mavros-nav_info-airspeed.csv,101466,0.097,2026-01-29T01:53:53,carbonZ_2018-07-30-16-39-00_3_no_failure-mavros-nav_info-airspeed.csv,carbonZ_2018-07-30-16-39-00_3_no_failure
carbonZ_2018-07-30-16-39-00_3_no_failure/carbonZ_2018-07-30-16-39-00_3_no_failure-mavros-nav_info-errors.csv,/content/gdrive/MyDrive/datasets/ALFA/processed_csv/processed/carbonZ_2018-07-30-16-39-00_3_no_failure/carbonZ_2018-07-30-16-39-00_3_no_failure-mavros-nav_info-errors.csv,145785,0.139,2026-01-29T01:53:53,carbonZ_2018-07-30-16-39-00_3_no_failure-mavros-nav_info-errors.csv,carbonZ_2018-07-30-16-39-00_3_no_failure
carbonZ_2018-07-30-16-39-00_3_no_failure/carbonZ_2018-07-30-16-39-00_3_no_failure-mavros-nav_info-pitch.csv,/content/gdrive/MyDrive/datasets/ALFA/processed_csv/processed/carbonZ_2018-07-30-16-39-00_3_no_failure/carbonZ_2018-07-30-16-39-00_3_no_failure-mavros-nav_info-pitch.csv,117760,0.112,2026-01-29T01:53:53,carbonZ_2018-07-30-16-39-00_3_no_failure-mavros-nav_info-pitch.csv,carbonZ_2018-07-30-16-39-00_3_no_failure
carbonZ_2018-07-30-16-39-00_3_no_failure/carbonZ_2018-07-30-16-39-00_3_no_failure-mavros-nav_info-roll.csv,/content/gdrive/MyDrive/datasets/ALFA/processed_csv/processed/carbonZ_2018-07-30-16-39-00_3_no_failure/carbonZ_2018-07-30-16-39-00_3_no_failure-mavros-nav_info-roll.csv,118140,0.113,2026-01-29T01:53:54,carbonZ_2018-07-30-16-39-00_3_no_failure-mavros-nav_info-roll.csv,carbonZ_2018-07-30-16-39-00_3_no_failure
carbonZ_2018-07-30-16-39-00_3_no_failure/carbonZ_2018-07-30-16-39-00_3_no_failure-mavros-nav_info-velocity.csv,/content/gdrive/MyDrive/datasets/ALFA/processed_csv/processed/carbonZ_2018-07-30-16-39-00_3_no_failure/carbonZ_2018-07-30-16-39-00_3_no_failure-mavros-nav_info-velocity.csv,206445,0.197,2026-01-29T01:53:54,carbonZ_2018-07-30-16-39-00_3_no_failure-mavros-nav_info-velocity.csv,carbonZ_2018-07-30-16-39-00_3_no_failure
carbonZ_2018-07-30-16-39-00_3_no_failure/carbonZ_2018-07-30-16-39-00_3_no_failure-mavros-nav_info-yaw.csv,/content/gdrive/MyDrive/datasets/ALFA/processed_csv/processed/carbonZ_2018-07-30-16-39-00_3_no_failure/carbonZ_2018-07-30-16-39-00_3_no_failure-mavros-nav_info-yaw.csv,105682,0.101,2026-01-29T01:53:54,carbonZ_2018-07-30-16-39-00_3_no_failure-mavros-nav_info-yaw.csv,carbonZ_2018-07-30-16-39-00_3_no_failure
carbonZ_2018-07-30-16-39-00_3_no_failure/carbonZ_2018-07-30-16-39-00_3_no_failure-mavros-rc-in.csv,/content/gdrive/MyDrive/datasets/ALFA/processed_csv/processed/carbonZ_2018-07-30-16-39-00_3_no_failure/carbonZ_2018-07-30-16-39-00_3_no_failure-mavros-rc-in.csv,30545,0.029,2026-01-29T01:53:54,carbonZ_2018-07-30-16-39-00_3_no_failure-mavros-rc-in.csv,carbonZ_2018-07-30-16-39-00_3_no_failure
carbonZ_2018-07-30-16-39-00_3_no_failure/carbonZ_2018-07-30-16-39-00_3_no_failure-mavros-rc-out.csv,/content/gdrive/MyDrive/datasets/ALFA/processed_csv/processed/carbonZ_2018-07-30-16-39-00_3_no_failure/carbonZ_2018-07-30-16-39-00_3_no_failure-mavros-rc-out.csv,20488,0.02,2026-01-29T01:53:54,carbonZ_2018-07-30-16-39-00_3_no_failure-mavros-rc-out.csv,carbonZ_2018-07-30-16-39-00_3_no_failure
carbonZ_2018-07-30-16-39-00_3_no_failure/carbonZ_2018-07-30-16-39-00_3_no_failure-mavros-setpoint_raw-local.csv,/content/gdrive/MyDrive/datasets/ALFA/processed_csv/processed/carbonZ_2018-07-30-16-39-00_3_no_failure/carbonZ_2018-07-30-16-39-00_3_no_failure-mavros-setpoint_raw-local.csv,505902,0.482,2026-01-29T01:53:54,carbonZ_2018-07-30-16-39-00_3_no_failure-mavros-setpoint_raw-local.csv,carbonZ_2018-07-30-16-39-00_3_no_failure
carbonZ_2018-07-30-16-39-00_3_no_failure/carbonZ_2018-07-30-16-39-00_3_no_failure-mavros-setpoint_raw-target_global.csv,/content/gdrive/MyDrive/datasets/ALFA/processed_csv/processed/carbonZ_2018-07-30-16-39-00_3_no_failure/carbonZ_2018-07-30-16-39-00_3_no_failure-mavros-setpoint_raw-target_global.csv,296427,0.283,2026-01-29T01:53:54,carbonZ_2018-07-30-16-39-00_3_no_failure-mavros-setpoint_raw-target_global.csv,carbonZ_2018-07-30-16-39-00_3_no_failure
carbonZ_2018-07-30-16-39-00_3_no_failure/carbonZ_2018-07-30-16-39-00_3_no_failure-mavros-state.csv,/content/gdrive/MyDrive/datasets/ALFA/processed_csv/processed/carbonZ_2018-07-30-16-39-00_3_no_failure/carbonZ_2018-07-30-16-39-00_3_no_failure-mavros-state.csv,4955,0.005,2026-01-29T01:53:54,carbonZ_2018-07-30-16-39-00_3_no_failure-mavros-state.csv,carbonZ_2018-07-30-16-39-00_3_no_failure
carbonZ_2018-07-30-16-39-00_3_no_failure/carbonZ_2018-07-30-16-39-00_3_no_failure-mavros-time_reference.csv,/content/gdrive/MyDrive/datasets/ALFA/processed_csv/processed/carbonZ_2018-07-30-16-39-00_3_no_failure/carbonZ_2018-07-30-16-39-00_3_no_failure-mavros-time_reference.csv,11852,0.011,2026-01-29T01:53:54,carbonZ_2018-07-30-16-39-00_3_no_failure-mavros-time_reference.csv,carbonZ_2018-07-30-16-39-00_3_no_failure
carbonZ_2018-07-30-16-39-00_3_no_failure/carbonZ_2018-07-30-16-39-00_3_no_failure-mavros-vfr_hud.csv,/content/gdrive/MyDrive/datasets/ALFA/processed_csv/processed/carbonZ_2018-07-30-16-39-00_3_no_failure/carbonZ_2018-07-30-16-39-00_3_no_failure-mavros-vfr_hud.csv,24009,0.023,2026-01-29T01:53:54,carbonZ_2018-07-30-16-39-00_3_no_failure-mavros-vfr_hud.csv,carbonZ_2018-07-30-16-39-00_3_no_failure
carbonZ_2018-07-30-16-39-00_3_no_failure/carbonZ_2018-07-30-16-39-00_3_no_failure-mavros-wind_estimation.csv,/content/gdrive/MyDrive/datasets/ALFA/processed_csv/processed/carbonZ_2018-07-30-16-39-00_3_no_failure/carbonZ_2018-07-30-16-39-00_3_no_failure-mavros-wind_estimation.csv,15691,0.015,2026-01-29T01:53:54,carbonZ_2018-07-30-16-39-00_3_no_failure-mavros-wind_estimation.csv,carbonZ_2018-07-30-16-39-00_3_no_failure
carbonZ_2018-07-30-17-10-45_engine_failure_with_emr_traj/carbonZ_2018-07-30-17-10-45_engine_failure_with_emr_traj-diagnostics.csv,/content/gdrive/MyDrive/datasets/ALFA/processed_csv/processed/carbonZ_2018-07-30-17-10-45_engine_failure_with_emr_traj/carbonZ_2018-07-30-17-10-45_engine_failure_with_emr_traj-diagnostics.csv,138858,0.132,2026-01-29T01:53:54,carbonZ_2018-07-30-17-10-45_engine_failure_with_emr_traj-diagnostics.csv,carbonZ_2018-07-30-17-10-45_engine_failure_with_emr_traj
carbonZ_2018-07-30-17-10-45_engine_failure_with_emr_traj/carbonZ_2018-07-30-17-10-45_engine_failure_with_emr_traj-emergency_responder-traj_file.csv,/content/gdrive/MyDrive/datasets/ALFA/processed_csv/processed/carbonZ_2018-07-30-17-10-45_engine_failure_with_emr_traj/carbonZ_2018-07-30-17-10-45_engine_failure_with_emr_traj-emergency_responder-traj_file.csv,63,0.0,2026-01-29T01:53:54,carbonZ_2018-07-30-17-10-45_engine_failure_with_emr_traj-emergency_responder-traj_file.csv,carbonZ_2018-07-30-17-10-45_engine_failure_with_emr_traj
carbonZ_2018-07-30-17-10-45_engine_failure_with_emr_traj/carbonZ_2018-07-30-17-10-45_engine_failure_with_emr_traj-failure_status-engines.csv,/content/gdrive/MyDrive/datasets/ALFA/processed_csv/processed/carbonZ_2018-07-30-17-10-45_engine_failure_with_emr_traj/carbonZ_2018-07-30-17-10-45_engine_failure_with_emr_traj-failure_status-engines.csv,1777,0.002,2026-01-29T01:53:54,carbonZ_2018-07-30-17-10-45_engine_failure_with_emr_traj-failure_status-engines.csv,carbonZ_2018-07-30-17-10-45_engine_failure_with_emr_traj
carbonZ_2018-07-30-17-10-45_engine_failure_with_emr_traj/carbonZ_2018-07-30-17-10-45_engine_failure_with_emr_traj-mavctrl-path_dev.csv,/content/gdrive/MyDrive/datasets/ALFA/processed_csv/processed/carbonZ_2018-07-30-17-10-45_engine_failure_with_emr_traj/carbonZ_2018-07-30-17-10-45_engine_failure_with_emr_traj-mavctrl-path_dev.csv,352703,0.336,2026-01-29T01:53:54,carbonZ_2018-07-30-17-10-45_engine_failure_with_emr_traj-mavctrl-path_dev.csv,carbonZ_2018-07-30-17-10-45_engine_failure_with_emr_traj
carbonZ_2018-07-30-17-10-45_engine_failure_with_emr_traj/carbonZ_2018-07-30-17-10-45_engine_failure_with_emr_traj-mavctrl-rpy.csv,/content/gdrive/MyDrive/datasets/ALFA/processed_csv/processed/carbonZ_2018-07-30-17-10-45_engine_failure_with_emr_traj/carbonZ_2018-07-30-17-10-45_engine_failure_with_emr_traj-mavctrl-rpy.csv,446142,0.425,2026-01-29T01:53:54,carbonZ_2018-07-30-17-10-45_engine_failure_with_emr_traj-mavctrl-rpy.csv,carbonZ_2018-07-30-17-10-45_engine_failure_with_emr_traj
carbonZ_2018-07-30-17-10-45_engine_failure_with_emr_traj/carbonZ_2018-07-30-17-10-45_engine_failure_with_emr_traj-mavlink-from.csv,/content/gdrive/MyDrive/datasets/ALFA/processed_csv/processed/carbonZ_2018-07-30-17-10-45_engine_failure_with_emr_traj/carbonZ_2018-07-30-17-10-45_engine_failure_with_emr_traj-mavlink-from.csv,3538556,3.375,2026-01-29T01:53:54,carbonZ_2018-07-30-17-10-45_engine_failure_with_emr_traj-mavlink-from.csv,carbonZ_2018-07-30-17-10-45_engine_failure_with_emr_traj
carbonZ_2018-07-30-17-10-45_engine_failure_with_emr_traj/carbonZ_2018-07-30-17-10-45_engine_failure_with_emr_traj-mavros-battery.csv,/content/gdrive/MyDrive/datasets/ALFA/processed_csv/processed/carbonZ_2018-07-30-17-10-45_engine_failure_with_emr_traj/carbonZ_2018-07-30-17-10-45_engine_failure_with_emr_traj-mavros-battery.csv,290378,0.277,2026-01-29T01:53:54,carbonZ_2018-07-30-17-10-45_engine_failure_with_emr_traj-mavros-battery.csv,carbonZ_2018-07-30-17-10-45_engine_failure_with_emr_traj
carbonZ_2018-07-30-17-10-45_engine_failure_with_emr_traj/carbonZ_2018-07-30-17-10-45_engine_failure_with_emr_traj-mavros-global_position-compass_hdg.csv,/content/gdrive/MyDrive/datasets/ALFA/processed_csv/processed/carbonZ_2018-07-30-17-10-45_engine_failure_with_emr_traj/carbonZ_2018-07-30-17-10-45_engine_failure_with_emr_traj-mavros-global_position-compass_hdg.csv,14486,0.014,2026-01-29T01:53:54,carbonZ_2018-07-30-17-10-45_engine_failure_with_emr_traj-mavros-global_position-compass_hdg.csv,carbonZ_2018-07-30-17-10-45_engine_failure_with_emr_traj
carbonZ_2018-07-30-17-10-45_engine_failure_with_emr_traj/carbonZ_2018-07-30-17-10-45_engine_failure_with_emr_traj-mavros-global_position-global.csv,/content/gdrive/MyDrive/datasets/ALFA/processed_csv/processed/carbonZ_2018-07-30-17-10-45_engine_failure_with_emr_traj/carbonZ_2018-07-30-17-10-45_engine_failure_with_emr_traj-mavros-global_position-global.csv,89837,0.086,2026-01-29T01:53:54,carbonZ_2018-07-30-17-10-45_engine_failure_with_emr_traj-mavros-global_position-global.csv,carbonZ_2018-07-30-17-10-45_engine_failure_with_emr_traj
carbonZ_2018-07-30-17-10-45_engine_failure_with_emr_traj/carbonZ_2018-07-30-17-10-45_engine_failure_with_emr_traj-mavros-global_position-local.csv,/content/gdrive/MyDrive/datasets/ALFA/processed_csv/processed/carbonZ_2018-07-30-17-10-45_engine_failure_with_emr_traj/carbonZ_2018-07-30-17-10-45_engine_failure_with_emr_traj-mavros-global_position-local.csv,284292,0.271,2026-01-29T01:53:54,carbonZ_2018-07-30-17-10-45_engine_failure_with_emr_traj-mavros-global_position-local.csv,carbonZ_2018-07-30-17-10-45_engine_failure_with_emr_traj
carbonZ_2018-07-30-17-10-45_engine_failure_with_emr_traj/carbonZ_2018-07-30-17-10-45_engine_failure_with_emr_traj-mavros-global_position-raw-fix.csv,/content/gdrive/MyDrive/datasets/ALFA/processed_csv/processed/carbonZ_2018-07-30-17-10-45_engine_failure_with_emr_traj/carbonZ_2018-07-30-17-10-45_engine_failure_with_emr_traj-mavros-global_position-raw-fix.csv,110269,0.105,2026-01-29T01:53:54,carbonZ_2018-07-30-17-10-45_engine_failure_with_emr_traj-mavros-global_position-raw-fix.csv,carbonZ_2018-07-30-17-10-45_engine_failure_with_emr_traj
carbonZ_2018-07-30-17-10-45_engine_failure_with_emr_traj/carbonZ_2018-07-30-17-10-45_engine_failure_with_emr_traj-mavros-global_position-raw-gps_vel.csv,/content/gdrive/MyDrive/datasets/ALFA/processed_csv/processed/carbonZ_2018-07-30-17-10-45_engine_failure_with_emr_traj/carbonZ_2018-07-30-17-10-45_engine_failure_with_emr_traj-mavros-global_position-raw-gps_vel.csv,63101,0.06,2026-01-29T01:53:54,carbonZ_2018-07-30-17-10-45_engine_failure_with_emr_traj-mavros-global_position-raw-gps_vel.csv,carbonZ_2018-07-30-17-10-45_engine_failure_with_emr_traj
carbonZ_2018-07-30-17-10-45_engine_failure_with_emr_traj/carbonZ_2018-07-30-17-10-45_engine_failure_with_emr_traj-mavros-global_position-rel_alt.csv,/content/gdrive/MyDrive/datasets/ALFA/processed_csv/processed/carbonZ_2018-07-30-17-10-45_engine_failure_with_emr_traj/carbonZ_2018-07-30-17-10-45_engine_failure_with_emr_traj-mavros-global_position-rel_alt.csv,14592,0.014,2026-01-29T01:53:54,carbonZ_2018-07-30-17-10-45_engine_failure_with_emr_traj-mavros-global_position-rel_alt.csv,carbonZ_2018-07-30-17-10-45_engine_failure_with_emr_traj
carbonZ_2018-07-30-17-10-45_engine_failure_with_emr_traj/carbonZ_2018-07-30-17-10-45_engine_failure_with_emr_traj-mavros-imu-atm_pressure.csv,/content/gdrive/MyDrive/datasets/ALFA/processed_csv/processed/carbonZ_2018-07-30-17-10-45_engine_failure_with_emr_traj/carbonZ_2018-07-30-17-10-45_engine_failure_with_emr_traj-mavros-imu-atm_pressure.csv,98262,0.094,2026-01-29T01:53:54,carbonZ_2018-07-30-17-10-45_engine_failure_with_emr_traj-mavros-imu-atm_pressure.csv,carbonZ_2018-07-30-17-10-45_engine_failure_with_emr_traj
carbonZ_2018-07-30-17-10-45_engine_failure_with_emr_traj/carbonZ_2018-07-30-17-10-45_engine_failure_with_emr_traj-mavros-imu-data.csv,/content/gdrive/MyDrive/datasets/ALFA/processed_csv/processed/carbonZ_2018-07-30-17-10-45_engine_failure_with_emr_traj/carbonZ_2018-07-30-17-10-45_engine_failure_with_emr_traj-mavros-imu-data.csv,122684,0.117,2026-01-29T01:53:54,carbonZ_2018-07-30-17-10-45_engine_failure_with_emr_traj-mavros-imu-data.csv,carbonZ_2018-07-30-17-10-45_engine_failure_with_emr_traj
carbonZ_2018-07-30-17-10-45_engine_failure_with_emr_traj/carbonZ_2018-07-30-17-10-45_engine_failure_with_emr_traj-mavros-imu-data_raw.csv,/content/gdrive/MyDrive/datasets/ALFA/processed_csv/processed/carbonZ_2018-07-30-17-10-45_engine_failure_with_emr_traj/carbonZ_2018-07-30-17-10-45_engine_failure_with_emr_traj-mavros-imu-data_raw.csv,375623,0.358,2026-01-29T01:53:54,carbonZ_2018-07-30-17-10-45_engine_failure_with_emr_traj-mavros-imu-data_raw.csv,carbonZ_2018-07-30-17-10-45_engine_failure_with_emr_traj
carbonZ_2018-07-30-17-10-45_engine_failure_with_emr_traj/carbonZ_2018-07-30-17-10-45_engine_failure_with_emr_traj-mavros-imu-mag.csv,/content/gdrive/MyDrive/datasets/ALFA/processed_csv/processed/carbonZ_2018-07-30-17-10-45_engine_failure_with_emr_traj/carbonZ_2018-07-30-17-10-45_engine_failure_with_emr_traj-mavros-imu-mag.csv,162519,0.155,2026-01-29T01:53:54,carbonZ_2018-07-30-17-10-45_engine_failure_with_emr_traj-mavros-imu-mag.csv,carbonZ_2018-07-30-17-10-45_engine_failure_with_emr_traj
carbonZ_2018-07-30-17-10-45_engine_failure_with_emr_traj/carbonZ_2018-07-30-17-10-45_engine_failure_with_emr_traj-mavros-imu-temperature.csv,/content/gdrive/MyDrive/datasets/ALFA/processed_csv/processed/carbonZ_2018-07-30-17-10-45_engine_failure_with_emr_traj/carbonZ_2018-07-30-17-10-45_engine_failure_with_emr_traj-mavros-imu-temperature.csv,87640,0.084,2026-01-29T01:53:54,carbonZ_2018-07-30-17-10-45_engine_failure_with_emr_traj-mavros-imu-temperature.csv,carbonZ_2018-07-30-17-10-45_engine_failure_with_emr_traj
carbonZ_2018-07-30-17-10-45_engine_failure_with_emr_traj/carbonZ_2018-07-30-17-10-45_engine_failure_with_emr_traj-mavros-local_position-odom.csv,/content/gdrive/MyDrive/datasets/ALFA/processed_csv/processed/carbonZ_2018-07-30-17-10-45_engine_failure_with_emr_traj/carbonZ_2018-07-30-17-10-45_engine_failure_with_emr_traj-mavros-local_position-odom.csv,314423,0.3,2026-01-29T01:53:54,carbonZ_2018-07-30-17-10-45_engine_failure_with_emr_traj-mavros-local_position-odom.csv,carbonZ_2018-07-30-17-10-45_engine_failure_with_emr_traj
carbonZ_2018-07-30-17-10-45_engine_failure_with_emr_traj/carbonZ_2018-07-30-17-10-45_engine_failure_with_emr_traj-mavros-local_position-pose.csv,/content/gdrive/MyDrive/datasets/ALFA/processed_csv/processed/carbonZ_2018-07-30-17-10-45_engine_failure_with_emr_traj/carbonZ_2018-07-30-17-10-45_engine_failure_with_emr_traj-mavros-local_position-pose.csv,84679,0.081,2026-01-29T01:53:54,carbonZ_2018-07-30-17-10-45_engine_failure_with_emr_traj-mavros-local_position-pose.csv,carbonZ_2018-07-30-17-10-45_engine_failure_with_emr_traj
carbonZ_2018-07-30-17-10-45_engine_failure_with_emr_traj/carbonZ_2018-07-30-17-10-45_engine_failure_with_emr_traj-mavros-local_position-velocity.csv,/content/gdrive/MyDrive/datasets/ALFA/processed_csv/processed/carbonZ_2018-07-30-17-10-45_engine_failure_with_emr_traj/carbonZ_2018-07-30-17-10-45_engine_failure_with_emr_traj-mavros-local_position-velocity.csv,77184,0.074,2026-01-29T01:53:54,carbonZ_2018-07-30-17-10-45_engine_failure_with_emr_traj-mavros-local_position-velocity.csv,carbonZ_2018-07-30-17-10-45_engine_failure_with_emr_traj
carbonZ_2018-07-30-17-10-45_engine_failure_with_emr_traj/carbonZ_2018-07-30-17-10-45_engine_failure_with_emr_traj-mavros-nav_info-airspeed.csv,/content/gdrive/MyDrive/datasets/ALFA/processed_csv/processed/carbonZ_2018-07-30-17-10-45_engine_failure_with_emr_traj/carbonZ_2018-07-30-17-10-45_engine_failure_with_emr_traj-mavros-nav_info-airspeed.csv,169993,0.162,2026-01-29T01:53:54,carbonZ_2018-07-30-17-10-45_engine_failure_with_emr_traj-mavros-nav_info-airspeed.csv,carbonZ_2018-07-30-17-10-45_engine_failure_with_emr_traj
carbonZ_2018-07-30-17-10-45_engine_failure_with_emr_traj/carbonZ_2018-07-30-17-10-45_engine_failure_with_emr_traj-mavros-nav_info-errors.csv,/content/gdrive/MyDrive/datasets/ALFA/processed_csv/processed/carbonZ_2018-07-30-17-10-45_engine_failure_with_emr_traj/carbonZ_2018-07-30-17-10-45_engine_failure_with_emr_traj-mavros-nav_info-errors.csv,242218,0.231,2026-01-29T01:53:54,carbonZ_2018-07-30-17-10-45_engine_failure_with_emr_traj-mavros-nav_info-errors.csv,carbonZ_2018-07-30-17-10-45_engine_failure_with_emr_traj
carbonZ_2018-07-30-17-10-45_engine_failure_with_emr_traj/carbonZ_2018-07-30-17-10-45_engine_failure_with_emr_traj-mavros-nav_info-pitch.csv,/content/gdrive/MyDrive/datasets/ALFA/processed_csv/processed/carbonZ_2018-07-30-17-10-45_engine_failure_with_emr_traj/carbonZ_2018-07-30-17-10-45_engine_failure_with_emr_traj-mavros-nav_info-pitch.csv,198044,0.189,2026-01-29T01:53:54,carbonZ_2018-07-30-17-10-45_engine_failure_with_emr_traj-mavros-nav_info-pitch.csv,carbonZ_2018-07-30-17-10-45_engine_failure_with_emr_traj
carbonZ_2018-07-30-17-10-45_engine_failure_with_emr_traj/carbonZ_2018-07-30-17-10-45_engine_failure_with_emr_traj-mavros-nav_info-roll.csv,/content/gdrive/MyDrive/datasets/ALFA/processed_csv/processed/carbonZ_2018-07-30-17-10-45_engine_failure_with_emr_traj/carbonZ_2018-07-30-17-10-45_engine_failure_with_emr_traj-mavros-nav_info-roll.csv,196608,0.188,2026-01-29T01:53:54,carbonZ_2018-07-30-17-10-45_engine_failure_with_emr_traj-mavros-nav_info-roll.csv,carbonZ_2018-07-30-17-10-45_engine_failure_with_emr_traj
carbonZ_2018-07-30-17-10-45_engine_failure_with_emr_traj/carbonZ_2018-07-30-17-10-45_engine_failure_with_emr_traj-mavros-nav_info-velocity.csv,/content/gdrive/MyDrive/datasets/ALFA/processed_csv/processed/carbonZ_2018-07-30-17-10-45_engine_failure_with_emr_traj/carbonZ_2018-07-30-17-10-45_engine_failure_with_emr_traj-mavros-nav_info-velocity.csv,347026,0.331,2026-01-29T01:53:54,carbonZ_2018-07-30-17-10-45_engine_failure_with_emr_traj-mavros-nav_info-velocity.csv,carbonZ_2018-07-30-17-10-45_engine_failure_with_emr_traj
carbonZ_2018-07-30-17-10-45_engine_failure_with_emr_traj/carbonZ_2018-07-30-17-10-45_engine_failure_with_emr_traj-mavros-nav_info-yaw.csv,/content/gdrive/MyDrive/datasets/ALFA/processed_csv/processed/carbonZ_2018-07-30-17-10-45_engine_failure_with_emr_traj/carbonZ_2018-07-30-17-10-45_engine_failure_with_emr_traj-mavros-nav_info-yaw.csv,176573,0.168,2026-01-29T01:53:54,carbonZ_2018-07-30-17-10-45_engine_failure_with_emr_traj-mavros-nav_info-yaw.csv,carbonZ_2018-07-30-17-10-45_engine_failure_with_emr_traj
carbonZ_2018-07-30-17-10-45_engine_failure_with_emr_traj/carbonZ_2018-07-30-17-10-45_engine_failure_with_emr_traj-mavros-rc-in.csv,/content/gdrive/MyDrive/datasets/ALFA/processed_csv/processed/carbonZ_2018-07-30-17-10-45_engine_failure_with_emr_traj/carbonZ_2018-07-30-17-10-45_engine_failure_with_emr_traj-mavros-rc-in.csv,51281,0.049,2026-01-29T01:53:54,carbonZ_2018-07-30-17-10-45_engine_failure_with_emr_traj-mavros-rc-in.csv,carbonZ_2018-07-30-17-10-45_engine_failure_with_emr_traj
carbonZ_2018-07-30-17-10-45_engine_failure_with_emr_traj/carbonZ_2018-07-30-17-10-45_engine_failure_with_emr_traj-mavros-rc-out.csv,/content/gdrive/MyDrive/datasets/ALFA/processed_csv/processed/carbonZ_2018-07-30-17-10-45_engine_failure_with_emr_traj/carbonZ_2018-07-30-17-10-45_engine_failure_with_emr_traj-mavros-rc-out.csv,34420,0.033,2026-01-29T01:53:54,carbonZ_2018-07-30-17-10-45_engine_failure_with_emr_traj-mavros-rc-out.csv,carbonZ_2018-07-30-17-10-45_engine_failure_with_emr_traj
carbonZ_2018-07-30-17-10-45_engine_failure_with_emr_traj/carbonZ_2018-07-30-17-10-45_engine_failure_with_emr_traj-mavros-setpoint_raw-local.csv,/content/gdrive/MyDrive/datasets/ALFA/processed_csv/processed/carbonZ_2018-07-30-17-10-45_engine_failure_with_emr_traj/carbonZ_2018-07-30-17-10-45_engine_failure_with_emr_traj-mavros-setpoint_raw-local.csv,819988,0.782,2026-01-29T01:53:54,carbonZ_2018-07-30-17-10-45_engine_failure_with_emr_traj-mavros-setpoint_raw-local.csv,carbonZ_2018-07-30-17-10-45_engine_failure_with_emr_traj
carbonZ_2018-07-30-17-10-45_engine_failure_with_emr_traj/carbonZ_2018-07-30-17-10-45_engine_failure_with_emr_traj-mavros-setpoint_raw-target_global.csv,/content/gdrive/MyDrive/datasets/ALFA/processed_csv/processed/carbonZ_2018-07-30-17-10-45_engine_failure_with_emr_traj/carbonZ_2018-07-30-17-10-45_engine_failure_with_emr_traj-mavros-setpoint_raw-target_global.csv,497851,0.475,2026-01-29T01:53:54,carbonZ_2018-07-30-17-10-45_engine_failure_with_emr_traj-mavros-setpoint_raw-target_global.csv,carbonZ_2018-07-30-17-10-45_engine_failure_with_emr_traj
carbonZ_2018-07-30-17-10-45_engine_failure_with_emr_traj/carbonZ_2018-07-30-17-10-45_engine_failure_with_emr_traj-mavros-state.csv,/content/gdrive/MyDrive/datasets/ALFA/processed_csv/processed/carbonZ_2018-07-30-17-10-45_engine_failure_with_emr_traj/carbonZ_2018-07-30-17-10-45_engine_failure_with_emr_traj-mavros-state.csv,8249,0.008,2026-01-29T01:53:54,carbonZ_2018-07-30-17-10-45_engine_failure_with_emr_traj-mavros-state.csv,carbonZ_2018-07-30-17-10-45_engine_failure_with_emr_traj
carbonZ_2018-07-30-17-10-45_engine_failure_with_emr_traj/carbonZ_2018-07-30-17-10-45_engine_failure_with_emr_traj-mavros-time_reference.csv,/content/gdrive/MyDrive/datasets/ALFA/processed_csv/processed/carbonZ_2018-07-30-17-10-45_engine_failure_with_emr_traj/carbonZ_2018-07-30-17-10-45_engine_failure_with_emr_traj-mavros-time_reference.csv,19902,0.019,2026-01-29T01:53:54,carbonZ_2018-07-30-17-10-45_engine_failure_with_emr_traj-mavros-time_reference.csv,carbonZ_2018-07-30-17-10-45_engine_failure_with_emr_traj
carbonZ_2018-07-30-17-10-45_engine_failure_with_emr_traj/carbonZ_2018-07-30-17-10-45_engine_failure_with_emr_traj-mavros-vfr_hud.csv,/content/gdrive/MyDrive/datasets/ALFA/processed_csv/processed/carbonZ_2018-07-30-17-10-45_engine_failure_with_emr_traj/carbonZ_2018-07-30-17-10-45_engine_failure_with_emr_traj-mavros-vfr_hud.csv,40668,0.039,2026-01-29T01:53:54,carbonZ_2018-07-30-17-10-45_engine_failure_with_emr_traj-mavros-vfr_hud.csv,carbonZ_2018-07-30-17-10-45_engine_failure_with_emr_traj
carbonZ_2018-07-30-17-10-45_engine_failure_with_emr_traj/carbonZ_2018-07-30-17-10-45_engine_failure_with_emr_traj-mavros-wind_estimation.csv,/content/gdrive/MyDrive/datasets/ALFA/processed_csv/processed/carbonZ_2018-07-30-17-10-45_engine_failure_with_emr_traj/carbonZ_2018-07-30-17-10-45_engine_failure_with_emr_traj-mavros-wind_estimation.csv,26197,0.025,2026-01-29T01:53:54,carbonZ_2018-07-30-17-10-45_engine_failure_with_emr_traj-mavros-wind_estimation.csv,carbonZ_2018-07-30-17-10-45_engine_failure_with_emr_traj
carbonZ_2018-07-30-17-20-01_engine_failure_with_emr_traj/carbonZ_2018-07-30-17-20-01_engine_failure_with_emr_traj-diagnostics.csv,/content/gdrive/MyDrive/datasets/ALFA/processed_csv/processed/carbonZ_2018-07-30-17-20-01_engine_failure_with_emr_traj/carbonZ_2018-07-30-17-20-01_engine_failure_with_emr_traj-diagnostics.csv,116290,0.111,2026-01-29T01:53:55,carbonZ_2018-07-30-17-20-01_engine_failure_with_emr_traj-diagnostics.csv,carbonZ_2018-07-30-17-20-01_engine_failure_with_emr_traj
carbonZ_2018-07-30-17-20-01_engine_failure_with_emr_traj/carbonZ_2018-07-30-17-20-01_engine_failure_with_emr_traj-emergency_responder-traj_file.csv,/content/gdrive/MyDrive/datasets/ALFA/processed_csv/processed/carbonZ_2018-07-30-17-20-01_engine_failure_with_emr_traj/carbonZ_2018-07-30-17-20-01_engine_failure_with_emr_traj-emergency_responder-traj_file.csv,63,0.0,2026-01-29T01:53:55,carbonZ_2018-07-30-17-20-01_engine_failure_with_emr_traj-emergency_responder-traj_file.csv,carbonZ_2018-07-30-17-20-01_engine_failure_with_emr_traj
carbonZ_2018-07-30-17-20-01_engine_failure_with_emr_traj/carbonZ_2018-07-30-17-20-01_engine_failure_with_emr_traj-failure_status-engines.csv,/content/gdrive/MyDrive/datasets/ALFA/processed_csv/processed/carbonZ_2018-07-30-17-20-01_engine_failure_with_emr_traj/carbonZ_2018-07-30-17-20-01_engine_failure_with_emr_traj-failure_status-engines.csv,2129,0.002,2026-01-29T01:53:55,carbonZ_2018-07-30-17-20-01_engine_failure_with_emr_traj-failure_status-engines.csv,carbonZ_2018-07-30-17-20-01_engine_failure_with_emr_traj
carbonZ_2018-07-30-17-20-01_engine_failure_with_emr_traj/carbonZ_2018-07-30-17-20-01_engine_failure_with_emr_traj-mavctrl-path_dev.csv,/content/gdrive/MyDrive/datasets/ALFA/processed_csv/processed/carbonZ_2018-07-30-17-20-01_engine_failure_with_emr_traj/carbonZ_2018-07-30-17-20-01_engine_failure_with_emr_traj-mavctrl-path_dev.csv,279712,0.267,2026-01-29T01:53:55,carbonZ_2018-07-30-17-20-01_engine_failure_with_emr_traj-mavctrl-path_dev.csv,carbonZ_2018-07-30-17-20-01_engine_failure_with_emr_traj
carbonZ_2018-07-30-17-20-01_engine_failure_with_emr_traj/carbonZ_2018-07-30-17-20-01_engine_failure_with_emr_traj-mavctrl-rpy.csv,/content/gdrive/MyDrive/datasets/ALFA/processed_csv/processed/carbonZ_2018-07-30-17-20-01_engine_failure_with_emr_traj/carbonZ_2018-07-30-17-20-01_engine_failure_with_emr_traj-mavctrl-rpy.csv,353639,0.337,2026-01-29T01:53:54,carbonZ_2018-07-30-17-20-01_engine_failure_with_emr_traj-mavctrl-rpy.csv,carbonZ_2018-07-30-17-20-01_engine_failure_with_emr_traj
carbonZ_2018-07-30-17-20-01_engine_failure_with_emr_traj/carbonZ_2018-07-30-17-20-01_engine_failure_with_emr_traj-mavlink-from.csv,/content/gdrive/MyDrive/datasets/ALFA/processed_csv/processed/carbonZ_2018-07-30-17-20-01_engine_failure_with_emr_traj/carbonZ_2018-07-30-17-20-01_engine_failure_with_emr_traj-mavlink-from.csv,2820543,2.69,2026-01-29T01:53:55,carbonZ_2018-07-30-17-20-01_engine_failure_with_emr_traj-mavlink-from.csv,carbonZ_2018-07-30-17-20-01_engine_failure_with_emr_traj
carbonZ_2018-07-30-17-20-01_engine_failure_with_emr_traj/carbonZ_2018-07-30-17-20-01_engine_failure_with_emr_traj-mavros-battery.csv,/content/gdrive/MyDrive/datasets/ALFA/processed_csv/processed/carbonZ_2018-07-30-17-20-01_engine_failure_with_emr_traj/carbonZ_2018-07-30-17-20-01_engine_failure_with_emr_traj-mavros-battery.csv,232706,0.222,2026-01-29T01:53:55,carbonZ_2018-07-30-17-20-01_engine_failure_with_emr_traj-mavros-battery.csv,carbonZ_2018-07-30-17-20-01_engine_failure_with_emr_traj
carbonZ_2018-07-30-17-20-01_engine_failure_with_emr_traj/carbonZ_2018-07-30-17-20-01_engine_failure_with_emr_traj-mavros-global_position-compass_hdg.csv,/content/gdrive/MyDrive/datasets/ALFA/processed_csv/processed/carbonZ_2018-07-30-17-20-01_engine_failure_with_emr_traj/carbonZ_2018-07-30-17-20-01_engine_failure_with_emr_traj-mavros-global_position-compass_hdg.csv,11565,0.011,2026-01-29T01:53:55,carbonZ_2018-07-30-17-20-01_engine_failure_with_emr_traj-mavros-global_position-compass_hdg.csv,carbonZ_2018-07-30-17-20-01_engine_failure_with_emr_traj
carbonZ_2018-07-30-17-20-01_engine_failure_with_emr_traj/carbonZ_2018-07-30-17-20-01_engine_failure_with_emr_traj-mavros-global_position-global.csv,/content/gdrive/MyDrive/datasets/ALFA/processed_csv/processed/carbonZ_2018-07-30-17-20-01_engine_failure_with_emr_traj/carbonZ_2018-07-30-17-20-01_engine_failure_with_emr_traj-mavros-global_position-global.csv,71342,0.068,2026-01-29T01:53:55,carbonZ_2018-07-30-17-20-01_engine_failure_with_emr_traj-mavros-global_position-global.csv,carbonZ_2018-07-30-17-20-01_engine_failure_with_emr_traj
carbonZ_2018-07-30-17-20-01_engine_failure_with_emr_traj/carbonZ_2018-07-30-17-20-01_engine_failure_with_emr_traj-mavros-global_position-local.csv,/content/gdrive/MyDrive/datasets/ALFA/processed_csv/processed/carbonZ_2018-07-30-17-20-01_engine_failure_with_emr_traj/carbonZ_2018-07-30-17-20-01_engine_failure_with_emr_traj-mavros-global_position-local.csv,226794,0.216,2026-01-29T01:53:55,carbonZ_2018-07-30-17-20-01_engine_failure_with_emr_traj-mavros-global_position-local.csv,carbonZ_2018-07-30-17-20-01_engine_failure_with_emr_traj
carbonZ_2018-07-30-17-20-01_engine_failure_with_emr_traj/carbonZ_2018-07-30-17-20-01_engine_failure_with_emr_traj-mavros-global_position-raw-fix.csv,/content/gdrive/MyDrive/datasets/ALFA/processed_csv/processed/carbonZ_2018-07-30-17-20-01_engine_failure_with_emr_traj/carbonZ_2018-07-30-17-20-01_engine_failure_with_emr_traj-mavros-global_position-raw-fix.csv,87681,0.084,2026-01-29T01:53:55,carbonZ_2018-07-30-17-20-01_engine_failure_with_emr_traj-mavros-global_position-raw-fix.csv,carbonZ_2018-07-30-17-20-01_engine_failure_with_emr_traj
carbonZ_2018-07-30-17-20-01_engine_failure_with_emr_traj/carbonZ_2018-07-30-17-20-01_engine_failure_with_emr_traj-mavros-global_position-raw-gps_vel.csv,/content/gdrive/MyDrive/datasets/ALFA/processed_csv/processed/carbonZ_2018-07-30-17-20-01_engine_failure_with_emr_traj/carbonZ_2018-07-30-17-20-01_engine_failure_with_emr_traj-mavros-global_position-raw-gps_vel.csv,50532,0.048,2026-01-29T01:53:55,carbonZ_2018-07-30-17-20-01_engine_failure_with_emr_traj-mavros-global_position-raw-gps_vel.csv,carbonZ_2018-07-30-17-20-01_engine_failure_with_emr_traj
carbonZ_2018-07-30-17-20-01_engine_failure_with_emr_traj/carbonZ_2018-07-30-17-20-01_engine_failure_with_emr_traj-mavros-global_position-rel_alt.csv,/content/gdrive/MyDrive/datasets/ALFA/processed_csv/processed/carbonZ_2018-07-30-17-20-01_engine_failure_with_emr_traj/carbonZ_2018-07-30-17-20-01_engine_failure_with_emr_traj-mavros-global_position-rel_alt.csv,11656,0.011,2026-01-29T01:53:55,carbonZ_2018-07-30-17-20-01_engine_failure_with_emr_traj-mavros-global_position-rel_alt.csv,carbonZ_2018-07-30-17-20-01_engine_failure_with_emr_traj
carbonZ_2018-07-30-17-20-01_engine_failure_with_emr_traj/carbonZ_2018-07-30-17-20-01_engine_failure_with_emr_traj-mavros-imu-atm_pressure.csv,/content/gdrive/MyDrive/datasets/ALFA/processed_csv/processed/carbonZ_2018-07-30-17-20-01_engine_failure_with_emr_traj/carbonZ_2018-07-30-17-20-01_engine_failure_with_emr_traj-mavros-imu-atm_pressure.csv,78840,0.075,2026-01-29T01:53:55,carbonZ_2018-07-30-17-20-01_engine_failure_with_emr_traj-mavros-imu-atm_pressure.csv,carbonZ_2018-07-30-17-20-01_engine_failure_with_emr_traj
carbonZ_2018-07-30-17-20-01_engine_failure_with_emr_traj/carbonZ_2018-07-30-17-20-01_engine_failure_with_emr_traj-mavros-imu-data.csv,/content/gdrive/MyDrive/datasets/ALFA/processed_csv/processed/carbonZ_2018-07-30-17-20-01_engine_failure_with_emr_traj/carbonZ_2018-07-30-17-20-01_engine_failure_with_emr_traj-mavros-imu-data.csv,95273,0.091,2026-01-29T01:53:55,carbonZ_2018-07-30-17-20-01_engine_failure_with_emr_traj-mavros-imu-data.csv,carbonZ_2018-07-30-17-20-01_engine_failure_with_emr_traj
carbonZ_2018-07-30-17-20-01_engine_failure_with_emr_traj/carbonZ_2018-07-30-17-20-01_engine_failure_with_emr_traj-mavros-imu-data_raw.csv,/content/gdrive/MyDrive/datasets/ALFA/processed_csv/processed/carbonZ_2018-07-30-17-20-01_engine_failure_with_emr_traj/carbonZ_2018-07-30-17-20-01_engine_failure_with_emr_traj-mavros-imu-data_raw.csv,301259,0.287,2026-01-29T01:53:55,carbonZ_2018-07-30-17-20-01_engine_failure_with_emr_traj-mavros-imu-data_raw.csv,carbonZ_2018-07-30-17-20-01_engine_failure_with_emr_traj
carbonZ_2018-07-30-17-20-01_engine_failure_with_emr_traj/carbonZ_2018-07-30-17-20-01_engine_failure_with_emr_traj-mavros-imu-mag.csv,/content/gdrive/MyDrive/datasets/ALFA/processed_csv/processed/carbonZ_2018-07-30-17-20-01_engine_failure_with_emr_traj/carbonZ_2018-07-30-17-20-01_engine_failure_with_emr_traj-mavros-imu-mag.csv,130238,0.124,2026-01-29T01:53:55,carbonZ_2018-07-30-17-20-01_engine_failure_with_emr_traj-mavros-imu-mag.csv,carbonZ_2018-07-30-17-20-01_engine_failure_with_emr_traj
carbonZ_2018-07-30-17-20-01_engine_failure_with_emr_traj/carbonZ_2018-07-30-17-20-01_engine_failure_with_emr_traj-mavros-imu-temperature.csv,/content/gdrive/MyDrive/datasets/ALFA/processed_csv/processed/carbonZ_2018-07-30-17-20-01_engine_failure_with_emr_traj/carbonZ_2018-07-30-17-20-01_engine_failure_with_emr_traj-mavros-imu-temperature.csv,70347,0.067,2026-01-29T01:53:55,carbonZ_2018-07-30-17-20-01_engine_failure_with_emr_traj-mavros-imu-temperature.csv,carbonZ_2018-07-30-17-20-01_engine_failure_with_emr_traj
carbonZ_2018-07-30-17-20-01_engine_failure_with_emr_traj/carbonZ_2018-07-30-17-20-01_engine_failure_with_emr_traj-mavros-local_position-odom.csv,/content/gdrive/MyDrive/datasets/ALFA/processed_csv/processed/carbonZ_2018-07-30-17-20-01_engine_failure_with_emr_traj/carbonZ_2018-07-30-17-20-01_engine_failure_with_emr_traj-mavros-local_position-odom.csv,251978,0.24,2026-01-29T01:53:55,carbonZ_2018-07-30-17-20-01_engine_failure_with_emr_traj-mavros-local_position-odom.csv,carbonZ_2018-07-30-17-20-01_engine_failure_with_emr_traj
carbonZ_2018-07-30-17-20-01_engine_failure_with_emr_traj/carbonZ_2018-07-30-17-20-01_engine_failure_with_emr_traj-mavros-local_position-pose.csv,/content/gdrive/MyDrive/datasets/ALFA/processed_csv/processed/carbonZ_2018-07-30-17-20-01_engine_failure_with_emr_traj/carbonZ_2018-07-30-17-20-01_engine_failure_with_emr_traj-mavros-local_position-pose.csv,67657,0.065,2026-01-29T01:53:55,carbonZ_2018-07-30-17-20-01_engine_failure_with_emr_traj-mavros-local_position-pose.csv,carbonZ_2018-07-30-17-20-01_engine_failure_with_emr_traj
carbonZ_2018-07-30-17-20-01_engine_failure_with_emr_traj/carbonZ_2018-07-30-17-20-01_engine_failure_with_emr_traj-mavros-local_position-velocity.csv,/content/gdrive/MyDrive/datasets/ALFA/processed_csv/processed/carbonZ_2018-07-30-17-20-01_engine_failure_with_emr_traj/carbonZ_2018-07-30-17-20-01_engine_failure_with_emr_traj-mavros-local_position-velocity.csv,61805,0.059,2026-01-29T01:53:55,carbonZ_2018-07-30-17-20-01_engine_failure_with_emr_traj-mavros-local_position-velocity.csv,carbonZ_2018-07-30-17-20-01_engine_failure_with_emr_traj
carbonZ_2018-07-30-17-20-01_engine_failure_with_emr_traj/carbonZ_2018-07-30-17-20-01_engine_failure_with_emr_traj-mavros-nav_info-airspeed.csv,/content/gdrive/MyDrive/datasets/ALFA/processed_csv/processed/carbonZ_2018-07-30-17-20-01_engine_failure_with_emr_traj/carbonZ_2018-07-30-17-20-01_engine_failure_with_emr_traj-mavros-nav_info-airspeed.csv,136699,0.13,2026-01-29T01:53:55,carbonZ_2018-07-30-17-20-01_engine_failure_with_emr_traj-mavros-nav_info-airspeed.csv,carbonZ_2018-07-30-17-20-01_engine_failure_with_emr_traj
carbonZ_2018-07-30-17-20-01_engine_failure_with_emr_traj/carbonZ_2018-07-30-17-20-01_engine_failure_with_emr_traj-mavros-nav_info-errors.csv,/content/gdrive/MyDrive/datasets/ALFA/processed_csv/processed/carbonZ_2018-07-30-17-20-01_engine_failure_with_emr_traj/carbonZ_2018-07-30-17-20-01_engine_failure_with_emr_traj-mavros-nav_info-errors.csv,192970,0.184,2026-01-29T01:53:55,carbonZ_2018-07-30-17-20-01_engine_failure_with_emr_traj-mavros-nav_info-errors.csv,carbonZ_2018-07-30-17-20-01_engine_failure_with_emr_traj
carbonZ_2018-07-30-17-20-01_engine_failure_with_emr_traj/carbonZ_2018-07-30-17-20-01_engine_failure_with_emr_traj-mavros-nav_info-pitch.csv,/content/gdrive/MyDrive/datasets/ALFA/processed_csv/processed/carbonZ_2018-07-30-17-20-01_engine_failure_with_emr_traj/carbonZ_2018-07-30-17-20-01_engine_failure_with_emr_traj-mavros-nav_info-pitch.csv,158627,0.151,2026-01-29T01:53:55,carbonZ_2018-07-30-17-20-01_engine_failure_with_emr_traj-mavros-nav_info-pitch.csv,carbonZ_2018-07-30-17-20-01_engine_failure_with_emr_traj
carbonZ_2018-07-30-17-20-01_engine_failure_with_emr_traj/carbonZ_2018-07-30-17-20-01_engine_failure_with_emr_traj-mavros-nav_info-roll.csv,/content/gdrive/MyDrive/datasets/ALFA/processed_csv/processed/carbonZ_2018-07-30-17-20-01_engine_failure_with_emr_traj/carbonZ_2018-07-30-17-20-01_engine_failure_with_emr_traj-mavros-nav_info-roll.csv,157219,0.15,2026-01-29T01:53:55,carbonZ_2018-07-30-17-20-01_engine_failure_with_emr_traj-mavros-nav_info-roll.csv,carbonZ_2018-07-30-17-20-01_engine_failure_with_emr_traj
carbonZ_2018-07-30-17-20-01_engine_failure_with_emr_traj/carbonZ_2018-07-30-17-20-01_engine_failure_with_emr_traj-mavros-nav_info-velocity.csv,/content/gdrive/MyDrive/datasets/ALFA/processed_csv/processed/carbonZ_2018-07-30-17-20-01_engine_failure_with_emr_traj/carbonZ_2018-07-30-17-20-01_engine_failure_with_emr_traj-mavros-nav_info-velocity.csv,278788,0.266,2026-01-29T01:53:55,carbonZ_2018-07-30-17-20-01_engine_failure_with_emr_traj-mavros-nav_info-velocity.csv,carbonZ_2018-07-30-17-20-01_engine_failure_with_emr_traj
carbonZ_2018-07-30-17-20-01_engine_failure_with_emr_traj/carbonZ_2018-07-30-17-20-01_engine_failure_with_emr_traj-mavros-nav_info-yaw.csv,/content/gdrive/MyDrive/datasets/ALFA/processed_csv/processed/carbonZ_2018-07-30-17-20-01_engine_failure_with_emr_traj/carbonZ_2018-07-30-17-20-01_engine_failure_with_emr_traj-mavros-nav_info-yaw.csv,140703,0.134,2026-01-29T01:53:55,carbonZ_2018-07-30-17-20-01_engine_failure_with_emr_traj-mavros-nav_info-yaw.csv,carbonZ_2018-07-30-17-20-01_engine_failure_with_emr_traj
carbonZ_2018-07-30-17-20-01_engine_failure_with_emr_traj/carbonZ_2018-07-30-17-20-01_engine_failure_with_emr_traj-mavros-rc-in.csv,/content/gdrive/MyDrive/datasets/ALFA/processed_csv/processed/carbonZ_2018-07-30-17-20-01_engine_failure_with_emr_traj/carbonZ_2018-07-30-17-20-01_engine_failure_with_emr_traj-mavros-rc-in.csv,40273,0.038,2026-01-29T01:53:55,carbonZ_2018-07-30-17-20-01_engine_failure_with_emr_traj-mavros-rc-in.csv,carbonZ_2018-07-30-17-20-01_engine_failure_with_emr_traj
carbonZ_2018-07-30-17-20-01_engine_failure_with_emr_traj/carbonZ_2018-07-30-17-20-01_engine_failure_with_emr_traj-mavros-rc-out.csv,/content/gdrive/MyDrive/datasets/ALFA/processed_csv/processed/carbonZ_2018-07-30-17-20-01_engine_failure_with_emr_traj/carbonZ_2018-07-30-17-20-01_engine_failure_with_emr_traj-mavros-rc-out.csv,27024,0.026,2026-01-29T01:53:55,carbonZ_2018-07-30-17-20-01_engine_failure_with_emr_traj-mavros-rc-out.csv,carbonZ_2018-07-30-17-20-01_engine_failure_with_emr_traj
carbonZ_2018-07-30-17-20-01_engine_failure_with_emr_traj/carbonZ_2018-07-30-17-20-01_engine_failure_with_emr_traj-mavros-setpoint_raw-local.csv,/content/gdrive/MyDrive/datasets/ALFA/processed_csv/processed/carbonZ_2018-07-30-17-20-01_engine_failure_with_emr_traj/carbonZ_2018-07-30-17-20-01_engine_failure_with_emr_traj-mavros-setpoint_raw-local.csv,657407,0.627,2026-01-29T01:53:55,carbonZ_2018-07-30-17-20-01_engine_failure_with_emr_traj-mavros-setpoint_raw-local.csv,carbonZ_2018-07-30-17-20-01_engine_failure_with_emr_traj
carbonZ_2018-07-30-17-20-01_engine_failure_with_emr_traj/carbonZ_2018-07-30-17-20-01_engine_failure_with_emr_traj-mavros-setpoint_raw-target_global.csv,/content/gdrive/MyDrive/datasets/ALFA/processed_csv/processed/carbonZ_2018-07-30-17-20-01_engine_failure_with_emr_traj/carbonZ_2018-07-30-17-20-01_engine_failure_with_emr_traj-mavros-setpoint_raw-target_global.csv,402203,0.384,2026-01-29T01:53:55,carbonZ_2018-07-30-17-20-01_engine_failure_with_emr_traj-mavros-setpoint_raw-target_global.csv,carbonZ_2018-07-30-17-20-01_engine_failure_with_emr_traj
carbonZ_2018-07-30-17-20-01_engine_failure_with_emr_traj/carbonZ_2018-07-30-17-20-01_engine_failure_with_emr_traj-mavros-state.csv,/content/gdrive/MyDrive/datasets/ALFA/processed_csv/processed/carbonZ_2018-07-30-17-20-01_engine_failure_with_emr_traj/carbonZ_2018-07-30-17-20-01_engine_failure_with_emr_traj-mavros-state.csv,6663,0.006,2026-01-29T01:53:55,carbonZ_2018-07-30-17-20-01_engine_failure_with_emr_traj-mavros-state.csv,carbonZ_2018-07-30-17-20-01_engine_failure_with_emr_traj
carbonZ_2018-07-30-17-20-01_engine_failure_with_emr_traj/carbonZ_2018-07-30-17-20-01_engine_failure_with_emr_traj-mavros-time_reference.csv,/content/gdrive/MyDrive/datasets/ALFA/processed_csv/processed/carbonZ_2018-07-30-17-20-01_engine_failure_with_emr_traj/carbonZ_2018-07-30-17-20-01_engine_failure_with_emr_traj-mavros-time_reference.csv,15632,0.015,2026-01-29T01:53:55,carbonZ_2018-07-30-17-20-01_engine_failure_with_emr_traj-mavros-time_reference.csv,carbonZ_2018-07-30-17-20-01_engine_failure_with_emr_traj
carbonZ_2018-07-30-17-20-01_engine_failure_with_emr_traj/carbonZ_2018-07-30-17-20-01_engine_failure_with_emr_traj-mavros-vfr_hud.csv,/content/gdrive/MyDrive/datasets/ALFA/processed_csv/processed/carbonZ_2018-07-30-17-20-01_engine_failure_with_emr_traj/carbonZ_2018-07-30-17-20-01_engine_failure_with_emr_traj-mavros-vfr_hud.csv,31428,0.03,2026-01-29T01:53:55,carbonZ_2018-07-30-17-20-01_engine_failure_with_emr_traj-mavros-vfr_hud.csv,carbonZ_2018-07-30-17-20-01_engine_failure_with_emr_traj
carbonZ_2018-07-30-17-20-01_engine_failure_with_emr_traj/carbonZ_2018-07-30-17-20-01_engine_failure_with_emr_traj-mavros-wind_estimation.csv,/content/gdrive/MyDrive/datasets/ALFA/processed_csv/processed/carbonZ_2018-07-30-17-20-01_engine_failure_with_emr_traj/carbonZ_2018-07-30-17-20-01_engine_failure_with_emr_traj-mavros-wind_estimation.csv,20698,0.02,2026-01-29T01:53:55,carbonZ_2018-07-30-17-20-01_engine_failure_with_emr_traj-mavros-wind_estimation.csv,carbonZ_2018-07-30-17-20-01_engine_failure_with_emr_traj
carbonZ_2018-07-30-17-36-35_engine_failure_with_emr_traj/carbonZ_2018-07-30-17-36-35_engine_failure_with_emr_traj-diagnostics.csv,/content/gdrive/MyDrive/datasets/ALFA/processed_csv/processed/carbonZ_2018-07-30-17-36-35_engine_failure_with_emr_traj/carbonZ_2018-07-30-17-36-35_engine_failure_with_emr_traj-diagnostics.csv,157705,0.15,2026-01-29T01:53:55,carbonZ_2018-07-30-17-36-35_engine_failure_with_emr_traj-diagnostics.csv,carbonZ_2018-07-30-17-36-35_engine_failure_with_emr_traj
carbonZ_2018-07-30-17-36-35_engine_failure_with_emr_traj/carbonZ_2018-07-30-17-36-35_engine_failure_with_emr_traj-emergency_responder-traj_file.csv,/content/gdrive/MyDrive/datasets/ALFA/processed_csv/processed/carbonZ_2018-07-30-17-36-35_engine_failure_with_emr_traj/carbonZ_2018-07-30-17-36-35_engine_failure_with_emr_traj-emergency_responder-traj_file.csv,63,0.0,2026-01-29T01:53:55,carbonZ_2018-07-30-17-36-35_engine_failure_with_emr_traj-emergency_responder-traj_file.csv,carbonZ_2018-07-30-17-36-35_engine_failure_with_emr_traj
carbonZ_2018-07-30-17-36-35_engine_failure_with_emr_traj/carbonZ_2018-07-30-17-36-35_engine_failure_with_emr_traj-failure_status-engines.csv,/content/gdrive/MyDrive/datasets/ALFA/processed_csv/processed/carbonZ_2018-07-30-17-36-35_engine_failure_with_emr_traj/carbonZ_2018-07-30-17-36-35_engine_failure_with_emr_traj-failure_status-engines.csv,2613,0.002,2026-01-29T01:53:55,carbonZ_2018-07-30-17-36-35_engine_failure_with_emr_traj-failure_status-engines.csv,carbonZ_2018-07-30-17-36-35_engine_failure_with_emr_traj
carbonZ_2018-07-30-17-36-35_engine_failure_with_emr_traj/carbonZ_2018-07-30-17-36-35_engine_failure_with_emr_traj-mavctrl-path_dev.csv,/content/gdrive/MyDrive/datasets/ALFA/processed_csv/processed/carbonZ_2018-07-30-17-36-35_engine_failure_with_emr_traj/carbonZ_2018-07-30-17-36-35_engine_failure_with_emr_traj-mavctrl-path_dev.csv,408591,0.39,2026-01-29T01:53:55,carbonZ_2018-07-30-17-36-35_engine_failure_with_emr_traj-mavctrl-path_dev.csv,carbonZ_2018-07-30-17-36-35_engine_failure_with_emr_traj
carbonZ_2018-07-30-17-36-35_engine_failure_with_emr_traj/carbonZ_2018-07-30-17-36-35_engine_failure_with_emr_traj-mavctrl-rpy.csv,/content/gdrive/MyDrive/datasets/ALFA/processed_csv/processed/carbonZ_2018-07-30-17-36-35_engine_failure_with_emr_traj/carbonZ_2018-07-30-17-36-35_engine_failure_with_emr_traj-mavctrl-rpy.csv,519382,0.495,2026-01-29T01:53:55,carbonZ_2018-07-30-17-36-35_engine_failure_with_emr_traj-mavctrl-rpy.csv,carbonZ_2018-07-30-17-36-35_engine_failure_with_emr_traj
carbonZ_2018-07-30-17-36-35_engine_failure_with_emr_traj/carbonZ_2018-07-30-17-36-35_engine_failure_with_emr_traj-mavlink-from.csv,/content/gdrive/MyDrive/datasets/ALFA/processed_csv/processed/carbonZ_2018-07-30-17-36-35_engine_failure_with_emr_traj/carbonZ_2018-07-30-17-36-35_engine_failure_with_emr_traj-mavlink-from.csv,4111055,3.921,2026-01-29T01:53:55,carbonZ_2018-07-30-17-36-35_engine_failure_with_emr_traj-mavlink-from.csv,carbonZ_2018-07-30-17-36-35_engine_failure_with_emr_traj
carbonZ_2018-07-30-17-36-35_engine_failure_with_emr_traj/carbonZ_2018-07-30-17-36-35_engine_failure_with_emr_traj-mavros-battery.csv,/content/gdrive/MyDrive/datasets/ALFA/processed_csv/processed/carbonZ_2018-07-30-17-36-35_engine_failure_with_emr_traj/carbonZ_2018-07-30-17-36-35_engine_failure_with_emr_traj-mavros-battery.csv,340015,0.324,2026-01-29T01:53:55,carbonZ_2018-07-30-17-36-35_engine_failure_with_emr_traj-mavros-battery.csv,carbonZ_2018-07-30-17-36-35_engine_failure_with_emr_traj
carbonZ_2018-07-30-17-36-35_engine_failure_with_emr_traj/carbonZ_2018-07-30-17-36-35_engine_failure_with_emr_traj-mavros-global_position-compass_hdg.csv,/content/gdrive/MyDrive/datasets/ALFA/processed_csv/processed/carbonZ_2018-07-30-17-36-35_engine_failure_with_emr_traj/carbonZ_2018-07-30-17-36-35_engine_failure_with_emr_traj-mavros-global_position-compass_hdg.csv,17060,0.016,2026-01-29T01:53:55,carbonZ_2018-07-30-17-36-35_engine_failure_with_emr_traj-mavros-global_position-compass_hdg.csv,carbonZ_2018-07-30-17-36-35_engine_failure_with_emr_traj
carbonZ_2018-07-30-17-36-35_engine_failure_with_emr_traj/carbonZ_2018-07-30-17-36-35_engine_failure_with_emr_traj-mavros-global_position-global.csv,/content/gdrive/MyDrive/datasets/ALFA/processed_csv/processed/carbonZ_2018-07-30-17-36-35_engine_failure_with_emr_traj/carbonZ_2018-07-30-17-36-35_engine_failure_with_emr_traj-mavros-global_position-global.csv,106157,0.101,2026-01-29T01:53:55,carbonZ_2018-07-30-17-36-35_engine_failure_with_emr_traj-mavros-global_position-global.csv,carbonZ_2018-07-30-17-36-35_engine_failure_with_emr_traj
carbonZ_2018-07-30-17-36-35_engine_failure_with_emr_traj/carbonZ_2018-07-30-17-36-35_engine_failure_with_emr_traj-mavros-global_position-local.csv,/content/gdrive/MyDrive/datasets/ALFA/processed_csv/processed/carbonZ_2018-07-30-17-36-35_engine_failure_with_emr_traj/carbonZ_2018-07-30-17-36-35_engine_failure_with_emr_traj-mavros-global_position-local.csv,335461,0.32,2026-01-29T01:53:55,carbonZ_2018-07-30-17-36-35_engine_failure_with_emr_traj-mavros-global_position-local.csv,carbonZ_2018-07-30-17-36-35_engine_failure_with_emr_traj
carbonZ_2018-07-30-17-36-35_engine_failure_with_emr_traj/carbonZ_2018-07-30-17-36-35_engine_failure_with_emr_traj-mavros-global_position-raw-fix.csv,/content/gdrive/MyDrive/datasets/ALFA/processed_csv/processed/carbonZ_2018-07-30-17-36-35_engine_failure_with_emr_traj/carbonZ_2018-07-30-17-36-35_engine_failure_with_emr_traj-mavros-global_position-raw-fix.csv,129909,0.124,2026-01-29T01:53:56,carbonZ_2018-07-30-17-36-35_engine_failure_with_emr_traj-mavros-global_position-raw-fix.csv,carbonZ_2018-07-30-17-36-35_engine_failure_with_emr_traj
carbonZ_2018-07-30-17-36-35_engine_failure_with_emr_traj/carbonZ_2018-07-30-17-36-35_engine_failure_with_emr_traj-mavros-global_position-raw-gps_vel.csv,/content/gdrive/MyDrive/datasets/ALFA/processed_csv/processed/carbonZ_2018-07-30-17-36-35_engine_failure_with_emr_traj/carbonZ_2018-07-30-17-36-35_engine_failure_with_emr_traj-mavros-global_position-raw-gps_vel.csv,74198,0.071,2026-01-29T01:53:56,carbonZ_2018-07-30-17-36-35_engine_failure_with_emr_traj-mavros-global_position-raw-gps_vel.csv,carbonZ_2018-07-30-17-36-35_engine_failure_with_emr_traj
carbonZ_2018-07-30-17-36-35_engine_failure_with_emr_traj/carbonZ_2018-07-30-17-36-35_engine_failure_with_emr_traj-mavros-global_position-rel_alt.csv,/content/gdrive/MyDrive/datasets/ALFA/processed_csv/processed/carbonZ_2018-07-30-17-36-35_engine_failure_with_emr_traj/carbonZ_2018-07-30-17-36-35_engine_failure_with_emr_traj-mavros-global_position-rel_alt.csv,17239,0.016,2026-01-29T01:53:56,carbonZ_2018-07-30-17-36-35_engine_failure_with_emr_traj-mavros-global_position-rel_alt.csv,carbonZ_2018-07-30-17-36-35_engine_failure_with_emr_traj
carbonZ_2018-07-30-17-36-35_engine_failure_with_emr_traj/carbonZ_2018-07-30-17-36-35_engine_failure_with_emr_traj-mavros-imu-atm_pressure.csv,/content/gdrive/MyDrive/datasets/ALFA/processed_csv/processed/carbonZ_2018-07-30-17-36-35_engine_failure_with_emr_traj/carbonZ_2018-07-30-17-36-35_engine_failure_with_emr_traj-mavros-imu-atm_pressure.csv,114500,0.109,2026-01-29T01:53:56,carbonZ_2018-07-30-17-36-35_engine_failure_with_emr_traj-mavros-imu-atm_pressure.csv,carbonZ_2018-07-30-17-36-35_engine_failure_with_emr_traj
carbonZ_2018-07-30-17-36-35_engine_failure_with_emr_traj/carbonZ_2018-07-30-17-36-35_engine_failure_with_emr_traj-mavros-imu-data.csv,/content/gdrive/MyDrive/datasets/ALFA/processed_csv/processed/carbonZ_2018-07-30-17-36-35_engine_failure_with_emr_traj/carbonZ_2018-07-30-17-36-35_engine_failure_with_emr_traj-mavros-imu-data.csv,138547,0.132,2026-01-29T01:53:56,carbonZ_2018-07-30-17-36-35_engine_failure_with_emr_traj-mavros-imu-data.csv,carbonZ_2018-07-30-17-36-35_engine_failure_with_emr_traj
carbonZ_2018-07-30-17-36-35_engine_failure_with_emr_traj/carbonZ_2018-07-30-17-36-35_engine_failure_with_emr_traj-mavros-imu-data_raw.csv,/content/gdrive/MyDrive/datasets/ALFA/processed_csv/processed/carbonZ_2018-07-30-17-36-35_engine_failure_with_emr_traj/carbonZ_2018-07-30-17-36-35_engine_failure_with_emr_traj-mavros-imu-data_raw.csv,441065,0.421,2026-01-29T01:53:56,carbonZ_2018-07-30-17-36-35_engine_failure_with_emr_traj-mavros-imu-data_raw.csv,carbonZ_2018-07-30-17-36-35_engine_failure_with_emr_traj
carbonZ_2018-07-30-17-36-35_engine_failure_with_emr_traj/carbonZ_2018-07-30-17-36-35_engine_failure_with_emr_traj-mavros-imu-mag.csv,/content/gdrive/MyDrive/datasets/ALFA/processed_csv/processed/carbonZ_2018-07-30-17-36-35_engine_failure_with_emr_traj/carbonZ_2018-07-30-17-36-35_engine_failure_with_emr_traj-mavros-imu-mag.csv,190276,0.181,2026-01-29T01:53:56,carbonZ_2018-07-30-17-36-35_engine_failure_with_emr_traj-mavros-imu-mag.csv,carbonZ_2018-07-30-17-36-35_engine_failure_with_emr_traj
carbonZ_2018-07-30-17-36-35_engine_failure_with_emr_traj/carbonZ_2018-07-30-17-36-35_engine_failure_with_emr_traj-mavros-imu-temperature.csv,/content/gdrive/MyDrive/datasets/ALFA/processed_csv/processed/carbonZ_2018-07-30-17-36-35_engine_failure_with_emr_traj/carbonZ_2018-07-30-17-36-35_engine_failure_with_emr_traj-mavros-imu-temperature.csv,102014,0.097,2026-01-29T01:53:56,carbonZ_2018-07-30-17-36-35_engine_failure_with_emr_traj-mavros-imu-temperature.csv,carbonZ_2018-07-30-17-36-35_engine_failure_with_emr_traj
carbonZ_2018-07-30-17-36-35_engine_failure_with_emr_traj/carbonZ_2018-07-30-17-36-35_engine_failure_with_emr_traj-mavros-local_position-odom.csv,/content/gdrive/MyDrive/datasets/ALFA/processed_csv/processed/carbonZ_2018-07-30-17-36-35_engine_failure_with_emr_traj/carbonZ_2018-07-30-17-36-35_engine_failure_with_emr_traj-mavros-local_position-odom.csv,371792,0.355,2026-01-29T01:53:56,carbonZ_2018-07-30-17-36-35_engine_failure_with_emr_traj-mavros-local_position-odom.csv,carbonZ_2018-07-30-17-36-35_engine_failure_with_emr_traj
carbonZ_2018-07-30-17-36-35_engine_failure_with_emr_traj/carbonZ_2018-07-30-17-36-35_engine_failure_with_emr_traj-mavros-local_position-pose.csv,/content/gdrive/MyDrive/datasets/ALFA/processed_csv/processed/carbonZ_2018-07-30-17-36-35_engine_failure_with_emr_traj/carbonZ_2018-07-30-17-36-35_engine_failure_with_emr_traj-mavros-local_position-pose.csv,99947,0.095,2026-01-29T01:53:56,carbonZ_2018-07-30-17-36-35_engine_failure_with_emr_traj-mavros-local_position-pose.csv,carbonZ_2018-07-30-17-36-35_engine_failure_with_emr_traj
carbonZ_2018-07-30-17-36-35_engine_failure_with_emr_traj/carbonZ_2018-07-30-17-36-35_engine_failure_with_emr_traj-mavros-local_position-velocity.csv,/content/gdrive/MyDrive/datasets/ALFA/processed_csv/processed/carbonZ_2018-07-30-17-36-35_engine_failure_with_emr_traj/carbonZ_2018-07-30-17-36-35_engine_failure_with_emr_traj-mavros-local_position-velocity.csv,91196,0.087,2026-01-29T01:53:56,carbonZ_2018-07-30-17-36-35_engine_failure_with_emr_traj-mavros-local_position-velocity.csv,carbonZ_2018-07-30-17-36-35_engine_failure_with_emr_traj
carbonZ_2018-07-30-17-36-35_engine_failure_with_emr_traj/carbonZ_2018-07-30-17-36-35_engine_failure_with_emr_traj-mavros-nav_info-airspeed.csv,/content/gdrive/MyDrive/datasets/ALFA/processed_csv/processed/carbonZ_2018-07-30-17-36-35_engine_failure_with_emr_traj/carbonZ_2018-07-30-17-36-35_engine_failure_with_emr_traj-mavros-nav_info-airspeed.csv,199849,0.191,2026-01-29T01:53:56,carbonZ_2018-07-30-17-36-35_engine_failure_with_emr_traj-mavros-nav_info-airspeed.csv,carbonZ_2018-07-30-17-36-35_engine_failure_with_emr_traj
carbonZ_2018-07-30-17-36-35_engine_failure_with_emr_traj/carbonZ_2018-07-30-17-36-35_engine_failure_with_emr_traj-mavros-nav_info-errors.csv,/content/gdrive/MyDrive/datasets/ALFA/processed_csv/processed/carbonZ_2018-07-30-17-36-35_engine_failure_with_emr_traj/carbonZ_2018-07-30-17-36-35_engine_failure_with_emr_traj-mavros-nav_info-errors.csv,284516,0.271,2026-01-29T01:53:56,carbonZ_2018-07-30-17-36-35_engine_failure_with_emr_traj-mavros-nav_info-errors.csv,carbonZ_2018-07-30-17-36-35_engine_failure_with_emr_traj
carbonZ_2018-07-30-17-36-35_engine_failure_with_emr_traj/carbonZ_2018-07-30-17-36-35_engine_failure_with_emr_traj-mavros-nav_info-pitch.csv,/content/gdrive/MyDrive/datasets/ALFA/processed_csv/processed/carbonZ_2018-07-30-17-36-35_engine_failure_with_emr_traj/carbonZ_2018-07-30-17-36-35_engine_failure_with_emr_traj-mavros-nav_info-pitch.csv,231517,0.221,2026-01-29T01:53:56,carbonZ_2018-07-30-17-36-35_engine_failure_with_emr_traj-mavros-nav_info-pitch.csv,carbonZ_2018-07-30-17-36-35_engine_failure_with_emr_traj
carbonZ_2018-07-30-17-36-35_engine_failure_with_emr_traj/carbonZ_2018-07-30-17-36-35_engine_failure_with_emr_traj-mavros-nav_info-roll.csv,/content/gdrive/MyDrive/datasets/ALFA/processed_csv/processed/carbonZ_2018-07-30-17-36-35_engine_failure_with_emr_traj/carbonZ_2018-07-30-17-36-35_engine_failure_with_emr_traj-mavros-nav_info-roll.csv,230052,0.219,2026-01-29T01:53:56,carbonZ_2018-07-30-17-36-35_engine_failure_with_emr_traj-mavros-nav_info-roll.csv,carbonZ_2018-07-30-17-36-35_engine_failure_with_emr_traj
carbonZ_2018-07-30-17-36-35_engine_failure_with_emr_traj/carbonZ_2018-07-30-17-36-35_engine_failure_with_emr_traj-mavros-nav_info-velocity.csv,/content/gdrive/MyDrive/datasets/ALFA/processed_csv/processed/carbonZ_2018-07-30-17-36-35_engine_failure_with_emr_traj/carbonZ_2018-07-30-17-36-35_engine_failure_with_emr_traj-mavros-nav_info-velocity.csv,406312,0.387,2026-01-29T01:53:56,carbonZ_2018-07-30-17-36-35_engine_failure_with_emr_traj-mavros-nav_info-velocity.csv,carbonZ_2018-07-30-17-36-35_engine_failure_with_emr_traj
carbonZ_2018-07-30-17-36-35_engine_failure_with_emr_traj/carbonZ_2018-07-30-17-36-35_engine_failure_with_emr_traj-mavros-nav_info-yaw.csv,/content/gdrive/MyDrive/datasets/ALFA/processed_csv/processed/carbonZ_2018-07-30-17-36-35_engine_failure_with_emr_traj/carbonZ_2018-07-30-17-36-35_engine_failure_with_emr_traj-mavros-nav_info-yaw.csv,206503,0.197,2026-01-29T01:53:56,carbonZ_2018-07-30-17-36-35_engine_failure_with_emr_traj-mavros-nav_info-yaw.csv,carbonZ_2018-07-30-17-36-35_engine_failure_with_emr_traj
carbonZ_2018-07-30-17-36-35_engine_failure_with_emr_traj/carbonZ_2018-07-30-17-36-35_engine_failure_with_emr_traj-mavros-rc-in.csv,/content/gdrive/MyDrive/datasets/ALFA/processed_csv/processed/carbonZ_2018-07-30-17-36-35_engine_failure_with_emr_traj/carbonZ_2018-07-30-17-36-35_engine_failure_with_emr_traj-mavros-rc-in.csv,58223,0.056,2026-01-29T01:53:56,carbonZ_2018-07-30-17-36-35_engine_failure_with_emr_traj-mavros-rc-in.csv,carbonZ_2018-07-30-17-36-35_engine_failure_with_emr_traj
carbonZ_2018-07-30-17-36-35_engine_failure_with_emr_traj/carbonZ_2018-07-30-17-36-35_engine_failure_with_emr_traj-mavros-rc-out.csv,/content/gdrive/MyDrive/datasets/ALFA/processed_csv/processed/carbonZ_2018-07-30-17-36-35_engine_failure_with_emr_traj/carbonZ_2018-07-30-17-36-35_engine_failure_with_emr_traj-mavros-rc-out.csv,38966,0.037,2026-01-29T01:53:56,carbonZ_2018-07-30-17-36-35_engine_failure_with_emr_traj-mavros-rc-out.csv,carbonZ_2018-07-30-17-36-35_engine_failure_with_emr_traj
carbonZ_2018-07-30-17-36-35_engine_failure_with_emr_traj/carbonZ_2018-07-30-17-36-35_engine_failure_with_emr_traj-mavros-setpoint_raw-local.csv,/content/gdrive/MyDrive/datasets/ALFA/processed_csv/processed/carbonZ_2018-07-30-17-36-35_engine_failure_with_emr_traj/carbonZ_2018-07-30-17-36-35_engine_failure_with_emr_traj-mavros-setpoint_raw-local.csv,964607,0.92,2026-01-29T01:53:56,carbonZ_2018-07-30-17-36-35_engine_failure_with_emr_traj-mavros-setpoint_raw-local.csv,carbonZ_2018-07-30-17-36-35_engine_failure_with_emr_traj
carbonZ_2018-07-30-17-36-35_engine_failure_with_emr_traj/carbonZ_2018-07-30-17-36-35_engine_failure_with_emr_traj-mavros-setpoint_raw-target_global.csv,/content/gdrive/MyDrive/datasets/ALFA/processed_csv/processed/carbonZ_2018-07-30-17-36-35_engine_failure_with_emr_traj/carbonZ_2018-07-30-17-36-35_engine_failure_with_emr_traj-mavros-setpoint_raw-target_global.csv,586607,0.559,2026-01-29T01:53:56,carbonZ_2018-07-30-17-36-35_engine_failure_with_emr_traj-mavros-setpoint_raw-target_global.csv,carbonZ_2018-07-30-17-36-35_engine_failure_with_emr_traj
carbonZ_2018-07-30-17-36-35_engine_failure_with_emr_traj/carbonZ_2018-07-30-17-36-35_engine_failure_with_emr_traj-mavros-state.csv,/content/gdrive/MyDrive/datasets/ALFA/processed_csv/processed/carbonZ_2018-07-30-17-36-35_engine_failure_with_emr_traj/carbonZ_2018-07-30-17-36-35_engine_failure_with_emr_traj-mavros-state.csv,9556,0.009,2026-01-29T01:53:56,carbonZ_2018-07-30-17-36-35_engine_failure_with_emr_traj-mavros-state.csv,carbonZ_2018-07-30-17-36-35_engine_failure_with_emr_traj
carbonZ_2018-07-30-17-36-35_engine_failure_with_emr_traj/carbonZ_2018-07-30-17-36-35_engine_failure_with_emr_traj-mavros-time_reference.csv,/content/gdrive/MyDrive/datasets/ALFA/processed_csv/processed/carbonZ_2018-07-30-17-36-35_engine_failure_with_emr_traj/carbonZ_2018-07-30-17-36-35_engine_failure_with_emr_traj-mavros-time_reference.csv,22172,0.021,2026-01-29T01:53:56,carbonZ_2018-07-30-17-36-35_engine_failure_with_emr_traj-mavros-time_reference.csv,carbonZ_2018-07-30-17-36-35_engine_failure_with_emr_traj
carbonZ_2018-07-30-17-36-35_engine_failure_with_emr_traj/carbonZ_2018-07-30-17-36-35_engine_failure_with_emr_traj-mavros-vfr_hud.csv,/content/gdrive/MyDrive/datasets/ALFA/processed_csv/processed/carbonZ_2018-07-30-17-36-35_engine_failure_with_emr_traj/carbonZ_2018-07-30-17-36-35_engine_failure_with_emr_traj-mavros-vfr_hud.csv,45656,0.044,2026-01-29T01:53:56,carbonZ_2018-07-30-17-36-35_engine_failure_with_emr_traj-mavros-vfr_hud.csv,carbonZ_2018-07-30-17-36-35_engine_failure_with_emr_traj
carbonZ_2018-07-30-17-36-35_engine_failure_with_emr_traj/carbonZ_2018-07-30-17-36-35_engine_failure_with_emr_traj-mavros-wind_estimation.csv,/content/gdrive/MyDrive/datasets/ALFA/processed_csv/processed/carbonZ_2018-07-30-17-36-35_engine_failure_with_emr_traj/carbonZ_2018-07-30-17-36-35_engine_failure_with_emr_traj-mavros-wind_estimation.csv,29503,0.028,2026-01-29T01:53:56,carbonZ_2018-07-30-17-36-35_engine_failure_with_emr_traj-mavros-wind_estimation.csv,carbonZ_2018-07-30-17-36-35_engine_failure_with_emr_traj
carbonZ_2018-07-30-17-46-31_engine_failure_with_emr_traj/carbonZ_2018-07-30-17-46-31_engine_failure_with_emr_traj-diagnostics.csv,/content/gdrive/MyDrive/datasets/ALFA/processed_csv/processed/carbonZ_2018-07-30-17-46-31_engine_failure_with_emr_traj/carbonZ_2018-07-30-17-46-31_engine_failure_with_emr_traj-diagnostics.csv,115394,0.11,2026-01-29T01:53:56,carbonZ_2018-07-30-17-46-31_engine_failure_with_emr_traj-diagnostics.csv,carbonZ_2018-07-30-17-46-31_engine_failure_with_emr_traj
carbonZ_2018-07-30-17-46-31_engine_failure_with_emr_traj/carbonZ_2018-07-30-17-46-31_engine_failure_with_emr_traj-emergency_responder-traj_file.csv,/content/gdrive/MyDrive/datasets/ALFA/processed_csv/processed/carbonZ_2018-07-30-17-46-31_engine_failure_with_emr_traj/carbonZ_2018-07-30-17-46-31_engine_failure_with_emr_traj-emergency_responder-traj_file.csv,63,0.0,2026-01-29T01:53:56,carbonZ_2018-07-30-17-46-31_engine_failure_with_emr_traj-emergency_responder-traj_file.csv,carbonZ_2018-07-30-17-46-31_engine_failure_with_emr_traj
carbonZ_2018-07-30-17-46-31_engine_failure_with_emr_traj/carbonZ_2018-07-30-17-46-31_engine_failure_with_emr_traj-failure_status-engines.csv,/content/gdrive/MyDrive/datasets/ALFA/processed_csv/processed/carbonZ_2018-07-30-17-46-31_engine_failure_with_emr_traj/carbonZ_2018-07-30-17-46-31_engine_failure_with_emr_traj-failure_status-engines.csv,2481,0.002,2026-01-29T01:53:56,carbonZ_2018-07-30-17-46-31_engine_failure_with_emr_traj-failure_status-engines.csv,carbonZ_2018-07-30-17-46-31_engine_failure_with_emr_traj
carbonZ_2018-07-30-17-46-31_engine_failure_with_emr_traj/carbonZ_2018-07-30-17-46-31_engine_failure_with_emr_traj-mavctrl-path_dev.csv,/content/gdrive/MyDrive/datasets/ALFA/processed_csv/processed/carbonZ_2018-07-30-17-46-31_engine_failure_with_emr_traj/carbonZ_2018-07-30-17-46-31_engine_failure_with_emr_traj-mavctrl-path_dev.csv,296593,0.283,2026-01-29T01:53:56,carbonZ_2018-07-30-17-46-31_engine_failure_with_emr_traj-mavctrl-path_dev.csv,carbonZ_2018-07-30-17-46-31_engine_failure_with_emr_traj
carbonZ_2018-07-30-17-46-31_engine_failure_with_emr_traj/carbonZ_2018-07-30-17-46-31_engine_failure_with_emr_traj-mavctrl-rpy.csv,/content/gdrive/MyDrive/datasets/ALFA/processed_csv/processed/carbonZ_2018-07-30-17-46-31_engine_failure_with_emr_traj/carbonZ_2018-07-30-17-46-31_engine_failure_with_emr_traj-mavctrl-rpy.csv,373358,0.356,2026-01-29T01:53:56,carbonZ_2018-07-30-17-46-31_engine_failure_with_emr_traj-mavctrl-rpy.csv,carbonZ_2018-07-30-17-46-31_engine_failure_with_emr_traj
carbonZ_2018-07-30-17-46-31_engine_failure_with_emr_traj/carbonZ_2018-07-30-17-46-31_engine_failure_with_emr_traj-mavlink-from.csv,/content/gdrive/MyDrive/datasets/ALFA/processed_csv/processed/carbonZ_2018-07-30-17-46-31_engine_failure_with_emr_traj/carbonZ_2018-07-30-17-46-31_engine_failure_with_emr_traj-mavlink-from.csv,2953913,2.817,2026-01-29T01:53:56,carbonZ_2018-07-30-17-46-31_engine_failure_with_emr_traj-mavlink-from.csv,carbonZ_2018-07-30-17-46-31_engine_failure_with_emr_traj
carbonZ_2018-07-30-17-46-31_engine_failure_with_emr_traj/carbonZ_2018-07-30-17-46-31_engine_failure_with_emr_traj-mavros-battery.csv,/content/gdrive/MyDrive/datasets/ALFA/processed_csv/processed/carbonZ_2018-07-30-17-46-31_engine_failure_with_emr_traj/carbonZ_2018-07-30-17-46-31_engine_failure_with_emr_traj-mavros-battery.csv,243394,0.232,2026-01-29T01:53:56,carbonZ_2018-07-30-17-46-31_engine_failure_with_emr_traj-mavros-battery.csv,carbonZ_2018-07-30-17-46-31_engine_failure_with_emr_traj
carbonZ_2018-07-30-17-46-31_engine_failure_with_emr_traj/carbonZ_2018-07-30-17-46-31_engine_failure_with_emr_traj-mavros-global_position-compass_hdg.csv,/content/gdrive/MyDrive/datasets/ALFA/processed_csv/processed/carbonZ_2018-07-30-17-46-31_engine_failure_with_emr_traj/carbonZ_2018-07-30-17-46-31_engine_failure_with_emr_traj-mavros-global_position-compass_hdg.csv,12285,0.012,2026-01-29T01:53:56,carbonZ_2018-07-30-17-46-31_engine_failure_with_emr_traj-mavros-global_position-compass_hdg.csv,carbonZ_2018-07-30-17-46-31_engine_failure_with_emr_traj
carbonZ_2018-07-30-17-46-31_engine_failure_with_emr_traj/carbonZ_2018-07-30-17-46-31_engine_failure_with_emr_traj-mavros-global_position-global.csv,/content/gdrive/MyDrive/datasets/ALFA/processed_csv/processed/carbonZ_2018-07-30-17-46-31_engine_failure_with_emr_traj/carbonZ_2018-07-30-17-46-31_engine_failure_with_emr_traj-mavros-global_position-global.csv,76120,0.073,2026-01-29T01:53:56,carbonZ_2018-07-30-17-46-31_engine_failure_with_emr_traj-mavros-global_position-global.csv,carbonZ_2018-07-30-17-46-31_engine_failure_with_emr_traj
carbonZ_2018-07-30-17-46-31_engine_failure_with_emr_traj/carbonZ_2018-07-30-17-46-31_engine_failure_with_emr_traj-mavros-global_position-local.csv,/content/gdrive/MyDrive/datasets/ALFA/processed_csv/processed/carbonZ_2018-07-30-17-46-31_engine_failure_with_emr_traj/carbonZ_2018-07-30-17-46-31_engine_failure_with_emr_traj-mavros-global_position-local.csv,241337,0.23,2026-01-29T01:53:56,carbonZ_2018-07-30-17-46-31_engine_failure_with_emr_traj-mavros-global_position-local.csv,carbonZ_2018-07-30-17-46-31_engine_failure_with_emr_traj
carbonZ_2018-07-30-17-46-31_engine_failure_with_emr_traj/carbonZ_2018-07-30-17-46-31_engine_failure_with_emr_traj-mavros-global_position-raw-fix.csv,/content/gdrive/MyDrive/datasets/ALFA/processed_csv/processed/carbonZ_2018-07-30-17-46-31_engine_failure_with_emr_traj/carbonZ_2018-07-30-17-46-31_engine_failure_with_emr_traj-mavros-global_position-raw-fix.csv,93535,0.089,2026-01-29T01:53:56,carbonZ_2018-07-30-17-46-31_engine_failure_with_emr_traj-mavros-global_position-raw-fix.csv,carbonZ_2018-07-30-17-46-31_engine_failure_with_emr_traj
carbonZ_2018-07-30-17-46-31_engine_failure_with_emr_traj/carbonZ_2018-07-30-17-46-31_engine_failure_with_emr_traj-mavros-global_position-raw-gps_vel.csv,/content/gdrive/MyDrive/datasets/ALFA/processed_csv/processed/carbonZ_2018-07-30-17-46-31_engine_failure_with_emr_traj/carbonZ_2018-07-30-17-46-31_engine_failure_with_emr_traj-mavros-global_position-raw-gps_vel.csv,53225,0.051,2026-01-29T01:53:56,carbonZ_2018-07-30-17-46-31_engine_failure_with_emr_traj-mavros-global_position-raw-gps_vel.csv,carbonZ_2018-07-30-17-46-31_engine_failure_with_emr_traj
carbonZ_2018-07-30-17-46-31_engine_failure_with_emr_traj/carbonZ_2018-07-30-17-46-31_engine_failure_with_emr_traj-mavros-global_position-rel_alt.csv,/content/gdrive/MyDrive/datasets/ALFA/processed_csv/processed/carbonZ_2018-07-30-17-46-31_engine_failure_with_emr_traj/carbonZ_2018-07-30-17-46-31_engine_failure_with_emr_traj-mavros-global_position-rel_alt.csv,12368,0.012,2026-01-29T01:53:56,carbonZ_2018-07-30-17-46-31_engine_failure_with_emr_traj-mavros-global_position-rel_alt.csv,carbonZ_2018-07-30-17-46-31_engine_failure_with_emr_traj
carbonZ_2018-07-30-17-46-31_engine_failure_with_emr_traj/carbonZ_2018-07-30-17-46-31_engine_failure_with_emr_traj-mavros-imu-atm_pressure.csv,/content/gdrive/MyDrive/datasets/ALFA/processed_csv/processed/carbonZ_2018-07-30-17-46-31_engine_failure_with_emr_traj/carbonZ_2018-07-30-17-46-31_engine_failure_with_emr_traj-mavros-imu-atm_pressure.csv,82130,0.078,2026-01-29T01:53:56,carbonZ_2018-07-30-17-46-31_engine_failure_with_emr_traj-mavros-imu-atm_pressure.csv,carbonZ_2018-07-30-17-46-31_engine_failure_with_emr_traj
carbonZ_2018-07-30-17-46-31_engine_failure_with_emr_traj/carbonZ_2018-07-30-17-46-31_engine_failure_with_emr_traj-mavros-imu-data.csv,/content/gdrive/MyDrive/datasets/ALFA/processed_csv/processed/carbonZ_2018-07-30-17-46-31_engine_failure_with_emr_traj/carbonZ_2018-07-30-17-46-31_engine_failure_with_emr_traj-mavros-imu-data.csv,100912,0.096,2026-01-29T01:53:56,carbonZ_2018-07-30-17-46-31_engine_failure_with_emr_traj-mavros-imu-data.csv,carbonZ_2018-07-30-17-46-31_engine_failure_with_emr_traj
carbonZ_2018-07-30-17-46-31_engine_failure_with_emr_traj/carbonZ_2018-07-30-17-46-31_engine_failure_with_emr_traj-mavros-imu-data_raw.csv,/content/gdrive/MyDrive/datasets/ALFA/processed_csv/processed/carbonZ_2018-07-30-17-46-31_engine_failure_with_emr_traj/carbonZ_2018-07-30-17-46-31_engine_failure_with_emr_traj-mavros-imu-data_raw.csv,316986,0.302,2026-01-29T01:53:56,carbonZ_2018-07-30-17-46-31_engine_failure_with_emr_traj-mavros-imu-data_raw.csv,carbonZ_2018-07-30-17-46-31_engine_failure_with_emr_traj
carbonZ_2018-07-30-17-46-31_engine_failure_with_emr_traj/carbonZ_2018-07-30-17-46-31_engine_failure_with_emr_traj-mavros-imu-mag.csv,/content/gdrive/MyDrive/datasets/ALFA/processed_csv/processed/carbonZ_2018-07-30-17-46-31_engine_failure_with_emr_traj/carbonZ_2018-07-30-17-46-31_engine_failure_with_emr_traj-mavros-imu-mag.csv,136814,0.13,2026-01-29T01:53:56,carbonZ_2018-07-30-17-46-31_engine_failure_with_emr_traj-mavros-imu-mag.csv,carbonZ_2018-07-30-17-46-31_engine_failure_with_emr_traj
carbonZ_2018-07-30-17-46-31_engine_failure_with_emr_traj/carbonZ_2018-07-30-17-46-31_engine_failure_with_emr_traj-mavros-imu-temperature.csv,/content/gdrive/MyDrive/datasets/ALFA/processed_csv/processed/carbonZ_2018-07-30-17-46-31_engine_failure_with_emr_traj/carbonZ_2018-07-30-17-46-31_engine_failure_with_emr_traj-mavros-imu-temperature.csv,73181,0.07,2026-01-29T01:53:56,carbonZ_2018-07-30-17-46-31_engine_failure_with_emr_traj-mavros-imu-temperature.csv,carbonZ_2018-07-30-17-46-31_engine_failure_with_emr_traj
carbonZ_2018-07-30-17-46-31_engine_failure_with_emr_traj/carbonZ_2018-07-30-17-46-31_engine_failure_with_emr_traj-mavros-local_position-odom.csv,/content/gdrive/MyDrive/datasets/ALFA/processed_csv/processed/carbonZ_2018-07-30-17-46-31_engine_failure_with_emr_traj/carbonZ_2018-07-30-17-46-31_engine_failure_with_emr_traj-mavros-local_position-odom.csv,266750,0.254,2026-01-29T01:53:56,carbonZ_2018-07-30-17-46-31_engine_failure_with_emr_traj-mavros-local_position-odom.csv,carbonZ_2018-07-30-17-46-31_engine_failure_with_emr_traj
carbonZ_2018-07-30-17-46-31_engine_failure_with_emr_traj/carbonZ_2018-07-30-17-46-31_engine_failure_with_emr_traj-mavros-local_position-pose.csv,/content/gdrive/MyDrive/datasets/ALFA/processed_csv/processed/carbonZ_2018-07-30-17-46-31_engine_failure_with_emr_traj/carbonZ_2018-07-30-17-46-31_engine_failure_with_emr_traj-mavros-local_position-pose.csv,71340,0.068,2026-01-29T01:53:56,carbonZ_2018-07-30-17-46-31_engine_failure_with_emr_traj-mavros-local_position-pose.csv,carbonZ_2018-07-30-17-46-31_engine_failure_with_emr_traj
carbonZ_2018-07-30-17-46-31_engine_failure_with_emr_traj/carbonZ_2018-07-30-17-46-31_engine_failure_with_emr_traj-mavros-local_position-velocity.csv,/content/gdrive/MyDrive/datasets/ALFA/processed_csv/processed/carbonZ_2018-07-30-17-46-31_engine_failure_with_emr_traj/carbonZ_2018-07-30-17-46-31_engine_failure_with_emr_traj-mavros-local_position-velocity.csv,65073,0.062,2026-01-29T01:53:56,carbonZ_2018-07-30-17-46-31_engine_failure_with_emr_traj-mavros-local_position-velocity.csv,carbonZ_2018-07-30-17-46-31_engine_failure_with_emr_traj
carbonZ_2018-07-30-17-46-31_engine_failure_with_emr_traj/carbonZ_2018-07-30-17-46-31_engine_failure_with_emr_traj-mavros-nav_info-airspeed.csv,/content/gdrive/MyDrive/datasets/ALFA/processed_csv/processed/carbonZ_2018-07-30-17-46-31_engine_failure_with_emr_traj/carbonZ_2018-07-30-17-46-31_engine_failure_with_emr_traj-mavros-nav_info-airspeed.csv,142520,0.136,2026-01-29T01:53:56,carbonZ_2018-07-30-17-46-31_engine_failure_with_emr_traj-mavros-nav_info-airspeed.csv,carbonZ_2018-07-30-17-46-31_engine_failure_with_emr_traj
carbonZ_2018-07-30-17-46-31_engine_failure_with_emr_traj/carbonZ_2018-07-30-17-46-31_engine_failure_with_emr_traj-mavros-nav_info-errors.csv,/content/gdrive/MyDrive/datasets/ALFA/processed_csv/processed/carbonZ_2018-07-30-17-46-31_engine_failure_with_emr_traj/carbonZ_2018-07-30-17-46-31_engine_failure_with_emr_traj-mavros-nav_info-errors.csv,203941,0.194,2026-01-29T01:53:56,carbonZ_2018-07-30-17-46-31_engine_failure_with_emr_traj-mavros-nav_info-errors.csv,carbonZ_2018-07-30-17-46-31_engine_failure_with_emr_traj
carbonZ_2018-07-30-17-46-31_engine_failure_with_emr_traj/carbonZ_2018-07-30-17-46-31_engine_failure_with_emr_traj-mavros-nav_info-pitch.csv,/content/gdrive/MyDrive/datasets/ALFA/processed_csv/processed/carbonZ_2018-07-30-17-46-31_engine_failure_with_emr_traj/carbonZ_2018-07-30-17-46-31_engine_failure_with_emr_traj-mavros-nav_info-pitch.csv,165891,0.158,2026-01-29T01:53:56,carbonZ_2018-07-30-17-46-31_engine_failure_with_emr_traj-mavros-nav_info-pitch.csv,carbonZ_2018-07-30-17-46-31_engine_failure_with_emr_traj
carbonZ_2018-07-30-17-46-31_engine_failure_with_emr_traj/carbonZ_2018-07-30-17-46-31_engine_failure_with_emr_traj-mavros-nav_info-roll.csv,/content/gdrive/MyDrive/datasets/ALFA/processed_csv/processed/carbonZ_2018-07-30-17-46-31_engine_failure_with_emr_traj/carbonZ_2018-07-30-17-46-31_engine_failure_with_emr_traj-mavros-nav_info-roll.csv,164650,0.157,2026-01-29T01:53:56,carbonZ_2018-07-30-17-46-31_engine_failure_with_emr_traj-mavros-nav_info-roll.csv,carbonZ_2018-07-30-17-46-31_engine_failure_with_emr_traj
carbonZ_2018-07-30-17-46-31_engine_failure_with_emr_traj/carbonZ_2018-07-30-17-46-31_engine_failure_with_emr_traj-mavros-nav_info-velocity.csv,/content/gdrive/MyDrive/datasets/ALFA/processed_csv/processed/carbonZ_2018-07-30-17-46-31_engine_failure_with_emr_traj/carbonZ_2018-07-30-17-46-31_engine_failure_with_emr_traj-mavros-nav_info-velocity.csv,290865,0.277,2026-01-29T01:53:57,carbonZ_2018-07-30-17-46-31_engine_failure_with_emr_traj-mavros-nav_info-velocity.csv,carbonZ_2018-07-30-17-46-31_engine_failure_with_emr_traj
carbonZ_2018-07-30-17-46-31_engine_failure_with_emr_traj/carbonZ_2018-07-30-17-46-31_engine_failure_with_emr_traj-mavros-nav_info-yaw.csv,/content/gdrive/MyDrive/datasets/ALFA/processed_csv/processed/carbonZ_2018-07-30-17-46-31_engine_failure_with_emr_traj/carbonZ_2018-07-30-17-46-31_engine_failure_with_emr_traj-mavros-nav_info-yaw.csv,148021,0.141,2026-01-29T01:53:57,carbonZ_2018-07-30-17-46-31_engine_failure_with_emr_traj-mavros-nav_info-yaw.csv,carbonZ_2018-07-30-17-46-31_engine_failure_with_emr_traj
carbonZ_2018-07-30-17-46-31_engine_failure_with_emr_traj/carbonZ_2018-07-30-17-46-31_engine_failure_with_emr_traj-mavros-rc-in.csv,/content/gdrive/MyDrive/datasets/ALFA/processed_csv/processed/carbonZ_2018-07-30-17-46-31_engine_failure_with_emr_traj/carbonZ_2018-07-30-17-46-31_engine_failure_with_emr_traj-mavros-rc-in.csv,42501,0.041,2026-01-29T01:53:57,carbonZ_2018-07-30-17-46-31_engine_failure_with_emr_traj-mavros-rc-in.csv,carbonZ_2018-07-30-17-46-31_engine_failure_with_emr_traj
carbonZ_2018-07-30-17-46-31_engine_failure_with_emr_traj/carbonZ_2018-07-30-17-46-31_engine_failure_with_emr_traj-mavros-rc-out.csv,/content/gdrive/MyDrive/datasets/ALFA/processed_csv/processed/carbonZ_2018-07-30-17-46-31_engine_failure_with_emr_traj/carbonZ_2018-07-30-17-46-31_engine_failure_with_emr_traj-mavros-rc-out.csv,28412,0.027,2026-01-29T01:53:57,carbonZ_2018-07-30-17-46-31_engine_failure_with_emr_traj-mavros-rc-out.csv,carbonZ_2018-07-30-17-46-31_engine_failure_with_emr_traj
carbonZ_2018-07-30-17-46-31_engine_failure_with_emr_traj/carbonZ_2018-07-30-17-46-31_engine_failure_with_emr_traj-mavros-setpoint_raw-local.csv,/content/gdrive/MyDrive/datasets/ALFA/processed_csv/processed/carbonZ_2018-07-30-17-46-31_engine_failure_with_emr_traj/carbonZ_2018-07-30-17-46-31_engine_failure_with_emr_traj-mavros-setpoint_raw-local.csv,694163,0.662,2026-01-29T01:53:57,carbonZ_2018-07-30-17-46-31_engine_failure_with_emr_traj-mavros-setpoint_raw-local.csv,carbonZ_2018-07-30-17-46-31_engine_failure_with_emr_traj
carbonZ_2018-07-30-17-46-31_engine_failure_with_emr_traj/carbonZ_2018-07-30-17-46-31_engine_failure_with_emr_traj-mavros-setpoint_raw-target_global.csv,/content/gdrive/MyDrive/datasets/ALFA/processed_csv/processed/carbonZ_2018-07-30-17-46-31_engine_failure_with_emr_traj/carbonZ_2018-07-30-17-46-31_engine_failure_with_emr_traj-mavros-setpoint_raw-target_global.csv,419808,0.4,2026-01-29T01:53:57,carbonZ_2018-07-30-17-46-31_engine_failure_with_emr_traj-mavros-setpoint_raw-target_global.csv,carbonZ_2018-07-30-17-46-31_engine_failure_with_emr_traj
carbonZ_2018-07-30-17-46-31_engine_failure_with_emr_traj/carbonZ_2018-07-30-17-46-31_engine_failure_with_emr_traj-mavros-state.csv,/content/gdrive/MyDrive/datasets/ALFA/processed_csv/processed/carbonZ_2018-07-30-17-46-31_engine_failure_with_emr_traj/carbonZ_2018-07-30-17-46-31_engine_failure_with_emr_traj-mavros-state.csv,6916,0.007,2026-01-29T01:53:57,carbonZ_2018-07-30-17-46-31_engine_failure_with_emr_traj-mavros-state.csv,carbonZ_2018-07-30-17-46-31_engine_failure_with_emr_traj
carbonZ_2018-07-30-17-46-31_engine_failure_with_emr_traj/carbonZ_2018-07-30-17-46-31_engine_failure_with_emr_traj-mavros-time_reference.csv,/content/gdrive/MyDrive/datasets/ALFA/processed_csv/processed/carbonZ_2018-07-30-17-46-31_engine_failure_with_emr_traj/carbonZ_2018-07-30-17-46-31_engine_failure_with_emr_traj-mavros-time_reference.csv,16169,0.015,2026-01-29T01:53:57,carbonZ_2018-07-30-17-46-31_engine_failure_with_emr_traj-mavros-time_reference.csv,carbonZ_2018-07-30-17-46-31_engine_failure_with_emr_traj
carbonZ_2018-07-30-17-46-31_engine_failure_with_emr_traj/carbonZ_2018-07-30-17-46-31_engine_failure_with_emr_traj-mavros-vfr_hud.csv,/content/gdrive/MyDrive/datasets/ALFA/processed_csv/processed/carbonZ_2018-07-30-17-46-31_engine_failure_with_emr_traj/carbonZ_2018-07-30-17-46-31_engine_failure_with_emr_traj-mavros-vfr_hud.csv,33159,0.032,2026-01-29T01:53:57,carbonZ_2018-07-30-17-46-31_engine_failure_with_emr_traj-mavros-vfr_hud.csv,carbonZ_2018-07-30-17-46-31_engine_failure_with_emr_traj
carbonZ_2018-07-30-17-46-31_engine_failure_with_emr_traj/carbonZ_2018-07-30-17-46-31_engine_failure_with_emr_traj-mavros-wind_estimation.csv,/content/gdrive/MyDrive/datasets/ALFA/processed_csv/processed/carbonZ_2018-07-30-17-46-31_engine_failure_with_emr_traj/carbonZ_2018-07-30-17-46-31_engine_failure_with_emr_traj-mavros-wind_estimation.csv,21567,0.021,2026-01-29T01:53:57,carbonZ_2018-07-30-17-46-31_engine_failure_with_emr_traj-mavros-wind_estimation.csv,carbonZ_2018-07-30-17-46-31_engine_failure_with_emr_traj
carbonZ_2018-09-11-11-56-30_engine_failure/carbonZ_2018-09-11-11-56-30_engine_failure-diagnostics.csv,/content/gdrive/MyDrive/datasets/ALFA/processed_csv/processed/carbonZ_2018-09-11-11-56-30_engine_failure/carbonZ_2018-09-11-11-56-30_engine_failure-diagnostics.csv,126967,0.121,2026-01-29T01:53:57,carbonZ_2018-09-11-11-56-30_engine_failure-diagnostics.csv,carbonZ_2018-09-11-11-56-30_engine_failure
carbonZ_2018-09-11-11-56-30_engine_failure/carbonZ_2018-09-11-11-56-30_engine_failure-failure_status-engines.csv,/content/gdrive/MyDrive/datasets/ALFA/processed_csv/processed/carbonZ_2018-09-11-11-56-30_engine_failure/carbonZ_2018-09-11-11-56-30_engine_failure-failure_status-engines.csv,941,0.001,2026-01-29T01:53:57,carbonZ_2018-09-11-11-56-30_engine_failure-failure_status-engines.csv,carbonZ_2018-09-11-11-56-30_engine_failure
carbonZ_2018-09-11-11-56-30_engine_failure/carbonZ_2018-09-11-11-56-30_engine_failure-mavctrl-path_dev.csv,/content/gdrive/MyDrive/datasets/ALFA/processed_csv/processed/carbonZ_2018-09-11-11-56-30_engine_failure/carbonZ_2018-09-11-11-56-30_engine_failure-mavctrl-path_dev.csv,328271,0.313,2026-01-29T01:53:57,carbonZ_2018-09-11-11-56-30_engine_failure-mavctrl-path_dev.csv,carbonZ_2018-09-11-11-56-30_engine_failure
carbonZ_2018-09-11-11-56-30_engine_failure/carbonZ_2018-09-11-11-56-30_engine_failure-mavctrl-rpy.csv,/content/gdrive/MyDrive/datasets/ALFA/processed_csv/processed/carbonZ_2018-09-11-11-56-30_engine_failure/carbonZ_2018-09-11-11-56-30_engine_failure-mavctrl-rpy.csv,412055,0.393,2026-01-29T01:53:57,carbonZ_2018-09-11-11-56-30_engine_failure-mavctrl-rpy.csv,carbonZ_2018-09-11-11-56-30_engine_failure
carbonZ_2018-09-11-11-56-30_engine_failure/carbonZ_2018-09-11-11-56-30_engine_failure-mavlink-from.csv,/content/gdrive/MyDrive/datasets/ALFA/processed_csv/processed/carbonZ_2018-09-11-11-56-30_engine_failure/carbonZ_2018-09-11-11-56-30_engine_failure-mavlink-from.csv,3277826,3.126,2026-01-29T01:53:57,carbonZ_2018-09-11-11-56-30_engine_failure-mavlink-from.csv,carbonZ_2018-09-11-11-56-30_engine_failure
carbonZ_2018-09-11-11-56-30_engine_failure/carbonZ_2018-09-11-11-56-30_engine_failure-mavros-battery.csv,/content/gdrive/MyDrive/datasets/ALFA/processed_csv/processed/carbonZ_2018-09-11-11-56-30_engine_failure/carbonZ_2018-09-11-11-56-30_engine_failure-mavros-battery.csv,274826,0.262,2026-01-29T01:53:57,carbonZ_2018-09-11-11-56-30_engine_failure-mavros-battery.csv,carbonZ_2018-09-11-11-56-30_engine_failure
carbonZ_2018-09-11-11-56-30_engine_failure/carbonZ_2018-09-11-11-56-30_engine_failure-mavros-global_position-compass_hdg.csv,/content/gdrive/MyDrive/datasets/ALFA/processed_csv/processed/carbonZ_2018-09-11-11-56-30_engine_failure/carbonZ_2018-09-11-11-56-30_engine_failure-mavros-global_position-compass_hdg.csv,13574,0.013,2026-01-29T01:53:57,carbonZ_2018-09-11-11-56-30_engine_failure-mavros-global_position-compass_hdg.csv,carbonZ_2018-09-11-11-56-30_engine_failure
carbonZ_2018-09-11-11-56-30_engine_failure/carbonZ_2018-09-11-11-56-30_engine_failure-mavros-global_position-global.csv,/content/gdrive/MyDrive/datasets/ALFA/processed_csv/processed/carbonZ_2018-09-11-11-56-30_engine_failure/carbonZ_2018-09-11-11-56-30_engine_failure-mavros-global_position-global.csv,84828,0.081,2026-01-29T01:53:57,carbonZ_2018-09-11-11-56-30_engine_failure-mavros-global_position-global.csv,carbonZ_2018-09-11-11-56-30_engine_failure
carbonZ_2018-09-11-11-56-30_engine_failure/carbonZ_2018-09-11-11-56-30_engine_failure-mavros-global_position-local.csv,/content/gdrive/MyDrive/datasets/ALFA/processed_csv/processed/carbonZ_2018-09-11-11-56-30_engine_failure/carbonZ_2018-09-11-11-56-30_engine_failure-mavros-global_position-local.csv,268671,0.256,2026-01-29T01:53:57,carbonZ_2018-09-11-11-56-30_engine_failure-mavros-global_position-local.csv,carbonZ_2018-09-11-11-56-30_engine_failure
carbonZ_2018-09-11-11-56-30_engine_failure/carbonZ_2018-09-11-11-56-30_engine_failure-mavros-global_position-raw-fix.csv,/content/gdrive/MyDrive/datasets/ALFA/processed_csv/processed/carbonZ_2018-09-11-11-56-30_engine_failure/carbonZ_2018-09-11-11-56-30_engine_failure-mavros-global_position-raw-fix.csv,102989,0.098,2026-01-29T01:53:57,carbonZ_2018-09-11-11-56-30_engine_failure-mavros-global_position-raw-fix.csv,carbonZ_2018-09-11-11-56-30_engine_failure
carbonZ_2018-09-11-11-56-30_engine_failure/carbonZ_2018-09-11-11-56-30_engine_failure-mavros-global_position-raw-gps_vel.csv,/content/gdrive/MyDrive/datasets/ALFA/processed_csv/processed/carbonZ_2018-09-11-11-56-30_engine_failure/carbonZ_2018-09-11-11-56-30_engine_failure-mavros-global_position-raw-gps_vel.csv,58828,0.056,2026-01-29T01:53:57,carbonZ_2018-09-11-11-56-30_engine_failure-mavros-global_position-raw-gps_vel.csv,carbonZ_2018-09-11-11-56-30_engine_failure
carbonZ_2018-09-11-11-56-30_engine_failure/carbonZ_2018-09-11-11-56-30_engine_failure-mavros-global_position-rel_alt.csv,/content/gdrive/MyDrive/datasets/ALFA/processed_csv/processed/carbonZ_2018-09-11-11-56-30_engine_failure/carbonZ_2018-09-11-11-56-30_engine_failure-mavros-global_position-rel_alt.csv,13778,0.013,2026-01-29T01:53:57,carbonZ_2018-09-11-11-56-30_engine_failure-mavros-global_position-rel_alt.csv,carbonZ_2018-09-11-11-56-30_engine_failure
carbonZ_2018-09-11-11-56-30_engine_failure/carbonZ_2018-09-11-11-56-30_engine_failure-mavros-imu-atm_pressure.csv,/content/gdrive/MyDrive/datasets/ALFA/processed_csv/processed/carbonZ_2018-09-11-11-56-30_engine_failure/carbonZ_2018-09-11-11-56-30_engine_failure-mavros-imu-atm_pressure.csv,90769,0.087,2026-01-29T01:53:57,carbonZ_2018-09-11-11-56-30_engine_failure-mavros-imu-atm_pressure.csv,carbonZ_2018-09-11-11-56-30_engine_failure
carbonZ_2018-09-11-11-56-30_engine_failure/carbonZ_2018-09-11-11-56-30_engine_failure-mavros-imu-data.csv,/content/gdrive/MyDrive/datasets/ALFA/processed_csv/processed/carbonZ_2018-09-11-11-56-30_engine_failure/carbonZ_2018-09-11-11-56-30_engine_failure-mavros-imu-data.csv,114178,0.109,2026-01-29T01:53:57,carbonZ_2018-09-11-11-56-30_engine_failure-mavros-imu-data.csv,carbonZ_2018-09-11-11-56-30_engine_failure
carbonZ_2018-09-11-11-56-30_engine_failure/carbonZ_2018-09-11-11-56-30_engine_failure-mavros-imu-data_raw.csv,/content/gdrive/MyDrive/datasets/ALFA/processed_csv/processed/carbonZ_2018-09-11-11-56-30_engine_failure/carbonZ_2018-09-11-11-56-30_engine_failure-mavros-imu-data_raw.csv,349373,0.333,2026-01-29T01:53:57,carbonZ_2018-09-11-11-56-30_engine_failure-mavros-imu-data_raw.csv,carbonZ_2018-09-11-11-56-30_engine_failure
carbonZ_2018-09-11-11-56-30_engine_failure/carbonZ_2018-09-11-11-56-30_engine_failure-mavros-imu-mag.csv,/content/gdrive/MyDrive/datasets/ALFA/processed_csv/processed/carbonZ_2018-09-11-11-56-30_engine_failure/carbonZ_2018-09-11-11-56-30_engine_failure-mavros-imu-mag.csv,151199,0.144,2026-01-29T01:53:57,carbonZ_2018-09-11-11-56-30_engine_failure-mavros-imu-mag.csv,carbonZ_2018-09-11-11-56-30_engine_failure
carbonZ_2018-09-11-11-56-30_engine_failure/carbonZ_2018-09-11-11-56-30_engine_failure-mavros-imu-temperature.csv,/content/gdrive/MyDrive/datasets/ALFA/processed_csv/processed/carbonZ_2018-09-11-11-56-30_engine_failure/carbonZ_2018-09-11-11-56-30_engine_failure-mavros-imu-temperature.csv,80840,0.077,2026-01-29T01:53:57,carbonZ_2018-09-11-11-56-30_engine_failure-mavros-imu-temperature.csv,carbonZ_2018-09-11-11-56-30_engine_failure
carbonZ_2018-09-11-11-56-30_engine_failure/carbonZ_2018-09-11-11-56-30_engine_failure-mavros-local_position-odom.csv,/content/gdrive/MyDrive/datasets/ALFA/processed_csv/processed/carbonZ_2018-09-11-11-56-30_engine_failure/carbonZ_2018-09-11-11-56-30_engine_failure-mavros-local_position-odom.csv,297119,0.283,2026-01-29T01:53:57,carbonZ_2018-09-11-11-56-30_engine_failure-mavros-local_position-odom.csv,carbonZ_2018-09-11-11-56-30_engine_failure
carbonZ_2018-09-11-11-56-30_engine_failure/carbonZ_2018-09-11-11-56-30_engine_failure-mavros-local_position-pose.csv,/content/gdrive/MyDrive/datasets/ALFA/processed_csv/processed/carbonZ_2018-09-11-11-56-30_engine_failure/carbonZ_2018-09-11-11-56-30_engine_failure-mavros-local_position-pose.csv,80185,0.076,2026-01-29T01:53:57,carbonZ_2018-09-11-11-56-30_engine_failure-mavros-local_position-pose.csv,carbonZ_2018-09-11-11-56-30_engine_failure
carbonZ_2018-09-11-11-56-30_engine_failure/carbonZ_2018-09-11-11-56-30_engine_failure-mavros-local_position-velocity.csv,/content/gdrive/MyDrive/datasets/ALFA/processed_csv/processed/carbonZ_2018-09-11-11-56-30_engine_failure/carbonZ_2018-09-11-11-56-30_engine_failure-mavros-local_position-velocity.csv,72709,0.069,2026-01-29T01:53:57,carbonZ_2018-09-11-11-56-30_engine_failure-mavros-local_position-velocity.csv,carbonZ_2018-09-11-11-56-30_engine_failure
carbonZ_2018-09-11-11-56-30_engine_failure/carbonZ_2018-09-11-11-56-30_engine_failure-mavros-nav_info-airspeed.csv,/content/gdrive/MyDrive/datasets/ALFA/processed_csv/processed/carbonZ_2018-09-11-11-56-30_engine_failure/carbonZ_2018-09-11-11-56-30_engine_failure-mavros-nav_info-airspeed.csv,137810,0.131,2026-01-29T01:53:57,carbonZ_2018-09-11-11-56-30_engine_failure-mavros-nav_info-airspeed.csv,carbonZ_2018-09-11-11-56-30_engine_failure
carbonZ_2018-09-11-11-56-30_engine_failure/carbonZ_2018-09-11-11-56-30_engine_failure-mavros-nav_info-errors.csv,/content/gdrive/MyDrive/datasets/ALFA/processed_csv/processed/carbonZ_2018-09-11-11-56-30_engine_failure/carbonZ_2018-09-11-11-56-30_engine_failure-mavros-nav_info-errors.csv,228443,0.218,2026-01-29T01:53:57,carbonZ_2018-09-11-11-56-30_engine_failure-mavros-nav_info-errors.csv,carbonZ_2018-09-11-11-56-30_engine_failure
carbonZ_2018-09-11-11-56-30_engine_failure/carbonZ_2018-09-11-11-56-30_engine_failure-mavros-nav_info-pitch.csv,/content/gdrive/MyDrive/datasets/ALFA/processed_csv/processed/carbonZ_2018-09-11-11-56-30_engine_failure/carbonZ_2018-09-11-11-56-30_engine_failure-mavros-nav_info-pitch.csv,187140,0.178,2026-01-29T01:53:57,carbonZ_2018-09-11-11-56-30_engine_failure-mavros-nav_info-pitch.csv,carbonZ_2018-09-11-11-56-30_engine_failure
carbonZ_2018-09-11-11-56-30_engine_failure/carbonZ_2018-09-11-11-56-30_engine_failure-mavros-nav_info-roll.csv,/content/gdrive/MyDrive/datasets/ALFA/processed_csv/processed/carbonZ_2018-09-11-11-56-30_engine_failure/carbonZ_2018-09-11-11-56-30_engine_failure-mavros-nav_info-roll.csv,184061,0.176,2026-01-29T01:53:57,carbonZ_2018-09-11-11-56-30_engine_failure-mavros-nav_info-roll.csv,carbonZ_2018-09-11-11-56-30_engine_failure
carbonZ_2018-09-11-11-56-30_engine_failure/carbonZ_2018-09-11-11-56-30_engine_failure-mavros-nav_info-velocity.csv,/content/gdrive/MyDrive/datasets/ALFA/processed_csv/processed/carbonZ_2018-09-11-11-56-30_engine_failure/carbonZ_2018-09-11-11-56-30_engine_failure-mavros-nav_info-velocity.csv,327116,0.312,2026-01-29T01:53:57,carbonZ_2018-09-11-11-56-30_engine_failure-mavros-nav_info-velocity.csv,carbonZ_2018-09-11-11-56-30_engine_failure
carbonZ_2018-09-11-11-56-30_engine_failure/carbonZ_2018-09-11-11-56-30_engine_failure-mavros-nav_info-yaw.csv,/content/gdrive/MyDrive/datasets/ALFA/processed_csv/processed/carbonZ_2018-09-11-11-56-30_engine_failure/carbonZ_2018-09-11-11-56-30_engine_failure-mavros-nav_info-yaw.csv,165534,0.158,2026-01-29T01:53:57,carbonZ_2018-09-11-11-56-30_engine_failure-mavros-nav_info-yaw.csv,carbonZ_2018-09-11-11-56-30_engine_failure
carbonZ_2018-09-11-11-56-30_engine_failure/carbonZ_2018-09-11-11-56-30_engine_failure-mavros-rc-in.csv,/content/gdrive/MyDrive/datasets/ALFA/processed_csv/processed/carbonZ_2018-09-11-11-56-30_engine_failure/carbonZ_2018-09-11-11-56-30_engine_failure-mavros-rc-in.csv,47825,0.046,2026-01-29T01:53:57,carbonZ_2018-09-11-11-56-30_engine_failure-mavros-rc-in.csv,carbonZ_2018-09-11-11-56-30_engine_failure
carbonZ_2018-09-11-11-56-30_engine_failure/carbonZ_2018-09-11-11-56-30_engine_failure-mavros-rc-out.csv,/content/gdrive/MyDrive/datasets/ALFA/processed_csv/processed/carbonZ_2018-09-11-11-56-30_engine_failure/carbonZ_2018-09-11-11-56-30_engine_failure-mavros-rc-out.csv,32098,0.031,2026-01-29T01:53:57,carbonZ_2018-09-11-11-56-30_engine_failure-mavros-rc-out.csv,carbonZ_2018-09-11-11-56-30_engine_failure
carbonZ_2018-09-11-11-56-30_engine_failure/carbonZ_2018-09-11-11-56-30_engine_failure-mavros-setpoint_raw-local.csv,/content/gdrive/MyDrive/datasets/ALFA/processed_csv/processed/carbonZ_2018-09-11-11-56-30_engine_failure/carbonZ_2018-09-11-11-56-30_engine_failure-mavros-setpoint_raw-local.csv,771091,0.735,2026-01-29T01:53:57,carbonZ_2018-09-11-11-56-30_engine_failure-mavros-setpoint_raw-local.csv,carbonZ_2018-09-11-11-56-30_engine_failure
carbonZ_2018-09-11-11-56-30_engine_failure/carbonZ_2018-09-11-11-56-30_engine_failure-mavros-setpoint_raw-target_global.csv,/content/gdrive/MyDrive/datasets/ALFA/processed_csv/processed/carbonZ_2018-09-11-11-56-30_engine_failure/carbonZ_2018-09-11-11-56-30_engine_failure-mavros-setpoint_raw-target_global.csv,430329,0.41,2026-01-29T01:53:57,carbonZ_2018-09-11-11-56-30_engine_failure-mavros-setpoint_raw-target_global.csv,carbonZ_2018-09-11-11-56-30_engine_failure
carbonZ_2018-09-11-11-56-30_engine_failure/carbonZ_2018-09-11-11-56-30_engine_failure-mavros-state.csv,/content/gdrive/MyDrive/datasets/ALFA/processed_csv/processed/carbonZ_2018-09-11-11-56-30_engine_failure/carbonZ_2018-09-11-11-56-30_engine_failure-mavros-state.csv,7636,0.007,2026-01-29T01:53:57,carbonZ_2018-09-11-11-56-30_engine_failure-mavros-state.csv,carbonZ_2018-09-11-11-56-30_engine_failure
carbonZ_2018-09-11-11-56-30_engine_failure/carbonZ_2018-09-11-11-56-30_engine_failure-mavros-time_reference.csv,/content/gdrive/MyDrive/datasets/ALFA/processed_csv/processed/carbonZ_2018-09-11-11-56-30_engine_failure/carbonZ_2018-09-11-11-56-30_engine_failure-mavros-time_reference.csv,18572,0.018,2026-01-29T01:53:57,carbonZ_2018-09-11-11-56-30_engine_failure-mavros-time_reference.csv,carbonZ_2018-09-11-11-56-30_engine_failure
carbonZ_2018-09-11-11-56-30_engine_failure/carbonZ_2018-09-11-11-56-30_engine_failure-mavros-vfr_hud.csv,/content/gdrive/MyDrive/datasets/ALFA/processed_csv/processed/carbonZ_2018-09-11-11-56-30_engine_failure/carbonZ_2018-09-11-11-56-30_engine_failure-mavros-vfr_hud.csv,34661,0.033,2026-01-29T01:53:57,carbonZ_2018-09-11-11-56-30_engine_failure-mavros-vfr_hud.csv,carbonZ_2018-09-11-11-56-30_engine_failure
carbonZ_2018-09-11-11-56-30_engine_failure/carbonZ_2018-09-11-11-56-30_engine_failure-mavros-wind_estimation.csv,/content/gdrive/MyDrive/datasets/ALFA/processed_csv/processed/carbonZ_2018-09-11-11-56-30_engine_failure/carbonZ_2018-09-11-11-56-30_engine_failure-mavros-wind_estimation.csv,24422,0.023,2026-01-29T01:53:57,carbonZ_2018-09-11-11-56-30_engine_failure-mavros-wind_estimation.csv,carbonZ_2018-09-11-11-56-30_engine_failure
carbonZ_2018-09-11-14-16-55_no_failure/carbonZ_2018-09-11-14-16-55_no_failure-diagnostics.csv,/content/gdrive/MyDrive/datasets/ALFA/processed_csv/processed/carbonZ_2018-09-11-14-16-55_no_failure/carbonZ_2018-09-11-14-16-55_no_failure-diagnostics.csv,37744,0.036,2026-01-29T01:53:57,carbonZ_2018-09-11-14-16-55_no_failure-diagnostics.csv,carbonZ_2018-09-11-14-16-55_no_failure
carbonZ_2018-09-11-14-16-55_no_failure/carbonZ_2018-09-11-14-16-55_no_failure-mavlink-from.csv,/content/gdrive/MyDrive/datasets/ALFA/processed_csv/processed/carbonZ_2018-09-11-14-16-55_no_failure/carbonZ_2018-09-11-14-16-55_no_failure-mavlink-from.csv,902534,0.861,2026-01-29T01:53:58,carbonZ_2018-09-11-14-16-55_no_failure-mavlink-from.csv,carbonZ_2018-09-11-14-16-55_no_failure
carbonZ_2018-09-11-14-16-55_no_failure/carbonZ_2018-09-11-14-16-55_no_failure-mavros-battery.csv,/content/gdrive/MyDrive/datasets/ALFA/processed_csv/processed/carbonZ_2018-09-11-14-16-55_no_failure/carbonZ_2018-09-11-14-16-55_no_failure-mavros-battery.csv,74702,0.071,2026-01-29T01:53:57,carbonZ_2018-09-11-14-16-55_no_failure-mavros-battery.csv,carbonZ_2018-09-11-14-16-55_no_failure
carbonZ_2018-09-11-14-16-55_no_failure/carbonZ_2018-09-11-14-16-55_no_failure-mavros-global_position-compass_hdg.csv,/content/gdrive/MyDrive/datasets/ALFA/processed_csv/processed/carbonZ_2018-09-11-14-16-55_no_failure/carbonZ_2018-09-11-14-16-55_no_failure-mavros-global_position-compass_hdg.csv,3716,0.004,2026-01-29T01:53:57,carbonZ_2018-09-11-14-16-55_no_failure-mavros-global_position-compass_hdg.csv,carbonZ_2018-09-11-14-16-55_no_failure
carbonZ_2018-09-11-14-16-55_no_failure/carbonZ_2018-09-11-14-16-55_no_failure-mavros-global_position-global.csv,/content/gdrive/MyDrive/datasets/ALFA/processed_csv/processed/carbonZ_2018-09-11-14-16-55_no_failure/carbonZ_2018-09-11-14-16-55_no_failure-mavros-global_position-global.csv,23185,0.022,2026-01-29T01:53:57,carbonZ_2018-09-11-14-16-55_no_failure-mavros-global_position-global.csv,carbonZ_2018-09-11-14-16-55_no_failure
carbonZ_2018-09-11-14-16-55_no_failure/carbonZ_2018-09-11-14-16-55_no_failure-mavros-global_position-local.csv,/content/gdrive/MyDrive/datasets/ALFA/processed_csv/processed/carbonZ_2018-09-11-14-16-55_no_failure/carbonZ_2018-09-11-14-16-55_no_failure-mavros-global_position-local.csv,74278,0.071,2026-01-29T01:53:58,carbonZ_2018-09-11-14-16-55_no_failure-mavros-global_position-local.csv,carbonZ_2018-09-11-14-16-55_no_failure
carbonZ_2018-09-11-14-16-55_no_failure/carbonZ_2018-09-11-14-16-55_no_failure-mavros-global_position-raw-fix.csv,/content/gdrive/MyDrive/datasets/ALFA/processed_csv/processed/carbonZ_2018-09-11-14-16-55_no_failure/carbonZ_2018-09-11-14-16-55_no_failure-mavros-global_position-raw-fix.csv,27919,0.027,2026-01-29T01:53:57,carbonZ_2018-09-11-14-16-55_no_failure-mavros-global_position-raw-fix.csv,carbonZ_2018-09-11-14-16-55_no_failure
carbonZ_2018-09-11-14-16-55_no_failure/carbonZ_2018-09-11-14-16-55_no_failure-mavros-global_position-raw-gps_vel.csv,/content/gdrive/MyDrive/datasets/ALFA/processed_csv/processed/carbonZ_2018-09-11-14-16-55_no_failure/carbonZ_2018-09-11-14-16-55_no_failure-mavros-global_position-raw-gps_vel.csv,15939,0.015,2026-01-29T01:53:58,carbonZ_2018-09-11-14-16-55_no_failure-mavros-global_position-raw-gps_vel.csv,carbonZ_2018-09-11-14-16-55_no_failure
carbonZ_2018-09-11-14-16-55_no_failure/carbonZ_2018-09-11-14-16-55_no_failure-mavros-global_position-rel_alt.csv,/content/gdrive/MyDrive/datasets/ALFA/processed_csv/processed/carbonZ_2018-09-11-14-16-55_no_failure/carbonZ_2018-09-11-14-16-55_no_failure-mavros-global_position-rel_alt.csv,3760,0.004,2026-01-29T01:53:58,carbonZ_2018-09-11-14-16-55_no_failure-mavros-global_position-rel_alt.csv,carbonZ_2018-09-11-14-16-55_no_failure
carbonZ_2018-09-11-14-16-55_no_failure/carbonZ_2018-09-11-14-16-55_no_failure-mavros-imu-atm_pressure.csv,/content/gdrive/MyDrive/datasets/ALFA/processed_csv/processed/carbonZ_2018-09-11-14-16-55_no_failure/carbonZ_2018-09-11-14-16-55_no_failure-mavros-imu-atm_pressure.csv,24773,0.024,2026-01-29T01:53:58,carbonZ_2018-09-11-14-16-55_no_failure-mavros-imu-atm_pressure.csv,carbonZ_2018-09-11-14-16-55_no_failure
carbonZ_2018-09-11-14-16-55_no_failure/carbonZ_2018-09-11-14-16-55_no_failure-mavros-imu-data.csv,/content/gdrive/MyDrive/datasets/ALFA/processed_csv/processed/carbonZ_2018-09-11-14-16-55_no_failure/carbonZ_2018-09-11-14-16-55_no_failure-mavros-imu-data.csv,32448,0.031,2026-01-29T01:53:58,carbonZ_2018-09-11-14-16-55_no_failure-mavros-imu-data.csv,carbonZ_2018-09-11-14-16-55_no_failure
carbonZ_2018-09-11-14-16-55_no_failure/carbonZ_2018-09-11-14-16-55_no_failure-mavros-imu-data_raw.csv,/content/gdrive/MyDrive/datasets/ALFA/processed_csv/processed/carbonZ_2018-09-11-14-16-55_no_failure/carbonZ_2018-09-11-14-16-55_no_failure-mavros-imu-data_raw.csv,95408,0.091,2026-01-29T01:53:58,carbonZ_2018-09-11-14-16-55_no_failure-mavros-imu-data_raw.csv,carbonZ_2018-09-11-14-16-55_no_failure
carbonZ_2018-09-11-14-16-55_no_failure/carbonZ_2018-09-11-14-16-55_no_failure-mavros-imu-mag.csv,/content/gdrive/MyDrive/datasets/ALFA/processed_csv/processed/carbonZ_2018-09-11-14-16-55_no_failure/carbonZ_2018-09-11-14-16-55_no_failure-mavros-imu-mag.csv,41175,0.039,2026-01-29T01:53:58,carbonZ_2018-09-11-14-16-55_no_failure-mavros-imu-mag.csv,carbonZ_2018-09-11-14-16-55_no_failure
carbonZ_2018-09-11-14-16-55_no_failure/carbonZ_2018-09-11-14-16-55_no_failure-mavros-imu-temperature.csv,/content/gdrive/MyDrive/datasets/ALFA/processed_csv/processed/carbonZ_2018-09-11-14-16-55_no_failure/carbonZ_2018-09-11-14-16-55_no_failure-mavros-imu-temperature.csv,22109,0.021,2026-01-29T01:53:58,carbonZ_2018-09-11-14-16-55_no_failure-mavros-imu-temperature.csv,carbonZ_2018-09-11-14-16-55_no_failure
carbonZ_2018-09-11-14-16-55_no_failure/carbonZ_2018-09-11-14-16-55_no_failure-mavros-local_position-odom.csv,/content/gdrive/MyDrive/datasets/ALFA/processed_csv/processed/carbonZ_2018-09-11-14-16-55_no_failure/carbonZ_2018-09-11-14-16-55_no_failure-mavros-local_position-odom.csv,82049,0.078,2026-01-29T01:53:58,carbonZ_2018-09-11-14-16-55_no_failure-mavros-local_position-odom.csv,carbonZ_2018-09-11-14-16-55_no_failure
carbonZ_2018-09-11-14-16-55_no_failure/carbonZ_2018-09-11-14-16-55_no_failure-mavros-local_position-pose.csv,/content/gdrive/MyDrive/datasets/ALFA/processed_csv/processed/carbonZ_2018-09-11-14-16-55_no_failure/carbonZ_2018-09-11-14-16-55_no_failure-mavros-local_position-pose.csv,21794,0.021,2026-01-29T01:53:58,carbonZ_2018-09-11-14-16-55_no_failure-mavros-local_position-pose.csv,carbonZ_2018-09-11-14-16-55_no_failure
carbonZ_2018-09-11-14-16-55_no_failure/carbonZ_2018-09-11-14-16-55_no_failure-mavros-local_position-velocity.csv,/content/gdrive/MyDrive/datasets/ALFA/processed_csv/processed/carbonZ_2018-09-11-14-16-55_no_failure/carbonZ_2018-09-11-14-16-55_no_failure-mavros-local_position-velocity.csv,19733,0.019,2026-01-29T01:53:58,carbonZ_2018-09-11-14-16-55_no_failure-mavros-local_position-velocity.csv,carbonZ_2018-09-11-14-16-55_no_failure
carbonZ_2018-09-11-14-16-55_no_failure/carbonZ_2018-09-11-14-16-55_no_failure-mavros-nav_info-airspeed.csv,/content/gdrive/MyDrive/datasets/ALFA/processed_csv/processed/carbonZ_2018-09-11-14-16-55_no_failure/carbonZ_2018-09-11-14-16-55_no_failure-mavros-nav_info-airspeed.csv,37911,0.036,2026-01-29T01:53:58,carbonZ_2018-09-11-14-16-55_no_failure-mavros-nav_info-airspeed.csv,carbonZ_2018-09-11-14-16-55_no_failure
carbonZ_2018-09-11-14-16-55_no_failure/carbonZ_2018-09-11-14-16-55_no_failure-mavros-nav_info-errors.csv,/content/gdrive/MyDrive/datasets/ALFA/processed_csv/processed/carbonZ_2018-09-11-14-16-55_no_failure/carbonZ_2018-09-11-14-16-55_no_failure-mavros-nav_info-errors.csv,63052,0.06,2026-01-29T01:53:58,carbonZ_2018-09-11-14-16-55_no_failure-mavros-nav_info-errors.csv,carbonZ_2018-09-11-14-16-55_no_failure
carbonZ_2018-09-11-14-16-55_no_failure/carbonZ_2018-09-11-14-16-55_no_failure-mavros-nav_info-pitch.csv,/content/gdrive/MyDrive/datasets/ALFA/processed_csv/processed/carbonZ_2018-09-11-14-16-55_no_failure/carbonZ_2018-09-11-14-16-55_no_failure-mavros-nav_info-pitch.csv,51631,0.049,2026-01-29T01:53:58,carbonZ_2018-09-11-14-16-55_no_failure-mavros-nav_info-pitch.csv,carbonZ_2018-09-11-14-16-55_no_failure
carbonZ_2018-09-11-14-16-55_no_failure/carbonZ_2018-09-11-14-16-55_no_failure-mavros-nav_info-roll.csv,/content/gdrive/MyDrive/datasets/ALFA/processed_csv/processed/carbonZ_2018-09-11-14-16-55_no_failure/carbonZ_2018-09-11-14-16-55_no_failure-mavros-nav_info-roll.csv,50752,0.048,2026-01-29T01:53:58,carbonZ_2018-09-11-14-16-55_no_failure-mavros-nav_info-roll.csv,carbonZ_2018-09-11-14-16-55_no_failure
carbonZ_2018-09-11-14-16-55_no_failure/carbonZ_2018-09-11-14-16-55_no_failure-mavros-nav_info-velocity.csv,/content/gdrive/MyDrive/datasets/ALFA/processed_csv/processed/carbonZ_2018-09-11-14-16-55_no_failure/carbonZ_2018-09-11-14-16-55_no_failure-mavros-nav_info-velocity.csv,93260,0.089,2026-01-29T01:53:58,carbonZ_2018-09-11-14-16-55_no_failure-mavros-nav_info-velocity.csv,carbonZ_2018-09-11-14-16-55_no_failure
carbonZ_2018-09-11-14-16-55_no_failure/carbonZ_2018-09-11-14-16-55_no_failure-mavros-nav_info-yaw.csv,/content/gdrive/MyDrive/datasets/ALFA/processed_csv/processed/carbonZ_2018-09-11-14-16-55_no_failure/carbonZ_2018-09-11-14-16-55_no_failure-mavros-nav_info-yaw.csv,46039,0.044,2026-01-29T01:53:58,carbonZ_2018-09-11-14-16-55_no_failure-mavros-nav_info-yaw.csv,carbonZ_2018-09-11-14-16-55_no_failure
carbonZ_2018-09-11-14-16-55_no_failure/carbonZ_2018-09-11-14-16-55_no_failure-mavros-rc-in.csv,/content/gdrive/MyDrive/datasets/ALFA/processed_csv/processed/carbonZ_2018-09-11-14-16-55_no_failure/carbonZ_2018-09-11-14-16-55_no_failure-mavros-rc-in.csv,13393,0.013,2026-01-29T01:53:58,carbonZ_2018-09-11-14-16-55_no_failure-mavros-rc-in.csv,carbonZ_2018-09-11-14-16-55_no_failure
carbonZ_2018-09-11-14-16-55_no_failure/carbonZ_2018-09-11-14-16-55_no_failure-mavros-rc-out.csv,/content/gdrive/MyDrive/datasets/ALFA/processed_csv/processed/carbonZ_2018-09-11-14-16-55_no_failure/carbonZ_2018-09-11-14-16-55_no_failure-mavros-rc-out.csv,8964,0.009,2026-01-29T01:53:58,carbonZ_2018-09-11-14-16-55_no_failure-mavros-rc-out.csv,carbonZ_2018-09-11-14-16-55_no_failure
carbonZ_2018-09-11-14-16-55_no_failure/carbonZ_2018-09-11-14-16-55_no_failure-mavros-setpoint_raw-target_global.csv,/content/gdrive/MyDrive/datasets/ALFA/processed_csv/processed/carbonZ_2018-09-11-14-16-55_no_failure/carbonZ_2018-09-11-14-16-55_no_failure-mavros-setpoint_raw-target_global.csv,126604,0.121,2026-01-29T01:53:58,carbonZ_2018-09-11-14-16-55_no_failure-mavros-setpoint_raw-target_global.csv,carbonZ_2018-09-11-14-16-55_no_failure
carbonZ_2018-09-11-14-16-55_no_failure/carbonZ_2018-09-11-14-16-55_no_failure-mavros-state.csv,/content/gdrive/MyDrive/datasets/ALFA/processed_csv/processed/carbonZ_2018-09-11-14-16-55_no_failure/carbonZ_2018-09-11-14-16-55_no_failure-mavros-state.csv,2210,0.002,2026-01-29T01:53:58,carbonZ_2018-09-11-14-16-55_no_failure-mavros-state.csv,carbonZ_2018-09-11-14-16-55_no_failure
carbonZ_2018-09-11-14-16-55_no_failure/carbonZ_2018-09-11-14-16-55_no_failure-mavros-time_reference.csv,/content/gdrive/MyDrive/datasets/ALFA/processed_csv/processed/carbonZ_2018-09-11-14-16-55_no_failure/carbonZ_2018-09-11-14-16-55_no_failure-mavros-time_reference.csv,5272,0.005,2026-01-29T01:53:58,carbonZ_2018-09-11-14-16-55_no_failure-mavros-time_reference.csv,carbonZ_2018-09-11-14-16-55_no_failure
carbonZ_2018-09-11-14-16-55_no_failure/carbonZ_2018-09-11-14-16-55_no_failure-mavros-vfr_hud.csv,/content/gdrive/MyDrive/datasets/ALFA/processed_csv/processed/carbonZ_2018-09-11-14-16-55_no_failure/carbonZ_2018-09-11-14-16-55_no_failure-mavros-vfr_hud.csv,9825,0.009,2026-01-29T01:53:58,carbonZ_2018-09-11-14-16-55_no_failure-mavros-vfr_hud.csv,carbonZ_2018-09-11-14-16-55_no_failure
carbonZ_2018-09-11-14-16-55_no_failure/carbonZ_2018-09-11-14-16-55_no_failure-mavros-wind_estimation.csv,/content/gdrive/MyDrive/datasets/ALFA/processed_csv/processed/carbonZ_2018-09-11-14-16-55_no_failure/carbonZ_2018-09-11-14-16-55_no_failure-mavros-wind_estimation.csv,6964,0.007,2026-01-29T01:53:58,carbonZ_2018-09-11-14-16-55_no_failure-mavros-wind_estimation.csv,carbonZ_2018-09-11-14-16-55_no_failure
carbonZ_2018-09-11-14-22-07_1_engine_failure/carbonZ_2018-09-11-14-22-07_1_engine_failure-diagnostics.csv,/content/gdrive/MyDrive/datasets/ALFA/processed_csv/processed/carbonZ_2018-09-11-14-22-07_1_engine_failure/carbonZ_2018-09-11-14-22-07_1_engine_failure-diagnostics.csv,116334,0.111,2026-01-29T01:53:58,carbonZ_2018-09-11-14-22-07_1_engine_failure-diagnostics.csv,carbonZ_2018-09-11-14-22-07_1_engine_failure
carbonZ_2018-09-11-14-22-07_1_engine_failure/carbonZ_2018-09-11-14-22-07_1_engine_failure-failure_status-engines.csv,/content/gdrive/MyDrive/datasets/ALFA/processed_csv/processed/carbonZ_2018-09-11-14-22-07_1_engine_failure/carbonZ_2018-09-11-14-22-07_1_engine_failure-failure_status-engines.csv,435,0.0,2026-01-29T01:53:58,carbonZ_2018-09-11-14-22-07_1_engine_failure-failure_status-engines.csv,carbonZ_2018-09-11-14-22-07_1_engine_failure
carbonZ_2018-09-11-14-22-07_1_engine_failure/carbonZ_2018-09-11-14-22-07_1_engine_failure-mavctrl-path_dev.csv,/content/gdrive/MyDrive/datasets/ALFA/processed_csv/processed/carbonZ_2018-09-11-14-22-07_1_engine_failure/carbonZ_2018-09-11-14-22-07_1_engine_failure-mavctrl-path_dev.csv,302278,0.288,2026-01-29T01:53:58,carbonZ_2018-09-11-14-22-07_1_engine_failure-mavctrl-path_dev.csv,carbonZ_2018-09-11-14-22-07_1_engine_failure
carbonZ_2018-09-11-14-22-07_1_engine_failure/carbonZ_2018-09-11-14-22-07_1_engine_failure-mavctrl-rpy.csv,/content/gdrive/MyDrive/datasets/ALFA/processed_csv/processed/carbonZ_2018-09-11-14-22-07_1_engine_failure/carbonZ_2018-09-11-14-22-07_1_engine_failure-mavctrl-rpy.csv,380558,0.363,2026-01-29T01:53:58,carbonZ_2018-09-11-14-22-07_1_engine_failure-mavctrl-rpy.csv,carbonZ_2018-09-11-14-22-07_1_engine_failure
carbonZ_2018-09-11-14-22-07_1_engine_failure/carbonZ_2018-09-11-14-22-07_1_engine_failure-mavlink-from.csv,/content/gdrive/MyDrive/datasets/ALFA/processed_csv/processed/carbonZ_2018-09-11-14-22-07_1_engine_failure/carbonZ_2018-09-11-14-22-07_1_engine_failure-mavlink-from.csv,2975144,2.837,2026-01-29T01:53:58,carbonZ_2018-09-11-14-22-07_1_engine_failure-mavlink-from.csv,carbonZ_2018-09-11-14-22-07_1_engine_failure
carbonZ_2018-09-11-14-22-07_1_engine_failure/carbonZ_2018-09-11-14-22-07_1_engine_failure-mavros-battery.csv,/content/gdrive/MyDrive/datasets/ALFA/processed_csv/processed/carbonZ_2018-09-11-14-22-07_1_engine_failure/carbonZ_2018-09-11-14-22-07_1_engine_failure-mavros-battery.csv,248150,0.237,2026-01-29T01:53:58,carbonZ_2018-09-11-14-22-07_1_engine_failure-mavros-battery.csv,carbonZ_2018-09-11-14-22-07_1_engine_failure
carbonZ_2018-09-11-14-22-07_1_engine_failure/carbonZ_2018-09-11-14-22-07_1_engine_failure-mavros-global_position-compass_hdg.csv,/content/gdrive/MyDrive/datasets/ALFA/processed_csv/processed/carbonZ_2018-09-11-14-22-07_1_engine_failure/carbonZ_2018-09-11-14-22-07_1_engine_failure-mavros-global_position-compass_hdg.csv,12371,0.012,2026-01-29T01:53:58,carbonZ_2018-09-11-14-22-07_1_engine_failure-mavros-global_position-compass_hdg.csv,carbonZ_2018-09-11-14-22-07_1_engine_failure
carbonZ_2018-09-11-14-22-07_1_engine_failure/carbonZ_2018-09-11-14-22-07_1_engine_failure-mavros-global_position-global.csv,/content/gdrive/MyDrive/datasets/ALFA/processed_csv/processed/carbonZ_2018-09-11-14-22-07_1_engine_failure/carbonZ_2018-09-11-14-22-07_1_engine_failure-mavros-global_position-global.csv,77791,0.074,2026-01-29T01:53:58,carbonZ_2018-09-11-14-22-07_1_engine_failure-mavros-global_position-global.csv,carbonZ_2018-09-11-14-22-07_1_engine_failure
carbonZ_2018-09-11-14-22-07_1_engine_failure/carbonZ_2018-09-11-14-22-07_1_engine_failure-mavros-global_position-local.csv,/content/gdrive/MyDrive/datasets/ALFA/processed_csv/processed/carbonZ_2018-09-11-14-22-07_1_engine_failure/carbonZ_2018-09-11-14-22-07_1_engine_failure-mavros-global_position-local.csv,245634,0.234,2026-01-29T01:53:58,carbonZ_2018-09-11-14-22-07_1_engine_failure-mavros-global_position-local.csv,carbonZ_2018-09-11-14-22-07_1_engine_failure
carbonZ_2018-09-11-14-22-07_1_engine_failure/carbonZ_2018-09-11-14-22-07_1_engine_failure-mavros-global_position-raw-fix.csv,/content/gdrive/MyDrive/datasets/ALFA/processed_csv/processed/carbonZ_2018-09-11-14-22-07_1_engine_failure/carbonZ_2018-09-11-14-22-07_1_engine_failure-mavros-global_position-raw-fix.csv,94842,0.09,2026-01-29T01:53:58,carbonZ_2018-09-11-14-22-07_1_engine_failure-mavros-global_position-raw-fix.csv,carbonZ_2018-09-11-14-22-07_1_engine_failure
carbonZ_2018-09-11-14-22-07_1_engine_failure/carbonZ_2018-09-11-14-22-07_1_engine_failure-mavros-global_position-raw-gps_vel.csv,/content/gdrive/MyDrive/datasets/ALFA/processed_csv/processed/carbonZ_2018-09-11-14-22-07_1_engine_failure/carbonZ_2018-09-11-14-22-07_1_engine_failure-mavros-global_position-raw-gps_vel.csv,53862,0.051,2026-01-29T01:53:58,carbonZ_2018-09-11-14-22-07_1_engine_failure-mavros-global_position-raw-gps_vel.csv,carbonZ_2018-09-11-14-22-07_1_engine_failure
carbonZ_2018-09-11-14-22-07_1_engine_failure/carbonZ_2018-09-11-14-22-07_1_engine_failure-mavros-global_position-rel_alt.csv,/content/gdrive/MyDrive/datasets/ALFA/processed_csv/processed/carbonZ_2018-09-11-14-22-07_1_engine_failure/carbonZ_2018-09-11-14-22-07_1_engine_failure-mavros-global_position-rel_alt.csv,12575,0.012,2026-01-29T01:53:58,carbonZ_2018-09-11-14-22-07_1_engine_failure-mavros-global_position-rel_alt.csv,carbonZ_2018-09-11-14-22-07_1_engine_failure
carbonZ_2018-09-11-14-22-07_1_engine_failure/carbonZ_2018-09-11-14-22-07_1_engine_failure-mavros-imu-atm_pressure.csv,/content/gdrive/MyDrive/datasets/ALFA/processed_csv/processed/carbonZ_2018-09-11-14-22-07_1_engine_failure/carbonZ_2018-09-11-14-22-07_1_engine_failure-mavros-imu-atm_pressure.csv,84344,0.08,2026-01-29T01:53:58,carbonZ_2018-09-11-14-22-07_1_engine_failure-mavros-imu-atm_pressure.csv,carbonZ_2018-09-11-14-22-07_1_engine_failure
carbonZ_2018-09-11-14-22-07_1_engine_failure/carbonZ_2018-09-11-14-22-07_1_engine_failure-mavros-imu-data.csv,/content/gdrive/MyDrive/datasets/ALFA/processed_csv/processed/carbonZ_2018-09-11-14-22-07_1_engine_failure/carbonZ_2018-09-11-14-22-07_1_engine_failure-mavros-imu-data.csv,100665,0.096,2026-01-29T01:53:58,carbonZ_2018-09-11-14-22-07_1_engine_failure-mavros-imu-data.csv,carbonZ_2018-09-11-14-22-07_1_engine_failure
carbonZ_2018-09-11-14-22-07_1_engine_failure/carbonZ_2018-09-11-14-22-07_1_engine_failure-mavros-imu-data_raw.csv,/content/gdrive/MyDrive/datasets/ALFA/processed_csv/processed/carbonZ_2018-09-11-14-22-07_1_engine_failure/carbonZ_2018-09-11-14-22-07_1_engine_failure-mavros-imu-data_raw.csv,322213,0.307,2026-01-29T01:53:58,carbonZ_2018-09-11-14-22-07_1_engine_failure-mavros-imu-data_raw.csv,carbonZ_2018-09-11-14-22-07_1_engine_failure
carbonZ_2018-09-11-14-22-07_1_engine_failure/carbonZ_2018-09-11-14-22-07_1_engine_failure-mavros-imu-mag.csv,/content/gdrive/MyDrive/datasets/ALFA/processed_csv/processed/carbonZ_2018-09-11-14-22-07_1_engine_failure/carbonZ_2018-09-11-14-22-07_1_engine_failure-mavros-imu-mag.csv,139246,0.133,2026-01-29T01:53:58,carbonZ_2018-09-11-14-22-07_1_engine_failure-mavros-imu-mag.csv,carbonZ_2018-09-11-14-22-07_1_engine_failure
carbonZ_2018-09-11-14-22-07_1_engine_failure/carbonZ_2018-09-11-14-22-07_1_engine_failure-mavros-imu-temperature.csv,/content/gdrive/MyDrive/datasets/ALFA/processed_csv/processed/carbonZ_2018-09-11-14-22-07_1_engine_failure/carbonZ_2018-09-11-14-22-07_1_engine_failure-mavros-imu-temperature.csv,75292,0.072,2026-01-29T01:53:58,carbonZ_2018-09-11-14-22-07_1_engine_failure-mavros-imu-temperature.csv,carbonZ_2018-09-11-14-22-07_1_engine_failure
carbonZ_2018-09-11-14-22-07_1_engine_failure/carbonZ_2018-09-11-14-22-07_1_engine_failure-mavros-local_position-odom.csv,/content/gdrive/MyDrive/datasets/ALFA/processed_csv/processed/carbonZ_2018-09-11-14-22-07_1_engine_failure/carbonZ_2018-09-11-14-22-07_1_engine_failure-mavros-local_position-odom.csv,271194,0.259,2026-01-29T01:53:58,carbonZ_2018-09-11-14-22-07_1_engine_failure-mavros-local_position-odom.csv,carbonZ_2018-09-11-14-22-07_1_engine_failure
carbonZ_2018-09-11-14-22-07_1_engine_failure/carbonZ_2018-09-11-14-22-07_1_engine_failure-mavros-local_position-pose.csv,/content/gdrive/MyDrive/datasets/ALFA/processed_csv/processed/carbonZ_2018-09-11-14-22-07_1_engine_failure/carbonZ_2018-09-11-14-22-07_1_engine_failure-mavros-local_position-pose.csv,73146,0.07,2026-01-29T01:53:58,carbonZ_2018-09-11-14-22-07_1_engine_failure-mavros-local_position-pose.csv,carbonZ_2018-09-11-14-22-07_1_engine_failure
carbonZ_2018-09-11-14-22-07_1_engine_failure/carbonZ_2018-09-11-14-22-07_1_engine_failure-mavros-local_position-velocity.csv,/content/gdrive/MyDrive/datasets/ALFA/processed_csv/processed/carbonZ_2018-09-11-14-22-07_1_engine_failure/carbonZ_2018-09-11-14-22-07_1_engine_failure-mavros-local_position-velocity.csv,66309,0.063,2026-01-29T01:53:58,carbonZ_2018-09-11-14-22-07_1_engine_failure-mavros-local_position-velocity.csv,carbonZ_2018-09-11-14-22-07_1_engine_failure
carbonZ_2018-09-11-14-22-07_1_engine_failure/carbonZ_2018-09-11-14-22-07_1_engine_failure-mavros-nav_info-airspeed.csv,/content/gdrive/MyDrive/datasets/ALFA/processed_csv/processed/carbonZ_2018-09-11-14-22-07_1_engine_failure/carbonZ_2018-09-11-14-22-07_1_engine_failure-mavros-nav_info-airspeed.csv,123334,0.118,2026-01-29T01:53:58,carbonZ_2018-09-11-14-22-07_1_engine_failure-mavros-nav_info-airspeed.csv,carbonZ_2018-09-11-14-22-07_1_engine_failure
carbonZ_2018-09-11-14-22-07_1_engine_failure/carbonZ_2018-09-11-14-22-07_1_engine_failure-mavros-nav_info-errors.csv,/content/gdrive/MyDrive/datasets/ALFA/processed_csv/processed/carbonZ_2018-09-11-14-22-07_1_engine_failure/carbonZ_2018-09-11-14-22-07_1_engine_failure-mavros-nav_info-errors.csv,206528,0.197,2026-01-29T01:53:58,carbonZ_2018-09-11-14-22-07_1_engine_failure-mavros-nav_info-errors.csv,carbonZ_2018-09-11-14-22-07_1_engine_failure
carbonZ_2018-09-11-14-22-07_1_engine_failure/carbonZ_2018-09-11-14-22-07_1_engine_failure-mavros-nav_info-pitch.csv,/content/gdrive/MyDrive/datasets/ALFA/processed_csv/processed/carbonZ_2018-09-11-14-22-07_1_engine_failure/carbonZ_2018-09-11-14-22-07_1_engine_failure-mavros-nav_info-pitch.csv,168457,0.161,2026-01-29T01:53:58,carbonZ_2018-09-11-14-22-07_1_engine_failure-mavros-nav_info-pitch.csv,carbonZ_2018-09-11-14-22-07_1_engine_failure
carbonZ_2018-09-11-14-22-07_1_engine_failure/carbonZ_2018-09-11-14-22-07_1_engine_failure-mavros-nav_info-roll.csv,/content/gdrive/MyDrive/datasets/ALFA/processed_csv/processed/carbonZ_2018-09-11-14-22-07_1_engine_failure/carbonZ_2018-09-11-14-22-07_1_engine_failure-mavros-nav_info-roll.csv,165891,0.158,2026-01-29T01:53:58,carbonZ_2018-09-11-14-22-07_1_engine_failure-mavros-nav_info-roll.csv,carbonZ_2018-09-11-14-22-07_1_engine_failure
carbonZ_2018-09-11-14-22-07_1_engine_failure/carbonZ_2018-09-11-14-22-07_1_engine_failure-mavros-nav_info-velocity.csv,/content/gdrive/MyDrive/datasets/ALFA/processed_csv/processed/carbonZ_2018-09-11-14-22-07_1_engine_failure/carbonZ_2018-09-11-14-22-07_1_engine_failure-mavros-nav_info-velocity.csv,292515,0.279,2026-01-29T01:53:58,carbonZ_2018-09-11-14-22-07_1_engine_failure-mavros-nav_info-velocity.csv,carbonZ_2018-09-11-14-22-07_1_engine_failure
carbonZ_2018-09-11-14-22-07_1_engine_failure/carbonZ_2018-09-11-14-22-07_1_engine_failure-mavros-nav_info-yaw.csv,/content/gdrive/MyDrive/datasets/ALFA/processed_csv/processed/carbonZ_2018-09-11-14-22-07_1_engine_failure/carbonZ_2018-09-11-14-22-07_1_engine_failure-mavros-nav_info-yaw.csv,148730,0.142,2026-01-29T01:53:58,carbonZ_2018-09-11-14-22-07_1_engine_failure-mavros-nav_info-yaw.csv,carbonZ_2018-09-11-14-22-07_1_engine_failure
carbonZ_2018-09-11-14-22-07_1_engine_failure/carbonZ_2018-09-11-14-22-07_1_engine_failure-mavros-rc-in.csv,/content/gdrive/MyDrive/datasets/ALFA/processed_csv/processed/carbonZ_2018-09-11-14-22-07_1_engine_failure/carbonZ_2018-09-11-14-22-07_1_engine_failure-mavros-rc-in.csv,42577,0.041,2026-01-29T01:53:58,carbonZ_2018-09-11-14-22-07_1_engine_failure-mavros-rc-in.csv,carbonZ_2018-09-11-14-22-07_1_engine_failure
carbonZ_2018-09-11-14-22-07_1_engine_failure/carbonZ_2018-09-11-14-22-07_1_engine_failure-mavros-rc-out.csv,/content/gdrive/MyDrive/datasets/ALFA/processed_csv/processed/carbonZ_2018-09-11-14-22-07_1_engine_failure/carbonZ_2018-09-11-14-22-07_1_engine_failure-mavros-rc-out.csv,28572,0.027,2026-01-29T01:53:58,carbonZ_2018-09-11-14-22-07_1_engine_failure-mavros-rc-out.csv,carbonZ_2018-09-11-14-22-07_1_engine_failure
carbonZ_2018-09-11-14-22-07_1_engine_failure/carbonZ_2018-09-11-14-22-07_1_engine_failure-mavros-setpoint_raw-local.csv,/content/gdrive/MyDrive/datasets/ALFA/processed_csv/processed/carbonZ_2018-09-11-14-22-07_1_engine_failure/carbonZ_2018-09-11-14-22-07_1_engine_failure-mavros-setpoint_raw-local.csv,698134,0.666,2026-01-29T01:53:59,carbonZ_2018-09-11-14-22-07_1_engine_failure-mavros-setpoint_raw-local.csv,carbonZ_2018-09-11-14-22-07_1_engine_failure
carbonZ_2018-09-11-14-22-07_1_engine_failure/carbonZ_2018-09-11-14-22-07_1_engine_failure-mavros-setpoint_raw-target_global.csv,/content/gdrive/MyDrive/datasets/ALFA/processed_csv/processed/carbonZ_2018-09-11-14-22-07_1_engine_failure/carbonZ_2018-09-11-14-22-07_1_engine_failure-mavros-setpoint_raw-target_global.csv,401251,0.383,2026-01-29T01:53:58,carbonZ_2018-09-11-14-22-07_1_engine_failure-mavros-setpoint_raw-target_global.csv,carbonZ_2018-09-11-14-22-07_1_engine_failure
carbonZ_2018-09-11-14-22-07_1_engine_failure/carbonZ_2018-09-11-14-22-07_1_engine_failure-mavros-state.csv,/content/gdrive/MyDrive/datasets/ALFA/processed_csv/processed/carbonZ_2018-09-11-14-22-07_1_engine_failure/carbonZ_2018-09-11-14-22-07_1_engine_failure-mavros-state.csv,7151,0.007,2026-01-29T01:53:58,carbonZ_2018-09-11-14-22-07_1_engine_failure-mavros-state.csv,carbonZ_2018-09-11-14-22-07_1_engine_failure
carbonZ_2018-09-11-14-22-07_1_engine_failure/carbonZ_2018-09-11-14-22-07_1_engine_failure-mavros-time_reference.csv,/content/gdrive/MyDrive/datasets/ALFA/processed_csv/processed/carbonZ_2018-09-11-14-22-07_1_engine_failure/carbonZ_2018-09-11-14-22-07_1_engine_failure-mavros-time_reference.csv,16332,0.016,2026-01-29T01:53:59,carbonZ_2018-09-11-14-22-07_1_engine_failure-mavros-time_reference.csv,carbonZ_2018-09-11-14-22-07_1_engine_failure
carbonZ_2018-09-11-14-22-07_1_engine_failure/carbonZ_2018-09-11-14-22-07_1_engine_failure-mavros-vfr_hud.csv,/content/gdrive/MyDrive/datasets/ALFA/processed_csv/processed/carbonZ_2018-09-11-14-22-07_1_engine_failure/carbonZ_2018-09-11-14-22-07_1_engine_failure-mavros-vfr_hud.csv,30737,0.029,2026-01-29T01:53:59,carbonZ_2018-09-11-14-22-07_1_engine_failure-mavros-vfr_hud.csv,carbonZ_2018-09-11-14-22-07_1_engine_failure
carbonZ_2018-09-11-14-22-07_1_engine_failure/carbonZ_2018-09-11-14-22-07_1_engine_failure-mavros-wind_estimation.csv,/content/gdrive/MyDrive/datasets/ALFA/processed_csv/processed/carbonZ_2018-09-11-14-22-07_1_engine_failure/carbonZ_2018-09-11-14-22-07_1_engine_failure-mavros-wind_estimation.csv,21229,0.02,2026-01-29T01:53:59,carbonZ_2018-09-11-14-22-07_1_engine_failure-mavros-wind_estimation.csv,carbonZ_2018-09-11-14-22-07_1_engine_failure
carbonZ_2018-09-11-14-22-07_2_engine_failure/carbonZ_2018-09-11-14-22-07_2_engine_failure-diagnostics.csv,/content/gdrive/MyDrive/datasets/ALFA/processed_csv/processed/carbonZ_2018-09-11-14-22-07_2_engine_failure/carbonZ_2018-09-11-14-22-07_2_engine_failure-diagnostics.csv,65743,0.063,2026-01-29T01:53:59,carbonZ_2018-09-11-14-22-07_2_engine_failure-diagnostics.csv,carbonZ_2018-09-11-14-22-07_2_engine_failure
carbonZ_2018-09-11-14-22-07_2_engine_failure/carbonZ_2018-09-11-14-22-07_2_engine_failure-failure_status-engines.csv,/content/gdrive/MyDrive/datasets/ALFA/processed_csv/processed/carbonZ_2018-09-11-14-22-07_2_engine_failure/carbonZ_2018-09-11-14-22-07_2_engine_failure-failure_status-engines.csv,567,0.001,2026-01-29T01:53:59,carbonZ_2018-09-11-14-22-07_2_engine_failure-failure_status-engines.csv,carbonZ_2018-09-11-14-22-07_2_engine_failure
carbonZ_2018-09-11-14-22-07_2_engine_failure/carbonZ_2018-09-11-14-22-07_2_engine_failure-mavctrl-path_dev.csv,/content/gdrive/MyDrive/datasets/ALFA/processed_csv/processed/carbonZ_2018-09-11-14-22-07_2_engine_failure/carbonZ_2018-09-11-14-22-07_2_engine_failure-mavctrl-path_dev.csv,164410,0.157,2026-01-29T01:53:59,carbonZ_2018-09-11-14-22-07_2_engine_failure-mavctrl-path_dev.csv,carbonZ_2018-09-11-14-22-07_2_engine_failure
carbonZ_2018-09-11-14-22-07_2_engine_failure/carbonZ_2018-09-11-14-22-07_2_engine_failure-mavctrl-rpy.csv,/content/gdrive/MyDrive/datasets/ALFA/processed_csv/processed/carbonZ_2018-09-11-14-22-07_2_engine_failure/carbonZ_2018-09-11-14-22-07_2_engine_failure-mavctrl-rpy.csv,208311,0.199,2026-01-29T01:53:59,carbonZ_2018-09-11-14-22-07_2_engine_failure-mavctrl-rpy.csv,carbonZ_2018-09-11-14-22-07_2_engine_failure
carbonZ_2018-09-11-14-22-07_2_engine_failure/carbonZ_2018-09-11-14-22-07_2_engine_failure-mavlink-from.csv,/content/gdrive/MyDrive/datasets/ALFA/processed_csv/processed/carbonZ_2018-09-11-14-22-07_2_engine_failure/carbonZ_2018-09-11-14-22-07_2_engine_failure-mavlink-from.csv,1628847,1.553,2026-01-29T01:53:59,carbonZ_2018-09-11-14-22-07_2_engine_failure-mavlink-from.csv,carbonZ_2018-09-11-14-22-07_2_engine_failure
carbonZ_2018-09-11-14-22-07_2_engine_failure/carbonZ_2018-09-11-14-22-07_2_engine_failure-mavros-battery.csv,/content/gdrive/MyDrive/datasets/ALFA/processed_csv/processed/carbonZ_2018-09-11-14-22-07_2_engine_failure/carbonZ_2018-09-11-14-22-07_2_engine_failure-mavros-battery.csv,135074,0.129,2026-01-29T01:53:59,carbonZ_2018-09-11-14-22-07_2_engine_failure-mavros-battery.csv,carbonZ_2018-09-11-14-22-07_2_engine_failure
carbonZ_2018-09-11-14-22-07_2_engine_failure/carbonZ_2018-09-11-14-22-07_2_engine_failure-mavros-global_position-compass_hdg.csv,/content/gdrive/MyDrive/datasets/ALFA/processed_csv/processed/carbonZ_2018-09-11-14-22-07_2_engine_failure/carbonZ_2018-09-11-14-22-07_2_engine_failure-mavros-global_position-compass_hdg.csv,6714,0.006,2026-01-29T01:53:59,carbonZ_2018-09-11-14-22-07_2_engine_failure-mavros-global_position-compass_hdg.csv,carbonZ_2018-09-11-14-22-07_2_engine_failure
carbonZ_2018-09-11-14-22-07_2_engine_failure/carbonZ_2018-09-11-14-22-07_2_engine_failure-mavros-global_position-global.csv,/content/gdrive/MyDrive/datasets/ALFA/processed_csv/processed/carbonZ_2018-09-11-14-22-07_2_engine_failure/carbonZ_2018-09-11-14-22-07_2_engine_failure-mavros-global_position-global.csv,42498,0.041,2026-01-29T01:53:59,carbonZ_2018-09-11-14-22-07_2_engine_failure-mavros-global_position-global.csv,carbonZ_2018-09-11-14-22-07_2_engine_failure
carbonZ_2018-09-11-14-22-07_2_engine_failure/carbonZ_2018-09-11-14-22-07_2_engine_failure-mavros-global_position-local.csv,/content/gdrive/MyDrive/datasets/ALFA/processed_csv/processed/carbonZ_2018-09-11-14-22-07_2_engine_failure/carbonZ_2018-09-11-14-22-07_2_engine_failure-mavros-global_position-local.csv,134473,0.128,2026-01-29T01:53:59,carbonZ_2018-09-11-14-22-07_2_engine_failure-mavros-global_position-local.csv,carbonZ_2018-09-11-14-22-07_2_engine_failure
carbonZ_2018-09-11-14-22-07_2_engine_failure/carbonZ_2018-09-11-14-22-07_2_engine_failure-mavros-global_position-raw-fix.csv,/content/gdrive/MyDrive/datasets/ALFA/processed_csv/processed/carbonZ_2018-09-11-14-22-07_2_engine_failure/carbonZ_2018-09-11-14-22-07_2_engine_failure-mavros-global_position-raw-fix.csv,52109,0.05,2026-01-29T01:53:59,carbonZ_2018-09-11-14-22-07_2_engine_failure-mavros-global_position-raw-fix.csv,carbonZ_2018-09-11-14-22-07_2_engine_failure
carbonZ_2018-09-11-14-22-07_2_engine_failure/carbonZ_2018-09-11-14-22-07_2_engine_failure-mavros-global_position-raw-gps_vel.csv,/content/gdrive/MyDrive/datasets/ALFA/processed_csv/processed/carbonZ_2018-09-11-14-22-07_2_engine_failure/carbonZ_2018-09-11-14-22-07_2_engine_failure-mavros-global_position-raw-gps_vel.csv,29563,0.028,2026-01-29T01:53:59,carbonZ_2018-09-11-14-22-07_2_engine_failure-mavros-global_position-raw-gps_vel.csv,carbonZ_2018-09-11-14-22-07_2_engine_failure
carbonZ_2018-09-11-14-22-07_2_engine_failure/carbonZ_2018-09-11-14-22-07_2_engine_failure-mavros-global_position-rel_alt.csv,/content/gdrive/MyDrive/datasets/ALFA/processed_csv/processed/carbonZ_2018-09-11-14-22-07_2_engine_failure/carbonZ_2018-09-11-14-22-07_2_engine_failure-mavros-global_position-rel_alt.csv,6847,0.007,2026-01-29T01:53:59,carbonZ_2018-09-11-14-22-07_2_engine_failure-mavros-global_position-rel_alt.csv,carbonZ_2018-09-11-14-22-07_2_engine_failure
carbonZ_2018-09-11-14-22-07_2_engine_failure/carbonZ_2018-09-11-14-22-07_2_engine_failure-mavros-imu-atm_pressure.csv,/content/gdrive/MyDrive/datasets/ALFA/processed_csv/processed/carbonZ_2018-09-11-14-22-07_2_engine_failure/carbonZ_2018-09-11-14-22-07_2_engine_failure-mavros-imu-atm_pressure.csv,46099,0.044,2026-01-29T01:53:59,carbonZ_2018-09-11-14-22-07_2_engine_failure-mavros-imu-atm_pressure.csv,carbonZ_2018-09-11-14-22-07_2_engine_failure
carbonZ_2018-09-11-14-22-07_2_engine_failure/carbonZ_2018-09-11-14-22-07_2_engine_failure-mavros-imu-data.csv,/content/gdrive/MyDrive/datasets/ALFA/processed_csv/processed/carbonZ_2018-09-11-14-22-07_2_engine_failure/carbonZ_2018-09-11-14-22-07_2_engine_failure-mavros-imu-data.csv,57050,0.054,2026-01-29T01:53:59,carbonZ_2018-09-11-14-22-07_2_engine_failure-mavros-imu-data.csv,carbonZ_2018-09-11-14-22-07_2_engine_failure
carbonZ_2018-09-11-14-22-07_2_engine_failure/carbonZ_2018-09-11-14-22-07_2_engine_failure-mavros-imu-data_raw.csv,/content/gdrive/MyDrive/datasets/ALFA/processed_csv/processed/carbonZ_2018-09-11-14-22-07_2_engine_failure/carbonZ_2018-09-11-14-22-07_2_engine_failure-mavros-imu-data_raw.csv,176296,0.168,2026-01-29T01:53:59,carbonZ_2018-09-11-14-22-07_2_engine_failure-mavros-imu-data_raw.csv,carbonZ_2018-09-11-14-22-07_2_engine_failure
carbonZ_2018-09-11-14-22-07_2_engine_failure/carbonZ_2018-09-11-14-22-07_2_engine_failure-mavros-imu-mag.csv,/content/gdrive/MyDrive/datasets/ALFA/processed_csv/processed/carbonZ_2018-09-11-14-22-07_2_engine_failure/carbonZ_2018-09-11-14-22-07_2_engine_failure-mavros-imu-mag.csv,76098,0.073,2026-01-29T01:53:59,carbonZ_2018-09-11-14-22-07_2_engine_failure-mavros-imu-mag.csv,carbonZ_2018-09-11-14-22-07_2_engine_failure
carbonZ_2018-09-11-14-22-07_2_engine_failure/carbonZ_2018-09-11-14-22-07_2_engine_failure-mavros-imu-temperature.csv,/content/gdrive/MyDrive/datasets/ALFA/processed_csv/processed/carbonZ_2018-09-11-14-22-07_2_engine_failure/carbonZ_2018-09-11-14-22-07_2_engine_failure-mavros-imu-temperature.csv,41142,0.039,2026-01-29T01:53:59,carbonZ_2018-09-11-14-22-07_2_engine_failure-mavros-imu-temperature.csv,carbonZ_2018-09-11-14-22-07_2_engine_failure
carbonZ_2018-09-11-14-22-07_2_engine_failure/carbonZ_2018-09-11-14-22-07_2_engine_failure-mavros-local_position-odom.csv,/content/gdrive/MyDrive/datasets/ALFA/processed_csv/processed/carbonZ_2018-09-11-14-22-07_2_engine_failure/carbonZ_2018-09-11-14-22-07_2_engine_failure-mavros-local_position-odom.csv,148359,0.141,2026-01-29T01:53:59,carbonZ_2018-09-11-14-22-07_2_engine_failure-mavros-local_position-odom.csv,carbonZ_2018-09-11-14-22-07_2_engine_failure
carbonZ_2018-09-11-14-22-07_2_engine_failure/carbonZ_2018-09-11-14-22-07_2_engine_failure-mavros-local_position-pose.csv,/content/gdrive/MyDrive/datasets/ALFA/processed_csv/processed/carbonZ_2018-09-11-14-22-07_2_engine_failure/carbonZ_2018-09-11-14-22-07_2_engine_failure-mavros-local_position-pose.csv,39738,0.038,2026-01-29T01:53:59,carbonZ_2018-09-11-14-22-07_2_engine_failure-mavros-local_position-pose.csv,carbonZ_2018-09-11-14-22-07_2_engine_failure
carbonZ_2018-09-11-14-22-07_2_engine_failure/carbonZ_2018-09-11-14-22-07_2_engine_failure-mavros-local_position-velocity.csv,/content/gdrive/MyDrive/datasets/ALFA/processed_csv/processed/carbonZ_2018-09-11-14-22-07_2_engine_failure/carbonZ_2018-09-11-14-22-07_2_engine_failure-mavros-local_position-velocity.csv,36096,0.034,2026-01-29T01:53:59,carbonZ_2018-09-11-14-22-07_2_engine_failure-mavros-local_position-velocity.csv,carbonZ_2018-09-11-14-22-07_2_engine_failure
carbonZ_2018-09-11-14-22-07_2_engine_failure/carbonZ_2018-09-11-14-22-07_2_engine_failure-mavros-nav_info-airspeed.csv,/content/gdrive/MyDrive/datasets/ALFA/processed_csv/processed/carbonZ_2018-09-11-14-22-07_2_engine_failure/carbonZ_2018-09-11-14-22-07_2_engine_failure-mavros-nav_info-airspeed.csv,67356,0.064,2026-01-29T01:53:59,carbonZ_2018-09-11-14-22-07_2_engine_failure-mavros-nav_info-airspeed.csv,carbonZ_2018-09-11-14-22-07_2_engine_failure
carbonZ_2018-09-11-14-22-07_2_engine_failure/carbonZ_2018-09-11-14-22-07_2_engine_failure-mavros-nav_info-errors.csv,/content/gdrive/MyDrive/datasets/ALFA/processed_csv/processed/carbonZ_2018-09-11-14-22-07_2_engine_failure/carbonZ_2018-09-11-14-22-07_2_engine_failure-mavros-nav_info-errors.csv,112547,0.107,2026-01-29T01:53:59,carbonZ_2018-09-11-14-22-07_2_engine_failure-mavros-nav_info-errors.csv,carbonZ_2018-09-11-14-22-07_2_engine_failure
carbonZ_2018-09-11-14-22-07_2_engine_failure/carbonZ_2018-09-11-14-22-07_2_engine_failure-mavros-nav_info-pitch.csv,/content/gdrive/MyDrive/datasets/ALFA/processed_csv/processed/carbonZ_2018-09-11-14-22-07_2_engine_failure/carbonZ_2018-09-11-14-22-07_2_engine_failure-mavros-nav_info-pitch.csv,91661,0.087,2026-01-29T01:53:59,carbonZ_2018-09-11-14-22-07_2_engine_failure-mavros-nav_info-pitch.csv,carbonZ_2018-09-11-14-22-07_2_engine_failure
carbonZ_2018-09-11-14-22-07_2_engine_failure/carbonZ_2018-09-11-14-22-07_2_engine_failure-mavros-nav_info-roll.csv,/content/gdrive/MyDrive/datasets/ALFA/processed_csv/processed/carbonZ_2018-09-11-14-22-07_2_engine_failure/carbonZ_2018-09-11-14-22-07_2_engine_failure-mavros-nav_info-roll.csv,90843,0.087,2026-01-29T01:53:59,carbonZ_2018-09-11-14-22-07_2_engine_failure-mavros-nav_info-roll.csv,carbonZ_2018-09-11-14-22-07_2_engine_failure
carbonZ_2018-09-11-14-22-07_2_engine_failure/carbonZ_2018-09-11-14-22-07_2_engine_failure-mavros-nav_info-velocity.csv,/content/gdrive/MyDrive/datasets/ALFA/processed_csv/processed/carbonZ_2018-09-11-14-22-07_2_engine_failure/carbonZ_2018-09-11-14-22-07_2_engine_failure-mavros-nav_info-velocity.csv,159468,0.152,2026-01-29T01:53:59,carbonZ_2018-09-11-14-22-07_2_engine_failure-mavros-nav_info-velocity.csv,carbonZ_2018-09-11-14-22-07_2_engine_failure
carbonZ_2018-09-11-14-22-07_2_engine_failure/carbonZ_2018-09-11-14-22-07_2_engine_failure-mavros-nav_info-yaw.csv,/content/gdrive/MyDrive/datasets/ALFA/processed_csv/processed/carbonZ_2018-09-11-14-22-07_2_engine_failure/carbonZ_2018-09-11-14-22-07_2_engine_failure-mavros-nav_info-yaw.csv,81136,0.077,2026-01-29T01:53:59,carbonZ_2018-09-11-14-22-07_2_engine_failure-mavros-nav_info-yaw.csv,carbonZ_2018-09-11-14-22-07_2_engine_failure
carbonZ_2018-09-11-14-22-07_2_engine_failure/carbonZ_2018-09-11-14-22-07_2_engine_failure-mavros-rc-in.csv,/content/gdrive/MyDrive/datasets/ALFA/processed_csv/processed/carbonZ_2018-09-11-14-22-07_2_engine_failure/carbonZ_2018-09-11-14-22-07_2_engine_failure-mavros-rc-in.csv,23633,0.023,2026-01-29T01:53:59,carbonZ_2018-09-11-14-22-07_2_engine_failure-mavros-rc-in.csv,carbonZ_2018-09-11-14-22-07_2_engine_failure
carbonZ_2018-09-11-14-22-07_2_engine_failure/carbonZ_2018-09-11-14-22-07_2_engine_failure-mavros-rc-out.csv,/content/gdrive/MyDrive/datasets/ALFA/processed_csv/processed/carbonZ_2018-09-11-14-22-07_2_engine_failure/carbonZ_2018-09-11-14-22-07_2_engine_failure-mavros-rc-out.csv,15844,0.015,2026-01-29T01:53:59,carbonZ_2018-09-11-14-22-07_2_engine_failure-mavros-rc-out.csv,carbonZ_2018-09-11-14-22-07_2_engine_failure
carbonZ_2018-09-11-14-22-07_2_engine_failure/carbonZ_2018-09-11-14-22-07_2_engine_failure-mavros-setpoint_raw-local.csv,/content/gdrive/MyDrive/datasets/ALFA/processed_csv/processed/carbonZ_2018-09-11-14-22-07_2_engine_failure/carbonZ_2018-09-11-14-22-07_2_engine_failure-mavros-setpoint_raw-local.csv,388805,0.371,2026-01-29T01:53:59,carbonZ_2018-09-11-14-22-07_2_engine_failure-mavros-setpoint_raw-local.csv,carbonZ_2018-09-11-14-22-07_2_engine_failure
carbonZ_2018-09-11-14-22-07_2_engine_failure/carbonZ_2018-09-11-14-22-07_2_engine_failure-mavros-setpoint_raw-target_global.csv,/content/gdrive/MyDrive/datasets/ALFA/processed_csv/processed/carbonZ_2018-09-11-14-22-07_2_engine_failure/carbonZ_2018-09-11-14-22-07_2_engine_failure-mavros-setpoint_raw-target_global.csv,219254,0.209,2026-01-29T01:53:59,carbonZ_2018-09-11-14-22-07_2_engine_failure-mavros-setpoint_raw-target_global.csv,carbonZ_2018-09-11-14-22-07_2_engine_failure
carbonZ_2018-09-11-14-22-07_2_engine_failure/carbonZ_2018-09-11-14-22-07_2_engine_failure-mavros-state.csv,/content/gdrive/MyDrive/datasets/ALFA/processed_csv/processed/carbonZ_2018-09-11-14-22-07_2_engine_failure/carbonZ_2018-09-11-14-22-07_2_engine_failure-mavros-state.csv,3979,0.004,2026-01-29T01:53:59,carbonZ_2018-09-11-14-22-07_2_engine_failure-mavros-state.csv,carbonZ_2018-09-11-14-22-07_2_engine_failure
carbonZ_2018-09-11-14-22-07_2_engine_failure/carbonZ_2018-09-11-14-22-07_2_engine_failure-mavros-time_reference.csv,/content/gdrive/MyDrive/datasets/ALFA/processed_csv/processed/carbonZ_2018-09-11-14-22-07_2_engine_failure/carbonZ_2018-09-11-14-22-07_2_engine_failure-mavros-time_reference.csv,9262,0.009,2026-01-29T01:53:59,carbonZ_2018-09-11-14-22-07_2_engine_failure-mavros-time_reference.csv,carbonZ_2018-09-11-14-22-07_2_engine_failure
carbonZ_2018-09-11-14-22-07_2_engine_failure/carbonZ_2018-09-11-14-22-07_2_engine_failure-mavros-vfr_hud.csv,/content/gdrive/MyDrive/datasets/ALFA/processed_csv/processed/carbonZ_2018-09-11-14-22-07_2_engine_failure/carbonZ_2018-09-11-14-22-07_2_engine_failure-mavros-vfr_hud.csv,17135,0.016,2026-01-29T01:53:59,carbonZ_2018-09-11-14-22-07_2_engine_failure-mavros-vfr_hud.csv,carbonZ_2018-09-11-14-22-07_2_engine_failure
carbonZ_2018-09-11-14-22-07_2_engine_failure/carbonZ_2018-09-11-14-22-07_2_engine_failure-mavros-wind_estimation.csv,/content/gdrive/MyDrive/datasets/ALFA/processed_csv/processed/carbonZ_2018-09-11-14-22-07_2_engine_failure/carbonZ_2018-09-11-14-22-07_2_engine_failure-mavros-wind_estimation.csv,12090,0.012,2026-01-29T01:53:59,carbonZ_2018-09-11-14-22-07_2_engine_failure-mavros-wind_estimation.csv,carbonZ_2018-09-11-14-22-07_2_engine_failure
carbonZ_2018-09-11-14-41-38_no_failure/carbonZ_2018-09-11-14-41-38_no_failure-diagnostics.csv,/content/gdrive/MyDrive/datasets/ALFA/processed_csv/processed/carbonZ_2018-09-11-14-41-38_no_failure/carbonZ_2018-09-11-14-41-38_no_failure-diagnostics.csv,46993,0.045,2026-01-29T01:53:59,carbonZ_2018-09-11-14-41-38_no_failure-diagnostics.csv,carbonZ_2018-09-11-14-41-38_no_failure
carbonZ_2018-09-11-14-41-38_no_failure/carbonZ_2018-09-11-14-41-38_no_failure-mavlink-from.csv,/content/gdrive/MyDrive/datasets/ALFA/processed_csv/processed/carbonZ_2018-09-11-14-41-38_no_failure/carbonZ_2018-09-11-14-41-38_no_failure-mavlink-from.csv,1131942,1.08,2026-01-29T01:53:59,carbonZ_2018-09-11-14-41-38_no_failure-mavlink-from.csv,carbonZ_2018-09-11-14-41-38_no_failure
carbonZ_2018-09-11-14-41-38_no_failure/carbonZ_2018-09-11-14-41-38_no_failure-mavros-battery.csv,/content/gdrive/MyDrive/datasets/ALFA/processed_csv/processed/carbonZ_2018-09-11-14-41-38_no_failure/carbonZ_2018-09-11-14-41-38_no_failure-mavros-battery.csv,96518,0.092,2026-01-29T01:53:59,carbonZ_2018-09-11-14-41-38_no_failure-mavros-battery.csv,carbonZ_2018-09-11-14-41-38_no_failure
carbonZ_2018-09-11-14-41-38_no_failure/carbonZ_2018-09-11-14-41-38_no_failure-mavros-global_position-compass_hdg.csv,/content/gdrive/MyDrive/datasets/ALFA/processed_csv/processed/carbonZ_2018-09-11-14-41-38_no_failure/carbonZ_2018-09-11-14-41-38_no_failure-mavros-global_position-compass_hdg.csv,4770,0.005,2026-01-29T01:53:59,carbonZ_2018-09-11-14-41-38_no_failure-mavros-global_position-compass_hdg.csv,carbonZ_2018-09-11-14-41-38_no_failure
carbonZ_2018-09-11-14-41-38_no_failure/carbonZ_2018-09-11-14-41-38_no_failure-mavros-global_position-global.csv,/content/gdrive/MyDrive/datasets/ALFA/processed_csv/processed/carbonZ_2018-09-11-14-41-38_no_failure/carbonZ_2018-09-11-14-41-38_no_failure-mavros-global_position-global.csv,30089,0.029,2026-01-29T01:53:59,carbonZ_2018-09-11-14-41-38_no_failure-mavros-global_position-global.csv,carbonZ_2018-09-11-14-41-38_no_failure
carbonZ_2018-09-11-14-41-38_no_failure/carbonZ_2018-09-11-14-41-38_no_failure-mavros-global_position-local.csv,/content/gdrive/MyDrive/datasets/ALFA/processed_csv/processed/carbonZ_2018-09-11-14-41-38_no_failure/carbonZ_2018-09-11-14-41-38_no_failure-mavros-global_position-local.csv,95280,0.091,2026-01-29T01:53:59,carbonZ_2018-09-11-14-41-38_no_failure-mavros-global_position-local.csv,carbonZ_2018-09-11-14-41-38_no_failure
carbonZ_2018-09-11-14-41-38_no_failure/carbonZ_2018-09-11-14-41-38_no_failure-mavros-global_position-raw-fix.csv,/content/gdrive/MyDrive/datasets/ALFA/processed_csv/processed/carbonZ_2018-09-11-14-41-38_no_failure/carbonZ_2018-09-11-14-41-38_no_failure-mavros-global_position-raw-fix.csv,36391,0.035,2026-01-29T01:53:59,carbonZ_2018-09-11-14-41-38_no_failure-mavros-global_position-raw-fix.csv,carbonZ_2018-09-11-14-41-38_no_failure
carbonZ_2018-09-11-14-41-38_no_failure/carbonZ_2018-09-11-14-41-38_no_failure-mavros-global_position-raw-gps_vel.csv,/content/gdrive/MyDrive/datasets/ALFA/processed_csv/processed/carbonZ_2018-09-11-14-41-38_no_failure/carbonZ_2018-09-11-14-41-38_no_failure-mavros-global_position-raw-gps_vel.csv,20544,0.02,2026-01-29T01:53:59,carbonZ_2018-09-11-14-41-38_no_failure-mavros-global_position-raw-gps_vel.csv,carbonZ_2018-09-11-14-41-38_no_failure
carbonZ_2018-09-11-14-41-38_no_failure/carbonZ_2018-09-11-14-41-38_no_failure-mavros-global_position-rel_alt.csv,/content/gdrive/MyDrive/datasets/ALFA/processed_csv/processed/carbonZ_2018-09-11-14-41-38_no_failure/carbonZ_2018-09-11-14-41-38_no_failure-mavros-global_position-rel_alt.csv,4829,0.005,2026-01-29T01:53:59,carbonZ_2018-09-11-14-41-38_no_failure-mavros-global_position-rel_alt.csv,carbonZ_2018-09-11-14-41-38_no_failure
carbonZ_2018-09-11-14-41-38_no_failure/carbonZ_2018-09-11-14-41-38_no_failure-mavros-imu-atm_pressure.csv,/content/gdrive/MyDrive/datasets/ALFA/processed_csv/processed/carbonZ_2018-09-11-14-41-38_no_failure/carbonZ_2018-09-11-14-41-38_no_failure-mavros-imu-atm_pressure.csv,31640,0.03,2026-01-29T01:53:59,carbonZ_2018-09-11-14-41-38_no_failure-mavros-imu-atm_pressure.csv,carbonZ_2018-09-11-14-41-38_no_failure
carbonZ_2018-09-11-14-41-38_no_failure/carbonZ_2018-09-11-14-41-38_no_failure-mavros-imu-data.csv,/content/gdrive/MyDrive/datasets/ALFA/processed_csv/processed/carbonZ_2018-09-11-14-41-38_no_failure/carbonZ_2018-09-11-14-41-38_no_failure-mavros-imu-data.csv,41001,0.039,2026-01-29T01:53:59,carbonZ_2018-09-11-14-41-38_no_failure-mavros-imu-data.csv,carbonZ_2018-09-11-14-41-38_no_failure
carbonZ_2018-09-11-14-41-38_no_failure/carbonZ_2018-09-11-14-41-38_no_failure-mavros-imu-data_raw.csv,/content/gdrive/MyDrive/datasets/ALFA/processed_csv/processed/carbonZ_2018-09-11-14-41-38_no_failure/carbonZ_2018-09-11-14-41-38_no_failure-mavros-imu-data_raw.csv,122817,0.117,2026-01-29T01:54:00,carbonZ_2018-09-11-14-41-38_no_failure-mavros-imu-data_raw.csv,carbonZ_2018-09-11-14-41-38_no_failure
carbonZ_2018-09-11-14-41-38_no_failure/carbonZ_2018-09-11-14-41-38_no_failure-mavros-imu-mag.csv,/content/gdrive/MyDrive/datasets/ALFA/processed_csv/processed/carbonZ_2018-09-11-14-41-38_no_failure/carbonZ_2018-09-11-14-41-38_no_failure-mavros-imu-mag.csv,52967,0.051,2026-01-29T01:53:59,carbonZ_2018-09-11-14-41-38_no_failure-mavros-imu-mag.csv,carbonZ_2018-09-11-14-41-38_no_failure
carbonZ_2018-09-11-14-41-38_no_failure/carbonZ_2018-09-11-14-41-38_no_failure-mavros-imu-temperature.csv,/content/gdrive/MyDrive/datasets/ALFA/processed_csv/processed/carbonZ_2018-09-11-14-41-38_no_failure/carbonZ_2018-09-11-14-41-38_no_failure-mavros-imu-temperature.csv,28197,0.027,2026-01-29T01:54:00,carbonZ_2018-09-11-14-41-38_no_failure-mavros-imu-temperature.csv,carbonZ_2018-09-11-14-41-38_no_failure
carbonZ_2018-09-11-14-41-38_no_failure/carbonZ_2018-09-11-14-41-38_no_failure-mavros-local_position-odom.csv,/content/gdrive/MyDrive/datasets/ALFA/processed_csv/processed/carbonZ_2018-09-11-14-41-38_no_failure/carbonZ_2018-09-11-14-41-38_no_failure-mavros-local_position-odom.csv,105009,0.1,2026-01-29T01:54:00,carbonZ_2018-09-11-14-41-38_no_failure-mavros-local_position-odom.csv,carbonZ_2018-09-11-14-41-38_no_failure
carbonZ_2018-09-11-14-41-38_no_failure/carbonZ_2018-09-11-14-41-38_no_failure-mavros-local_position-pose.csv,/content/gdrive/MyDrive/datasets/ALFA/processed_csv/processed/carbonZ_2018-09-11-14-41-38_no_failure/carbonZ_2018-09-11-14-41-38_no_failure-mavros-local_position-pose.csv,27900,0.027,2026-01-29T01:54:00,carbonZ_2018-09-11-14-41-38_no_failure-mavros-local_position-pose.csv,carbonZ_2018-09-11-14-41-38_no_failure
carbonZ_2018-09-11-14-41-38_no_failure/carbonZ_2018-09-11-14-41-38_no_failure-mavros-local_position-velocity.csv,/content/gdrive/MyDrive/datasets/ALFA/processed_csv/processed/carbonZ_2018-09-11-14-41-38_no_failure/carbonZ_2018-09-11-14-41-38_no_failure-mavros-local_position-velocity.csv,25425,0.024,2026-01-29T01:54:00,carbonZ_2018-09-11-14-41-38_no_failure-mavros-local_position-velocity.csv,carbonZ_2018-09-11-14-41-38_no_failure
carbonZ_2018-09-11-14-41-38_no_failure/carbonZ_2018-09-11-14-41-38_no_failure-mavros-nav_info-airspeed.csv,/content/gdrive/MyDrive/datasets/ALFA/processed_csv/processed/carbonZ_2018-09-11-14-41-38_no_failure/carbonZ_2018-09-11-14-41-38_no_failure-mavros-nav_info-airspeed.csv,48409,0.046,2026-01-29T01:54:00,carbonZ_2018-09-11-14-41-38_no_failure-mavros-nav_info-airspeed.csv,carbonZ_2018-09-11-14-41-38_no_failure
carbonZ_2018-09-11-14-41-38_no_failure/carbonZ_2018-09-11-14-41-38_no_failure-mavros-nav_info-errors.csv,/content/gdrive/MyDrive/datasets/ALFA/processed_csv/processed/carbonZ_2018-09-11-14-41-38_no_failure/carbonZ_2018-09-11-14-41-38_no_failure-mavros-nav_info-errors.csv,81199,0.077,2026-01-29T01:54:00,carbonZ_2018-09-11-14-41-38_no_failure-mavros-nav_info-errors.csv,carbonZ_2018-09-11-14-41-38_no_failure
carbonZ_2018-09-11-14-41-38_no_failure/carbonZ_2018-09-11-14-41-38_no_failure-mavros-nav_info-pitch.csv,/content/gdrive/MyDrive/datasets/ALFA/processed_csv/processed/carbonZ_2018-09-11-14-41-38_no_failure/carbonZ_2018-09-11-14-41-38_no_failure-mavros-nav_info-pitch.csv,66434,0.063,2026-01-29T01:54:00,carbonZ_2018-09-11-14-41-38_no_failure-mavros-nav_info-pitch.csv,carbonZ_2018-09-11-14-41-38_no_failure
carbonZ_2018-09-11-14-41-38_no_failure/carbonZ_2018-09-11-14-41-38_no_failure-mavros-nav_info-roll.csv,/content/gdrive/MyDrive/datasets/ALFA/processed_csv/processed/carbonZ_2018-09-11-14-41-38_no_failure/carbonZ_2018-09-11-14-41-38_no_failure-mavros-nav_info-roll.csv,64921,0.062,2026-01-29T01:54:00,carbonZ_2018-09-11-14-41-38_no_failure-mavros-nav_info-roll.csv,carbonZ_2018-09-11-14-41-38_no_failure
carbonZ_2018-09-11-14-41-38_no_failure/carbonZ_2018-09-11-14-41-38_no_failure-mavros-nav_info-velocity.csv,/content/gdrive/MyDrive/datasets/ALFA/processed_csv/processed/carbonZ_2018-09-11-14-41-38_no_failure/carbonZ_2018-09-11-14-41-38_no_failure-mavros-nav_info-velocity.csv,89266,0.085,2026-01-29T01:54:00,carbonZ_2018-09-11-14-41-38_no_failure-mavros-nav_info-velocity.csv,carbonZ_2018-09-11-14-41-38_no_failure
carbonZ_2018-09-11-14-41-38_no_failure/carbonZ_2018-09-11-14-41-38_no_failure-mavros-nav_info-yaw.csv,/content/gdrive/MyDrive/datasets/ALFA/processed_csv/processed/carbonZ_2018-09-11-14-41-38_no_failure/carbonZ_2018-09-11-14-41-38_no_failure-mavros-nav_info-yaw.csv,58920,0.056,2026-01-29T01:54:00,carbonZ_2018-09-11-14-41-38_no_failure-mavros-nav_info-yaw.csv,carbonZ_2018-09-11-14-41-38_no_failure
carbonZ_2018-09-11-14-41-38_no_failure/carbonZ_2018-09-11-14-41-38_no_failure-mavros-rc-in.csv,/content/gdrive/MyDrive/datasets/ALFA/processed_csv/processed/carbonZ_2018-09-11-14-41-38_no_failure/carbonZ_2018-09-11-14-41-38_no_failure-mavros-rc-in.csv,17105,0.016,2026-01-29T01:54:00,carbonZ_2018-09-11-14-41-38_no_failure-mavros-rc-in.csv,carbonZ_2018-09-11-14-41-38_no_failure
carbonZ_2018-09-11-14-41-38_no_failure/carbonZ_2018-09-11-14-41-38_no_failure-mavros-rc-out.csv,/content/gdrive/MyDrive/datasets/ALFA/processed_csv/processed/carbonZ_2018-09-11-14-41-38_no_failure/carbonZ_2018-09-11-14-41-38_no_failure-mavros-rc-out.csv,11458,0.011,2026-01-29T01:54:00,carbonZ_2018-09-11-14-41-38_no_failure-mavros-rc-out.csv,carbonZ_2018-09-11-14-41-38_no_failure
carbonZ_2018-09-11-14-41-38_no_failure/carbonZ_2018-09-11-14-41-38_no_failure-mavros-setpoint_raw-target_global.csv,/content/gdrive/MyDrive/datasets/ALFA/processed_csv/processed/carbonZ_2018-09-11-14-41-38_no_failure/carbonZ_2018-09-11-14-41-38_no_failure-mavros-setpoint_raw-target_global.csv,131778,0.126,2026-01-29T01:54:00,carbonZ_2018-09-11-14-41-38_no_failure-mavros-setpoint_raw-target_global.csv,carbonZ_2018-09-11-14-41-38_no_failure
carbonZ_2018-09-11-14-41-38_no_failure/carbonZ_2018-09-11-14-41-38_no_failure-mavros-state.csv,/content/gdrive/MyDrive/datasets/ALFA/processed_csv/processed/carbonZ_2018-09-11-14-41-38_no_failure/carbonZ_2018-09-11-14-41-38_no_failure-mavros-state.csv,2776,0.003,2026-01-29T01:54:00,carbonZ_2018-09-11-14-41-38_no_failure-mavros-state.csv,carbonZ_2018-09-11-14-41-38_no_failure
carbonZ_2018-09-11-14-41-38_no_failure/carbonZ_2018-09-11-14-41-38_no_failure-mavros-time_reference.csv,/content/gdrive/MyDrive/datasets/ALFA/processed_csv/processed/carbonZ_2018-09-11-14-41-38_no_failure/carbonZ_2018-09-11-14-41-38_no_failure-mavros-time_reference.csv,6602,0.006,2026-01-29T01:54:00,carbonZ_2018-09-11-14-41-38_no_failure-mavros-time_reference.csv,carbonZ_2018-09-11-14-41-38_no_failure
carbonZ_2018-09-11-14-41-38_no_failure/carbonZ_2018-09-11-14-41-38_no_failure-mavros-vfr_hud.csv,/content/gdrive/MyDrive/datasets/ALFA/processed_csv/processed/carbonZ_2018-09-11-14-41-38_no_failure/carbonZ_2018-09-11-14-41-38_no_failure-mavros-vfr_hud.csv,12564,0.012,2026-01-29T01:54:00,carbonZ_2018-09-11-14-41-38_no_failure-mavros-vfr_hud.csv,carbonZ_2018-09-11-14-41-38_no_failure
carbonZ_2018-09-11-14-41-38_no_failure/carbonZ_2018-09-11-14-41-38_no_failure-mavros-wind_estimation.csv,/content/gdrive/MyDrive/datasets/ALFA/processed_csv/processed/carbonZ_2018-09-11-14-41-38_no_failure/carbonZ_2018-09-11-14-41-38_no_failure-mavros-wind_estimation.csv,8780,0.008,2026-01-29T01:54:00,carbonZ_2018-09-11-14-41-38_no_failure-mavros-wind_estimation.csv,carbonZ_2018-09-11-14-41-38_no_failure
carbonZ_2018-09-11-14-41-51_elevator_failure/carbonZ_2018-09-11-14-41-51_elevator_failure-diagnostics.csv,/content/gdrive/MyDrive/datasets/ALFA/processed_csv/processed/carbonZ_2018-09-11-14-41-51_elevator_failure/carbonZ_2018-09-11-14-41-51_elevator_failure-diagnostics.csv,136230,0.13,2026-01-29T01:54:00,carbonZ_2018-09-11-14-41-51_elevator_failure-diagnostics.csv,carbonZ_2018-09-11-14-41-51_elevator_failure
carbonZ_2018-09-11-14-41-51_elevator_failure/carbonZ_2018-09-11-14-41-51_elevator_failure-failure_status-elevator.csv,/content/gdrive/MyDrive/datasets/ALFA/processed_csv/processed/carbonZ_2018-09-11-14-41-51_elevator_failure/carbonZ_2018-09-11-14-41-51_elevator_failure-failure_status-elevator.csv,501,0.0,2026-01-29T01:54:00,carbonZ_2018-09-11-14-41-51_elevator_failure-failure_status-elevator.csv,carbonZ_2018-09-11-14-41-51_elevator_failure
carbonZ_2018-09-11-14-41-51_elevator_failure/carbonZ_2018-09-11-14-41-51_elevator_failure-mavctrl-path_dev.csv,/content/gdrive/MyDrive/datasets/ALFA/processed_csv/processed/carbonZ_2018-09-11-14-41-51_elevator_failure/carbonZ_2018-09-11-14-41-51_elevator_failure-mavctrl-path_dev.csv,339968,0.324,2026-01-29T01:54:00,carbonZ_2018-09-11-14-41-51_elevator_failure-mavctrl-path_dev.csv,carbonZ_2018-09-11-14-41-51_elevator_failure
carbonZ_2018-09-11-14-41-51_elevator_failure/carbonZ_2018-09-11-14-41-51_elevator_failure-mavctrl-rpy.csv,/content/gdrive/MyDrive/datasets/ALFA/processed_csv/processed/carbonZ_2018-09-11-14-41-51_elevator_failure/carbonZ_2018-09-11-14-41-51_elevator_failure-mavctrl-rpy.csv,426752,0.407,2026-01-29T01:54:00,carbonZ_2018-09-11-14-41-51_elevator_failure-mavctrl-rpy.csv,carbonZ_2018-09-11-14-41-51_elevator_failure
carbonZ_2018-09-11-14-41-51_elevator_failure/carbonZ_2018-09-11-14-41-51_elevator_failure-mavlink-from.csv,/content/gdrive/MyDrive/datasets/ALFA/processed_csv/processed/carbonZ_2018-09-11-14-41-51_elevator_failure/carbonZ_2018-09-11-14-41-51_elevator_failure-mavlink-from.csv,3400271,3.243,2026-01-29T01:54:00,carbonZ_2018-09-11-14-41-51_elevator_failure-mavlink-from.csv,carbonZ_2018-09-11-14-41-51_elevator_failure
carbonZ_2018-09-11-14-41-51_elevator_failure/carbonZ_2018-09-11-14-41-51_elevator_failure-mavros-battery.csv,/content/gdrive/MyDrive/datasets/ALFA/processed_csv/processed/carbonZ_2018-09-11-14-41-51_elevator_failure/carbonZ_2018-09-11-14-41-51_elevator_failure-mavros-battery.csv,282342,0.269,2026-01-29T01:54:00,carbonZ_2018-09-11-14-41-51_elevator_failure-mavros-battery.csv,carbonZ_2018-09-11-14-41-51_elevator_failure
carbonZ_2018-09-11-14-41-51_elevator_failure/carbonZ_2018-09-11-14-41-51_elevator_failure-mavros-global_position-compass_hdg.csv,/content/gdrive/MyDrive/datasets/ALFA/processed_csv/processed/carbonZ_2018-09-11-14-41-51_elevator_failure/carbonZ_2018-09-11-14-41-51_elevator_failure-mavros-global_position-compass_hdg.csv,14141,0.013,2026-01-29T01:54:00,carbonZ_2018-09-11-14-41-51_elevator_failure-mavros-global_position-compass_hdg.csv,carbonZ_2018-09-11-14-41-51_elevator_failure
carbonZ_2018-09-11-14-41-51_elevator_failure/carbonZ_2018-09-11-14-41-51_elevator_failure-mavros-global_position-global.csv,/content/gdrive/MyDrive/datasets/ALFA/processed_csv/processed/carbonZ_2018-09-11-14-41-51_elevator_failure/carbonZ_2018-09-11-14-41-51_elevator_failure-mavros-global_position-global.csv,88725,0.085,2026-01-29T01:54:00,carbonZ_2018-09-11-14-41-51_elevator_failure-mavros-global_position-global.csv,carbonZ_2018-09-11-14-41-51_elevator_failure
carbonZ_2018-09-11-14-41-51_elevator_failure/carbonZ_2018-09-11-14-41-51_elevator_failure-mavros-global_position-local.csv,/content/gdrive/MyDrive/datasets/ALFA/processed_csv/processed/carbonZ_2018-09-11-14-41-51_elevator_failure/carbonZ_2018-09-11-14-41-51_elevator_failure-mavros-global_position-local.csv,280190,0.267,2026-01-29T01:54:00,carbonZ_2018-09-11-14-41-51_elevator_failure-mavros-global_position-local.csv,carbonZ_2018-09-11-14-41-51_elevator_failure
carbonZ_2018-09-11-14-41-51_elevator_failure/carbonZ_2018-09-11-14-41-51_elevator_failure-mavros-global_position-raw-fix.csv,/content/gdrive/MyDrive/datasets/ALFA/processed_csv/processed/carbonZ_2018-09-11-14-41-51_elevator_failure/carbonZ_2018-09-11-14-41-51_elevator_failure-mavros-global_position-raw-fix.csv,106957,0.102,2026-01-29T01:54:00,carbonZ_2018-09-11-14-41-51_elevator_failure-mavros-global_position-raw-fix.csv,carbonZ_2018-09-11-14-41-51_elevator_failure
carbonZ_2018-09-11-14-41-51_elevator_failure/carbonZ_2018-09-11-14-41-51_elevator_failure-mavros-global_position-raw-gps_vel.csv,/content/gdrive/MyDrive/datasets/ALFA/processed_csv/processed/carbonZ_2018-09-11-14-41-51_elevator_failure/carbonZ_2018-09-11-14-41-51_elevator_failure-mavros-global_position-raw-gps_vel.csv,60915,0.058,2026-01-29T01:54:00,carbonZ_2018-09-11-14-41-51_elevator_failure-mavros-global_position-raw-gps_vel.csv,carbonZ_2018-09-11-14-41-51_elevator_failure
carbonZ_2018-09-11-14-41-51_elevator_failure/carbonZ_2018-09-11-14-41-51_elevator_failure-mavros-global_position-rel_alt.csv,/content/gdrive/MyDrive/datasets/ALFA/processed_csv/processed/carbonZ_2018-09-11-14-41-51_elevator_failure/carbonZ_2018-09-11-14-41-51_elevator_failure-mavros-global_position-rel_alt.csv,14347,0.014,2026-01-29T01:54:00,carbonZ_2018-09-11-14-41-51_elevator_failure-mavros-global_position-rel_alt.csv,carbonZ_2018-09-11-14-41-51_elevator_failure
carbonZ_2018-09-11-14-41-51_elevator_failure/carbonZ_2018-09-11-14-41-51_elevator_failure-mavros-imu-atm_pressure.csv,/content/gdrive/MyDrive/datasets/ALFA/processed_csv/processed/carbonZ_2018-09-11-14-41-51_elevator_failure/carbonZ_2018-09-11-14-41-51_elevator_failure-mavros-imu-atm_pressure.csv,93755,0.089,2026-01-29T01:54:00,carbonZ_2018-09-11-14-41-51_elevator_failure-mavros-imu-atm_pressure.csv,carbonZ_2018-09-11-14-41-51_elevator_failure
carbonZ_2018-09-11-14-41-51_elevator_failure/carbonZ_2018-09-11-14-41-51_elevator_failure-mavros-imu-data.csv,/content/gdrive/MyDrive/datasets/ALFA/processed_csv/processed/carbonZ_2018-09-11-14-41-51_elevator_failure/carbonZ_2018-09-11-14-41-51_elevator_failure-mavros-imu-data.csv,117763,0.112,2026-01-29T01:54:00,carbonZ_2018-09-11-14-41-51_elevator_failure-mavros-imu-data.csv,carbonZ_2018-09-11-14-41-51_elevator_failure
carbonZ_2018-09-11-14-41-51_elevator_failure/carbonZ_2018-09-11-14-41-51_elevator_failure-mavros-imu-data_raw.csv,/content/gdrive/MyDrive/datasets/ALFA/processed_csv/processed/carbonZ_2018-09-11-14-41-51_elevator_failure/carbonZ_2018-09-11-14-41-51_elevator_failure-mavros-imu-data_raw.csv,361205,0.344,2026-01-29T01:54:00,carbonZ_2018-09-11-14-41-51_elevator_failure-mavros-imu-data_raw.csv,carbonZ_2018-09-11-14-41-51_elevator_failure
carbonZ_2018-09-11-14-41-51_elevator_failure/carbonZ_2018-09-11-14-41-51_elevator_failure-mavros-imu-mag.csv,/content/gdrive/MyDrive/datasets/ALFA/processed_csv/processed/carbonZ_2018-09-11-14-41-51_elevator_failure/carbonZ_2018-09-11-14-41-51_elevator_failure-mavros-imu-mag.csv,156824,0.15,2026-01-29T01:54:00,carbonZ_2018-09-11-14-41-51_elevator_failure-mavros-imu-mag.csv,carbonZ_2018-09-11-14-41-51_elevator_failure
carbonZ_2018-09-11-14-41-51_elevator_failure/carbonZ_2018-09-11-14-41-51_elevator_failure-mavros-imu-temperature.csv,/content/gdrive/MyDrive/datasets/ALFA/processed_csv/processed/carbonZ_2018-09-11-14-41-51_elevator_failure/carbonZ_2018-09-11-14-41-51_elevator_failure-mavros-imu-temperature.csv,83490,0.08,2026-01-29T01:54:00,carbonZ_2018-09-11-14-41-51_elevator_failure-mavros-imu-temperature.csv,carbonZ_2018-09-11-14-41-51_elevator_failure
carbonZ_2018-09-11-14-41-51_elevator_failure/carbonZ_2018-09-11-14-41-51_elevator_failure-mavros-local_position-odom.csv,/content/gdrive/MyDrive/datasets/ALFA/processed_csv/processed/carbonZ_2018-09-11-14-41-51_elevator_failure/carbonZ_2018-09-11-14-41-51_elevator_failure-mavros-local_position-odom.csv,309273,0.295,2026-01-29T01:54:00,carbonZ_2018-09-11-14-41-51_elevator_failure-mavros-local_position-odom.csv,carbonZ_2018-09-11-14-41-51_elevator_failure
carbonZ_2018-09-11-14-41-51_elevator_failure/carbonZ_2018-09-11-14-41-51_elevator_failure-mavros-local_position-pose.csv,/content/gdrive/MyDrive/datasets/ALFA/processed_csv/processed/carbonZ_2018-09-11-14-41-51_elevator_failure/carbonZ_2018-09-11-14-41-51_elevator_failure-mavros-local_position-pose.csv,83506,0.08,2026-01-29T01:54:00,carbonZ_2018-09-11-14-41-51_elevator_failure-mavros-local_position-pose.csv,carbonZ_2018-09-11-14-41-51_elevator_failure
carbonZ_2018-09-11-14-41-51_elevator_failure/carbonZ_2018-09-11-14-41-51_elevator_failure-mavros-local_position-velocity.csv,/content/gdrive/MyDrive/datasets/ALFA/processed_csv/processed/carbonZ_2018-09-11-14-41-51_elevator_failure/carbonZ_2018-09-11-14-41-51_elevator_failure-mavros-local_position-velocity.csv,75842,0.072,2026-01-29T01:54:00,carbonZ_2018-09-11-14-41-51_elevator_failure-mavros-local_position-velocity.csv,carbonZ_2018-09-11-14-41-51_elevator_failure
carbonZ_2018-09-11-14-41-51_elevator_failure/carbonZ_2018-09-11-14-41-51_elevator_failure-mavros-nav_info-airspeed.csv,/content/gdrive/MyDrive/datasets/ALFA/processed_csv/processed/carbonZ_2018-09-11-14-41-51_elevator_failure/carbonZ_2018-09-11-14-41-51_elevator_failure-mavros-nav_info-airspeed.csv,143296,0.137,2026-01-29T01:54:00,carbonZ_2018-09-11-14-41-51_elevator_failure-mavros-nav_info-airspeed.csv,carbonZ_2018-09-11-14-41-51_elevator_failure
carbonZ_2018-09-11-14-41-51_elevator_failure/carbonZ_2018-09-11-14-41-51_elevator_failure-mavros-nav_info-errors.csv,/content/gdrive/MyDrive/datasets/ALFA/processed_csv/processed/carbonZ_2018-09-11-14-41-51_elevator_failure/carbonZ_2018-09-11-14-41-51_elevator_failure-mavros-nav_info-errors.csv,239883,0.229,2026-01-29T01:54:00,carbonZ_2018-09-11-14-41-51_elevator_failure-mavros-nav_info-errors.csv,carbonZ_2018-09-11-14-41-51_elevator_failure
carbonZ_2018-09-11-14-41-51_elevator_failure/carbonZ_2018-09-11-14-41-51_elevator_failure-mavros-nav_info-pitch.csv,/content/gdrive/MyDrive/datasets/ALFA/processed_csv/processed/carbonZ_2018-09-11-14-41-51_elevator_failure/carbonZ_2018-09-11-14-41-51_elevator_failure-mavros-nav_info-pitch.csv,196255,0.187,2026-01-29T01:54:00,carbonZ_2018-09-11-14-41-51_elevator_failure-mavros-nav_info-pitch.csv,carbonZ_2018-09-11-14-41-51_elevator_failure
carbonZ_2018-09-11-14-41-51_elevator_failure/carbonZ_2018-09-11-14-41-51_elevator_failure-mavros-nav_info-roll.csv,/content/gdrive/MyDrive/datasets/ALFA/processed_csv/processed/carbonZ_2018-09-11-14-41-51_elevator_failure/carbonZ_2018-09-11-14-41-51_elevator_failure-mavros-nav_info-roll.csv,193145,0.184,2026-01-29T01:54:00,carbonZ_2018-09-11-14-41-51_elevator_failure-mavros-nav_info-roll.csv,carbonZ_2018-09-11-14-41-51_elevator_failure
carbonZ_2018-09-11-14-41-51_elevator_failure/carbonZ_2018-09-11-14-41-51_elevator_failure-mavros-nav_info-velocity.csv,/content/gdrive/MyDrive/datasets/ALFA/processed_csv/processed/carbonZ_2018-09-11-14-41-51_elevator_failure/carbonZ_2018-09-11-14-41-51_elevator_failure-mavros-nav_info-velocity.csv,340658,0.325,2026-01-29T01:54:00,carbonZ_2018-09-11-14-41-51_elevator_failure-mavros-nav_info-velocity.csv,carbonZ_2018-09-11-14-41-51_elevator_failure
carbonZ_2018-09-11-14-41-51_elevator_failure/carbonZ_2018-09-11-14-41-51_elevator_failure-mavros-nav_info-yaw.csv,/content/gdrive/MyDrive/datasets/ALFA/processed_csv/processed/carbonZ_2018-09-11-14-41-51_elevator_failure/carbonZ_2018-09-11-14-41-51_elevator_failure-mavros-nav_info-yaw.csv,173467,0.165,2026-01-29T01:54:00,carbonZ_2018-09-11-14-41-51_elevator_failure-mavros-nav_info-yaw.csv,carbonZ_2018-09-11-14-41-51_elevator_failure
carbonZ_2018-09-11-14-41-51_elevator_failure/carbonZ_2018-09-11-14-41-51_elevator_failure-mavros-rc-in.csv,/content/gdrive/MyDrive/datasets/ALFA/processed_csv/processed/carbonZ_2018-09-11-14-41-51_elevator_failure/carbonZ_2018-09-11-14-41-51_elevator_failure-mavros-rc-in.csv,49745,0.047,2026-01-29T01:54:00,carbonZ_2018-09-11-14-41-51_elevator_failure-mavros-rc-in.csv,carbonZ_2018-09-11-14-41-51_elevator_failure
carbonZ_2018-09-11-14-41-51_elevator_failure/carbonZ_2018-09-11-14-41-51_elevator_failure-mavros-rc-out.csv,/content/gdrive/MyDrive/datasets/ALFA/processed_csv/processed/carbonZ_2018-09-11-14-41-51_elevator_failure/carbonZ_2018-09-11-14-41-51_elevator_failure-mavros-rc-out.csv,33388,0.032,2026-01-29T01:54:00,carbonZ_2018-09-11-14-41-51_elevator_failure-mavros-rc-out.csv,carbonZ_2018-09-11-14-41-51_elevator_failure
carbonZ_2018-09-11-14-41-51_elevator_failure/carbonZ_2018-09-11-14-41-51_elevator_failure-mavros-setpoint_raw-local.csv,/content/gdrive/MyDrive/datasets/ALFA/processed_csv/processed/carbonZ_2018-09-11-14-41-51_elevator_failure/carbonZ_2018-09-11-14-41-51_elevator_failure-mavros-setpoint_raw-local.csv,785799,0.749,2026-01-29T01:54:00,carbonZ_2018-09-11-14-41-51_elevator_failure-mavros-setpoint_raw-local.csv,carbonZ_2018-09-11-14-41-51_elevator_failure
carbonZ_2018-09-11-14-41-51_elevator_failure/carbonZ_2018-09-11-14-41-51_elevator_failure-mavros-setpoint_raw-target_global.csv,/content/gdrive/MyDrive/datasets/ALFA/processed_csv/processed/carbonZ_2018-09-11-14-41-51_elevator_failure/carbonZ_2018-09-11-14-41-51_elevator_failure-mavros-setpoint_raw-target_global.csv,464639,0.443,2026-01-29T01:54:00,carbonZ_2018-09-11-14-41-51_elevator_failure-mavros-setpoint_raw-target_global.csv,carbonZ_2018-09-11-14-41-51_elevator_failure
carbonZ_2018-09-11-14-41-51_elevator_failure/carbonZ_2018-09-11-14-41-51_elevator_failure-mavros-state.csv,/content/gdrive/MyDrive/datasets/ALFA/processed_csv/processed/carbonZ_2018-09-11-14-41-51_elevator_failure/carbonZ_2018-09-11-14-41-51_elevator_failure-mavros-state.csv,7876,0.008,2026-01-29T01:54:00,carbonZ_2018-09-11-14-41-51_elevator_failure-mavros-state.csv,carbonZ_2018-09-11-14-41-51_elevator_failure
carbonZ_2018-09-11-14-41-51_elevator_failure/carbonZ_2018-09-11-14-41-51_elevator_failure-mavros-time_reference.csv,/content/gdrive/MyDrive/datasets/ALFA/processed_csv/processed/carbonZ_2018-09-11-14-41-51_elevator_failure/carbonZ_2018-09-11-14-41-51_elevator_failure-mavros-time_reference.csv,18934,0.018,2026-01-29T01:54:00,carbonZ_2018-09-11-14-41-51_elevator_failure-mavros-time_reference.csv,carbonZ_2018-09-11-14-41-51_elevator_failure
carbonZ_2018-09-11-14-41-51_elevator_failure/carbonZ_2018-09-11-14-41-51_elevator_failure-mavros-vfr_hud.csv,/content/gdrive/MyDrive/datasets/ALFA/processed_csv/processed/carbonZ_2018-09-11-14-41-51_elevator_failure/carbonZ_2018-09-11-14-41-51_elevator_failure-mavros-vfr_hud.csv,36211,0.035,2026-01-29T01:54:00,carbonZ_2018-09-11-14-41-51_elevator_failure-mavros-vfr_hud.csv,carbonZ_2018-09-11-14-41-51_elevator_failure
carbonZ_2018-09-11-14-41-51_elevator_failure/carbonZ_2018-09-11-14-41-51_elevator_failure-mavros-wind_estimation.csv,/content/gdrive/MyDrive/datasets/ALFA/processed_csv/processed/carbonZ_2018-09-11-14-41-51_elevator_failure/carbonZ_2018-09-11-14-41-51_elevator_failure-mavros-wind_estimation.csv,24712,0.024,2026-01-29T01:54:00,carbonZ_2018-09-11-14-41-51_elevator_failure-mavros-wind_estimation.csv,carbonZ_2018-09-11-14-41-51_elevator_failure
carbonZ_2018-09-11-14-52-54_left_aileron__right_aileron__failure/carbonZ_2018-09-11-14-52-54_left_aileron__right_aileron__failure-diagnostics.csv,/content/gdrive/MyDrive/datasets/ALFA/processed_csv/processed/carbonZ_2018-09-11-14-52-54_left_aileron__right_aileron__failure/carbonZ_2018-09-11-14-52-54_left_aileron__right_aileron__failure-diagnostics.csv,245523,0.234,2026-01-29T01:54:00,carbonZ_2018-09-11-14-52-54_left_aileron__right_aileron__failure-diagnostics.csv,carbonZ_2018-09-11-14-52-54_left_aileron__right_aileron__failure
carbonZ_2018-09-11-14-52-54_left_aileron__right_aileron__failure/carbonZ_2018-09-11-14-52-54_left_aileron__right_aileron__failure-failure_status-aileron.csv,/content/gdrive/MyDrive/datasets/ALFA/processed_csv/processed/carbonZ_2018-09-11-14-52-54_left_aileron__right_aileron__failure/carbonZ_2018-09-11-14-52-54_left_aileron__right_aileron__failure-failure_status-aileron.csv,5671,0.005,2026-01-29T01:54:00,carbonZ_2018-09-11-14-52-54_left_aileron__right_aileron__failure-failure_status-aileron.csv,carbonZ_2018-09-11-14-52-54_left_aileron__right_aileron__failure
carbonZ_2018-09-11-14-52-54_left_aileron__right_aileron__failure/carbonZ_2018-09-11-14-52-54_left_aileron__right_aileron__failure-mavctrl-path_dev.csv,/content/gdrive/MyDrive/datasets/ALFA/processed_csv/processed/carbonZ_2018-09-11-14-52-54_left_aileron__right_aileron__failure/carbonZ_2018-09-11-14-52-54_left_aileron__right_aileron__failure-mavctrl-path_dev.csv,617496,0.589,2026-01-29T01:54:01,carbonZ_2018-09-11-14-52-54_left_aileron__right_aileron__failure-mavctrl-path_dev.csv,carbonZ_2018-09-11-14-52-54_left_aileron__right_aileron__failure
carbonZ_2018-09-11-14-52-54_left_aileron__right_aileron__failure/carbonZ_2018-09-11-14-52-54_left_aileron__right_aileron__failure-mavctrl-rpy.csv,/content/gdrive/MyDrive/datasets/ALFA/processed_csv/processed/carbonZ_2018-09-11-14-52-54_left_aileron__right_aileron__failure/carbonZ_2018-09-11-14-52-54_left_aileron__right_aileron__failure-mavctrl-rpy.csv,775811,0.74,2026-01-29T01:54:01,carbonZ_2018-09-11-14-52-54_left_aileron__right_aileron__failure-mavctrl-rpy.csv,carbonZ_2018-09-11-14-52-54_left_aileron__right_aileron__failure
carbonZ_2018-09-11-14-52-54_left_aileron__right_aileron__failure/carbonZ_2018-09-11-14-52-54_left_aileron__right_aileron__failure-mavlink-from.csv,/content/gdrive/MyDrive/datasets/ALFA/processed_csv/processed/carbonZ_2018-09-11-14-52-54_left_aileron__right_aileron__failure/carbonZ_2018-09-11-14-52-54_left_aileron__right_aileron__failure-mavlink-from.csv,6117297,5.834,2026-01-29T01:54:01,carbonZ_2018-09-11-14-52-54_left_aileron__right_aileron__failure-mavlink-from.csv,carbonZ_2018-09-11-14-52-54_left_aileron__right_aileron__failure
carbonZ_2018-09-11-14-52-54_left_aileron__right_aileron__failure/carbonZ_2018-09-11-14-52-54_left_aileron__right_aileron__failure-mavros-battery.csv,/content/gdrive/MyDrive/datasets/ALFA/processed_csv/processed/carbonZ_2018-09-11-14-52-54_left_aileron__right_aileron__failure/carbonZ_2018-09-11-14-52-54_left_aileron__right_aileron__failure-mavros-battery.csv,510158,0.487,2026-01-29T01:54:01,carbonZ_2018-09-11-14-52-54_left_aileron__right_aileron__failure-mavros-battery.csv,carbonZ_2018-09-11-14-52-54_left_aileron__right_aileron__failure
carbonZ_2018-09-11-14-52-54_left_aileron__right_aileron__failure/carbonZ_2018-09-11-14-52-54_left_aileron__right_aileron__failure-mavros-global_position-compass_hdg.csv,/content/gdrive/MyDrive/datasets/ALFA/processed_csv/processed/carbonZ_2018-09-11-14-52-54_left_aileron__right_aileron__failure/carbonZ_2018-09-11-14-52-54_left_aileron__right_aileron__failure-mavros-global_position-compass_hdg.csv,25341,0.024,2026-01-29T01:54:01,carbonZ_2018-09-11-14-52-54_left_aileron__right_aileron__failure-mavros-global_position-compass_hdg.csv,carbonZ_2018-09-11-14-52-54_left_aileron__right_aileron__failure
carbonZ_2018-09-11-14-52-54_left_aileron__right_aileron__failure/carbonZ_2018-09-11-14-52-54_left_aileron__right_aileron__failure-mavros-global_position-global.csv,/content/gdrive/MyDrive/datasets/ALFA/processed_csv/processed/carbonZ_2018-09-11-14-52-54_left_aileron__right_aileron__failure/carbonZ_2018-09-11-14-52-54_left_aileron__right_aileron__failure-mavros-global_position-global.csv,158831,0.151,2026-01-29T01:54:01,carbonZ_2018-09-11-14-52-54_left_aileron__right_aileron__failure-mavros-global_position-global.csv,carbonZ_2018-09-11-14-52-54_left_aileron__right_aileron__failure
carbonZ_2018-09-11-14-52-54_left_aileron__right_aileron__failure/carbonZ_2018-09-11-14-52-54_left_aileron__right_aileron__failure-mavros-global_position-local.csv,/content/gdrive/MyDrive/datasets/ALFA/processed_csv/processed/carbonZ_2018-09-11-14-52-54_left_aileron__right_aileron__failure/carbonZ_2018-09-11-14-52-54_left_aileron__right_aileron__failure-mavros-global_position-local.csv,501115,0.478,2026-01-29T01:54:01,carbonZ_2018-09-11-14-52-54_left_aileron__right_aileron__failure-mavros-global_position-local.csv,carbonZ_2018-09-11-14-52-54_left_aileron__right_aileron__failure
carbonZ_2018-09-11-14-52-54_left_aileron__right_aileron__failure/carbonZ_2018-09-11-14-52-54_left_aileron__right_aileron__failure-mavros-global_position-raw-fix.csv,/content/gdrive/MyDrive/datasets/ALFA/processed_csv/processed/carbonZ_2018-09-11-14-52-54_left_aileron__right_aileron__failure/carbonZ_2018-09-11-14-52-54_left_aileron__right_aileron__failure-mavros-global_position-raw-fix.csv,193546,0.185,2026-01-29T01:54:01,carbonZ_2018-09-11-14-52-54_left_aileron__right_aileron__failure-mavros-global_position-raw-fix.csv,carbonZ_2018-09-11-14-52-54_left_aileron__right_aileron__failure
carbonZ_2018-09-11-14-52-54_left_aileron__right_aileron__failure/carbonZ_2018-09-11-14-52-54_left_aileron__right_aileron__failure-mavros-global_position-raw-gps_vel.csv,/content/gdrive/MyDrive/datasets/ALFA/processed_csv/processed/carbonZ_2018-09-11-14-52-54_left_aileron__right_aileron__failure/carbonZ_2018-09-11-14-52-54_left_aileron__right_aileron__failure-mavros-global_position-raw-gps_vel.csv,110132,0.105,2026-01-29T01:54:01,carbonZ_2018-09-11-14-52-54_left_aileron__right_aileron__failure-mavros-global_position-raw-gps_vel.csv,carbonZ_2018-09-11-14-52-54_left_aileron__right_aileron__failure
carbonZ_2018-09-11-14-52-54_left_aileron__right_aileron__failure/carbonZ_2018-09-11-14-52-54_left_aileron__right_aileron__failure-mavros-global_position-rel_alt.csv,/content/gdrive/MyDrive/datasets/ALFA/processed_csv/processed/carbonZ_2018-09-11-14-52-54_left_aileron__right_aileron__failure/carbonZ_2018-09-11-14-52-54_left_aileron__right_aileron__failure-mavros-global_position-rel_alt.csv,25728,0.025,2026-01-29T01:54:01,carbonZ_2018-09-11-14-52-54_left_aileron__right_aileron__failure-mavros-global_position-rel_alt.csv,carbonZ_2018-09-11-14-52-54_left_aileron__right_aileron__failure
carbonZ_2018-09-11-14-52-54_left_aileron__right_aileron__failure/carbonZ_2018-09-11-14-52-54_left_aileron__right_aileron__failure-mavros-imu-atm_pressure.csv,/content/gdrive/MyDrive/datasets/ALFA/processed_csv/processed/carbonZ_2018-09-11-14-52-54_left_aileron__right_aileron__failure/carbonZ_2018-09-11-14-52-54_left_aileron__right_aileron__failure-mavros-imu-atm_pressure.csv,171675,0.164,2026-01-29T01:54:01,carbonZ_2018-09-11-14-52-54_left_aileron__right_aileron__failure-mavros-imu-atm_pressure.csv,carbonZ_2018-09-11-14-52-54_left_aileron__right_aileron__failure
carbonZ_2018-09-11-14-52-54_left_aileron__right_aileron__failure/carbonZ_2018-09-11-14-52-54_left_aileron__right_aileron__failure-mavros-imu-data.csv,/content/gdrive/MyDrive/datasets/ALFA/processed_csv/processed/carbonZ_2018-09-11-14-52-54_left_aileron__right_aileron__failure/carbonZ_2018-09-11-14-52-54_left_aileron__right_aileron__failure-mavros-imu-data.csv,205791,0.196,2026-01-29T01:54:01,carbonZ_2018-09-11-14-52-54_left_aileron__right_aileron__failure-mavros-imu-data.csv,carbonZ_2018-09-11-14-52-54_left_aileron__right_aileron__failure
carbonZ_2018-09-11-14-52-54_left_aileron__right_aileron__failure/carbonZ_2018-09-11-14-52-54_left_aileron__right_aileron__failure-mavros-imu-data_raw.csv,/content/gdrive/MyDrive/datasets/ALFA/processed_csv/processed/carbonZ_2018-09-11-14-52-54_left_aileron__right_aileron__failure/carbonZ_2018-09-11-14-52-54_left_aileron__right_aileron__failure-mavros-imu-data_raw.csv,656158,0.626,2026-01-29T01:54:01,carbonZ_2018-09-11-14-52-54_left_aileron__right_aileron__failure-mavros-imu-data_raw.csv,carbonZ_2018-09-11-14-52-54_left_aileron__right_aileron__failure
carbonZ_2018-09-11-14-52-54_left_aileron__right_aileron__failure/carbonZ_2018-09-11-14-52-54_left_aileron__right_aileron__failure-mavros-imu-mag.csv,/content/gdrive/MyDrive/datasets/ALFA/processed_csv/processed/carbonZ_2018-09-11-14-52-54_left_aileron__right_aileron__failure/carbonZ_2018-09-11-14-52-54_left_aileron__right_aileron__failure-mavros-imu-mag.csv,284319,0.271,2026-01-29T01:54:01,carbonZ_2018-09-11-14-52-54_left_aileron__right_aileron__failure-mavros-imu-mag.csv,carbonZ_2018-09-11-14-52-54_left_aileron__right_aileron__failure
carbonZ_2018-09-11-14-52-54_left_aileron__right_aileron__failure/carbonZ_2018-09-11-14-52-54_left_aileron__right_aileron__failure-mavros-imu-temperature.csv,/content/gdrive/MyDrive/datasets/ALFA/processed_csv/processed/carbonZ_2018-09-11-14-52-54_left_aileron__right_aileron__failure/carbonZ_2018-09-11-14-52-54_left_aileron__right_aileron__failure-mavros-imu-temperature.csv,153076,0.146,2026-01-29T01:54:01,carbonZ_2018-09-11-14-52-54_left_aileron__right_aileron__failure-mavros-imu-temperature.csv,carbonZ_2018-09-11-14-52-54_left_aileron__right_aileron__failure
carbonZ_2018-09-11-14-52-54_left_aileron__right_aileron__failure/carbonZ_2018-09-11-14-52-54_left_aileron__right_aileron__failure-mavros-local_position-odom.csv,/content/gdrive/MyDrive/datasets/ALFA/processed_csv/processed/carbonZ_2018-09-11-14-52-54_left_aileron__right_aileron__failure/carbonZ_2018-09-11-14-52-54_left_aileron__right_aileron__failure-mavros-local_position-odom.csv,553995,0.528,2026-01-29T01:54:01,carbonZ_2018-09-11-14-52-54_left_aileron__right_aileron__failure-mavros-local_position-odom.csv,carbonZ_2018-09-11-14-52-54_left_aileron__right_aileron__failure
carbonZ_2018-09-11-14-52-54_left_aileron__right_aileron__failure/carbonZ_2018-09-11-14-52-54_left_aileron__right_aileron__failure-mavros-local_position-pose.csv,/content/gdrive/MyDrive/datasets/ALFA/processed_csv/processed/carbonZ_2018-09-11-14-52-54_left_aileron__right_aileron__failure/carbonZ_2018-09-11-14-52-54_left_aileron__right_aileron__failure-mavros-local_position-pose.csv,149863,0.143,2026-01-29T01:54:01,carbonZ_2018-09-11-14-52-54_left_aileron__right_aileron__failure-mavros-local_position-pose.csv,carbonZ_2018-09-11-14-52-54_left_aileron__right_aileron__failure
carbonZ_2018-09-11-14-52-54_left_aileron__right_aileron__failure/carbonZ_2018-09-11-14-52-54_left_aileron__right_aileron__failure-mavros-local_position-velocity.csv,/content/gdrive/MyDrive/datasets/ALFA/processed_csv/processed/carbonZ_2018-09-11-14-52-54_left_aileron__right_aileron__failure/carbonZ_2018-09-11-14-52-54_left_aileron__right_aileron__failure-mavros-local_position-velocity.csv,135939,0.13,2026-01-29T01:54:01,carbonZ_2018-09-11-14-52-54_left_aileron__right_aileron__failure-mavros-local_position-velocity.csv,carbonZ_2018-09-11-14-52-54_left_aileron__right_aileron__failure
carbonZ_2018-09-11-14-52-54_left_aileron__right_aileron__failure/carbonZ_2018-09-11-14-52-54_left_aileron__right_aileron__failure-mavros-nav_info-airspeed.csv,/content/gdrive/MyDrive/datasets/ALFA/processed_csv/processed/carbonZ_2018-09-11-14-52-54_left_aileron__right_aileron__failure/carbonZ_2018-09-11-14-52-54_left_aileron__right_aileron__failure-mavros-nav_info-airspeed.csv,257696,0.246,2026-01-29T01:54:01,carbonZ_2018-09-11-14-52-54_left_aileron__right_aileron__failure-mavros-nav_info-airspeed.csv,carbonZ_2018-09-11-14-52-54_left_aileron__right_aileron__failure
carbonZ_2018-09-11-14-52-54_left_aileron__right_aileron__failure/carbonZ_2018-09-11-14-52-54_left_aileron__right_aileron__failure-mavros-nav_info-errors.csv,/content/gdrive/MyDrive/datasets/ALFA/processed_csv/processed/carbonZ_2018-09-11-14-52-54_left_aileron__right_aileron__failure/carbonZ_2018-09-11-14-52-54_left_aileron__right_aileron__failure-mavros-nav_info-errors.csv,427012,0.407,2026-01-29T01:54:01,carbonZ_2018-09-11-14-52-54_left_aileron__right_aileron__failure-mavros-nav_info-errors.csv,carbonZ_2018-09-11-14-52-54_left_aileron__right_aileron__failure
carbonZ_2018-09-11-14-52-54_left_aileron__right_aileron__failure/carbonZ_2018-09-11-14-52-54_left_aileron__right_aileron__failure-mavros-nav_info-pitch.csv,/content/gdrive/MyDrive/datasets/ALFA/processed_csv/processed/carbonZ_2018-09-11-14-52-54_left_aileron__right_aileron__failure/carbonZ_2018-09-11-14-52-54_left_aileron__right_aileron__failure-mavros-nav_info-pitch.csv,348832,0.333,2026-01-29T01:54:01,carbonZ_2018-09-11-14-52-54_left_aileron__right_aileron__failure-mavros-nav_info-pitch.csv,carbonZ_2018-09-11-14-52-54_left_aileron__right_aileron__failure
carbonZ_2018-09-11-14-52-54_left_aileron__right_aileron__failure/carbonZ_2018-09-11-14-52-54_left_aileron__right_aileron__failure-mavros-nav_info-roll.csv,/content/gdrive/MyDrive/datasets/ALFA/processed_csv/processed/carbonZ_2018-09-11-14-52-54_left_aileron__right_aileron__failure/carbonZ_2018-09-11-14-52-54_left_aileron__right_aileron__failure-mavros-nav_info-roll.csv,344008,0.328,2026-01-29T01:54:01,carbonZ_2018-09-11-14-52-54_left_aileron__right_aileron__failure-mavros-nav_info-roll.csv,carbonZ_2018-09-11-14-52-54_left_aileron__right_aileron__failure
carbonZ_2018-09-11-14-52-54_left_aileron__right_aileron__failure/carbonZ_2018-09-11-14-52-54_left_aileron__right_aileron__failure-mavros-nav_info-velocity.csv,/content/gdrive/MyDrive/datasets/ALFA/processed_csv/processed/carbonZ_2018-09-11-14-52-54_left_aileron__right_aileron__failure/carbonZ_2018-09-11-14-52-54_left_aileron__right_aileron__failure-mavros-nav_info-velocity.csv,607631,0.579,2026-01-29T01:54:01,carbonZ_2018-09-11-14-52-54_left_aileron__right_aileron__failure-mavros-nav_info-velocity.csv,carbonZ_2018-09-11-14-52-54_left_aileron__right_aileron__failure
carbonZ_2018-09-11-14-52-54_left_aileron__right_aileron__failure/carbonZ_2018-09-11-14-52-54_left_aileron__right_aileron__failure-mavros-nav_info-yaw.csv,/content/gdrive/MyDrive/datasets/ALFA/processed_csv/processed/carbonZ_2018-09-11-14-52-54_left_aileron__right_aileron__failure/carbonZ_2018-09-11-14-52-54_left_aileron__right_aileron__failure-mavros-nav_info-yaw.csv,308959,0.295,2026-01-29T01:54:01,carbonZ_2018-09-11-14-52-54_left_aileron__right_aileron__failure-mavros-nav_info-yaw.csv,carbonZ_2018-09-11-14-52-54_left_aileron__right_aileron__failure
carbonZ_2018-09-11-14-52-54_left_aileron__right_aileron__failure/carbonZ_2018-09-11-14-52-54_left_aileron__right_aileron__failure-mavros-rc-in.csv,/content/gdrive/MyDrive/datasets/ALFA/processed_csv/processed/carbonZ_2018-09-11-14-52-54_left_aileron__right_aileron__failure/carbonZ_2018-09-11-14-52-54_left_aileron__right_aileron__failure-mavros-rc-in.csv,87377,0.083,2026-01-29T01:54:01,carbonZ_2018-09-11-14-52-54_left_aileron__right_aileron__failure-mavros-rc-in.csv,carbonZ_2018-09-11-14-52-54_left_aileron__right_aileron__failure
carbonZ_2018-09-11-14-52-54_left_aileron__right_aileron__failure/carbonZ_2018-09-11-14-52-54_left_aileron__right_aileron__failure-mavros-rc-out.csv,/content/gdrive/MyDrive/datasets/ALFA/processed_csv/processed/carbonZ_2018-09-11-14-52-54_left_aileron__right_aileron__failure/carbonZ_2018-09-11-14-52-54_left_aileron__right_aileron__failure-mavros-rc-out.csv,58672,0.056,2026-01-29T01:54:01,carbonZ_2018-09-11-14-52-54_left_aileron__right_aileron__failure-mavros-rc-out.csv,carbonZ_2018-09-11-14-52-54_left_aileron__right_aileron__failure
carbonZ_2018-09-11-14-52-54_left_aileron__right_aileron__failure/carbonZ_2018-09-11-14-52-54_left_aileron__right_aileron__failure-mavros-setpoint_raw-local.csv,/content/gdrive/MyDrive/datasets/ALFA/processed_csv/processed/carbonZ_2018-09-11-14-52-54_left_aileron__right_aileron__failure/carbonZ_2018-09-11-14-52-54_left_aileron__right_aileron__failure-mavros-setpoint_raw-local.csv,1439131,1.372,2026-01-29T01:54:01,carbonZ_2018-09-11-14-52-54_left_aileron__right_aileron__failure-mavros-setpoint_raw-local.csv,carbonZ_2018-09-11-14-52-54_left_aileron__right_aileron__failure
carbonZ_2018-09-11-14-52-54_left_aileron__right_aileron__failure/carbonZ_2018-09-11-14-52-54_left_aileron__right_aileron__failure-mavros-setpoint_raw-target_global.csv,/content/gdrive/MyDrive/datasets/ALFA/processed_csv/processed/carbonZ_2018-09-11-14-52-54_left_aileron__right_aileron__failure/carbonZ_2018-09-11-14-52-54_left_aileron__right_aileron__failure-mavros-setpoint_raw-target_global.csv,833910,0.795,2026-01-29T01:54:01,carbonZ_2018-09-11-14-52-54_left_aileron__right_aileron__failure-mavros-setpoint_raw-target_global.csv,carbonZ_2018-09-11-14-52-54_left_aileron__right_aileron__failure
carbonZ_2018-09-11-14-52-54_left_aileron__right_aileron__failure/carbonZ_2018-09-11-14-52-54_left_aileron__right_aileron__failure-mavros-state.csv,/content/gdrive/MyDrive/datasets/ALFA/processed_csv/processed/carbonZ_2018-09-11-14-52-54_left_aileron__right_aileron__failure/carbonZ_2018-09-11-14-52-54_left_aileron__right_aileron__failure-mavros-state.csv,14347,0.014,2026-01-29T01:54:01,carbonZ_2018-09-11-14-52-54_left_aileron__right_aileron__failure-mavros-state.csv,carbonZ_2018-09-11-14-52-54_left_aileron__right_aileron__failure
carbonZ_2018-09-11-14-52-54_left_aileron__right_aileron__failure/carbonZ_2018-09-11-14-52-54_left_aileron__right_aileron__failure-mavros-time_reference.csv,/content/gdrive/MyDrive/datasets/ALFA/processed_csv/processed/carbonZ_2018-09-11-14-52-54_left_aileron__right_aileron__failure/carbonZ_2018-09-11-14-52-54_left_aileron__right_aileron__failure-mavros-time_reference.csv,33482,0.032,2026-01-29T01:54:01,carbonZ_2018-09-11-14-52-54_left_aileron__right_aileron__failure-mavros-time_reference.csv,carbonZ_2018-09-11-14-52-54_left_aileron__right_aileron__failure
carbonZ_2018-09-11-14-52-54_left_aileron__right_aileron__failure/carbonZ_2018-09-11-14-52-54_left_aileron__right_aileron__failure-mavros-vfr_hud.csv,/content/gdrive/MyDrive/datasets/ALFA/processed_csv/processed/carbonZ_2018-09-11-14-52-54_left_aileron__right_aileron__failure/carbonZ_2018-09-11-14-52-54_left_aileron__right_aileron__failure-mavros-vfr_hud.csv,63391,0.06,2026-01-29T01:54:01,carbonZ_2018-09-11-14-52-54_left_aileron__right_aileron__failure-mavros-vfr_hud.csv,carbonZ_2018-09-11-14-52-54_left_aileron__right_aileron__failure
carbonZ_2018-09-11-14-52-54_left_aileron__right_aileron__failure/carbonZ_2018-09-11-14-52-54_left_aileron__right_aileron__failure-mavros-wind_estimation.csv,/content/gdrive/MyDrive/datasets/ALFA/processed_csv/processed/carbonZ_2018-09-11-14-52-54_left_aileron__right_aileron__failure/carbonZ_2018-09-11-14-52-54_left_aileron__right_aileron__failure-mavros-wind_estimation.csv,43976,0.042,2026-01-29T01:54:01,carbonZ_2018-09-11-14-52-54_left_aileron__right_aileron__failure-mavros-wind_estimation.csv,carbonZ_2018-09-11-14-52-54_left_aileron__right_aileron__failure
carbonZ_2018-09-11-15-05-11_1_elevator_failure/carbonZ_2018-09-11-15-05-11_1_elevator_failure-diagnostics.csv,/content/gdrive/MyDrive/datasets/ALFA/processed_csv/processed/carbonZ_2018-09-11-15-05-11_1_elevator_failure/carbonZ_2018-09-11-15-05-11_1_elevator_failure-diagnostics.csv,81657,0.078,2026-01-29T01:54:01,carbonZ_2018-09-11-15-05-11_1_elevator_failure-diagnostics.csv,carbonZ_2018-09-11-15-05-11_1_elevator_failure
carbonZ_2018-09-11-15-05-11_1_elevator_failure/carbonZ_2018-09-11-15-05-11_1_elevator_failure-failure_status-elevator.csv,/content/gdrive/MyDrive/datasets/ALFA/processed_csv/processed/carbonZ_2018-09-11-15-05-11_1_elevator_failure/carbonZ_2018-09-11-15-05-11_1_elevator_failure-failure_status-elevator.csv,589,0.001,2026-01-29T01:54:01,carbonZ_2018-09-11-15-05-11_1_elevator_failure-failure_status-elevator.csv,carbonZ_2018-09-11-15-05-11_1_elevator_failure
carbonZ_2018-09-11-15-05-11_1_elevator_failure/carbonZ_2018-09-11-15-05-11_1_elevator_failure-mavctrl-path_dev.csv,/content/gdrive/MyDrive/datasets/ALFA/processed_csv/processed/carbonZ_2018-09-11-15-05-11_1_elevator_failure/carbonZ_2018-09-11-15-05-11_1_elevator_failure-mavctrl-path_dev.csv,201092,0.192,2026-01-29T01:54:01,carbonZ_2018-09-11-15-05-11_1_elevator_failure-mavctrl-path_dev.csv,carbonZ_2018-09-11-15-05-11_1_elevator_failure
carbonZ_2018-09-11-15-05-11_1_elevator_failure/carbonZ_2018-09-11-15-05-11_1_elevator_failure-mavctrl-rpy.csv,/content/gdrive/MyDrive/datasets/ALFA/processed_csv/processed/carbonZ_2018-09-11-15-05-11_1_elevator_failure/carbonZ_2018-09-11-15-05-11_1_elevator_failure-mavctrl-rpy.csv,253685,0.242,2026-01-29T01:54:01,carbonZ_2018-09-11-15-05-11_1_elevator_failure-mavctrl-rpy.csv,carbonZ_2018-09-11-15-05-11_1_elevator_failure
carbonZ_2018-09-11-15-05-11_1_elevator_failure/carbonZ_2018-09-11-15-05-11_1_elevator_failure-mavlink-from.csv,/content/gdrive/MyDrive/datasets/ALFA/processed_csv/processed/carbonZ_2018-09-11-15-05-11_1_elevator_failure/carbonZ_2018-09-11-15-05-11_1_elevator_failure-mavlink-from.csv,2014184,1.921,2026-01-29T01:54:01,carbonZ_2018-09-11-15-05-11_1_elevator_failure-mavlink-from.csv,carbonZ_2018-09-11-15-05-11_1_elevator_failure
carbonZ_2018-09-11-15-05-11_1_elevator_failure/carbonZ_2018-09-11-15-05-11_1_elevator_failure-mavros-battery.csv,/content/gdrive/MyDrive/datasets/ALFA/processed_csv/processed/carbonZ_2018-09-11-15-05-11_1_elevator_failure/carbonZ_2018-09-11-15-05-11_1_elevator_failure-mavros-battery.csv,165498,0.158,2026-01-29T01:54:01,carbonZ_2018-09-11-15-05-11_1_elevator_failure-mavros-battery.csv,carbonZ_2018-09-11-15-05-11_1_elevator_failure
carbonZ_2018-09-11-15-05-11_1_elevator_failure/carbonZ_2018-09-11-15-05-11_1_elevator_failure-mavros-global_position-compass_hdg.csv,/content/gdrive/MyDrive/datasets/ALFA/processed_csv/processed/carbonZ_2018-09-11-15-05-11_1_elevator_failure/carbonZ_2018-09-11-15-05-11_1_elevator_failure-mavros-global_position-compass_hdg.csv,8253,0.008,2026-01-29T01:54:01,carbonZ_2018-09-11-15-05-11_1_elevator_failure-mavros-global_position-compass_hdg.csv,carbonZ_2018-09-11-15-05-11_1_elevator_failure
carbonZ_2018-09-11-15-05-11_1_elevator_failure/carbonZ_2018-09-11-15-05-11_1_elevator_failure-mavros-global_position-global.csv,/content/gdrive/MyDrive/datasets/ALFA/processed_csv/processed/carbonZ_2018-09-11-15-05-11_1_elevator_failure/carbonZ_2018-09-11-15-05-11_1_elevator_failure-mavros-global_position-global.csv,51881,0.049,2026-01-29T01:54:01,carbonZ_2018-09-11-15-05-11_1_elevator_failure-mavros-global_position-global.csv,carbonZ_2018-09-11-15-05-11_1_elevator_failure
carbonZ_2018-09-11-15-05-11_1_elevator_failure/carbonZ_2018-09-11-15-05-11_1_elevator_failure-mavros-global_position-local.csv,/content/gdrive/MyDrive/datasets/ALFA/processed_csv/processed/carbonZ_2018-09-11-15-05-11_1_elevator_failure/carbonZ_2018-09-11-15-05-11_1_elevator_failure-mavros-global_position-local.csv,164358,0.157,2026-01-29T01:54:01,carbonZ_2018-09-11-15-05-11_1_elevator_failure-mavros-global_position-local.csv,carbonZ_2018-09-11-15-05-11_1_elevator_failure
carbonZ_2018-09-11-15-05-11_1_elevator_failure/carbonZ_2018-09-11-15-05-11_1_elevator_failure-mavros-global_position-raw-fix.csv,/content/gdrive/MyDrive/datasets/ALFA/processed_csv/processed/carbonZ_2018-09-11-15-05-11_1_elevator_failure/carbonZ_2018-09-11-15-05-11_1_elevator_failure-mavros-global_position-raw-fix.csv,63505,0.061,2026-01-29T01:54:01,carbonZ_2018-09-11-15-05-11_1_elevator_failure-mavros-global_position-raw-fix.csv,carbonZ_2018-09-11-15-05-11_1_elevator_failure
carbonZ_2018-09-11-15-05-11_1_elevator_failure/carbonZ_2018-09-11-15-05-11_1_elevator_failure-mavros-global_position-raw-gps_vel.csv,/content/gdrive/MyDrive/datasets/ALFA/processed_csv/processed/carbonZ_2018-09-11-15-05-11_1_elevator_failure/carbonZ_2018-09-11-15-05-11_1_elevator_failure-mavros-global_position-raw-gps_vel.csv,36138,0.034,2026-01-29T01:54:01,carbonZ_2018-09-11-15-05-11_1_elevator_failure-mavros-global_position-raw-gps_vel.csv,carbonZ_2018-09-11-15-05-11_1_elevator_failure
carbonZ_2018-09-11-15-05-11_1_elevator_failure/carbonZ_2018-09-11-15-05-11_1_elevator_failure-mavros-global_position-rel_alt.csv,/content/gdrive/MyDrive/datasets/ALFA/processed_csv/processed/carbonZ_2018-09-11-15-05-11_1_elevator_failure/carbonZ_2018-09-11-15-05-11_1_elevator_failure-mavros-global_position-rel_alt.csv,8380,0.008,2026-01-29T01:54:01,carbonZ_2018-09-11-15-05-11_1_elevator_failure-mavros-global_position-rel_alt.csv,carbonZ_2018-09-11-15-05-11_1_elevator_failure
carbonZ_2018-09-11-15-05-11_1_elevator_failure/carbonZ_2018-09-11-15-05-11_1_elevator_failure-mavros-imu-atm_pressure.csv,/content/gdrive/MyDrive/datasets/ALFA/processed_csv/processed/carbonZ_2018-09-11-15-05-11_1_elevator_failure/carbonZ_2018-09-11-15-05-11_1_elevator_failure-mavros-imu-atm_pressure.csv,55607,0.053,2026-01-29T01:54:01,carbonZ_2018-09-11-15-05-11_1_elevator_failure-mavros-imu-atm_pressure.csv,carbonZ_2018-09-11-15-05-11_1_elevator_failure
carbonZ_2018-09-11-15-05-11_1_elevator_failure/carbonZ_2018-09-11-15-05-11_1_elevator_failure-mavros-imu-data.csv,/content/gdrive/MyDrive/datasets/ALFA/processed_csv/processed/carbonZ_2018-09-11-15-05-11_1_elevator_failure/carbonZ_2018-09-11-15-05-11_1_elevator_failure-mavros-imu-data.csv,71428,0.068,2026-01-29T01:54:01,carbonZ_2018-09-11-15-05-11_1_elevator_failure-mavros-imu-data.csv,carbonZ_2018-09-11-15-05-11_1_elevator_failure
carbonZ_2018-09-11-15-05-11_1_elevator_failure/carbonZ_2018-09-11-15-05-11_1_elevator_failure-mavros-imu-data_raw.csv,/content/gdrive/MyDrive/datasets/ALFA/processed_csv/processed/carbonZ_2018-09-11-15-05-11_1_elevator_failure/carbonZ_2018-09-11-15-05-11_1_elevator_failure-mavros-imu-data_raw.csv,214439,0.205,2026-01-29T01:54:01,carbonZ_2018-09-11-15-05-11_1_elevator_failure-mavros-imu-data_raw.csv,carbonZ_2018-09-11-15-05-11_1_elevator_failure
carbonZ_2018-09-11-15-05-11_1_elevator_failure/carbonZ_2018-09-11-15-05-11_1_elevator_failure-mavros-imu-mag.csv,/content/gdrive/MyDrive/datasets/ALFA/processed_csv/processed/carbonZ_2018-09-11-15-05-11_1_elevator_failure/carbonZ_2018-09-11-15-05-11_1_elevator_failure-mavros-imu-mag.csv,93011,0.089,2026-01-29T01:54:01,carbonZ_2018-09-11-15-05-11_1_elevator_failure-mavros-imu-mag.csv,carbonZ_2018-09-11-15-05-11_1_elevator_failure
carbonZ_2018-09-11-15-05-11_1_elevator_failure/carbonZ_2018-09-11-15-05-11_1_elevator_failure-mavros-imu-temperature.csv,/content/gdrive/MyDrive/datasets/ALFA/processed_csv/processed/carbonZ_2018-09-11-15-05-11_1_elevator_failure/carbonZ_2018-09-11-15-05-11_1_elevator_failure-mavros-imu-temperature.csv,49556,0.047,2026-01-29T01:54:01,carbonZ_2018-09-11-15-05-11_1_elevator_failure-mavros-imu-temperature.csv,carbonZ_2018-09-11-15-05-11_1_elevator_failure
carbonZ_2018-09-11-15-05-11_1_elevator_failure/carbonZ_2018-09-11-15-05-11_1_elevator_failure-mavros-local_position-odom.csv,/content/gdrive/MyDrive/datasets/ALFA/processed_csv/processed/carbonZ_2018-09-11-15-05-11_1_elevator_failure/carbonZ_2018-09-11-15-05-11_1_elevator_failure-mavros-local_position-odom.csv,181560,0.173,2026-01-29T01:54:01,carbonZ_2018-09-11-15-05-11_1_elevator_failure-mavros-local_position-odom.csv,carbonZ_2018-09-11-15-05-11_1_elevator_failure
carbonZ_2018-09-11-15-05-11_1_elevator_failure/carbonZ_2018-09-11-15-05-11_1_elevator_failure-mavros-local_position-pose.csv,/content/gdrive/MyDrive/datasets/ALFA/processed_csv/processed/carbonZ_2018-09-11-15-05-11_1_elevator_failure/carbonZ_2018-09-11-15-05-11_1_elevator_failure-mavros-local_position-pose.csv,48871,0.047,2026-01-29T01:54:02,carbonZ_2018-09-11-15-05-11_1_elevator_failure-mavros-local_position-pose.csv,carbonZ_2018-09-11-15-05-11_1_elevator_failure
carbonZ_2018-09-11-15-05-11_1_elevator_failure/carbonZ_2018-09-11-15-05-11_1_elevator_failure-mavros-local_position-velocity.csv,/content/gdrive/MyDrive/datasets/ALFA/processed_csv/processed/carbonZ_2018-09-11-15-05-11_1_elevator_failure/carbonZ_2018-09-11-15-05-11_1_elevator_failure-mavros-local_position-velocity.csv,44325,0.042,2026-01-29T01:54:02,carbonZ_2018-09-11-15-05-11_1_elevator_failure-mavros-local_position-velocity.csv,carbonZ_2018-09-11-15-05-11_1_elevator_failure
carbonZ_2018-09-11-15-05-11_1_elevator_failure/carbonZ_2018-09-11-15-05-11_1_elevator_failure-mavros-nav_info-airspeed.csv,/content/gdrive/MyDrive/datasets/ALFA/processed_csv/processed/carbonZ_2018-09-11-15-05-11_1_elevator_failure/carbonZ_2018-09-11-15-05-11_1_elevator_failure-mavros-nav_info-airspeed.csv,84331,0.08,2026-01-29T01:54:02,carbonZ_2018-09-11-15-05-11_1_elevator_failure-mavros-nav_info-airspeed.csv,carbonZ_2018-09-11-15-05-11_1_elevator_failure
carbonZ_2018-09-11-15-05-11_1_elevator_failure/carbonZ_2018-09-11-15-05-11_1_elevator_failure-mavros-nav_info-errors.csv,/content/gdrive/MyDrive/datasets/ALFA/processed_csv/processed/carbonZ_2018-09-11-15-05-11_1_elevator_failure/carbonZ_2018-09-11-15-05-11_1_elevator_failure-mavros-nav_info-errors.csv,141227,0.135,2026-01-29T01:54:02,carbonZ_2018-09-11-15-05-11_1_elevator_failure-mavros-nav_info-errors.csv,carbonZ_2018-09-11-15-05-11_1_elevator_failure
carbonZ_2018-09-11-15-05-11_1_elevator_failure/carbonZ_2018-09-11-15-05-11_1_elevator_failure-mavros-nav_info-pitch.csv,/content/gdrive/MyDrive/datasets/ALFA/processed_csv/processed/carbonZ_2018-09-11-15-05-11_1_elevator_failure/carbonZ_2018-09-11-15-05-11_1_elevator_failure-mavros-nav_info-pitch.csv,114499,0.109,2026-01-29T01:54:02,carbonZ_2018-09-11-15-05-11_1_elevator_failure-mavros-nav_info-pitch.csv,carbonZ_2018-09-11-15-05-11_1_elevator_failure
carbonZ_2018-09-11-15-05-11_1_elevator_failure/carbonZ_2018-09-11-15-05-11_1_elevator_failure-mavros-nav_info-roll.csv,/content/gdrive/MyDrive/datasets/ALFA/processed_csv/processed/carbonZ_2018-09-11-15-05-11_1_elevator_failure/carbonZ_2018-09-11-15-05-11_1_elevator_failure-mavros-nav_info-roll.csv,112503,0.107,2026-01-29T01:54:02,carbonZ_2018-09-11-15-05-11_1_elevator_failure-mavros-nav_info-roll.csv,carbonZ_2018-09-11-15-05-11_1_elevator_failure
carbonZ_2018-09-11-15-05-11_1_elevator_failure/carbonZ_2018-09-11-15-05-11_1_elevator_failure-mavros-nav_info-velocity.csv,/content/gdrive/MyDrive/datasets/ALFA/processed_csv/processed/carbonZ_2018-09-11-15-05-11_1_elevator_failure/carbonZ_2018-09-11-15-05-11_1_elevator_failure-mavros-nav_info-velocity.csv,201630,0.192,2026-01-29T01:54:02,carbonZ_2018-09-11-15-05-11_1_elevator_failure-mavros-nav_info-velocity.csv,carbonZ_2018-09-11-15-05-11_1_elevator_failure
carbonZ_2018-09-11-15-05-11_1_elevator_failure/carbonZ_2018-09-11-15-05-11_1_elevator_failure-mavros-nav_info-yaw.csv,/content/gdrive/MyDrive/datasets/ALFA/processed_csv/processed/carbonZ_2018-09-11-15-05-11_1_elevator_failure/carbonZ_2018-09-11-15-05-11_1_elevator_failure-mavros-nav_info-yaw.csv,101111,0.096,2026-01-29T01:54:02,carbonZ_2018-09-11-15-05-11_1_elevator_failure-mavros-nav_info-yaw.csv,carbonZ_2018-09-11-15-05-11_1_elevator_failure
carbonZ_2018-09-11-15-05-11_1_elevator_failure/carbonZ_2018-09-11-15-05-11_1_elevator_failure-mavros-rc-in.csv,/content/gdrive/MyDrive/datasets/ALFA/processed_csv/processed/carbonZ_2018-09-11-15-05-11_1_elevator_failure/carbonZ_2018-09-11-15-05-11_1_elevator_failure-mavros-rc-in.csv,30161,0.029,2026-01-29T01:54:02,carbonZ_2018-09-11-15-05-11_1_elevator_failure-mavros-rc-in.csv,carbonZ_2018-09-11-15-05-11_1_elevator_failure
carbonZ_2018-09-11-15-05-11_1_elevator_failure/carbonZ_2018-09-11-15-05-11_1_elevator_failure-mavros-rc-out.csv,/content/gdrive/MyDrive/datasets/ALFA/processed_csv/processed/carbonZ_2018-09-11-15-05-11_1_elevator_failure/carbonZ_2018-09-11-15-05-11_1_elevator_failure-mavros-rc-out.csv,20230,0.019,2026-01-29T01:54:02,carbonZ_2018-09-11-15-05-11_1_elevator_failure-mavros-rc-out.csv,carbonZ_2018-09-11-15-05-11_1_elevator_failure
carbonZ_2018-09-11-15-05-11_1_elevator_failure/carbonZ_2018-09-11-15-05-11_1_elevator_failure-mavros-setpoint_raw-local.csv,/content/gdrive/MyDrive/datasets/ALFA/processed_csv/processed/carbonZ_2018-09-11-15-05-11_1_elevator_failure/carbonZ_2018-09-11-15-05-11_1_elevator_failure-mavros-setpoint_raw-local.csv,465114,0.444,2026-01-29T01:54:02,carbonZ_2018-09-11-15-05-11_1_elevator_failure-mavros-setpoint_raw-local.csv,carbonZ_2018-09-11-15-05-11_1_elevator_failure
carbonZ_2018-09-11-15-05-11_1_elevator_failure/carbonZ_2018-09-11-15-05-11_1_elevator_failure-mavros-setpoint_raw-target_global.csv,/content/gdrive/MyDrive/datasets/ALFA/processed_csv/processed/carbonZ_2018-09-11-15-05-11_1_elevator_failure/carbonZ_2018-09-11-15-05-11_1_elevator_failure-mavros-setpoint_raw-target_global.csv,275249,0.262,2026-01-29T01:54:02,carbonZ_2018-09-11-15-05-11_1_elevator_failure-mavros-setpoint_raw-target_global.csv,carbonZ_2018-09-11-15-05-11_1_elevator_failure
carbonZ_2018-09-11-15-05-11_1_elevator_failure/carbonZ_2018-09-11-15-05-11_1_elevator_failure-mavros-state.csv,/content/gdrive/MyDrive/datasets/ALFA/processed_csv/processed/carbonZ_2018-09-11-15-05-11_1_elevator_failure/carbonZ_2018-09-11-15-05-11_1_elevator_failure-mavros-state.csv,4756,0.005,2026-01-29T01:54:02,carbonZ_2018-09-11-15-05-11_1_elevator_failure-mavros-state.csv,carbonZ_2018-09-11-15-05-11_1_elevator_failure
carbonZ_2018-09-11-15-05-11_1_elevator_failure/carbonZ_2018-09-11-15-05-11_1_elevator_failure-mavros-time_reference.csv,/content/gdrive/MyDrive/datasets/ALFA/processed_csv/processed/carbonZ_2018-09-11-15-05-11_1_elevator_failure/carbonZ_2018-09-11-15-05-11_1_elevator_failure-mavros-time_reference.csv,11835,0.011,2026-01-29T01:54:02,carbonZ_2018-09-11-15-05-11_1_elevator_failure-mavros-time_reference.csv,carbonZ_2018-09-11-15-05-11_1_elevator_failure
carbonZ_2018-09-11-15-05-11_1_elevator_failure/carbonZ_2018-09-11-15-05-11_1_elevator_failure-mavros-vfr_hud.csv,/content/gdrive/MyDrive/datasets/ALFA/processed_csv/processed/carbonZ_2018-09-11-15-05-11_1_elevator_failure/carbonZ_2018-09-11-15-05-11_1_elevator_failure-mavros-vfr_hud.csv,21908,0.021,2026-01-29T01:54:02,carbonZ_2018-09-11-15-05-11_1_elevator_failure-mavros-vfr_hud.csv,carbonZ_2018-09-11-15-05-11_1_elevator_failure
carbonZ_2018-09-11-15-05-11_1_elevator_failure/carbonZ_2018-09-11-15-05-11_1_elevator_failure-mavros-wind_estimation.csv,/content/gdrive/MyDrive/datasets/ALFA/processed_csv/processed/carbonZ_2018-09-11-15-05-11_1_elevator_failure/carbonZ_2018-09-11-15-05-11_1_elevator_failure-mavros-wind_estimation.csv,15412,0.015,2026-01-29T01:54:02,carbonZ_2018-09-11-15-05-11_1_elevator_failure-mavros-wind_estimation.csv,carbonZ_2018-09-11-15-05-11_1_elevator_failure
carbonZ_2018-09-11-15-05-11_2_no_failure/carbonZ_2018-09-11-15-05-11_2_no_failure-diagnostics.csv,/content/gdrive/MyDrive/datasets/ALFA/processed_csv/processed/carbonZ_2018-09-11-15-05-11_2_no_failure/carbonZ_2018-09-11-15-05-11_2_no_failure-diagnostics.csv,72397,0.069,2026-01-29T01:54:02,carbonZ_2018-09-11-15-05-11_2_no_failure-diagnostics.csv,carbonZ_2018-09-11-15-05-11_2_no_failure
carbonZ_2018-09-11-15-05-11_2_no_failure/carbonZ_2018-09-11-15-05-11_2_no_failure-mavctrl-path_dev.csv,/content/gdrive/MyDrive/datasets/ALFA/processed_csv/processed/carbonZ_2018-09-11-15-05-11_2_no_failure/carbonZ_2018-09-11-15-05-11_2_no_failure-mavctrl-path_dev.csv,177289,0.169,2026-01-29T01:54:02,carbonZ_2018-09-11-15-05-11_2_no_failure-mavctrl-path_dev.csv,carbonZ_2018-09-11-15-05-11_2_no_failure
carbonZ_2018-09-11-15-05-11_2_no_failure/carbonZ_2018-09-11-15-05-11_2_no_failure-mavctrl-rpy.csv,/content/gdrive/MyDrive/datasets/ALFA/processed_csv/processed/carbonZ_2018-09-11-15-05-11_2_no_failure/carbonZ_2018-09-11-15-05-11_2_no_failure-mavctrl-rpy.csv,225653,0.215,2026-01-29T01:54:02,carbonZ_2018-09-11-15-05-11_2_no_failure-mavctrl-rpy.csv,carbonZ_2018-09-11-15-05-11_2_no_failure
carbonZ_2018-09-11-15-05-11_2_no_failure/carbonZ_2018-09-11-15-05-11_2_no_failure-mavlink-from.csv,/content/gdrive/MyDrive/datasets/ALFA/processed_csv/processed/carbonZ_2018-09-11-15-05-11_2_no_failure/carbonZ_2018-09-11-15-05-11_2_no_failure-mavlink-from.csv,1782797,1.7,2026-01-29T01:54:02,carbonZ_2018-09-11-15-05-11_2_no_failure-mavlink-from.csv,carbonZ_2018-09-11-15-05-11_2_no_failure
carbonZ_2018-09-11-15-05-11_2_no_failure/carbonZ_2018-09-11-15-05-11_2_no_failure-mavros-battery.csv,/content/gdrive/MyDrive/datasets/ALFA/processed_csv/processed/carbonZ_2018-09-11-15-05-11_2_no_failure/carbonZ_2018-09-11-15-05-11_2_no_failure-mavros-battery.csv,147818,0.141,2026-01-29T01:54:02,carbonZ_2018-09-11-15-05-11_2_no_failure-mavros-battery.csv,carbonZ_2018-09-11-15-05-11_2_no_failure
carbonZ_2018-09-11-15-05-11_2_no_failure/carbonZ_2018-09-11-15-05-11_2_no_failure-mavros-global_position-compass_hdg.csv,/content/gdrive/MyDrive/datasets/ALFA/processed_csv/processed/carbonZ_2018-09-11-15-05-11_2_no_failure/carbonZ_2018-09-11-15-05-11_2_no_failure-mavros-global_position-compass_hdg.csv,7311,0.007,2026-01-29T01:54:02,carbonZ_2018-09-11-15-05-11_2_no_failure-mavros-global_position-compass_hdg.csv,carbonZ_2018-09-11-15-05-11_2_no_failure
carbonZ_2018-09-11-15-05-11_2_no_failure/carbonZ_2018-09-11-15-05-11_2_no_failure-mavros-global_position-global.csv,/content/gdrive/MyDrive/datasets/ALFA/processed_csv/processed/carbonZ_2018-09-11-15-05-11_2_no_failure/carbonZ_2018-09-11-15-05-11_2_no_failure-mavros-global_position-global.csv,46162,0.044,2026-01-29T01:54:02,carbonZ_2018-09-11-15-05-11_2_no_failure-mavros-global_position-global.csv,carbonZ_2018-09-11-15-05-11_2_no_failure
carbonZ_2018-09-11-15-05-11_2_no_failure/carbonZ_2018-09-11-15-05-11_2_no_failure-mavros-global_position-local.csv,/content/gdrive/MyDrive/datasets/ALFA/processed_csv/processed/carbonZ_2018-09-11-15-05-11_2_no_failure/carbonZ_2018-09-11-15-05-11_2_no_failure-mavros-global_position-local.csv,146020,0.139,2026-01-29T01:54:02,carbonZ_2018-09-11-15-05-11_2_no_failure-mavros-global_position-local.csv,carbonZ_2018-09-11-15-05-11_2_no_failure
carbonZ_2018-09-11-15-05-11_2_no_failure/carbonZ_2018-09-11-15-05-11_2_no_failure-mavros-global_position-raw-fix.csv,/content/gdrive/MyDrive/datasets/ALFA/processed_csv/processed/carbonZ_2018-09-11-15-05-11_2_no_failure/carbonZ_2018-09-11-15-05-11_2_no_failure-mavros-global_position-raw-fix.csv,56265,0.054,2026-01-29T01:54:02,carbonZ_2018-09-11-15-05-11_2_no_failure-mavros-global_position-raw-fix.csv,carbonZ_2018-09-11-15-05-11_2_no_failure
carbonZ_2018-09-11-15-05-11_2_no_failure/carbonZ_2018-09-11-15-05-11_2_no_failure-mavros-global_position-raw-gps_vel.csv,/content/gdrive/MyDrive/datasets/ALFA/processed_csv/processed/carbonZ_2018-09-11-15-05-11_2_no_failure/carbonZ_2018-09-11-15-05-11_2_no_failure-mavros-global_position-raw-gps_vel.csv,32011,0.031,2026-01-29T01:54:02,carbonZ_2018-09-11-15-05-11_2_no_failure-mavros-global_position-raw-gps_vel.csv,carbonZ_2018-09-11-15-05-11_2_no_failure
carbonZ_2018-09-11-15-05-11_2_no_failure/carbonZ_2018-09-11-15-05-11_2_no_failure-mavros-global_position-rel_alt.csv,/content/gdrive/MyDrive/datasets/ALFA/processed_csv/processed/carbonZ_2018-09-11-15-05-11_2_no_failure/carbonZ_2018-09-11-15-05-11_2_no_failure-mavros-global_position-rel_alt.csv,7428,0.007,2026-01-29T01:54:02,carbonZ_2018-09-11-15-05-11_2_no_failure-mavros-global_position-rel_alt.csv,carbonZ_2018-09-11-15-05-11_2_no_failure
carbonZ_2018-09-11-15-05-11_2_no_failure/carbonZ_2018-09-11-15-05-11_2_no_failure-mavros-imu-atm_pressure.csv,/content/gdrive/MyDrive/datasets/ALFA/processed_csv/processed/carbonZ_2018-09-11-15-05-11_2_no_failure/carbonZ_2018-09-11-15-05-11_2_no_failure-mavros-imu-atm_pressure.csv,49300,0.047,2026-01-29T01:54:02,carbonZ_2018-09-11-15-05-11_2_no_failure-mavros-imu-atm_pressure.csv,carbonZ_2018-09-11-15-05-11_2_no_failure
carbonZ_2018-09-11-15-05-11_2_no_failure/carbonZ_2018-09-11-15-05-11_2_no_failure-mavros-imu-data.csv,/content/gdrive/MyDrive/datasets/ALFA/processed_csv/processed/carbonZ_2018-09-11-15-05-11_2_no_failure/carbonZ_2018-09-11-15-05-11_2_no_failure-mavros-imu-data.csv,63239,0.06,2026-01-29T01:54:02,carbonZ_2018-09-11-15-05-11_2_no_failure-mavros-imu-data.csv,carbonZ_2018-09-11-15-05-11_2_no_failure
carbonZ_2018-09-11-15-05-11_2_no_failure/carbonZ_2018-09-11-15-05-11_2_no_failure-mavros-imu-data_raw.csv,/content/gdrive/MyDrive/datasets/ALFA/processed_csv/processed/carbonZ_2018-09-11-15-05-11_2_no_failure/carbonZ_2018-09-11-15-05-11_2_no_failure-mavros-imu-data_raw.csv,190043,0.181,2026-01-29T01:54:02,carbonZ_2018-09-11-15-05-11_2_no_failure-mavros-imu-data_raw.csv,carbonZ_2018-09-11-15-05-11_2_no_failure
carbonZ_2018-09-11-15-05-11_2_no_failure/carbonZ_2018-09-11-15-05-11_2_no_failure-mavros-imu-mag.csv,/content/gdrive/MyDrive/datasets/ALFA/processed_csv/processed/carbonZ_2018-09-11-15-05-11_2_no_failure/carbonZ_2018-09-11-15-05-11_2_no_failure-mavros-imu-mag.csv,82371,0.079,2026-01-29T01:54:02,carbonZ_2018-09-11-15-05-11_2_no_failure-mavros-imu-mag.csv,carbonZ_2018-09-11-15-05-11_2_no_failure
carbonZ_2018-09-11-15-05-11_2_no_failure/carbonZ_2018-09-11-15-05-11_2_no_failure-mavros-imu-temperature.csv,/content/gdrive/MyDrive/datasets/ALFA/processed_csv/processed/carbonZ_2018-09-11-15-05-11_2_no_failure/carbonZ_2018-09-11-15-05-11_2_no_failure-mavros-imu-temperature.csv,43910,0.042,2026-01-29T01:54:02,carbonZ_2018-09-11-15-05-11_2_no_failure-mavros-imu-temperature.csv,carbonZ_2018-09-11-15-05-11_2_no_failure
carbonZ_2018-09-11-15-05-11_2_no_failure/carbonZ_2018-09-11-15-05-11_2_no_failure-mavros-local_position-odom.csv,/content/gdrive/MyDrive/datasets/ALFA/processed_csv/processed/carbonZ_2018-09-11-15-05-11_2_no_failure/carbonZ_2018-09-11-15-05-11_2_no_failure-mavros-local_position-odom.csv,161414,0.154,2026-01-29T01:54:02,carbonZ_2018-09-11-15-05-11_2_no_failure-mavros-local_position-odom.csv,carbonZ_2018-09-11-15-05-11_2_no_failure
carbonZ_2018-09-11-15-05-11_2_no_failure/carbonZ_2018-09-11-15-05-11_2_no_failure-mavros-local_position-pose.csv,/content/gdrive/MyDrive/datasets/ALFA/processed_csv/processed/carbonZ_2018-09-11-15-05-11_2_no_failure/carbonZ_2018-09-11-15-05-11_2_no_failure-mavros-local_position-pose.csv,43303,0.041,2026-01-29T01:54:02,carbonZ_2018-09-11-15-05-11_2_no_failure-mavros-local_position-pose.csv,carbonZ_2018-09-11-15-05-11_2_no_failure
carbonZ_2018-09-11-15-05-11_2_no_failure/carbonZ_2018-09-11-15-05-11_2_no_failure-mavros-local_position-velocity.csv,/content/gdrive/MyDrive/datasets/ALFA/processed_csv/processed/carbonZ_2018-09-11-15-05-11_2_no_failure/carbonZ_2018-09-11-15-05-11_2_no_failure-mavros-local_position-velocity.csv,39482,0.038,2026-01-29T01:54:02,carbonZ_2018-09-11-15-05-11_2_no_failure-mavros-local_position-velocity.csv,carbonZ_2018-09-11-15-05-11_2_no_failure
carbonZ_2018-09-11-15-05-11_2_no_failure/carbonZ_2018-09-11-15-05-11_2_no_failure-mavros-nav_info-airspeed.csv,/content/gdrive/MyDrive/datasets/ALFA/processed_csv/processed/carbonZ_2018-09-11-15-05-11_2_no_failure/carbonZ_2018-09-11-15-05-11_2_no_failure-mavros-nav_info-airspeed.csv,75993,0.072,2026-01-29T01:54:02,carbonZ_2018-09-11-15-05-11_2_no_failure-mavros-nav_info-airspeed.csv,carbonZ_2018-09-11-15-05-11_2_no_failure
carbonZ_2018-09-11-15-05-11_2_no_failure/carbonZ_2018-09-11-15-05-11_2_no_failure-mavros-nav_info-errors.csv,/content/gdrive/MyDrive/datasets/ALFA/processed_csv/processed/carbonZ_2018-09-11-15-05-11_2_no_failure/carbonZ_2018-09-11-15-05-11_2_no_failure-mavros-nav_info-errors.csv,126704,0.121,2026-01-29T01:54:02,carbonZ_2018-09-11-15-05-11_2_no_failure-mavros-nav_info-errors.csv,carbonZ_2018-09-11-15-05-11_2_no_failure
carbonZ_2018-09-11-15-05-11_2_no_failure/carbonZ_2018-09-11-15-05-11_2_no_failure-mavros-nav_info-pitch.csv,/content/gdrive/MyDrive/datasets/ALFA/processed_csv/processed/carbonZ_2018-09-11-15-05-11_2_no_failure/carbonZ_2018-09-11-15-05-11_2_no_failure-mavros-nav_info-pitch.csv,102404,0.098,2026-01-29T01:54:02,carbonZ_2018-09-11-15-05-11_2_no_failure-mavros-nav_info-pitch.csv,carbonZ_2018-09-11-15-05-11_2_no_failure
carbonZ_2018-09-11-15-05-11_2_no_failure/carbonZ_2018-09-11-15-05-11_2_no_failure-mavros-nav_info-roll.csv,/content/gdrive/MyDrive/datasets/ALFA/processed_csv/processed/carbonZ_2018-09-11-15-05-11_2_no_failure/carbonZ_2018-09-11-15-05-11_2_no_failure-mavros-nav_info-roll.csv,101380,0.097,2026-01-29T01:54:02,carbonZ_2018-09-11-15-05-11_2_no_failure-mavros-nav_info-roll.csv,carbonZ_2018-09-11-15-05-11_2_no_failure
carbonZ_2018-09-11-15-05-11_2_no_failure/carbonZ_2018-09-11-15-05-11_2_no_failure-mavros-nav_info-velocity.csv,/content/gdrive/MyDrive/datasets/ALFA/processed_csv/processed/carbonZ_2018-09-11-15-05-11_2_no_failure/carbonZ_2018-09-11-15-05-11_2_no_failure-mavros-nav_info-velocity.csv,180541,0.172,2026-01-29T01:54:02,carbonZ_2018-09-11-15-05-11_2_no_failure-mavros-nav_info-velocity.csv,carbonZ_2018-09-11-15-05-11_2_no_failure
carbonZ_2018-09-11-15-05-11_2_no_failure/carbonZ_2018-09-11-15-05-11_2_no_failure-mavros-nav_info-yaw.csv,/content/gdrive/MyDrive/datasets/ALFA/processed_csv/processed/carbonZ_2018-09-11-15-05-11_2_no_failure/carbonZ_2018-09-11-15-05-11_2_no_failure-mavros-nav_info-yaw.csv,91234,0.087,2026-01-29T01:54:02,carbonZ_2018-09-11-15-05-11_2_no_failure-mavros-nav_info-yaw.csv,carbonZ_2018-09-11-15-05-11_2_no_failure
carbonZ_2018-09-11-15-05-11_2_no_failure/carbonZ_2018-09-11-15-05-11_2_no_failure-mavros-rc-in.csv,/content/gdrive/MyDrive/datasets/ALFA/processed_csv/processed/carbonZ_2018-09-11-15-05-11_2_no_failure/carbonZ_2018-09-11-15-05-11_2_no_failure-mavros-rc-in.csv,26449,0.025,2026-01-29T01:54:02,carbonZ_2018-09-11-15-05-11_2_no_failure-mavros-rc-in.csv,carbonZ_2018-09-11-15-05-11_2_no_failure
carbonZ_2018-09-11-15-05-11_2_no_failure/carbonZ_2018-09-11-15-05-11_2_no_failure-mavros-rc-out.csv,/content/gdrive/MyDrive/datasets/ALFA/processed_csv/processed/carbonZ_2018-09-11-15-05-11_2_no_failure/carbonZ_2018-09-11-15-05-11_2_no_failure-mavros-rc-out.csv,17736,0.017,2026-01-29T01:54:02,carbonZ_2018-09-11-15-05-11_2_no_failure-mavros-rc-out.csv,carbonZ_2018-09-11-15-05-11_2_no_failure
carbonZ_2018-09-11-15-05-11_2_no_failure/carbonZ_2018-09-11-15-05-11_2_no_failure-mavros-setpoint_raw-local.csv,/content/gdrive/MyDrive/datasets/ALFA/processed_csv/processed/carbonZ_2018-09-11-15-05-11_2_no_failure/carbonZ_2018-09-11-15-05-11_2_no_failure-mavros-setpoint_raw-local.csv,415478,0.396,2026-01-29T01:54:02,carbonZ_2018-09-11-15-05-11_2_no_failure-mavros-setpoint_raw-local.csv,carbonZ_2018-09-11-15-05-11_2_no_failure
carbonZ_2018-09-11-15-05-11_2_no_failure/carbonZ_2018-09-11-15-05-11_2_no_failure-mavros-setpoint_raw-target_global.csv,/content/gdrive/MyDrive/datasets/ALFA/processed_csv/processed/carbonZ_2018-09-11-15-05-11_2_no_failure/carbonZ_2018-09-11-15-05-11_2_no_failure-mavros-setpoint_raw-target_global.csv,246424,0.235,2026-01-29T01:54:02,carbonZ_2018-09-11-15-05-11_2_no_failure-mavros-setpoint_raw-target_global.csv,carbonZ_2018-09-11-15-05-11_2_no_failure
carbonZ_2018-09-11-15-05-11_2_no_failure/carbonZ_2018-09-11-15-05-11_2_no_failure-mavros-state.csv,/content/gdrive/MyDrive/datasets/ALFA/processed_csv/processed/carbonZ_2018-09-11-15-05-11_2_no_failure/carbonZ_2018-09-11-15-05-11_2_no_failure-mavros-state.csv,4216,0.004,2026-01-29T01:54:02,carbonZ_2018-09-11-15-05-11_2_no_failure-mavros-state.csv,carbonZ_2018-09-11-15-05-11_2_no_failure
carbonZ_2018-09-11-15-05-11_2_no_failure/carbonZ_2018-09-11-15-05-11_2_no_failure-mavros-time_reference.csv,/content/gdrive/MyDrive/datasets/ALFA/processed_csv/processed/carbonZ_2018-09-11-15-05-11_2_no_failure/carbonZ_2018-09-11-15-05-11_2_no_failure-mavros-time_reference.csv,10382,0.01,2026-01-29T01:54:02,carbonZ_2018-09-11-15-05-11_2_no_failure-mavros-time_reference.csv,carbonZ_2018-09-11-15-05-11_2_no_failure
carbonZ_2018-09-11-15-05-11_2_no_failure/carbonZ_2018-09-11-15-05-11_2_no_failure-mavros-vfr_hud.csv,/content/gdrive/MyDrive/datasets/ALFA/processed_csv/processed/carbonZ_2018-09-11-15-05-11_2_no_failure/carbonZ_2018-09-11-15-05-11_2_no_failure-mavros-vfr_hud.csv,19154,0.018,2026-01-29T01:54:02,carbonZ_2018-09-11-15-05-11_2_no_failure-mavros-vfr_hud.csv,carbonZ_2018-09-11-15-05-11_2_no_failure
carbonZ_2018-09-11-15-05-11_2_no_failure/carbonZ_2018-09-11-15-05-11_2_no_failure-mavros-wind_estimation.csv,/content/gdrive/MyDrive/datasets/ALFA/processed_csv/processed/carbonZ_2018-09-11-15-05-11_2_no_failure/carbonZ_2018-09-11-15-05-11_2_no_failure-mavros-wind_estimation.csv,13391,0.013,2026-01-29T01:54:02,carbonZ_2018-09-11-15-05-11_2_no_failure-mavros-wind_estimation.csv,carbonZ_2018-09-11-15-05-11_2_no_failure
carbonZ_2018-09-11-15-06-34_1_rudder_right_failure/carbonZ_2018-09-11-15-06-34_1_rudder_right_failure-diagnostics.csv,/content/gdrive/MyDrive/datasets/ALFA/processed_csv/processed/carbonZ_2018-09-11-15-06-34_1_rudder_right_failure/carbonZ_2018-09-11-15-06-34_1_rudder_right_failure-diagnostics.csv,75214,0.072,2026-01-29T01:54:02,carbonZ_2018-09-11-15-06-34_1_rudder_right_failure-diagnostics.csv,carbonZ_2018-09-11-15-06-34_1_rudder_right_failure
carbonZ_2018-09-11-15-06-34_1_rudder_right_failure/carbonZ_2018-09-11-15-06-34_1_rudder_right_failure-failure_status-rudder.csv,/content/gdrive/MyDrive/datasets/ALFA/processed_csv/processed/carbonZ_2018-09-11-15-06-34_1_rudder_right_failure/carbonZ_2018-09-11-15-06-34_1_rudder_right_failure-failure_status-rudder.csv,677,0.001,2026-01-29T01:54:02,carbonZ_2018-09-11-15-06-34_1_rudder_right_failure-failure_status-rudder.csv,carbonZ_2018-09-11-15-06-34_1_rudder_right_failure
carbonZ_2018-09-11-15-06-34_1_rudder_right_failure/carbonZ_2018-09-11-15-06-34_1_rudder_right_failure-mavctrl-path_dev.csv,/content/gdrive/MyDrive/datasets/ALFA/processed_csv/processed/carbonZ_2018-09-11-15-06-34_1_rudder_right_failure/carbonZ_2018-09-11-15-06-34_1_rudder_right_failure-mavctrl-path_dev.csv,185282,0.177,2026-01-29T01:54:02,carbonZ_2018-09-11-15-06-34_1_rudder_right_failure-mavctrl-path_dev.csv,carbonZ_2018-09-11-15-06-34_1_rudder_right_failure
carbonZ_2018-09-11-15-06-34_1_rudder_right_failure/carbonZ_2018-09-11-15-06-34_1_rudder_right_failure-mavctrl-rpy.csv,/content/gdrive/MyDrive/datasets/ALFA/processed_csv/processed/carbonZ_2018-09-11-15-06-34_1_rudder_right_failure/carbonZ_2018-09-11-15-06-34_1_rudder_right_failure-mavctrl-rpy.csv,232755,0.222,2026-01-29T01:54:02,carbonZ_2018-09-11-15-06-34_1_rudder_right_failure-mavctrl-rpy.csv,carbonZ_2018-09-11-15-06-34_1_rudder_right_failure
carbonZ_2018-09-11-15-06-34_1_rudder_right_failure/carbonZ_2018-09-11-15-06-34_1_rudder_right_failure-mavlink-from.csv,/content/gdrive/MyDrive/datasets/ALFA/processed_csv/processed/carbonZ_2018-09-11-15-06-34_1_rudder_right_failure/carbonZ_2018-09-11-15-06-34_1_rudder_right_failure-mavlink-from.csv,1870579,1.784,2026-01-29T01:54:02,carbonZ_2018-09-11-15-06-34_1_rudder_right_failure-mavlink-from.csv,carbonZ_2018-09-11-15-06-34_1_rudder_right_failure
carbonZ_2018-09-11-15-06-34_1_rudder_right_failure/carbonZ_2018-09-11-15-06-34_1_rudder_right_failure-mavros-battery.csv,/content/gdrive/MyDrive/datasets/ALFA/processed_csv/processed/carbonZ_2018-09-11-15-06-34_1_rudder_right_failure/carbonZ_2018-09-11-15-06-34_1_rudder_right_failure-mavros-battery.csv,155810,0.149,2026-01-29T01:54:03,carbonZ_2018-09-11-15-06-34_1_rudder_right_failure-mavros-battery.csv,carbonZ_2018-09-11-15-06-34_1_rudder_right_failure
carbonZ_2018-09-11-15-06-34_1_rudder_right_failure/carbonZ_2018-09-11-15-06-34_1_rudder_right_failure-mavros-global_position-compass_hdg.csv,/content/gdrive/MyDrive/datasets/ALFA/processed_csv/processed/carbonZ_2018-09-11-15-06-34_1_rudder_right_failure/carbonZ_2018-09-11-15-06-34_1_rudder_right_failure-mavros-global_position-compass_hdg.csv,7783,0.007,2026-01-29T01:54:03,carbonZ_2018-09-11-15-06-34_1_rudder_right_failure-mavros-global_position-compass_hdg.csv,carbonZ_2018-09-11-15-06-34_1_rudder_right_failure
carbonZ_2018-09-11-15-06-34_1_rudder_right_failure/carbonZ_2018-09-11-15-06-34_1_rudder_right_failure-mavros-global_position-global.csv,/content/gdrive/MyDrive/datasets/ALFA/processed_csv/processed/carbonZ_2018-09-11-15-06-34_1_rudder_right_failure/carbonZ_2018-09-11-15-06-34_1_rudder_right_failure-mavros-global_position-global.csv,48790,0.047,2026-01-29T01:54:03,carbonZ_2018-09-11-15-06-34_1_rudder_right_failure-mavros-global_position-global.csv,carbonZ_2018-09-11-15-06-34_1_rudder_right_failure
carbonZ_2018-09-11-15-06-34_1_rudder_right_failure/carbonZ_2018-09-11-15-06-34_1_rudder_right_failure-mavros-global_position-local.csv,/content/gdrive/MyDrive/datasets/ALFA/processed_csv/processed/carbonZ_2018-09-11-15-06-34_1_rudder_right_failure/carbonZ_2018-09-11-15-06-34_1_rudder_right_failure-mavros-global_position-local.csv,154333,0.147,2026-01-29T01:54:03,carbonZ_2018-09-11-15-06-34_1_rudder_right_failure-mavros-global_position-local.csv,carbonZ_2018-09-11-15-06-34_1_rudder_right_failure
carbonZ_2018-09-11-15-06-34_1_rudder_right_failure/carbonZ_2018-09-11-15-06-34_1_rudder_right_failure-mavros-global_position-raw-fix.csv,/content/gdrive/MyDrive/datasets/ALFA/processed_csv/processed/carbonZ_2018-09-11-15-06-34_1_rudder_right_failure/carbonZ_2018-09-11-15-06-34_1_rudder_right_failure-mavros-global_position-raw-fix.csv,59065,0.056,2026-01-29T01:54:03,carbonZ_2018-09-11-15-06-34_1_rudder_right_failure-mavros-global_position-raw-fix.csv,carbonZ_2018-09-11-15-06-34_1_rudder_right_failure
carbonZ_2018-09-11-15-06-34_1_rudder_right_failure/carbonZ_2018-09-11-15-06-34_1_rudder_right_failure-mavros-global_position-raw-gps_vel.csv,/content/gdrive/MyDrive/datasets/ALFA/processed_csv/processed/carbonZ_2018-09-11-15-06-34_1_rudder_right_failure/carbonZ_2018-09-11-15-06-34_1_rudder_right_failure-mavros-global_position-raw-gps_vel.csv,33649,0.032,2026-01-29T01:54:03,carbonZ_2018-09-11-15-06-34_1_rudder_right_failure-mavros-global_position-raw-gps_vel.csv,carbonZ_2018-09-11-15-06-34_1_rudder_right_failure
carbonZ_2018-09-11-15-06-34_1_rudder_right_failure/carbonZ_2018-09-11-15-06-34_1_rudder_right_failure-mavros-global_position-rel_alt.csv,/content/gdrive/MyDrive/datasets/ALFA/processed_csv/processed/carbonZ_2018-09-11-15-06-34_1_rudder_right_failure/carbonZ_2018-09-11-15-06-34_1_rudder_right_failure-mavros-global_position-rel_alt.csv,7868,0.008,2026-01-29T01:54:03,carbonZ_2018-09-11-15-06-34_1_rudder_right_failure-mavros-global_position-rel_alt.csv,carbonZ_2018-09-11-15-06-34_1_rudder_right_failure
carbonZ_2018-09-11-15-06-34_1_rudder_right_failure/carbonZ_2018-09-11-15-06-34_1_rudder_right_failure-mavros-imu-atm_pressure.csv,/content/gdrive/MyDrive/datasets/ALFA/processed_csv/processed/carbonZ_2018-09-11-15-06-34_1_rudder_right_failure/carbonZ_2018-09-11-15-06-34_1_rudder_right_failure-mavros-imu-atm_pressure.csv,52040,0.05,2026-01-29T01:54:03,carbonZ_2018-09-11-15-06-34_1_rudder_right_failure-mavros-imu-atm_pressure.csv,carbonZ_2018-09-11-15-06-34_1_rudder_right_failure
carbonZ_2018-09-11-15-06-34_1_rudder_right_failure/carbonZ_2018-09-11-15-06-34_1_rudder_right_failure-mavros-imu-data.csv,/content/gdrive/MyDrive/datasets/ALFA/processed_csv/processed/carbonZ_2018-09-11-15-06-34_1_rudder_right_failure/carbonZ_2018-09-11-15-06-34_1_rudder_right_failure-mavros-imu-data.csv,64252,0.061,2026-01-29T01:54:03,carbonZ_2018-09-11-15-06-34_1_rudder_right_failure-mavros-imu-data.csv,carbonZ_2018-09-11-15-06-34_1_rudder_right_failure
carbonZ_2018-09-11-15-06-34_1_rudder_right_failure/carbonZ_2018-09-11-15-06-34_1_rudder_right_failure-mavros-imu-data_raw.csv,/content/gdrive/MyDrive/datasets/ALFA/processed_csv/processed/carbonZ_2018-09-11-15-06-34_1_rudder_right_failure/carbonZ_2018-09-11-15-06-34_1_rudder_right_failure-mavros-imu-data_raw.csv,198941,0.19,2026-01-29T01:54:03,carbonZ_2018-09-11-15-06-34_1_rudder_right_failure-mavros-imu-data_raw.csv,carbonZ_2018-09-11-15-06-34_1_rudder_right_failure
carbonZ_2018-09-11-15-06-34_1_rudder_right_failure/carbonZ_2018-09-11-15-06-34_1_rudder_right_failure-mavros-imu-mag.csv,/content/gdrive/MyDrive/datasets/ALFA/processed_csv/processed/carbonZ_2018-09-11-15-06-34_1_rudder_right_failure/carbonZ_2018-09-11-15-06-34_1_rudder_right_failure-mavros-imu-mag.csv,86584,0.083,2026-01-29T01:54:03,carbonZ_2018-09-11-15-06-34_1_rudder_right_failure-mavros-imu-mag.csv,carbonZ_2018-09-11-15-06-34_1_rudder_right_failure
carbonZ_2018-09-11-15-06-34_1_rudder_right_failure/carbonZ_2018-09-11-15-06-34_1_rudder_right_failure-mavros-imu-temperature.csv,/content/gdrive/MyDrive/datasets/ALFA/processed_csv/processed/carbonZ_2018-09-11-15-06-34_1_rudder_right_failure/carbonZ_2018-09-11-15-06-34_1_rudder_right_failure-mavros-imu-temperature.csv,46422,0.044,2026-01-29T01:54:03,carbonZ_2018-09-11-15-06-34_1_rudder_right_failure-mavros-imu-temperature.csv,carbonZ_2018-09-11-15-06-34_1_rudder_right_failure
carbonZ_2018-09-11-15-06-34_1_rudder_right_failure/carbonZ_2018-09-11-15-06-34_1_rudder_right_failure-mavros-local_position-odom.csv,/content/gdrive/MyDrive/datasets/ALFA/processed_csv/processed/carbonZ_2018-09-11-15-06-34_1_rudder_right_failure/carbonZ_2018-09-11-15-06-34_1_rudder_right_failure-mavros-local_position-odom.csv,170292,0.162,2026-01-29T01:54:03,carbonZ_2018-09-11-15-06-34_1_rudder_right_failure-mavros-local_position-odom.csv,carbonZ_2018-09-11-15-06-34_1_rudder_right_failure
carbonZ_2018-09-11-15-06-34_1_rudder_right_failure/carbonZ_2018-09-11-15-06-34_1_rudder_right_failure-mavros-local_position-pose.csv,/content/gdrive/MyDrive/datasets/ALFA/processed_csv/processed/carbonZ_2018-09-11-15-06-34_1_rudder_right_failure/carbonZ_2018-09-11-15-06-34_1_rudder_right_failure-mavros-local_position-pose.csv,45703,0.044,2026-01-29T01:54:03,carbonZ_2018-09-11-15-06-34_1_rudder_right_failure-mavros-local_position-pose.csv,carbonZ_2018-09-11-15-06-34_1_rudder_right_failure
carbonZ_2018-09-11-15-06-34_1_rudder_right_failure/carbonZ_2018-09-11-15-06-34_1_rudder_right_failure-mavros-local_position-velocity.csv,/content/gdrive/MyDrive/datasets/ALFA/processed_csv/processed/carbonZ_2018-09-11-15-06-34_1_rudder_right_failure/carbonZ_2018-09-11-15-06-34_1_rudder_right_failure-mavros-local_position-velocity.csv,41525,0.04,2026-01-29T01:54:03,carbonZ_2018-09-11-15-06-34_1_rudder_right_failure-mavros-local_position-velocity.csv,carbonZ_2018-09-11-15-06-34_1_rudder_right_failure
carbonZ_2018-09-11-15-06-34_1_rudder_right_failure/carbonZ_2018-09-11-15-06-34_1_rudder_right_failure-mavros-nav_info-airspeed.csv,/content/gdrive/MyDrive/datasets/ALFA/processed_csv/processed/carbonZ_2018-09-11-15-06-34_1_rudder_right_failure/carbonZ_2018-09-11-15-06-34_1_rudder_right_failure-mavros-nav_info-airspeed.csv,79544,0.076,2026-01-29T01:54:03,carbonZ_2018-09-11-15-06-34_1_rudder_right_failure-mavros-nav_info-airspeed.csv,carbonZ_2018-09-11-15-06-34_1_rudder_right_failure
carbonZ_2018-09-11-15-06-34_1_rudder_right_failure/carbonZ_2018-09-11-15-06-34_1_rudder_right_failure-mavros-nav_info-errors.csv,/content/gdrive/MyDrive/datasets/ALFA/processed_csv/processed/carbonZ_2018-09-11-15-06-34_1_rudder_right_failure/carbonZ_2018-09-11-15-06-34_1_rudder_right_failure-mavros-nav_info-errors.csv,132332,0.126,2026-01-29T01:54:03,carbonZ_2018-09-11-15-06-34_1_rudder_right_failure-mavros-nav_info-errors.csv,carbonZ_2018-09-11-15-06-34_1_rudder_right_failure
carbonZ_2018-09-11-15-06-34_1_rudder_right_failure/carbonZ_2018-09-11-15-06-34_1_rudder_right_failure-mavros-nav_info-pitch.csv,/content/gdrive/MyDrive/datasets/ALFA/processed_csv/processed/carbonZ_2018-09-11-15-06-34_1_rudder_right_failure/carbonZ_2018-09-11-15-06-34_1_rudder_right_failure-mavros-nav_info-pitch.csv,108436,0.103,2026-01-29T01:54:03,carbonZ_2018-09-11-15-06-34_1_rudder_right_failure-mavros-nav_info-pitch.csv,carbonZ_2018-09-11-15-06-34_1_rudder_right_failure
carbonZ_2018-09-11-15-06-34_1_rudder_right_failure/carbonZ_2018-09-11-15-06-34_1_rudder_right_failure-mavros-nav_info-roll.csv,/content/gdrive/MyDrive/datasets/ALFA/processed_csv/processed/carbonZ_2018-09-11-15-06-34_1_rudder_right_failure/carbonZ_2018-09-11-15-06-34_1_rudder_right_failure-mavros-nav_info-roll.csv,106941,0.102,2026-01-29T01:54:03,carbonZ_2018-09-11-15-06-34_1_rudder_right_failure-mavros-nav_info-roll.csv,carbonZ_2018-09-11-15-06-34_1_rudder_right_failure
carbonZ_2018-09-11-15-06-34_1_rudder_right_failure/carbonZ_2018-09-11-15-06-34_1_rudder_right_failure-mavros-nav_info-velocity.csv,/content/gdrive/MyDrive/datasets/ALFA/processed_csv/processed/carbonZ_2018-09-11-15-06-34_1_rudder_right_failure/carbonZ_2018-09-11-15-06-34_1_rudder_right_failure-mavros-nav_info-velocity.csv,186500,0.178,2026-01-29T01:54:03,carbonZ_2018-09-11-15-06-34_1_rudder_right_failure-mavros-nav_info-velocity.csv,carbonZ_2018-09-11-15-06-34_1_rudder_right_failure
carbonZ_2018-09-11-15-06-34_1_rudder_right_failure/carbonZ_2018-09-11-15-06-34_1_rudder_right_failure-mavros-nav_info-yaw.csv,/content/gdrive/MyDrive/datasets/ALFA/processed_csv/processed/carbonZ_2018-09-11-15-06-34_1_rudder_right_failure/carbonZ_2018-09-11-15-06-34_1_rudder_right_failure-mavros-nav_info-yaw.csv,96391,0.092,2026-01-29T01:54:03,carbonZ_2018-09-11-15-06-34_1_rudder_right_failure-mavros-nav_info-yaw.csv,carbonZ_2018-09-11-15-06-34_1_rudder_right_failure
carbonZ_2018-09-11-15-06-34_1_rudder_right_failure/carbonZ_2018-09-11-15-06-34_1_rudder_right_failure-mavros-rc-in.csv,/content/gdrive/MyDrive/datasets/ALFA/processed_csv/processed/carbonZ_2018-09-11-15-06-34_1_rudder_right_failure/carbonZ_2018-09-11-15-06-34_1_rudder_right_failure-mavros-rc-in.csv,27089,0.026,2026-01-29T01:54:03,carbonZ_2018-09-11-15-06-34_1_rudder_right_failure-mavros-rc-in.csv,carbonZ_2018-09-11-15-06-34_1_rudder_right_failure
carbonZ_2018-09-11-15-06-34_1_rudder_right_failure/carbonZ_2018-09-11-15-06-34_1_rudder_right_failure-mavros-rc-out.csv,/content/gdrive/MyDrive/datasets/ALFA/processed_csv/processed/carbonZ_2018-09-11-15-06-34_1_rudder_right_failure/carbonZ_2018-09-11-15-06-34_1_rudder_right_failure-mavros-rc-out.csv,18080,0.017,2026-01-29T01:54:03,carbonZ_2018-09-11-15-06-34_1_rudder_right_failure-mavros-rc-out.csv,carbonZ_2018-09-11-15-06-34_1_rudder_right_failure
carbonZ_2018-09-11-15-06-34_1_rudder_right_failure/carbonZ_2018-09-11-15-06-34_1_rudder_right_failure-mavros-setpoint_raw-local.csv,/content/gdrive/MyDrive/datasets/ALFA/processed_csv/processed/carbonZ_2018-09-11-15-06-34_1_rudder_right_failure/carbonZ_2018-09-11-15-06-34_1_rudder_right_failure-mavros-setpoint_raw-local.csv,424422,0.405,2026-01-29T01:54:03,carbonZ_2018-09-11-15-06-34_1_rudder_right_failure-mavros-setpoint_raw-local.csv,carbonZ_2018-09-11-15-06-34_1_rudder_right_failure
carbonZ_2018-09-11-15-06-34_1_rudder_right_failure/carbonZ_2018-09-11-15-06-34_1_rudder_right_failure-mavros-setpoint_raw-target_global.csv,/content/gdrive/MyDrive/datasets/ALFA/processed_csv/processed/carbonZ_2018-09-11-15-06-34_1_rudder_right_failure/carbonZ_2018-09-11-15-06-34_1_rudder_right_failure-mavros-setpoint_raw-target_global.csv,254432,0.243,2026-01-29T01:54:03,carbonZ_2018-09-11-15-06-34_1_rudder_right_failure-mavros-setpoint_raw-target_global.csv,carbonZ_2018-09-11-15-06-34_1_rudder_right_failure
carbonZ_2018-09-11-15-06-34_1_rudder_right_failure/carbonZ_2018-09-11-15-06-34_1_rudder_right_failure-mavros-state.csv,/content/gdrive/MyDrive/datasets/ALFA/processed_csv/processed/carbonZ_2018-09-11-15-06-34_1_rudder_right_failure/carbonZ_2018-09-11-15-06-34_1_rudder_right_failure-mavros-state.csv,4467,0.004,2026-01-29T01:54:03,carbonZ_2018-09-11-15-06-34_1_rudder_right_failure-mavros-state.csv,carbonZ_2018-09-11-15-06-34_1_rudder_right_failure
carbonZ_2018-09-11-15-06-34_1_rudder_right_failure/carbonZ_2018-09-11-15-06-34_1_rudder_right_failure-mavros-time_reference.csv,/content/gdrive/MyDrive/datasets/ALFA/processed_csv/processed/carbonZ_2018-09-11-15-06-34_1_rudder_right_failure/carbonZ_2018-09-11-15-06-34_1_rudder_right_failure-mavros-time_reference.csv,10382,0.01,2026-01-29T01:54:03,carbonZ_2018-09-11-15-06-34_1_rudder_right_failure-mavros-time_reference.csv,carbonZ_2018-09-11-15-06-34_1_rudder_right_failure
carbonZ_2018-09-11-15-06-34_1_rudder_right_failure/carbonZ_2018-09-11-15-06-34_1_rudder_right_failure-mavros-vfr_hud.csv,/content/gdrive/MyDrive/datasets/ALFA/processed_csv/processed/carbonZ_2018-09-11-15-06-34_1_rudder_right_failure/carbonZ_2018-09-11-15-06-34_1_rudder_right_failure-mavros-vfr_hud.csv,19790,0.019,2026-01-29T01:54:03,carbonZ_2018-09-11-15-06-34_1_rudder_right_failure-mavros-vfr_hud.csv,carbonZ_2018-09-11-15-06-34_1_rudder_right_failure
carbonZ_2018-09-11-15-06-34_1_rudder_right_failure/carbonZ_2018-09-11-15-06-34_1_rudder_right_failure-mavros-wind_estimation.csv,/content/gdrive/MyDrive/datasets/ALFA/processed_csv/processed/carbonZ_2018-09-11-15-06-34_1_rudder_right_failure/carbonZ_2018-09-11-15-06-34_1_rudder_right_failure-mavros-wind_estimation.csv,13540,0.013,2026-01-29T01:54:03,carbonZ_2018-09-11-15-06-34_1_rudder_right_failure-mavros-wind_estimation.csv,carbonZ_2018-09-11-15-06-34_1_rudder_right_failure
carbonZ_2018-09-11-15-06-34_2_rudder_right_failure/carbonZ_2018-09-11-15-06-34_2_rudder_right_failure-diagnostics.csv,/content/gdrive/MyDrive/datasets/ALFA/processed_csv/processed/carbonZ_2018-09-11-15-06-34_2_rudder_right_failure/carbonZ_2018-09-11-15-06-34_2_rudder_right_failure-diagnostics.csv,71207,0.068,2026-01-29T01:54:03,carbonZ_2018-09-11-15-06-34_2_rudder_right_failure-diagnostics.csv,carbonZ_2018-09-11-15-06-34_2_rudder_right_failure
carbonZ_2018-09-11-15-06-34_2_rudder_right_failure/carbonZ_2018-09-11-15-06-34_2_rudder_right_failure-failure_status-rudder.csv,/content/gdrive/MyDrive/datasets/ALFA/processed_csv/processed/carbonZ_2018-09-11-15-06-34_2_rudder_right_failure/carbonZ_2018-09-11-15-06-34_2_rudder_right_failure-failure_status-rudder.csv,787,0.001,2026-01-29T01:54:03,carbonZ_2018-09-11-15-06-34_2_rudder_right_failure-failure_status-rudder.csv,carbonZ_2018-09-11-15-06-34_2_rudder_right_failure
carbonZ_2018-09-11-15-06-34_2_rudder_right_failure/carbonZ_2018-09-11-15-06-34_2_rudder_right_failure-mavctrl-path_dev.csv,/content/gdrive/MyDrive/datasets/ALFA/processed_csv/processed/carbonZ_2018-09-11-15-06-34_2_rudder_right_failure/carbonZ_2018-09-11-15-06-34_2_rudder_right_failure-mavctrl-path_dev.csv,157863,0.151,2026-01-29T01:54:03,carbonZ_2018-09-11-15-06-34_2_rudder_right_failure-mavctrl-path_dev.csv,carbonZ_2018-09-11-15-06-34_2_rudder_right_failure
carbonZ_2018-09-11-15-06-34_2_rudder_right_failure/carbonZ_2018-09-11-15-06-34_2_rudder_right_failure-mavctrl-rpy.csv,/content/gdrive/MyDrive/datasets/ALFA/processed_csv/processed/carbonZ_2018-09-11-15-06-34_2_rudder_right_failure/carbonZ_2018-09-11-15-06-34_2_rudder_right_failure-mavctrl-rpy.csv,198561,0.189,2026-01-29T01:54:03,carbonZ_2018-09-11-15-06-34_2_rudder_right_failure-mavctrl-rpy.csv,carbonZ_2018-09-11-15-06-34_2_rudder_right_failure
carbonZ_2018-09-11-15-06-34_2_rudder_right_failure/carbonZ_2018-09-11-15-06-34_2_rudder_right_failure-mavlink-from.csv,/content/gdrive/MyDrive/datasets/ALFA/processed_csv/processed/carbonZ_2018-09-11-15-06-34_2_rudder_right_failure/carbonZ_2018-09-11-15-06-34_2_rudder_right_failure-mavlink-from.csv,1839903,1.755,2026-01-29T01:54:03,carbonZ_2018-09-11-15-06-34_2_rudder_right_failure-mavlink-from.csv,carbonZ_2018-09-11-15-06-34_2_rudder_right_failure
carbonZ_2018-09-11-15-06-34_2_rudder_right_failure/carbonZ_2018-09-11-15-06-34_2_rudder_right_failure-mavros-battery.csv,/content/gdrive/MyDrive/datasets/ALFA/processed_csv/processed/carbonZ_2018-09-11-15-06-34_2_rudder_right_failure/carbonZ_2018-09-11-15-06-34_2_rudder_right_failure-mavros-battery.csv,152894,0.146,2026-01-29T01:54:03,carbonZ_2018-09-11-15-06-34_2_rudder_right_failure-mavros-battery.csv,carbonZ_2018-09-11-15-06-34_2_rudder_right_failure
carbonZ_2018-09-11-15-06-34_2_rudder_right_failure/carbonZ_2018-09-11-15-06-34_2_rudder_right_failure-mavros-global_position-compass_hdg.csv,/content/gdrive/MyDrive/datasets/ALFA/processed_csv/processed/carbonZ_2018-09-11-15-06-34_2_rudder_right_failure/carbonZ_2018-09-11-15-06-34_2_rudder_right_failure-mavros-global_position-compass_hdg.csv,7581,0.007,2026-01-29T01:54:03,carbonZ_2018-09-11-15-06-34_2_rudder_right_failure-mavros-global_position-compass_hdg.csv,carbonZ_2018-09-11-15-06-34_2_rudder_right_failure
carbonZ_2018-09-11-15-06-34_2_rudder_right_failure/carbonZ_2018-09-11-15-06-34_2_rudder_right_failure-mavros-global_position-global.csv,/content/gdrive/MyDrive/datasets/ALFA/processed_csv/processed/carbonZ_2018-09-11-15-06-34_2_rudder_right_failure/carbonZ_2018-09-11-15-06-34_2_rudder_right_failure-mavros-global_position-global.csv,47808,0.046,2026-01-29T01:54:03,carbonZ_2018-09-11-15-06-34_2_rudder_right_failure-mavros-global_position-global.csv,carbonZ_2018-09-11-15-06-34_2_rudder_right_failure
carbonZ_2018-09-11-15-06-34_2_rudder_right_failure/carbonZ_2018-09-11-15-06-34_2_rudder_right_failure-mavros-global_position-local.csv,/content/gdrive/MyDrive/datasets/ALFA/processed_csv/processed/carbonZ_2018-09-11-15-06-34_2_rudder_right_failure/carbonZ_2018-09-11-15-06-34_2_rudder_right_failure-mavros-global_position-local.csv,151322,0.144,2026-01-29T01:54:03,carbonZ_2018-09-11-15-06-34_2_rudder_right_failure-mavros-global_position-local.csv,carbonZ_2018-09-11-15-06-34_2_rudder_right_failure
carbonZ_2018-09-11-15-06-34_2_rudder_right_failure/carbonZ_2018-09-11-15-06-34_2_rudder_right_failure-mavros-global_position-raw-fix.csv,/content/gdrive/MyDrive/datasets/ALFA/processed_csv/processed/carbonZ_2018-09-11-15-06-34_2_rudder_right_failure/carbonZ_2018-09-11-15-06-34_2_rudder_right_failure-mavros-global_position-raw-fix.csv,58103,0.055,2026-01-29T01:54:03,carbonZ_2018-09-11-15-06-34_2_rudder_right_failure-mavros-global_position-raw-fix.csv,carbonZ_2018-09-11-15-06-34_2_rudder_right_failure
carbonZ_2018-09-11-15-06-34_2_rudder_right_failure/carbonZ_2018-09-11-15-06-34_2_rudder_right_failure-mavros-global_position-raw-gps_vel.csv,/content/gdrive/MyDrive/datasets/ALFA/processed_csv/processed/carbonZ_2018-09-11-15-06-34_2_rudder_right_failure/carbonZ_2018-09-11-15-06-34_2_rudder_right_failure-mavros-global_position-raw-gps_vel.csv,33143,0.032,2026-01-29T01:54:03,carbonZ_2018-09-11-15-06-34_2_rudder_right_failure-mavros-global_position-raw-gps_vel.csv,carbonZ_2018-09-11-15-06-34_2_rudder_right_failure
carbonZ_2018-09-11-15-06-34_2_rudder_right_failure/carbonZ_2018-09-11-15-06-34_2_rudder_right_failure-mavros-global_position-rel_alt.csv,/content/gdrive/MyDrive/datasets/ALFA/processed_csv/processed/carbonZ_2018-09-11-15-06-34_2_rudder_right_failure/carbonZ_2018-09-11-15-06-34_2_rudder_right_failure-mavros-global_position-rel_alt.csv,7711,0.007,2026-01-29T01:54:03,carbonZ_2018-09-11-15-06-34_2_rudder_right_failure-mavros-global_position-rel_alt.csv,carbonZ_2018-09-11-15-06-34_2_rudder_right_failure
carbonZ_2018-09-11-15-06-34_2_rudder_right_failure/carbonZ_2018-09-11-15-06-34_2_rudder_right_failure-mavros-imu-atm_pressure.csv,/content/gdrive/MyDrive/datasets/ALFA/processed_csv/processed/carbonZ_2018-09-11-15-06-34_2_rudder_right_failure/carbonZ_2018-09-11-15-06-34_2_rudder_right_failure-mavros-imu-atm_pressure.csv,51292,0.049,2026-01-29T01:54:03,carbonZ_2018-09-11-15-06-34_2_rudder_right_failure-mavros-imu-atm_pressure.csv,carbonZ_2018-09-11-15-06-34_2_rudder_right_failure
carbonZ_2018-09-11-15-06-34_2_rudder_right_failure/carbonZ_2018-09-11-15-06-34_2_rudder_right_failure-mavros-imu-data.csv,/content/gdrive/MyDrive/datasets/ALFA/processed_csv/processed/carbonZ_2018-09-11-15-06-34_2_rudder_right_failure/carbonZ_2018-09-11-15-06-34_2_rudder_right_failure-mavros-imu-data.csv,64678,0.062,2026-01-29T01:54:03,carbonZ_2018-09-11-15-06-34_2_rudder_right_failure-mavros-imu-data.csv,carbonZ_2018-09-11-15-06-34_2_rudder_right_failure
carbonZ_2018-09-11-15-06-34_2_rudder_right_failure/carbonZ_2018-09-11-15-06-34_2_rudder_right_failure-mavros-imu-data_raw.csv,/content/gdrive/MyDrive/datasets/ALFA/processed_csv/processed/carbonZ_2018-09-11-15-06-34_2_rudder_right_failure/carbonZ_2018-09-11-15-06-34_2_rudder_right_failure-mavros-imu-data_raw.csv,196123,0.187,2026-01-29T01:54:03,carbonZ_2018-09-11-15-06-34_2_rudder_right_failure-mavros-imu-data_raw.csv,carbonZ_2018-09-11-15-06-34_2_rudder_right_failure
carbonZ_2018-09-11-15-06-34_2_rudder_right_failure/carbonZ_2018-09-11-15-06-34_2_rudder_right_failure-mavros-imu-mag.csv,/content/gdrive/MyDrive/datasets/ALFA/processed_csv/processed/carbonZ_2018-09-11-15-06-34_2_rudder_right_failure/carbonZ_2018-09-11-15-06-34_2_rudder_right_failure-mavros-imu-mag.csv,85480,0.082,2026-01-29T01:54:03,carbonZ_2018-09-11-15-06-34_2_rudder_right_failure-mavros-imu-mag.csv,carbonZ_2018-09-11-15-06-34_2_rudder_right_failure
carbonZ_2018-09-11-15-06-34_2_rudder_right_failure/carbonZ_2018-09-11-15-06-34_2_rudder_right_failure-mavros-imu-temperature.csv,/content/gdrive/MyDrive/datasets/ALFA/processed_csv/processed/carbonZ_2018-09-11-15-06-34_2_rudder_right_failure/carbonZ_2018-09-11-15-06-34_2_rudder_right_failure-mavros-imu-temperature.csv,45772,0.044,2026-01-29T01:54:03,carbonZ_2018-09-11-15-06-34_2_rudder_right_failure-mavros-imu-temperature.csv,carbonZ_2018-09-11-15-06-34_2_rudder_right_failure
carbonZ_2018-09-11-15-06-34_2_rudder_right_failure/carbonZ_2018-09-11-15-06-34_2_rudder_right_failure-mavros-local_position-odom.csv,/content/gdrive/MyDrive/datasets/ALFA/processed_csv/processed/carbonZ_2018-09-11-15-06-34_2_rudder_right_failure/carbonZ_2018-09-11-15-06-34_2_rudder_right_failure-mavros-local_position-odom.csv,166911,0.159,2026-01-29T01:54:03,carbonZ_2018-09-11-15-06-34_2_rudder_right_failure-mavros-local_position-odom.csv,carbonZ_2018-09-11-15-06-34_2_rudder_right_failure
carbonZ_2018-09-11-15-06-34_2_rudder_right_failure/carbonZ_2018-09-11-15-06-34_2_rudder_right_failure-mavros-local_position-pose.csv,/content/gdrive/MyDrive/datasets/ALFA/processed_csv/processed/carbonZ_2018-09-11-15-06-34_2_rudder_right_failure/carbonZ_2018-09-11-15-06-34_2_rudder_right_failure-mavros-local_position-pose.csv,44865,0.043,2026-01-29T01:54:03,carbonZ_2018-09-11-15-06-34_2_rudder_right_failure-mavros-local_position-pose.csv,carbonZ_2018-09-11-15-06-34_2_rudder_right_failure
carbonZ_2018-09-11-15-06-34_2_rudder_right_failure/carbonZ_2018-09-11-15-06-34_2_rudder_right_failure-mavros-local_position-velocity.csv,/content/gdrive/MyDrive/datasets/ALFA/processed_csv/processed/carbonZ_2018-09-11-15-06-34_2_rudder_right_failure/carbonZ_2018-09-11-15-06-34_2_rudder_right_failure-mavros-local_position-velocity.csv,40736,0.039,2026-01-29T01:54:03,carbonZ_2018-09-11-15-06-34_2_rudder_right_failure-mavros-local_position-velocity.csv,carbonZ_2018-09-11-15-06-34_2_rudder_right_failure
carbonZ_2018-09-11-15-06-34_2_rudder_right_failure/carbonZ_2018-09-11-15-06-34_2_rudder_right_failure-mavros-nav_info-airspeed.csv,/content/gdrive/MyDrive/datasets/ALFA/processed_csv/processed/carbonZ_2018-09-11-15-06-34_2_rudder_right_failure/carbonZ_2018-09-11-15-06-34_2_rudder_right_failure-mavros-nav_info-airspeed.csv,77584,0.074,2026-01-29T01:54:03,carbonZ_2018-09-11-15-06-34_2_rudder_right_failure-mavros-nav_info-airspeed.csv,carbonZ_2018-09-11-15-06-34_2_rudder_right_failure
carbonZ_2018-09-11-15-06-34_2_rudder_right_failure/carbonZ_2018-09-11-15-06-34_2_rudder_right_failure-mavros-nav_info-errors.csv,/content/gdrive/MyDrive/datasets/ALFA/processed_csv/processed/carbonZ_2018-09-11-15-06-34_2_rudder_right_failure/carbonZ_2018-09-11-15-06-34_2_rudder_right_failure-mavros-nav_info-errors.csv,128332,0.122,2026-01-29T01:54:04,carbonZ_2018-09-11-15-06-34_2_rudder_right_failure-mavros-nav_info-errors.csv,carbonZ_2018-09-11-15-06-34_2_rudder_right_failure
carbonZ_2018-09-11-15-06-34_2_rudder_right_failure/carbonZ_2018-09-11-15-06-34_2_rudder_right_failure-mavros-nav_info-pitch.csv,/content/gdrive/MyDrive/datasets/ALFA/processed_csv/processed/carbonZ_2018-09-11-15-06-34_2_rudder_right_failure/carbonZ_2018-09-11-15-06-34_2_rudder_right_failure-mavros-nav_info-pitch.csv,105116,0.1,2026-01-29T01:54:04,carbonZ_2018-09-11-15-06-34_2_rudder_right_failure-mavros-nav_info-pitch.csv,carbonZ_2018-09-11-15-06-34_2_rudder_right_failure
carbonZ_2018-09-11-15-06-34_2_rudder_right_failure/carbonZ_2018-09-11-15-06-34_2_rudder_right_failure-mavros-nav_info-roll.csv,/content/gdrive/MyDrive/datasets/ALFA/processed_csv/processed/carbonZ_2018-09-11-15-06-34_2_rudder_right_failure/carbonZ_2018-09-11-15-06-34_2_rudder_right_failure-mavros-nav_info-roll.csv,103909,0.099,2026-01-29T01:54:04,carbonZ_2018-09-11-15-06-34_2_rudder_right_failure-mavros-nav_info-roll.csv,carbonZ_2018-09-11-15-06-34_2_rudder_right_failure
carbonZ_2018-09-11-15-06-34_2_rudder_right_failure/carbonZ_2018-09-11-15-06-34_2_rudder_right_failure-mavros-nav_info-velocity.csv,/content/gdrive/MyDrive/datasets/ALFA/processed_csv/processed/carbonZ_2018-09-11-15-06-34_2_rudder_right_failure/carbonZ_2018-09-11-15-06-34_2_rudder_right_failure-mavros-nav_info-velocity.csv,183933,0.175,2026-01-29T01:54:04,carbonZ_2018-09-11-15-06-34_2_rudder_right_failure-mavros-nav_info-velocity.csv,carbonZ_2018-09-11-15-06-34_2_rudder_right_failure
carbonZ_2018-09-11-15-06-34_2_rudder_right_failure/carbonZ_2018-09-11-15-06-34_2_rudder_right_failure-mavros-nav_info-yaw.csv,/content/gdrive/MyDrive/datasets/ALFA/processed_csv/processed/carbonZ_2018-09-11-15-06-34_2_rudder_right_failure/carbonZ_2018-09-11-15-06-34_2_rudder_right_failure-mavros-nav_info-yaw.csv,93584,0.089,2026-01-29T01:54:04,carbonZ_2018-09-11-15-06-34_2_rudder_right_failure-mavros-nav_info-yaw.csv,carbonZ_2018-09-11-15-06-34_2_rudder_right_failure
carbonZ_2018-09-11-15-06-34_2_rudder_right_failure/carbonZ_2018-09-11-15-06-34_2_rudder_right_failure-mavros-rc-in.csv,/content/gdrive/MyDrive/datasets/ALFA/processed_csv/processed/carbonZ_2018-09-11-15-06-34_2_rudder_right_failure/carbonZ_2018-09-11-15-06-34_2_rudder_right_failure-mavros-rc-in.csv,26961,0.026,2026-01-29T01:54:04,carbonZ_2018-09-11-15-06-34_2_rudder_right_failure-mavros-rc-in.csv,carbonZ_2018-09-11-15-06-34_2_rudder_right_failure
carbonZ_2018-09-11-15-06-34_2_rudder_right_failure/carbonZ_2018-09-11-15-06-34_2_rudder_right_failure-mavros-rc-out.csv,/content/gdrive/MyDrive/datasets/ALFA/processed_csv/processed/carbonZ_2018-09-11-15-06-34_2_rudder_right_failure/carbonZ_2018-09-11-15-06-34_2_rudder_right_failure-mavros-rc-out.csv,18080,0.017,2026-01-29T01:54:04,carbonZ_2018-09-11-15-06-34_2_rudder_right_failure-mavros-rc-out.csv,carbonZ_2018-09-11-15-06-34_2_rudder_right_failure
carbonZ_2018-09-11-15-06-34_2_rudder_right_failure/carbonZ_2018-09-11-15-06-34_2_rudder_right_failure-mavros-setpoint_raw-local.csv,/content/gdrive/MyDrive/datasets/ALFA/processed_csv/processed/carbonZ_2018-09-11-15-06-34_2_rudder_right_failure/carbonZ_2018-09-11-15-06-34_2_rudder_right_failure-mavros-setpoint_raw-local.csv,368317,0.351,2026-01-29T01:54:04,carbonZ_2018-09-11-15-06-34_2_rudder_right_failure-mavros-setpoint_raw-local.csv,carbonZ_2018-09-11-15-06-34_2_rudder_right_failure
carbonZ_2018-09-11-15-06-34_2_rudder_right_failure/carbonZ_2018-09-11-15-06-34_2_rudder_right_failure-mavros-setpoint_raw-target_global.csv,/content/gdrive/MyDrive/datasets/ALFA/processed_csv/processed/carbonZ_2018-09-11-15-06-34_2_rudder_right_failure/carbonZ_2018-09-11-15-06-34_2_rudder_right_failure-mavros-setpoint_raw-target_global.csv,249864,0.238,2026-01-29T01:54:04,carbonZ_2018-09-11-15-06-34_2_rudder_right_failure-mavros-setpoint_raw-target_global.csv,carbonZ_2018-09-11-15-06-34_2_rudder_right_failure
carbonZ_2018-09-11-15-06-34_2_rudder_right_failure/carbonZ_2018-09-11-15-06-34_2_rudder_right_failure-mavros-state.csv,/content/gdrive/MyDrive/datasets/ALFA/processed_csv/processed/carbonZ_2018-09-11-15-06-34_2_rudder_right_failure/carbonZ_2018-09-11-15-06-34_2_rudder_right_failure-mavros-state.csv,4406,0.004,2026-01-29T01:54:04,carbonZ_2018-09-11-15-06-34_2_rudder_right_failure-mavros-state.csv,carbonZ_2018-09-11-15-06-34_2_rudder_right_failure
carbonZ_2018-09-11-15-06-34_2_rudder_right_failure/carbonZ_2018-09-11-15-06-34_2_rudder_right_failure-mavros-time_reference.csv,/content/gdrive/MyDrive/datasets/ALFA/processed_csv/processed/carbonZ_2018-09-11-15-06-34_2_rudder_right_failure/carbonZ_2018-09-11-15-06-34_2_rudder_right_failure-mavros-time_reference.csv,10382,0.01,2026-01-29T01:54:04,carbonZ_2018-09-11-15-06-34_2_rudder_right_failure-mavros-time_reference.csv,carbonZ_2018-09-11-15-06-34_2_rudder_right_failure
carbonZ_2018-09-11-15-06-34_2_rudder_right_failure/carbonZ_2018-09-11-15-06-34_2_rudder_right_failure-mavros-vfr_hud.csv,/content/gdrive/MyDrive/datasets/ALFA/processed_csv/processed/carbonZ_2018-09-11-15-06-34_2_rudder_right_failure/carbonZ_2018-09-11-15-06-34_2_rudder_right_failure-mavros-vfr_hud.csv,19770,0.019,2026-01-29T01:54:04,carbonZ_2018-09-11-15-06-34_2_rudder_right_failure-mavros-vfr_hud.csv,carbonZ_2018-09-11-15-06-34_2_rudder_right_failure
carbonZ_2018-09-11-15-06-34_2_rudder_right_failure/carbonZ_2018-09-11-15-06-34_2_rudder_right_failure-mavros-wind_estimation.csv,/content/gdrive/MyDrive/datasets/ALFA/processed_csv/processed/carbonZ_2018-09-11-15-06-34_2_rudder_right_failure/carbonZ_2018-09-11-15-06-34_2_rudder_right_failure-mavros-wind_estimation.csv,13400,0.013,2026-01-29T01:54:04,carbonZ_2018-09-11-15-06-34_2_rudder_right_failure-mavros-wind_estimation.csv,carbonZ_2018-09-11-15-06-34_2_rudder_right_failure
carbonZ_2018-09-11-15-06-34_3_rudder_left_failure/carbonZ_2018-09-11-15-06-34_3_rudder_left_failure-diagnostics.csv,/content/gdrive/MyDrive/datasets/ALFA/processed_csv/processed/carbonZ_2018-09-11-15-06-34_3_rudder_left_failure/carbonZ_2018-09-11-15-06-34_3_rudder_left_failure-diagnostics.csv,72424,0.069,2026-01-29T01:54:04,carbonZ_2018-09-11-15-06-34_3_rudder_left_failure-diagnostics.csv,carbonZ_2018-09-11-15-06-34_3_rudder_left_failure
carbonZ_2018-09-11-15-06-34_3_rudder_left_failure/carbonZ_2018-09-11-15-06-34_3_rudder_left_failure-failure_status-rudder.csv,/content/gdrive/MyDrive/datasets/ALFA/processed_csv/processed/carbonZ_2018-09-11-15-06-34_3_rudder_left_failure/carbonZ_2018-09-11-15-06-34_3_rudder_left_failure-failure_status-rudder.csv,435,0.0,2026-01-29T01:54:04,carbonZ_2018-09-11-15-06-34_3_rudder_left_failure-failure_status-rudder.csv,carbonZ_2018-09-11-15-06-34_3_rudder_left_failure
carbonZ_2018-09-11-15-06-34_3_rudder_left_failure/carbonZ_2018-09-11-15-06-34_3_rudder_left_failure-mavlink-from.csv,/content/gdrive/MyDrive/datasets/ALFA/processed_csv/processed/carbonZ_2018-09-11-15-06-34_3_rudder_left_failure/carbonZ_2018-09-11-15-06-34_3_rudder_left_failure-mavlink-from.csv,1866843,1.78,2026-01-29T01:54:04,carbonZ_2018-09-11-15-06-34_3_rudder_left_failure-mavlink-from.csv,carbonZ_2018-09-11-15-06-34_3_rudder_left_failure
carbonZ_2018-09-11-15-06-34_3_rudder_left_failure/carbonZ_2018-09-11-15-06-34_3_rudder_left_failure-mavros-battery.csv,/content/gdrive/MyDrive/datasets/ALFA/processed_csv/processed/carbonZ_2018-09-11-15-06-34_3_rudder_left_failure/carbonZ_2018-09-11-15-06-34_3_rudder_left_failure-mavros-battery.csv,154622,0.147,2026-01-29T01:54:04,carbonZ_2018-09-11-15-06-34_3_rudder_left_failure-mavros-battery.csv,carbonZ_2018-09-11-15-06-34_3_rudder_left_failure
carbonZ_2018-09-11-15-06-34_3_rudder_left_failure/carbonZ_2018-09-11-15-06-34_3_rudder_left_failure-mavros-global_position-compass_hdg.csv,/content/gdrive/MyDrive/datasets/ALFA/processed_csv/processed/carbonZ_2018-09-11-15-06-34_3_rudder_left_failure/carbonZ_2018-09-11-15-06-34_3_rudder_left_failure-mavros-global_position-compass_hdg.csv,7681,0.007,2026-01-29T01:54:04,carbonZ_2018-09-11-15-06-34_3_rudder_left_failure-mavros-global_position-compass_hdg.csv,carbonZ_2018-09-11-15-06-34_3_rudder_left_failure
carbonZ_2018-09-11-15-06-34_3_rudder_left_failure/carbonZ_2018-09-11-15-06-34_3_rudder_left_failure-mavros-global_position-global.csv,/content/gdrive/MyDrive/datasets/ALFA/processed_csv/processed/carbonZ_2018-09-11-15-06-34_3_rudder_left_failure/carbonZ_2018-09-11-15-06-34_3_rudder_left_failure-mavros-global_position-global.csv,48428,0.046,2026-01-29T01:54:04,carbonZ_2018-09-11-15-06-34_3_rudder_left_failure-mavros-global_position-global.csv,carbonZ_2018-09-11-15-06-34_3_rudder_left_failure
carbonZ_2018-09-11-15-06-34_3_rudder_left_failure/carbonZ_2018-09-11-15-06-34_3_rudder_left_failure-mavros-global_position-local.csv,/content/gdrive/MyDrive/datasets/ALFA/processed_csv/processed/carbonZ_2018-09-11-15-06-34_3_rudder_left_failure/carbonZ_2018-09-11-15-06-34_3_rudder_left_failure-mavros-global_position-local.csv,152171,0.145,2026-01-29T01:54:04,carbonZ_2018-09-11-15-06-34_3_rudder_left_failure-mavros-global_position-local.csv,carbonZ_2018-09-11-15-06-34_3_rudder_left_failure
carbonZ_2018-09-11-15-06-34_3_rudder_left_failure/carbonZ_2018-09-11-15-06-34_3_rudder_left_failure-mavros-global_position-raw-fix.csv,/content/gdrive/MyDrive/datasets/ALFA/processed_csv/processed/carbonZ_2018-09-11-15-06-34_3_rudder_left_failure/carbonZ_2018-09-11-15-06-34_3_rudder_left_failure-mavros-global_position-raw-fix.csv,58235,0.056,2026-01-29T01:54:04,carbonZ_2018-09-11-15-06-34_3_rudder_left_failure-mavros-global_position-raw-fix.csv,carbonZ_2018-09-11-15-06-34_3_rudder_left_failure
carbonZ_2018-09-11-15-06-34_3_rudder_left_failure/carbonZ_2018-09-11-15-06-34_3_rudder_left_failure-mavros-global_position-raw-gps_vel.csv,/content/gdrive/MyDrive/datasets/ALFA/processed_csv/processed/carbonZ_2018-09-11-15-06-34_3_rudder_left_failure/carbonZ_2018-09-11-15-06-34_3_rudder_left_failure-mavros-global_position-raw-gps_vel.csv,33073,0.032,2026-01-29T01:54:04,carbonZ_2018-09-11-15-06-34_3_rudder_left_failure-mavros-global_position-raw-gps_vel.csv,carbonZ_2018-09-11-15-06-34_3_rudder_left_failure
carbonZ_2018-09-11-15-06-34_3_rudder_left_failure/carbonZ_2018-09-11-15-06-34_3_rudder_left_failure-mavros-global_position-rel_alt.csv,/content/gdrive/MyDrive/datasets/ALFA/processed_csv/processed/carbonZ_2018-09-11-15-06-34_3_rudder_left_failure/carbonZ_2018-09-11-15-06-34_3_rudder_left_failure-mavros-global_position-rel_alt.csv,7747,0.007,2026-01-29T01:54:04,carbonZ_2018-09-11-15-06-34_3_rudder_left_failure-mavros-global_position-rel_alt.csv,carbonZ_2018-09-11-15-06-34_3_rudder_left_failure
carbonZ_2018-09-11-15-06-34_3_rudder_left_failure/carbonZ_2018-09-11-15-06-34_3_rudder_left_failure-mavros-imu-atm_pressure.csv,/content/gdrive/MyDrive/datasets/ALFA/processed_csv/processed/carbonZ_2018-09-11-15-06-34_3_rudder_left_failure/carbonZ_2018-09-11-15-06-34_3_rudder_left_failure-mavros-imu-atm_pressure.csv,51358,0.049,2026-01-29T01:54:04,carbonZ_2018-09-11-15-06-34_3_rudder_left_failure-mavros-imu-atm_pressure.csv,carbonZ_2018-09-11-15-06-34_3_rudder_left_failure
carbonZ_2018-09-11-15-06-34_3_rudder_left_failure/carbonZ_2018-09-11-15-06-34_3_rudder_left_failure-mavros-imu-data.csv,/content/gdrive/MyDrive/datasets/ALFA/processed_csv/processed/carbonZ_2018-09-11-15-06-34_3_rudder_left_failure/carbonZ_2018-09-11-15-06-34_3_rudder_left_failure-mavros-imu-data.csv,65439,0.062,2026-01-29T01:54:04,carbonZ_2018-09-11-15-06-34_3_rudder_left_failure-mavros-imu-data.csv,carbonZ_2018-09-11-15-06-34_3_rudder_left_failure
carbonZ_2018-09-11-15-06-34_3_rudder_left_failure/carbonZ_2018-09-11-15-06-34_3_rudder_left_failure-mavros-imu-data_raw.csv,/content/gdrive/MyDrive/datasets/ALFA/processed_csv/processed/carbonZ_2018-09-11-15-06-34_3_rudder_left_failure/carbonZ_2018-09-11-15-06-34_3_rudder_left_failure-mavros-imu-data_raw.csv,196544,0.187,2026-01-29T01:54:04,carbonZ_2018-09-11-15-06-34_3_rudder_left_failure-mavros-imu-data_raw.csv,carbonZ_2018-09-11-15-06-34_3_rudder_left_failure
carbonZ_2018-09-11-15-06-34_3_rudder_left_failure/carbonZ_2018-09-11-15-06-34_3_rudder_left_failure-mavros-imu-mag.csv,/content/gdrive/MyDrive/datasets/ALFA/processed_csv/processed/carbonZ_2018-09-11-15-06-34_3_rudder_left_failure/carbonZ_2018-09-11-15-06-34_3_rudder_left_failure-mavros-imu-mag.csv,85857,0.082,2026-01-29T01:54:04,carbonZ_2018-09-11-15-06-34_3_rudder_left_failure-mavros-imu-mag.csv,carbonZ_2018-09-11-15-06-34_3_rudder_left_failure
carbonZ_2018-09-11-15-06-34_3_rudder_left_failure/carbonZ_2018-09-11-15-06-34_3_rudder_left_failure-mavros-imu-temperature.csv,/content/gdrive/MyDrive/datasets/ALFA/processed_csv/processed/carbonZ_2018-09-11-15-06-34_3_rudder_left_failure/carbonZ_2018-09-11-15-06-34_3_rudder_left_failure-mavros-imu-temperature.csv,45834,0.044,2026-01-29T01:54:04,carbonZ_2018-09-11-15-06-34_3_rudder_left_failure-mavros-imu-temperature.csv,carbonZ_2018-09-11-15-06-34_3_rudder_left_failure
carbonZ_2018-09-11-15-06-34_3_rudder_left_failure/carbonZ_2018-09-11-15-06-34_3_rudder_left_failure-mavros-local_position-odom.csv,/content/gdrive/MyDrive/datasets/ALFA/processed_csv/processed/carbonZ_2018-09-11-15-06-34_3_rudder_left_failure/carbonZ_2018-09-11-15-06-34_3_rudder_left_failure-mavros-local_position-odom.csv,167847,0.16,2026-01-29T01:54:04,carbonZ_2018-09-11-15-06-34_3_rudder_left_failure-mavros-local_position-odom.csv,carbonZ_2018-09-11-15-06-34_3_rudder_left_failure
carbonZ_2018-09-11-15-06-34_3_rudder_left_failure/carbonZ_2018-09-11-15-06-34_3_rudder_left_failure-mavros-local_position-pose.csv,/content/gdrive/MyDrive/datasets/ALFA/processed_csv/processed/carbonZ_2018-09-11-15-06-34_3_rudder_left_failure/carbonZ_2018-09-11-15-06-34_3_rudder_left_failure-mavros-local_position-pose.csv,44931,0.043,2026-01-29T01:54:04,carbonZ_2018-09-11-15-06-34_3_rudder_left_failure-mavros-local_position-pose.csv,carbonZ_2018-09-11-15-06-34_3_rudder_left_failure
carbonZ_2018-09-11-15-06-34_3_rudder_left_failure/carbonZ_2018-09-11-15-06-34_3_rudder_left_failure-mavros-local_position-velocity.csv,/content/gdrive/MyDrive/datasets/ALFA/processed_csv/processed/carbonZ_2018-09-11-15-06-34_3_rudder_left_failure/carbonZ_2018-09-11-15-06-34_3_rudder_left_failure-mavros-local_position-velocity.csv,41216,0.039,2026-01-29T01:54:04,carbonZ_2018-09-11-15-06-34_3_rudder_left_failure-mavros-local_position-velocity.csv,carbonZ_2018-09-11-15-06-34_3_rudder_left_failure
carbonZ_2018-09-11-15-06-34_3_rudder_left_failure/carbonZ_2018-09-11-15-06-34_3_rudder_left_failure-mavros-nav_info-airspeed.csv,/content/gdrive/MyDrive/datasets/ALFA/processed_csv/processed/carbonZ_2018-09-11-15-06-34_3_rudder_left_failure/carbonZ_2018-09-11-15-06-34_3_rudder_left_failure-mavros-nav_info-airspeed.csv,79214,0.076,2026-01-29T01:54:04,carbonZ_2018-09-11-15-06-34_3_rudder_left_failure-mavros-nav_info-airspeed.csv,carbonZ_2018-09-11-15-06-34_3_rudder_left_failure
carbonZ_2018-09-11-15-06-34_3_rudder_left_failure/carbonZ_2018-09-11-15-06-34_3_rudder_left_failure-mavros-nav_info-errors.csv,/content/gdrive/MyDrive/datasets/ALFA/processed_csv/processed/carbonZ_2018-09-11-15-06-34_3_rudder_left_failure/carbonZ_2018-09-11-15-06-34_3_rudder_left_failure-mavros-nav_info-errors.csv,132249,0.126,2026-01-29T01:54:04,carbonZ_2018-09-11-15-06-34_3_rudder_left_failure-mavros-nav_info-errors.csv,carbonZ_2018-09-11-15-06-34_3_rudder_left_failure
carbonZ_2018-09-11-15-06-34_3_rudder_left_failure/carbonZ_2018-09-11-15-06-34_3_rudder_left_failure-mavros-nav_info-pitch.csv,/content/gdrive/MyDrive/datasets/ALFA/processed_csv/processed/carbonZ_2018-09-11-15-06-34_3_rudder_left_failure/carbonZ_2018-09-11-15-06-34_3_rudder_left_failure-mavros-nav_info-pitch.csv,108083,0.103,2026-01-29T01:54:04,carbonZ_2018-09-11-15-06-34_3_rudder_left_failure-mavros-nav_info-pitch.csv,carbonZ_2018-09-11-15-06-34_3_rudder_left_failure
carbonZ_2018-09-11-15-06-34_3_rudder_left_failure/carbonZ_2018-09-11-15-06-34_3_rudder_left_failure-mavros-nav_info-roll.csv,/content/gdrive/MyDrive/datasets/ALFA/processed_csv/processed/carbonZ_2018-09-11-15-06-34_3_rudder_left_failure/carbonZ_2018-09-11-15-06-34_3_rudder_left_failure-mavros-nav_info-roll.csv,105869,0.101,2026-01-29T01:54:04,carbonZ_2018-09-11-15-06-34_3_rudder_left_failure-mavros-nav_info-roll.csv,carbonZ_2018-09-11-15-06-34_3_rudder_left_failure
carbonZ_2018-09-11-15-06-34_3_rudder_left_failure/carbonZ_2018-09-11-15-06-34_3_rudder_left_failure-mavros-nav_info-velocity.csv,/content/gdrive/MyDrive/datasets/ALFA/processed_csv/processed/carbonZ_2018-09-11-15-06-34_3_rudder_left_failure/carbonZ_2018-09-11-15-06-34_3_rudder_left_failure-mavros-nav_info-velocity.csv,193390,0.184,2026-01-29T01:54:04,carbonZ_2018-09-11-15-06-34_3_rudder_left_failure-mavros-nav_info-velocity.csv,carbonZ_2018-09-11-15-06-34_3_rudder_left_failure
carbonZ_2018-09-11-15-06-34_3_rudder_left_failure/carbonZ_2018-09-11-15-06-34_3_rudder_left_failure-mavros-nav_info-yaw.csv,/content/gdrive/MyDrive/datasets/ALFA/processed_csv/processed/carbonZ_2018-09-11-15-06-34_3_rudder_left_failure/carbonZ_2018-09-11-15-06-34_3_rudder_left_failure-mavros-nav_info-yaw.csv,96215,0.092,2026-01-29T01:54:04,carbonZ_2018-09-11-15-06-34_3_rudder_left_failure-mavros-nav_info-yaw.csv,carbonZ_2018-09-11-15-06-34_3_rudder_left_failure
carbonZ_2018-09-11-15-06-34_3_rudder_left_failure/carbonZ_2018-09-11-15-06-34_3_rudder_left_failure-mavros-rc-in.csv,/content/gdrive/MyDrive/datasets/ALFA/processed_csv/processed/carbonZ_2018-09-11-15-06-34_3_rudder_left_failure/carbonZ_2018-09-11-15-06-34_3_rudder_left_failure-mavros-rc-in.csv,27345,0.026,2026-01-29T01:54:04,carbonZ_2018-09-11-15-06-34_3_rudder_left_failure-mavros-rc-in.csv,carbonZ_2018-09-11-15-06-34_3_rudder_left_failure
carbonZ_2018-09-11-15-06-34_3_rudder_left_failure/carbonZ_2018-09-11-15-06-34_3_rudder_left_failure-mavros-rc-out.csv,/content/gdrive/MyDrive/datasets/ALFA/processed_csv/processed/carbonZ_2018-09-11-15-06-34_3_rudder_left_failure/carbonZ_2018-09-11-15-06-34_3_rudder_left_failure-mavros-rc-out.csv,18338,0.017,2026-01-29T01:54:04,carbonZ_2018-09-11-15-06-34_3_rudder_left_failure-mavros-rc-out.csv,carbonZ_2018-09-11-15-06-34_3_rudder_left_failure
carbonZ_2018-09-11-15-06-34_3_rudder_left_failure/carbonZ_2018-09-11-15-06-34_3_rudder_left_failure-mavros-setpoint_raw-target_global.csv,/content/gdrive/MyDrive/datasets/ALFA/processed_csv/processed/carbonZ_2018-09-11-15-06-34_3_rudder_left_failure/carbonZ_2018-09-11-15-06-34_3_rudder_left_failure-mavros-setpoint_raw-target_global.csv,263210,0.251,2026-01-29T01:54:04,carbonZ_2018-09-11-15-06-34_3_rudder_left_failure-mavros-setpoint_raw-target_global.csv,carbonZ_2018-09-11-15-06-34_3_rudder_left_failure
carbonZ_2018-09-11-15-06-34_3_rudder_left_failure/carbonZ_2018-09-11-15-06-34_3_rudder_left_failure-mavros-state.csv,/content/gdrive/MyDrive/datasets/ALFA/processed_csv/processed/carbonZ_2018-09-11-15-06-34_3_rudder_left_failure/carbonZ_2018-09-11-15-06-34_3_rudder_left_failure-mavros-state.csv,4406,0.004,2026-01-29T01:54:04,carbonZ_2018-09-11-15-06-34_3_rudder_left_failure-mavros-state.csv,carbonZ_2018-09-11-15-06-34_3_rudder_left_failure
carbonZ_2018-09-11-15-06-34_3_rudder_left_failure/carbonZ_2018-09-11-15-06-34_3_rudder_left_failure-mavros-time_reference.csv,/content/gdrive/MyDrive/datasets/ALFA/processed_csv/processed/carbonZ_2018-09-11-15-06-34_3_rudder_left_failure/carbonZ_2018-09-11-15-06-34_3_rudder_left_failure-mavros-time_reference.csv,10592,0.01,2026-01-29T01:54:04,carbonZ_2018-09-11-15-06-34_3_rudder_left_failure-mavros-time_reference.csv,carbonZ_2018-09-11-15-06-34_3_rudder_left_failure
carbonZ_2018-09-11-15-06-34_3_rudder_left_failure/carbonZ_2018-09-11-15-06-34_3_rudder_left_failure-mavros-vfr_hud.csv,/content/gdrive/MyDrive/datasets/ALFA/processed_csv/processed/carbonZ_2018-09-11-15-06-34_3_rudder_left_failure/carbonZ_2018-09-11-15-06-34_3_rudder_left_failure-mavros-vfr_hud.csv,20070,0.019,2026-01-29T01:54:04,carbonZ_2018-09-11-15-06-34_3_rudder_left_failure-mavros-vfr_hud.csv,carbonZ_2018-09-11-15-06-34_3_rudder_left_failure
carbonZ_2018-09-11-15-06-34_3_rudder_left_failure/carbonZ_2018-09-11-15-06-34_3_rudder_left_failure-mavros-wind_estimation.csv,/content/gdrive/MyDrive/datasets/ALFA/processed_csv/processed/carbonZ_2018-09-11-15-06-34_3_rudder_left_failure/carbonZ_2018-09-11-15-06-34_3_rudder_left_failure-mavros-wind_estimation.csv,13773,0.013,2026-01-29T01:54:04,carbonZ_2018-09-11-15-06-34_3_rudder_left_failure-mavros-wind_estimation.csv,carbonZ_2018-09-11-15-06-34_3_rudder_left_failure
carbonZ_2018-09-11-17-27-13_1_rudder_zero__left_aileron_failure/carbonZ_2018-09-11-17-27-13_1_rudder_zero__left_aileron_failure-diagnostics.csv,/content/gdrive/MyDrive/datasets/ALFA/processed_csv/processed/carbonZ_2018-09-11-17-27-13_1_rudder_zero__left_aileron_failure/carbonZ_2018-09-11-17-27-13_1_rudder_zero__left_aileron_failure-diagnostics.csv,152028,0.145,2026-01-29T01:54:04,carbonZ_2018-09-11-17-27-13_1_rudder_zero__left_aileron_failure-diagnostics.csv,carbonZ_2018-09-11-17-27-13_1_rudder_zero__left_aileron_failure
carbonZ_2018-09-11-17-27-13_1_rudder_zero__left_aileron_failure/carbonZ_2018-09-11-17-27-13_1_rudder_zero__left_aileron_failure-failure_status-aileron.csv,/content/gdrive/MyDrive/datasets/ALFA/processed_csv/processed/carbonZ_2018-09-11-17-27-13_1_rudder_zero__left_aileron_failure/carbonZ_2018-09-11-17-27-13_1_rudder_zero__left_aileron_failure-failure_status-aileron.csv,1227,0.001,2026-01-29T01:54:04,carbonZ_2018-09-11-17-27-13_1_rudder_zero__left_aileron_failure-failure_status-aileron.csv,carbonZ_2018-09-11-17-27-13_1_rudder_zero__left_aileron_failure
carbonZ_2018-09-11-17-27-13_1_rudder_zero__left_aileron_failure/carbonZ_2018-09-11-17-27-13_1_rudder_zero__left_aileron_failure-failure_status-rudder.csv,/content/gdrive/MyDrive/datasets/ALFA/processed_csv/processed/carbonZ_2018-09-11-17-27-13_1_rudder_zero__left_aileron_failure/carbonZ_2018-09-11-17-27-13_1_rudder_zero__left_aileron_failure-failure_status-rudder.csv,1227,0.001,2026-01-29T01:54:04,carbonZ_2018-09-11-17-27-13_1_rudder_zero__left_aileron_failure-failure_status-rudder.csv,carbonZ_2018-09-11-17-27-13_1_rudder_zero__left_aileron_failure
carbonZ_2018-09-11-17-27-13_1_rudder_zero__left_aileron_failure/carbonZ_2018-09-11-17-27-13_1_rudder_zero__left_aileron_failure-mavctrl-path_dev.csv,/content/gdrive/MyDrive/datasets/ALFA/processed_csv/processed/carbonZ_2018-09-11-17-27-13_1_rudder_zero__left_aileron_failure/carbonZ_2018-09-11-17-27-13_1_rudder_zero__left_aileron_failure-mavctrl-path_dev.csv,379407,0.362,2026-01-29T01:54:04,carbonZ_2018-09-11-17-27-13_1_rudder_zero__left_aileron_failure-mavctrl-path_dev.csv,carbonZ_2018-09-11-17-27-13_1_rudder_zero__left_aileron_failure
carbonZ_2018-09-11-17-27-13_1_rudder_zero__left_aileron_failure/carbonZ_2018-09-11-17-27-13_1_rudder_zero__left_aileron_failure-mavctrl-rpy.csv,/content/gdrive/MyDrive/datasets/ALFA/processed_csv/processed/carbonZ_2018-09-11-17-27-13_1_rudder_zero__left_aileron_failure/carbonZ_2018-09-11-17-27-13_1_rudder_zero__left_aileron_failure-mavctrl-rpy.csv,477468,0.455,2026-01-29T01:54:04,carbonZ_2018-09-11-17-27-13_1_rudder_zero__left_aileron_failure-mavctrl-rpy.csv,carbonZ_2018-09-11-17-27-13_1_rudder_zero__left_aileron_failure
carbonZ_2018-09-11-17-27-13_1_rudder_zero__left_aileron_failure/carbonZ_2018-09-11-17-27-13_1_rudder_zero__left_aileron_failure-mavlink-from.csv,/content/gdrive/MyDrive/datasets/ALFA/processed_csv/processed/carbonZ_2018-09-11-17-27-13_1_rudder_zero__left_aileron_failure/carbonZ_2018-09-11-17-27-13_1_rudder_zero__left_aileron_failure-mavlink-from.csv,3833780,3.656,2026-01-29T01:54:05,carbonZ_2018-09-11-17-27-13_1_rudder_zero__left_aileron_failure-mavlink-from.csv,carbonZ_2018-09-11-17-27-13_1_rudder_zero__left_aileron_failure
carbonZ_2018-09-11-17-27-13_1_rudder_zero__left_aileron_failure/carbonZ_2018-09-11-17-27-13_1_rudder_zero__left_aileron_failure-mavros-battery.csv,/content/gdrive/MyDrive/datasets/ALFA/processed_csv/processed/carbonZ_2018-09-11-17-27-13_1_rudder_zero__left_aileron_failure/carbonZ_2018-09-11-17-27-13_1_rudder_zero__left_aileron_failure-mavros-battery.csv,319018,0.304,2026-01-29T01:54:05,carbonZ_2018-09-11-17-27-13_1_rudder_zero__left_aileron_failure-mavros-battery.csv,carbonZ_2018-09-11-17-27-13_1_rudder_zero__left_aileron_failure
carbonZ_2018-09-11-17-27-13_1_rudder_zero__left_aileron_failure/carbonZ_2018-09-11-17-27-13_1_rudder_zero__left_aileron_failure-mavros-global_position-compass_hdg.csv,/content/gdrive/MyDrive/datasets/ALFA/processed_csv/processed/carbonZ_2018-09-11-17-27-13_1_rudder_zero__left_aileron_failure/carbonZ_2018-09-11-17-27-13_1_rudder_zero__left_aileron_failure-mavros-global_position-compass_hdg.csv,15780,0.015,2026-01-29T01:54:05,carbonZ_2018-09-11-17-27-13_1_rudder_zero__left_aileron_failure-mavros-global_position-compass_hdg.csv,carbonZ_2018-09-11-17-27-13_1_rudder_zero__left_aileron_failure
carbonZ_2018-09-11-17-27-13_1_rudder_zero__left_aileron_failure/carbonZ_2018-09-11-17-27-13_1_rudder_zero__left_aileron_failure-mavros-global_position-global.csv,/content/gdrive/MyDrive/datasets/ALFA/processed_csv/processed/carbonZ_2018-09-11-17-27-13_1_rudder_zero__left_aileron_failure/carbonZ_2018-09-11-17-27-13_1_rudder_zero__left_aileron_failure-mavros-global_position-global.csv,98518,0.094,2026-01-29T01:54:05,carbonZ_2018-09-11-17-27-13_1_rudder_zero__left_aileron_failure-mavros-global_position-global.csv,carbonZ_2018-09-11-17-27-13_1_rudder_zero__left_aileron_failure
carbonZ_2018-09-11-17-27-13_1_rudder_zero__left_aileron_failure/carbonZ_2018-09-11-17-27-13_1_rudder_zero__left_aileron_failure-mavros-global_position-local.csv,/content/gdrive/MyDrive/datasets/ALFA/processed_csv/processed/carbonZ_2018-09-11-17-27-13_1_rudder_zero__left_aileron_failure/carbonZ_2018-09-11-17-27-13_1_rudder_zero__left_aileron_failure-mavros-global_position-local.csv,312002,0.298,2026-01-29T01:54:05,carbonZ_2018-09-11-17-27-13_1_rudder_zero__left_aileron_failure-mavros-global_position-local.csv,carbonZ_2018-09-11-17-27-13_1_rudder_zero__left_aileron_failure
carbonZ_2018-09-11-17-27-13_1_rudder_zero__left_aileron_failure/carbonZ_2018-09-11-17-27-13_1_rudder_zero__left_aileron_failure-mavros-global_position-raw-fix.csv,/content/gdrive/MyDrive/datasets/ALFA/processed_csv/processed/carbonZ_2018-09-11-17-27-13_1_rudder_zero__left_aileron_failure/carbonZ_2018-09-11-17-27-13_1_rudder_zero__left_aileron_failure-mavros-global_position-raw-fix.csv,118742,0.113,2026-01-29T01:54:05,carbonZ_2018-09-11-17-27-13_1_rudder_zero__left_aileron_failure-mavros-global_position-raw-fix.csv,carbonZ_2018-09-11-17-27-13_1_rudder_zero__left_aileron_failure
carbonZ_2018-09-11-17-27-13_1_rudder_zero__left_aileron_failure/carbonZ_2018-09-11-17-27-13_1_rudder_zero__left_aileron_failure-mavros-global_position-raw-gps_vel.csv,/content/gdrive/MyDrive/datasets/ALFA/processed_csv/processed/carbonZ_2018-09-11-17-27-13_1_rudder_zero__left_aileron_failure/carbonZ_2018-09-11-17-27-13_1_rudder_zero__left_aileron_failure-mavros-global_position-raw-gps_vel.csv,67952,0.065,2026-01-29T01:54:05,carbonZ_2018-09-11-17-27-13_1_rudder_zero__left_aileron_failure-mavros-global_position-raw-gps_vel.csv,carbonZ_2018-09-11-17-27-13_1_rudder_zero__left_aileron_failure
carbonZ_2018-09-11-17-27-13_1_rudder_zero__left_aileron_failure/carbonZ_2018-09-11-17-27-13_1_rudder_zero__left_aileron_failure-mavros-global_position-rel_alt.csv,/content/gdrive/MyDrive/datasets/ALFA/processed_csv/processed/carbonZ_2018-09-11-17-27-13_1_rudder_zero__left_aileron_failure/carbonZ_2018-09-11-17-27-13_1_rudder_zero__left_aileron_failure-mavros-global_position-rel_alt.csv,16017,0.015,2026-01-29T01:54:05,carbonZ_2018-09-11-17-27-13_1_rudder_zero__left_aileron_failure-mavros-global_position-rel_alt.csv,carbonZ_2018-09-11-17-27-13_1_rudder_zero__left_aileron_failure
carbonZ_2018-09-11-17-27-13_1_rudder_zero__left_aileron_failure/carbonZ_2018-09-11-17-27-13_1_rudder_zero__left_aileron_failure-mavros-imu-atm_pressure.csv,/content/gdrive/MyDrive/datasets/ALFA/processed_csv/processed/carbonZ_2018-09-11-17-27-13_1_rudder_zero__left_aileron_failure/carbonZ_2018-09-11-17-27-13_1_rudder_zero__left_aileron_failure-mavros-imu-atm_pressure.csv,104567,0.1,2026-01-29T01:54:05,carbonZ_2018-09-11-17-27-13_1_rudder_zero__left_aileron_failure-mavros-imu-atm_pressure.csv,carbonZ_2018-09-11-17-27-13_1_rudder_zero__left_aileron_failure
carbonZ_2018-09-11-17-27-13_1_rudder_zero__left_aileron_failure/carbonZ_2018-09-11-17-27-13_1_rudder_zero__left_aileron_failure-mavros-imu-data.csv,/content/gdrive/MyDrive/datasets/ALFA/processed_csv/processed/carbonZ_2018-09-11-17-27-13_1_rudder_zero__left_aileron_failure/carbonZ_2018-09-11-17-27-13_1_rudder_zero__left_aileron_failure-mavros-imu-data.csv,133637,0.127,2026-01-29T01:54:05,carbonZ_2018-09-11-17-27-13_1_rudder_zero__left_aileron_failure-mavros-imu-data.csv,carbonZ_2018-09-11-17-27-13_1_rudder_zero__left_aileron_failure
carbonZ_2018-09-11-17-27-13_1_rudder_zero__left_aileron_failure/carbonZ_2018-09-11-17-27-13_1_rudder_zero__left_aileron_failure-mavros-imu-data_raw.csv,/content/gdrive/MyDrive/datasets/ALFA/processed_csv/processed/carbonZ_2018-09-11-17-27-13_1_rudder_zero__left_aileron_failure/carbonZ_2018-09-11-17-27-13_1_rudder_zero__left_aileron_failure-mavros-imu-data_raw.csv,402676,0.384,2026-01-29T01:54:05,carbonZ_2018-09-11-17-27-13_1_rudder_zero__left_aileron_failure-mavros-imu-data_raw.csv,carbonZ_2018-09-11-17-27-13_1_rudder_zero__left_aileron_failure
carbonZ_2018-09-11-17-27-13_1_rudder_zero__left_aileron_failure/carbonZ_2018-09-11-17-27-13_1_rudder_zero__left_aileron_failure-mavros-imu-mag.csv,/content/gdrive/MyDrive/datasets/ALFA/processed_csv/processed/carbonZ_2018-09-11-17-27-13_1_rudder_zero__left_aileron_failure/carbonZ_2018-09-11-17-27-13_1_rudder_zero__left_aileron_failure-mavros-imu-mag.csv,173401,0.165,2026-01-29T01:54:05,carbonZ_2018-09-11-17-27-13_1_rudder_zero__left_aileron_failure-mavros-imu-mag.csv,carbonZ_2018-09-11-17-27-13_1_rudder_zero__left_aileron_failure
carbonZ_2018-09-11-17-27-13_1_rudder_zero__left_aileron_failure/carbonZ_2018-09-11-17-27-13_1_rudder_zero__left_aileron_failure-mavros-imu-temperature.csv,/content/gdrive/MyDrive/datasets/ALFA/processed_csv/processed/carbonZ_2018-09-11-17-27-13_1_rudder_zero__left_aileron_failure/carbonZ_2018-09-11-17-27-13_1_rudder_zero__left_aileron_failure-mavros-imu-temperature.csv,93168,0.089,2026-01-29T01:54:05,carbonZ_2018-09-11-17-27-13_1_rudder_zero__left_aileron_failure-mavros-imu-temperature.csv,carbonZ_2018-09-11-17-27-13_1_rudder_zero__left_aileron_failure
carbonZ_2018-09-11-17-27-13_1_rudder_zero__left_aileron_failure/carbonZ_2018-09-11-17-27-13_1_rudder_zero__left_aileron_failure-mavros-local_position-odom.csv,/content/gdrive/MyDrive/datasets/ALFA/processed_csv/processed/carbonZ_2018-09-11-17-27-13_1_rudder_zero__left_aileron_failure/carbonZ_2018-09-11-17-27-13_1_rudder_zero__left_aileron_failure-mavros-local_position-odom.csv,345190,0.329,2026-01-29T01:54:05,carbonZ_2018-09-11-17-27-13_1_rudder_zero__left_aileron_failure-mavros-local_position-odom.csv,carbonZ_2018-09-11-17-27-13_1_rudder_zero__left_aileron_failure
carbonZ_2018-09-11-17-27-13_1_rudder_zero__left_aileron_failure/carbonZ_2018-09-11-17-27-13_1_rudder_zero__left_aileron_failure-mavros-local_position-pose.csv,/content/gdrive/MyDrive/datasets/ALFA/processed_csv/processed/carbonZ_2018-09-11-17-27-13_1_rudder_zero__left_aileron_failure/carbonZ_2018-09-11-17-27-13_1_rudder_zero__left_aileron_failure-mavros-local_position-pose.csv,93221,0.089,2026-01-29T01:54:05,carbonZ_2018-09-11-17-27-13_1_rudder_zero__left_aileron_failure-mavros-local_position-pose.csv,carbonZ_2018-09-11-17-27-13_1_rudder_zero__left_aileron_failure
carbonZ_2018-09-11-17-27-13_1_rudder_zero__left_aileron_failure/carbonZ_2018-09-11-17-27-13_1_rudder_zero__left_aileron_failure-mavros-local_position-velocity.csv,/content/gdrive/MyDrive/datasets/ALFA/processed_csv/processed/carbonZ_2018-09-11-17-27-13_1_rudder_zero__left_aileron_failure/carbonZ_2018-09-11-17-27-13_1_rudder_zero__left_aileron_failure-mavros-local_position-velocity.csv,84495,0.081,2026-01-29T01:54:05,carbonZ_2018-09-11-17-27-13_1_rudder_zero__left_aileron_failure-mavros-local_position-velocity.csv,carbonZ_2018-09-11-17-27-13_1_rudder_zero__left_aileron_failure
carbonZ_2018-09-11-17-27-13_1_rudder_zero__left_aileron_failure/carbonZ_2018-09-11-17-27-13_1_rudder_zero__left_aileron_failure-mavros-nav_info-airspeed.csv,/content/gdrive/MyDrive/datasets/ALFA/processed_csv/processed/carbonZ_2018-09-11-17-27-13_1_rudder_zero__left_aileron_failure/carbonZ_2018-09-11-17-27-13_1_rudder_zero__left_aileron_failure-mavros-nav_info-airspeed.csv,162125,0.155,2026-01-29T01:54:05,carbonZ_2018-09-11-17-27-13_1_rudder_zero__left_aileron_failure-mavros-nav_info-airspeed.csv,carbonZ_2018-09-11-17-27-13_1_rudder_zero__left_aileron_failure
carbonZ_2018-09-11-17-27-13_1_rudder_zero__left_aileron_failure/carbonZ_2018-09-11-17-27-13_1_rudder_zero__left_aileron_failure-mavros-nav_info-errors.csv,/content/gdrive/MyDrive/datasets/ALFA/processed_csv/processed/carbonZ_2018-09-11-17-27-13_1_rudder_zero__left_aileron_failure/carbonZ_2018-09-11-17-27-13_1_rudder_zero__left_aileron_failure-mavros-nav_info-errors.csv,268779,0.256,2026-01-29T01:54:05,carbonZ_2018-09-11-17-27-13_1_rudder_zero__left_aileron_failure-mavros-nav_info-errors.csv,carbonZ_2018-09-11-17-27-13_1_rudder_zero__left_aileron_failure
carbonZ_2018-09-11-17-27-13_1_rudder_zero__left_aileron_failure/carbonZ_2018-09-11-17-27-13_1_rudder_zero__left_aileron_failure-mavros-nav_info-pitch.csv,/content/gdrive/MyDrive/datasets/ALFA/processed_csv/processed/carbonZ_2018-09-11-17-27-13_1_rudder_zero__left_aileron_failure/carbonZ_2018-09-11-17-27-13_1_rudder_zero__left_aileron_failure-mavros-nav_info-pitch.csv,220480,0.21,2026-01-29T01:54:05,carbonZ_2018-09-11-17-27-13_1_rudder_zero__left_aileron_failure-mavros-nav_info-pitch.csv,carbonZ_2018-09-11-17-27-13_1_rudder_zero__left_aileron_failure
carbonZ_2018-09-11-17-27-13_1_rudder_zero__left_aileron_failure/carbonZ_2018-09-11-17-27-13_1_rudder_zero__left_aileron_failure-mavros-nav_info-roll.csv,/content/gdrive/MyDrive/datasets/ALFA/processed_csv/processed/carbonZ_2018-09-11-17-27-13_1_rudder_zero__left_aileron_failure/carbonZ_2018-09-11-17-27-13_1_rudder_zero__left_aileron_failure-mavros-nav_info-roll.csv,216825,0.207,2026-01-29T01:54:05,carbonZ_2018-09-11-17-27-13_1_rudder_zero__left_aileron_failure-mavros-nav_info-roll.csv,carbonZ_2018-09-11-17-27-13_1_rudder_zero__left_aileron_failure
carbonZ_2018-09-11-17-27-13_1_rudder_zero__left_aileron_failure/carbonZ_2018-09-11-17-27-13_1_rudder_zero__left_aileron_failure-mavros-nav_info-velocity.csv,/content/gdrive/MyDrive/datasets/ALFA/processed_csv/processed/carbonZ_2018-09-11-17-27-13_1_rudder_zero__left_aileron_failure/carbonZ_2018-09-11-17-27-13_1_rudder_zero__left_aileron_failure-mavros-nav_info-velocity.csv,386938,0.369,2026-01-29T01:54:05,carbonZ_2018-09-11-17-27-13_1_rudder_zero__left_aileron_failure-mavros-nav_info-velocity.csv,carbonZ_2018-09-11-17-27-13_1_rudder_zero__left_aileron_failure
carbonZ_2018-09-11-17-27-13_1_rudder_zero__left_aileron_failure/carbonZ_2018-09-11-17-27-13_1_rudder_zero__left_aileron_failure-mavros-nav_info-yaw.csv,/content/gdrive/MyDrive/datasets/ALFA/processed_csv/processed/carbonZ_2018-09-11-17-27-13_1_rudder_zero__left_aileron_failure/carbonZ_2018-09-11-17-27-13_1_rudder_zero__left_aileron_failure-mavros-nav_info-yaw.csv,194797,0.186,2026-01-29T01:54:05,carbonZ_2018-09-11-17-27-13_1_rudder_zero__left_aileron_failure-mavros-nav_info-yaw.csv,carbonZ_2018-09-11-17-27-13_1_rudder_zero__left_aileron_failure
carbonZ_2018-09-11-17-27-13_1_rudder_zero__left_aileron_failure/carbonZ_2018-09-11-17-27-13_1_rudder_zero__left_aileron_failure-mavros-rc-in.csv,/content/gdrive/MyDrive/datasets/ALFA/processed_csv/processed/carbonZ_2018-09-11-17-27-13_1_rudder_zero__left_aileron_failure/carbonZ_2018-09-11-17-27-13_1_rudder_zero__left_aileron_failure-mavros-rc-in.csv,56145,0.054,2026-01-29T01:54:05,carbonZ_2018-09-11-17-27-13_1_rudder_zero__left_aileron_failure-mavros-rc-in.csv,carbonZ_2018-09-11-17-27-13_1_rudder_zero__left_aileron_failure
carbonZ_2018-09-11-17-27-13_1_rudder_zero__left_aileron_failure/carbonZ_2018-09-11-17-27-13_1_rudder_zero__left_aileron_failure-mavros-rc-out.csv,/content/gdrive/MyDrive/datasets/ALFA/processed_csv/processed/carbonZ_2018-09-11-17-27-13_1_rudder_zero__left_aileron_failure/carbonZ_2018-09-11-17-27-13_1_rudder_zero__left_aileron_failure-mavros-rc-out.csv,37688,0.036,2026-01-29T01:54:05,carbonZ_2018-09-11-17-27-13_1_rudder_zero__left_aileron_failure-mavros-rc-out.csv,carbonZ_2018-09-11-17-27-13_1_rudder_zero__left_aileron_failure
carbonZ_2018-09-11-17-27-13_1_rudder_zero__left_aileron_failure/carbonZ_2018-09-11-17-27-13_1_rudder_zero__left_aileron_failure-mavros-setpoint_raw-local.csv,/content/gdrive/MyDrive/datasets/ALFA/processed_csv/processed/carbonZ_2018-09-11-17-27-13_1_rudder_zero__left_aileron_failure/carbonZ_2018-09-11-17-27-13_1_rudder_zero__left_aileron_failure-mavros-setpoint_raw-local.csv,887597,0.846,2026-01-29T01:54:05,carbonZ_2018-09-11-17-27-13_1_rudder_zero__left_aileron_failure-mavros-setpoint_raw-local.csv,carbonZ_2018-09-11-17-27-13_1_rudder_zero__left_aileron_failure
carbonZ_2018-09-11-17-27-13_1_rudder_zero__left_aileron_failure/carbonZ_2018-09-11-17-27-13_1_rudder_zero__left_aileron_failure-mavros-setpoint_raw-target_global.csv,/content/gdrive/MyDrive/datasets/ALFA/processed_csv/processed/carbonZ_2018-09-11-17-27-13_1_rudder_zero__left_aileron_failure/carbonZ_2018-09-11-17-27-13_1_rudder_zero__left_aileron_failure-mavros-setpoint_raw-target_global.csv,527447,0.503,2026-01-29T01:54:05,carbonZ_2018-09-11-17-27-13_1_rudder_zero__left_aileron_failure-mavros-setpoint_raw-target_global.csv,carbonZ_2018-09-11-17-27-13_1_rudder_zero__left_aileron_failure
carbonZ_2018-09-11-17-27-13_1_rudder_zero__left_aileron_failure/carbonZ_2018-09-11-17-27-13_1_rudder_zero__left_aileron_failure-mavros-state.csv,/content/gdrive/MyDrive/datasets/ALFA/processed_csv/processed/carbonZ_2018-09-11-17-27-13_1_rudder_zero__left_aileron_failure/carbonZ_2018-09-11-17-27-13_1_rudder_zero__left_aileron_failure-mavros-state.csv,8776,0.008,2026-01-29T01:54:05,carbonZ_2018-09-11-17-27-13_1_rudder_zero__left_aileron_failure-mavros-state.csv,carbonZ_2018-09-11-17-27-13_1_rudder_zero__left_aileron_failure
carbonZ_2018-09-11-17-27-13_1_rudder_zero__left_aileron_failure/carbonZ_2018-09-11-17-27-13_1_rudder_zero__left_aileron_failure-mavros-time_reference.csv,/content/gdrive/MyDrive/datasets/ALFA/processed_csv/processed/carbonZ_2018-09-11-17-27-13_1_rudder_zero__left_aileron_failure/carbonZ_2018-09-11-17-27-13_1_rudder_zero__left_aileron_failure-mavros-time_reference.csv,21862,0.021,2026-01-29T01:54:05,carbonZ_2018-09-11-17-27-13_1_rudder_zero__left_aileron_failure-mavros-time_reference.csv,carbonZ_2018-09-11-17-27-13_1_rudder_zero__left_aileron_failure
carbonZ_2018-09-11-17-27-13_1_rudder_zero__left_aileron_failure/carbonZ_2018-09-11-17-27-13_1_rudder_zero__left_aileron_failure-mavros-vfr_hud.csv,/content/gdrive/MyDrive/datasets/ALFA/processed_csv/processed/carbonZ_2018-09-11-17-27-13_1_rudder_zero__left_aileron_failure/carbonZ_2018-09-11-17-27-13_1_rudder_zero__left_aileron_failure-mavros-vfr_hud.csv,41224,0.039,2026-01-29T01:54:05,carbonZ_2018-09-11-17-27-13_1_rudder_zero__left_aileron_failure-mavros-vfr_hud.csv,carbonZ_2018-09-11-17-27-13_1_rudder_zero__left_aileron_failure
carbonZ_2018-09-11-17-27-13_1_rudder_zero__left_aileron_failure/carbonZ_2018-09-11-17-27-13_1_rudder_zero__left_aileron_failure-mavros-wind_estimation.csv,/content/gdrive/MyDrive/datasets/ALFA/processed_csv/processed/carbonZ_2018-09-11-17-27-13_1_rudder_zero__left_aileron_failure/carbonZ_2018-09-11-17-27-13_1_rudder_zero__left_aileron_failure-mavros-wind_estimation.csv,28678,0.027,2026-01-29T01:54:05,carbonZ_2018-09-11-17-27-13_1_rudder_zero__left_aileron_failure-mavros-wind_estimation.csv,carbonZ_2018-09-11-17-27-13_1_rudder_zero__left_aileron_failure
carbonZ_2018-09-11-17-27-13_2_both_ailerons_failure/carbonZ_2018-09-11-17-27-13_2_both_ailerons_failure-diagnostics.csv,/content/gdrive/MyDrive/datasets/ALFA/processed_csv/processed/carbonZ_2018-09-11-17-27-13_2_both_ailerons_failure/carbonZ_2018-09-11-17-27-13_2_both_ailerons_failure-diagnostics.csv,106806,0.102,2026-01-29T01:54:06,carbonZ_2018-09-11-17-27-13_2_both_ailerons_failure-diagnostics.csv,carbonZ_2018-09-11-17-27-13_2_both_ailerons_failure
carbonZ_2018-09-11-17-27-13_2_both_ailerons_failure/carbonZ_2018-09-11-17-27-13_2_both_ailerons_failure-failure_status-aileron.csv,/content/gdrive/MyDrive/datasets/ALFA/processed_csv/processed/carbonZ_2018-09-11-17-27-13_2_both_ailerons_failure/carbonZ_2018-09-11-17-27-13_2_both_ailerons_failure-failure_status-aileron.csv,1601,0.002,2026-01-29T01:54:06,carbonZ_2018-09-11-17-27-13_2_both_ailerons_failure-failure_status-aileron.csv,carbonZ_2018-09-11-17-27-13_2_both_ailerons_failure
carbonZ_2018-09-11-17-27-13_2_both_ailerons_failure/carbonZ_2018-09-11-17-27-13_2_both_ailerons_failure-mavctrl-path_dev.csv,/content/gdrive/MyDrive/datasets/ALFA/processed_csv/processed/carbonZ_2018-09-11-17-27-13_2_both_ailerons_failure/carbonZ_2018-09-11-17-27-13_2_both_ailerons_failure-mavctrl-path_dev.csv,269369,0.257,2026-01-29T01:54:05,carbonZ_2018-09-11-17-27-13_2_both_ailerons_failure-mavctrl-path_dev.csv,carbonZ_2018-09-11-17-27-13_2_both_ailerons_failure
carbonZ_2018-09-11-17-27-13_2_both_ailerons_failure/carbonZ_2018-09-11-17-27-13_2_both_ailerons_failure-mavctrl-rpy.csv,/content/gdrive/MyDrive/datasets/ALFA/processed_csv/processed/carbonZ_2018-09-11-17-27-13_2_both_ailerons_failure/carbonZ_2018-09-11-17-27-13_2_both_ailerons_failure-mavctrl-rpy.csv,338648,0.323,2026-01-29T01:54:06,carbonZ_2018-09-11-17-27-13_2_both_ailerons_failure-mavctrl-rpy.csv,carbonZ_2018-09-11-17-27-13_2_both_ailerons_failure
carbonZ_2018-09-11-17-27-13_2_both_ailerons_failure/carbonZ_2018-09-11-17-27-13_2_both_ailerons_failure-mavlink-from.csv,/content/gdrive/MyDrive/datasets/ALFA/processed_csv/processed/carbonZ_2018-09-11-17-27-13_2_both_ailerons_failure/carbonZ_2018-09-11-17-27-13_2_both_ailerons_failure-mavlink-from.csv,2733442,2.607,2026-01-29T01:54:05,carbonZ_2018-09-11-17-27-13_2_both_ailerons_failure-mavlink-from.csv,carbonZ_2018-09-11-17-27-13_2_both_ailerons_failure
carbonZ_2018-09-11-17-27-13_2_both_ailerons_failure/carbonZ_2018-09-11-17-27-13_2_both_ailerons_failure-mavros-battery.csv,/content/gdrive/MyDrive/datasets/ALFA/processed_csv/processed/carbonZ_2018-09-11-17-27-13_2_both_ailerons_failure/carbonZ_2018-09-11-17-27-13_2_both_ailerons_failure-mavros-battery.csv,226550,0.216,2026-01-29T01:54:06,carbonZ_2018-09-11-17-27-13_2_both_ailerons_failure-mavros-battery.csv,carbonZ_2018-09-11-17-27-13_2_both_ailerons_failure
carbonZ_2018-09-11-17-27-13_2_both_ailerons_failure/carbonZ_2018-09-11-17-27-13_2_both_ailerons_failure-mavros-global_position-compass_hdg.csv,/content/gdrive/MyDrive/datasets/ALFA/processed_csv/processed/carbonZ_2018-09-11-17-27-13_2_both_ailerons_failure/carbonZ_2018-09-11-17-27-13_2_both_ailerons_failure-mavros-global_position-compass_hdg.csv,11207,0.011,2026-01-29T01:54:05,carbonZ_2018-09-11-17-27-13_2_both_ailerons_failure-mavros-global_position-compass_hdg.csv,carbonZ_2018-09-11-17-27-13_2_both_ailerons_failure
carbonZ_2018-09-11-17-27-13_2_both_ailerons_failure/carbonZ_2018-09-11-17-27-13_2_both_ailerons_failure-mavros-global_position-global.csv,/content/gdrive/MyDrive/datasets/ALFA/processed_csv/processed/carbonZ_2018-09-11-17-27-13_2_both_ailerons_failure/carbonZ_2018-09-11-17-27-13_2_both_ailerons_failure-mavros-global_position-global.csv,69935,0.067,2026-01-29T01:54:06,carbonZ_2018-09-11-17-27-13_2_both_ailerons_failure-mavros-global_position-global.csv,carbonZ_2018-09-11-17-27-13_2_both_ailerons_failure
carbonZ_2018-09-11-17-27-13_2_both_ailerons_failure/carbonZ_2018-09-11-17-27-13_2_both_ailerons_failure-mavros-global_position-local.csv,/content/gdrive/MyDrive/datasets/ALFA/processed_csv/processed/carbonZ_2018-09-11-17-27-13_2_both_ailerons_failure/carbonZ_2018-09-11-17-27-13_2_both_ailerons_failure-mavros-global_position-local.csv,221312,0.211,2026-01-29T01:54:06,carbonZ_2018-09-11-17-27-13_2_both_ailerons_failure-mavros-global_position-local.csv,carbonZ_2018-09-11-17-27-13_2_both_ailerons_failure
carbonZ_2018-09-11-17-27-13_2_both_ailerons_failure/carbonZ_2018-09-11-17-27-13_2_both_ailerons_failure-mavros-global_position-raw-fix.csv,/content/gdrive/MyDrive/datasets/ALFA/processed_csv/processed/carbonZ_2018-09-11-17-27-13_2_both_ailerons_failure/carbonZ_2018-09-11-17-27-13_2_both_ailerons_failure-mavros-global_position-raw-fix.csv,84465,0.081,2026-01-29T01:54:06,carbonZ_2018-09-11-17-27-13_2_both_ailerons_failure-mavros-global_position-raw-fix.csv,carbonZ_2018-09-11-17-27-13_2_both_ailerons_failure
carbonZ_2018-09-11-17-27-13_2_both_ailerons_failure/carbonZ_2018-09-11-17-27-13_2_both_ailerons_failure-mavros-global_position-raw-gps_vel.csv,/content/gdrive/MyDrive/datasets/ALFA/processed_csv/processed/carbonZ_2018-09-11-17-27-13_2_both_ailerons_failure/carbonZ_2018-09-11-17-27-13_2_both_ailerons_failure-mavros-global_position-raw-gps_vel.csv,48125,0.046,2026-01-29T01:54:06,carbonZ_2018-09-11-17-27-13_2_both_ailerons_failure-mavros-global_position-raw-gps_vel.csv,carbonZ_2018-09-11-17-27-13_2_both_ailerons_failure
carbonZ_2018-09-11-17-27-13_2_both_ailerons_failure/carbonZ_2018-09-11-17-27-13_2_both_ailerons_failure-mavros-global_position-rel_alt.csv,/content/gdrive/MyDrive/datasets/ALFA/processed_csv/processed/carbonZ_2018-09-11-17-27-13_2_both_ailerons_failure/carbonZ_2018-09-11-17-27-13_2_both_ailerons_failure-mavros-global_position-rel_alt.csv,11345,0.011,2026-01-29T01:54:06,carbonZ_2018-09-11-17-27-13_2_both_ailerons_failure-mavros-global_position-rel_alt.csv,carbonZ_2018-09-11-17-27-13_2_both_ailerons_failure
carbonZ_2018-09-11-17-27-13_2_both_ailerons_failure/carbonZ_2018-09-11-17-27-13_2_both_ailerons_failure-mavros-imu-atm_pressure.csv,/content/gdrive/MyDrive/datasets/ALFA/processed_csv/processed/carbonZ_2018-09-11-17-27-13_2_both_ailerons_failure/carbonZ_2018-09-11-17-27-13_2_both_ailerons_failure-mavros-imu-atm_pressure.csv,74118,0.071,2026-01-29T01:54:06,carbonZ_2018-09-11-17-27-13_2_both_ailerons_failure-mavros-imu-atm_pressure.csv,carbonZ_2018-09-11-17-27-13_2_both_ailerons_failure
carbonZ_2018-09-11-17-27-13_2_both_ailerons_failure/carbonZ_2018-09-11-17-27-13_2_both_ailerons_failure-mavros-imu-data.csv,/content/gdrive/MyDrive/datasets/ALFA/processed_csv/processed/carbonZ_2018-09-11-17-27-13_2_both_ailerons_failure/carbonZ_2018-09-11-17-27-13_2_both_ailerons_failure-mavros-imu-data.csv,94709,0.09,2026-01-29T01:54:06,carbonZ_2018-09-11-17-27-13_2_both_ailerons_failure-mavros-imu-data.csv,carbonZ_2018-09-11-17-27-13_2_both_ailerons_failure
carbonZ_2018-09-11-17-27-13_2_both_ailerons_failure/carbonZ_2018-09-11-17-27-13_2_both_ailerons_failure-mavros-imu-data_raw.csv,/content/gdrive/MyDrive/datasets/ALFA/processed_csv/processed/carbonZ_2018-09-11-17-27-13_2_both_ailerons_failure/carbonZ_2018-09-11-17-27-13_2_both_ailerons_failure-mavros-imu-data_raw.csv,285423,0.272,2026-01-29T01:54:06,carbonZ_2018-09-11-17-27-13_2_both_ailerons_failure-mavros-imu-data_raw.csv,carbonZ_2018-09-11-17-27-13_2_both_ailerons_failure
carbonZ_2018-09-11-17-27-13_2_both_ailerons_failure/carbonZ_2018-09-11-17-27-13_2_both_ailerons_failure-mavros-imu-mag.csv,/content/gdrive/MyDrive/datasets/ALFA/processed_csv/processed/carbonZ_2018-09-11-17-27-13_2_both_ailerons_failure/carbonZ_2018-09-11-17-27-13_2_both_ailerons_failure-mavros-imu-mag.csv,122824,0.117,2026-01-29T01:54:06,carbonZ_2018-09-11-17-27-13_2_both_ailerons_failure-mavros-imu-mag.csv,carbonZ_2018-09-11-17-27-13_2_both_ailerons_failure
carbonZ_2018-09-11-17-27-13_2_both_ailerons_failure/carbonZ_2018-09-11-17-27-13_2_both_ailerons_failure-mavros-imu-temperature.csv,/content/gdrive/MyDrive/datasets/ALFA/processed_csv/processed/carbonZ_2018-09-11-17-27-13_2_both_ailerons_failure/carbonZ_2018-09-11-17-27-13_2_both_ailerons_failure-mavros-imu-temperature.csv,66049,0.063,2026-01-29T01:54:06,carbonZ_2018-09-11-17-27-13_2_both_ailerons_failure-mavros-imu-temperature.csv,carbonZ_2018-09-11-17-27-13_2_both_ailerons_failure
carbonZ_2018-09-11-17-27-13_2_both_ailerons_failure/carbonZ_2018-09-11-17-27-13_2_both_ailerons_failure-mavros-local_position-odom.csv,/content/gdrive/MyDrive/datasets/ALFA/processed_csv/processed/carbonZ_2018-09-11-17-27-13_2_both_ailerons_failure/carbonZ_2018-09-11-17-27-13_2_both_ailerons_failure-mavros-local_position-odom.csv,244608,0.233,2026-01-29T01:54:06,carbonZ_2018-09-11-17-27-13_2_both_ailerons_failure-mavros-local_position-odom.csv,carbonZ_2018-09-11-17-27-13_2_both_ailerons_failure
carbonZ_2018-09-11-17-27-13_2_both_ailerons_failure/carbonZ_2018-09-11-17-27-13_2_both_ailerons_failure-mavros-local_position-pose.csv,/content/gdrive/MyDrive/datasets/ALFA/processed_csv/processed/carbonZ_2018-09-11-17-27-13_2_both_ailerons_failure/carbonZ_2018-09-11-17-27-13_2_both_ailerons_failure-mavros-local_position-pose.csv,65783,0.063,2026-01-29T01:54:06,carbonZ_2018-09-11-17-27-13_2_both_ailerons_failure-mavros-local_position-pose.csv,carbonZ_2018-09-11-17-27-13_2_both_ailerons_failure
carbonZ_2018-09-11-17-27-13_2_both_ailerons_failure/carbonZ_2018-09-11-17-27-13_2_both_ailerons_failure-mavros-local_position-velocity.csv,/content/gdrive/MyDrive/datasets/ALFA/processed_csv/processed/carbonZ_2018-09-11-17-27-13_2_both_ailerons_failure/carbonZ_2018-09-11-17-27-13_2_both_ailerons_failure-mavros-local_position-velocity.csv,59825,0.057,2026-01-29T01:54:06,carbonZ_2018-09-11-17-27-13_2_both_ailerons_failure-mavros-local_position-velocity.csv,carbonZ_2018-09-11-17-27-13_2_both_ailerons_failure
carbonZ_2018-09-11-17-27-13_2_both_ailerons_failure/carbonZ_2018-09-11-17-27-13_2_both_ailerons_failure-mavros-nav_info-airspeed.csv,/content/gdrive/MyDrive/datasets/ALFA/processed_csv/processed/carbonZ_2018-09-11-17-27-13_2_both_ailerons_failure/carbonZ_2018-09-11-17-27-13_2_both_ailerons_failure-mavros-nav_info-airspeed.csv,115325,0.11,2026-01-29T01:54:06,carbonZ_2018-09-11-17-27-13_2_both_ailerons_failure-mavros-nav_info-airspeed.csv,carbonZ_2018-09-11-17-27-13_2_both_ailerons_failure
carbonZ_2018-09-11-17-27-13_2_both_ailerons_failure/carbonZ_2018-09-11-17-27-13_2_both_ailerons_failure-mavros-nav_info-errors.csv,/content/gdrive/MyDrive/datasets/ALFA/processed_csv/processed/carbonZ_2018-09-11-17-27-13_2_both_ailerons_failure/carbonZ_2018-09-11-17-27-13_2_both_ailerons_failure-mavros-nav_info-errors.csv,190896,0.182,2026-01-29T01:54:06,carbonZ_2018-09-11-17-27-13_2_both_ailerons_failure-mavros-nav_info-errors.csv,carbonZ_2018-09-11-17-27-13_2_both_ailerons_failure
carbonZ_2018-09-11-17-27-13_2_both_ailerons_failure/carbonZ_2018-09-11-17-27-13_2_both_ailerons_failure-mavros-nav_info-pitch.csv,/content/gdrive/MyDrive/datasets/ALFA/processed_csv/processed/carbonZ_2018-09-11-17-27-13_2_both_ailerons_failure/carbonZ_2018-09-11-17-27-13_2_both_ailerons_failure-mavros-nav_info-pitch.csv,156443,0.149,2026-01-29T01:54:06,carbonZ_2018-09-11-17-27-13_2_both_ailerons_failure-mavros-nav_info-pitch.csv,carbonZ_2018-09-11-17-27-13_2_both_ailerons_failure
carbonZ_2018-09-11-17-27-13_2_both_ailerons_failure/carbonZ_2018-09-11-17-27-13_2_both_ailerons_failure-mavros-nav_info-roll.csv,/content/gdrive/MyDrive/datasets/ALFA/processed_csv/processed/carbonZ_2018-09-11-17-27-13_2_both_ailerons_failure/carbonZ_2018-09-11-17-27-13_2_both_ailerons_failure-mavros-nav_info-roll.csv,154260,0.147,2026-01-29T01:54:06,carbonZ_2018-09-11-17-27-13_2_both_ailerons_failure-mavros-nav_info-roll.csv,carbonZ_2018-09-11-17-27-13_2_both_ailerons_failure
carbonZ_2018-09-11-17-27-13_2_both_ailerons_failure/carbonZ_2018-09-11-17-27-13_2_both_ailerons_failure-mavros-nav_info-velocity.csv,/content/gdrive/MyDrive/datasets/ALFA/processed_csv/processed/carbonZ_2018-09-11-17-27-13_2_both_ailerons_failure/carbonZ_2018-09-11-17-27-13_2_both_ailerons_failure-mavros-nav_info-velocity.csv,273644,0.261,2026-01-29T01:54:06,carbonZ_2018-09-11-17-27-13_2_both_ailerons_failure-mavros-nav_info-velocity.csv,carbonZ_2018-09-11-17-27-13_2_both_ailerons_failure
carbonZ_2018-09-11-17-27-13_2_both_ailerons_failure/carbonZ_2018-09-11-17-27-13_2_both_ailerons_failure-mavros-nav_info-yaw.csv,/content/gdrive/MyDrive/datasets/ALFA/processed_csv/processed/carbonZ_2018-09-11-17-27-13_2_both_ailerons_failure/carbonZ_2018-09-11-17-27-13_2_both_ailerons_failure-mavros-nav_info-yaw.csv,139165,0.133,2026-01-29T01:54:06,carbonZ_2018-09-11-17-27-13_2_both_ailerons_failure-mavros-nav_info-yaw.csv,carbonZ_2018-09-11-17-27-13_2_both_ailerons_failure
carbonZ_2018-09-11-17-27-13_2_both_ailerons_failure/carbonZ_2018-09-11-17-27-13_2_both_ailerons_failure-mavros-rc-in.csv,/content/gdrive/MyDrive/datasets/ALFA/processed_csv/processed/carbonZ_2018-09-11-17-27-13_2_both_ailerons_failure/carbonZ_2018-09-11-17-27-13_2_both_ailerons_failure-mavros-rc-in.csv,39633,0.038,2026-01-29T01:54:06,carbonZ_2018-09-11-17-27-13_2_both_ailerons_failure-mavros-rc-in.csv,carbonZ_2018-09-11-17-27-13_2_both_ailerons_failure
carbonZ_2018-09-11-17-27-13_2_both_ailerons_failure/carbonZ_2018-09-11-17-27-13_2_both_ailerons_failure-mavros-rc-out.csv,/content/gdrive/MyDrive/datasets/ALFA/processed_csv/processed/carbonZ_2018-09-11-17-27-13_2_both_ailerons_failure/carbonZ_2018-09-11-17-27-13_2_both_ailerons_failure-mavros-rc-out.csv,26594,0.025,2026-01-29T01:54:06,carbonZ_2018-09-11-17-27-13_2_both_ailerons_failure-mavros-rc-out.csv,carbonZ_2018-09-11-17-27-13_2_both_ailerons_failure
carbonZ_2018-09-11-17-27-13_2_both_ailerons_failure/carbonZ_2018-09-11-17-27-13_2_both_ailerons_failure-mavros-setpoint_raw-local.csv,/content/gdrive/MyDrive/datasets/ALFA/processed_csv/processed/carbonZ_2018-09-11-17-27-13_2_both_ailerons_failure/carbonZ_2018-09-11-17-27-13_2_both_ailerons_failure-mavros-setpoint_raw-local.csv,641273,0.612,2026-01-29T01:54:06,carbonZ_2018-09-11-17-27-13_2_both_ailerons_failure-mavros-setpoint_raw-local.csv,carbonZ_2018-09-11-17-27-13_2_both_ailerons_failure
carbonZ_2018-09-11-17-27-13_2_both_ailerons_failure/carbonZ_2018-09-11-17-27-13_2_both_ailerons_failure-mavros-setpoint_raw-target_global.csv,/content/gdrive/MyDrive/datasets/ALFA/processed_csv/processed/carbonZ_2018-09-11-17-27-13_2_both_ailerons_failure/carbonZ_2018-09-11-17-27-13_2_both_ailerons_failure-mavros-setpoint_raw-target_global.csv,374121,0.357,2026-01-29T01:54:06,carbonZ_2018-09-11-17-27-13_2_both_ailerons_failure-mavros-setpoint_raw-target_global.csv,carbonZ_2018-09-11-17-27-13_2_both_ailerons_failure
carbonZ_2018-09-11-17-27-13_2_both_ailerons_failure/carbonZ_2018-09-11-17-27-13_2_both_ailerons_failure-mavros-state.csv,/content/gdrive/MyDrive/datasets/ALFA/processed_csv/processed/carbonZ_2018-09-11-17-27-13_2_both_ailerons_failure/carbonZ_2018-09-11-17-27-13_2_both_ailerons_failure-mavros-state.csv,6256,0.006,2026-01-29T01:54:06,carbonZ_2018-09-11-17-27-13_2_both_ailerons_failure-mavros-state.csv,carbonZ_2018-09-11-17-27-13_2_both_ailerons_failure
carbonZ_2018-09-11-17-27-13_2_both_ailerons_failure/carbonZ_2018-09-11-17-27-13_2_both_ailerons_failure-mavros-time_reference.csv,/content/gdrive/MyDrive/datasets/ALFA/processed_csv/processed/carbonZ_2018-09-11-17-27-13_2_both_ailerons_failure/carbonZ_2018-09-11-17-27-13_2_both_ailerons_failure-mavros-time_reference.csv,15492,0.015,2026-01-29T01:54:06,carbonZ_2018-09-11-17-27-13_2_both_ailerons_failure-mavros-time_reference.csv,carbonZ_2018-09-11-17-27-13_2_both_ailerons_failure
carbonZ_2018-09-11-17-27-13_2_both_ailerons_failure/carbonZ_2018-09-11-17-27-13_2_both_ailerons_failure-mavros-vfr_hud.csv,/content/gdrive/MyDrive/datasets/ALFA/processed_csv/processed/carbonZ_2018-09-11-17-27-13_2_both_ailerons_failure/carbonZ_2018-09-11-17-27-13_2_both_ailerons_failure-mavros-vfr_hud.csv,29081,0.028,2026-01-29T01:54:06,carbonZ_2018-09-11-17-27-13_2_both_ailerons_failure-mavros-vfr_hud.csv,carbonZ_2018-09-11-17-27-13_2_both_ailerons_failure
carbonZ_2018-09-11-17-27-13_2_both_ailerons_failure/carbonZ_2018-09-11-17-27-13_2_both_ailerons_failure-mavros-wind_estimation.csv,/content/gdrive/MyDrive/datasets/ALFA/processed_csv/processed/carbonZ_2018-09-11-17-27-13_2_both_ailerons_failure/carbonZ_2018-09-11-17-27-13_2_both_ailerons_failure-mavros-wind_estimation.csv,20387,0.019,2026-01-29T01:54:06,carbonZ_2018-09-11-17-27-13_2_both_ailerons_failure-mavros-wind_estimation.csv,carbonZ_2018-09-11-17-27-13_2_both_ailerons_failure
carbonZ_2018-09-11-17-55-30_1_right_aileron_failure/carbonZ_2018-09-11-17-55-30_1_right_aileron_failure-diagnostics.csv,/content/gdrive/MyDrive/datasets/ALFA/processed_csv/processed/carbonZ_2018-09-11-17-55-30_1_right_aileron_failure/carbonZ_2018-09-11-17-55-30_1_right_aileron_failure-diagnostics.csv,141599,0.135,2026-01-29T01:54:06,carbonZ_2018-09-11-17-55-30_1_right_aileron_failure-diagnostics.csv,carbonZ_2018-09-11-17-55-30_1_right_aileron_failure
carbonZ_2018-09-11-17-55-30_1_right_aileron_failure/carbonZ_2018-09-11-17-55-30_1_right_aileron_failure-failure_status-aileron.csv,/content/gdrive/MyDrive/datasets/ALFA/processed_csv/processed/carbonZ_2018-09-11-17-55-30_1_right_aileron_failure/carbonZ_2018-09-11-17-55-30_1_right_aileron_failure-failure_status-aileron.csv,963,0.001,2026-01-29T01:54:06,carbonZ_2018-09-11-17-55-30_1_right_aileron_failure-failure_status-aileron.csv,carbonZ_2018-09-11-17-55-30_1_right_aileron_failure
carbonZ_2018-09-11-17-55-30_1_right_aileron_failure/carbonZ_2018-09-11-17-55-30_1_right_aileron_failure-mavctrl-path_dev.csv,/content/gdrive/MyDrive/datasets/ALFA/processed_csv/processed/carbonZ_2018-09-11-17-55-30_1_right_aileron_failure/carbonZ_2018-09-11-17-55-30_1_right_aileron_failure-mavctrl-path_dev.csv,352845,0.336,2026-01-29T01:54:06,carbonZ_2018-09-11-17-55-30_1_right_aileron_failure-mavctrl-path_dev.csv,carbonZ_2018-09-11-17-55-30_1_right_aileron_failure
carbonZ_2018-09-11-17-55-30_1_right_aileron_failure/carbonZ_2018-09-11-17-55-30_1_right_aileron_failure-mavctrl-rpy.csv,/content/gdrive/MyDrive/datasets/ALFA/processed_csv/processed/carbonZ_2018-09-11-17-55-30_1_right_aileron_failure/carbonZ_2018-09-11-17-55-30_1_right_aileron_failure-mavctrl-rpy.csv,444185,0.424,2026-01-29T01:54:06,carbonZ_2018-09-11-17-55-30_1_right_aileron_failure-mavctrl-rpy.csv,carbonZ_2018-09-11-17-55-30_1_right_aileron_failure
carbonZ_2018-09-11-17-55-30_1_right_aileron_failure/carbonZ_2018-09-11-17-55-30_1_right_aileron_failure-mavlink-from.csv,/content/gdrive/MyDrive/datasets/ALFA/processed_csv/processed/carbonZ_2018-09-11-17-55-30_1_right_aileron_failure/carbonZ_2018-09-11-17-55-30_1_right_aileron_failure-mavlink-from.csv,3556527,3.392,2026-01-29T01:54:06,carbonZ_2018-09-11-17-55-30_1_right_aileron_failure-mavlink-from.csv,carbonZ_2018-09-11-17-55-30_1_right_aileron_failure
carbonZ_2018-09-11-17-55-30_1_right_aileron_failure/carbonZ_2018-09-11-17-55-30_1_right_aileron_failure-mavros-battery.csv,/content/gdrive/MyDrive/datasets/ALFA/processed_csv/processed/carbonZ_2018-09-11-17-55-30_1_right_aileron_failure/carbonZ_2018-09-11-17-55-30_1_right_aileron_failure-mavros-battery.csv,296966,0.283,2026-01-29T01:54:06,carbonZ_2018-09-11-17-55-30_1_right_aileron_failure-mavros-battery.csv,carbonZ_2018-09-11-17-55-30_1_right_aileron_failure
carbonZ_2018-09-11-17-55-30_1_right_aileron_failure/carbonZ_2018-09-11-17-55-30_1_right_aileron_failure-mavros-global_position-compass_hdg.csv,/content/gdrive/MyDrive/datasets/ALFA/processed_csv/processed/carbonZ_2018-09-11-17-55-30_1_right_aileron_failure/carbonZ_2018-09-11-17-55-30_1_right_aileron_failure-mavros-global_position-compass_hdg.csv,14735,0.014,2026-01-29T01:54:06,carbonZ_2018-09-11-17-55-30_1_right_aileron_failure-mavros-global_position-compass_hdg.csv,carbonZ_2018-09-11-17-55-30_1_right_aileron_failure
carbonZ_2018-09-11-17-55-30_1_right_aileron_failure/carbonZ_2018-09-11-17-55-30_1_right_aileron_failure-mavros-global_position-global.csv,/content/gdrive/MyDrive/datasets/ALFA/processed_csv/processed/carbonZ_2018-09-11-17-55-30_1_right_aileron_failure/carbonZ_2018-09-11-17-55-30_1_right_aileron_failure-mavros-global_position-global.csv,91683,0.087,2026-01-29T01:54:06,carbonZ_2018-09-11-17-55-30_1_right_aileron_failure-mavros-global_position-global.csv,carbonZ_2018-09-11-17-55-30_1_right_aileron_failure
carbonZ_2018-09-11-17-55-30_1_right_aileron_failure/carbonZ_2018-09-11-17-55-30_1_right_aileron_failure-mavros-global_position-local.csv,/content/gdrive/MyDrive/datasets/ALFA/processed_csv/processed/carbonZ_2018-09-11-17-55-30_1_right_aileron_failure/carbonZ_2018-09-11-17-55-30_1_right_aileron_failure-mavros-global_position-local.csv,289797,0.276,2026-01-29T01:54:06,carbonZ_2018-09-11-17-55-30_1_right_aileron_failure-mavros-global_position-local.csv,carbonZ_2018-09-11-17-55-30_1_right_aileron_failure
carbonZ_2018-09-11-17-55-30_1_right_aileron_failure/carbonZ_2018-09-11-17-55-30_1_right_aileron_failure-mavros-global_position-raw-fix.csv,/content/gdrive/MyDrive/datasets/ALFA/processed_csv/processed/carbonZ_2018-09-11-17-55-30_1_right_aileron_failure/carbonZ_2018-09-11-17-55-30_1_right_aileron_failure-mavros-global_position-raw-fix.csv,110333,0.105,2026-01-29T01:54:06,carbonZ_2018-09-11-17-55-30_1_right_aileron_failure-mavros-global_position-raw-fix.csv,carbonZ_2018-09-11-17-55-30_1_right_aileron_failure
carbonZ_2018-09-11-17-55-30_1_right_aileron_failure/carbonZ_2018-09-11-17-55-30_1_right_aileron_failure-mavros-global_position-raw-gps_vel.csv,/content/gdrive/MyDrive/datasets/ALFA/processed_csv/processed/carbonZ_2018-09-11-17-55-30_1_right_aileron_failure/carbonZ_2018-09-11-17-55-30_1_right_aileron_failure-mavros-global_position-raw-gps_vel.csv,62805,0.06,2026-01-29T01:54:06,carbonZ_2018-09-11-17-55-30_1_right_aileron_failure-mavros-global_position-raw-gps_vel.csv,carbonZ_2018-09-11-17-55-30_1_right_aileron_failure
carbonZ_2018-09-11-17-55-30_1_right_aileron_failure/carbonZ_2018-09-11-17-55-30_1_right_aileron_failure-mavros-global_position-rel_alt.csv,/content/gdrive/MyDrive/datasets/ALFA/processed_csv/processed/carbonZ_2018-09-11-17-55-30_1_right_aileron_failure/carbonZ_2018-09-11-17-55-30_1_right_aileron_failure-mavros-global_position-rel_alt.csv,14871,0.014,2026-01-29T01:54:06,carbonZ_2018-09-11-17-55-30_1_right_aileron_failure-mavros-global_position-rel_alt.csv,carbonZ_2018-09-11-17-55-30_1_right_aileron_failure
carbonZ_2018-09-11-17-55-30_1_right_aileron_failure/carbonZ_2018-09-11-17-55-30_1_right_aileron_failure-mavros-imu-atm_pressure.csv,/content/gdrive/MyDrive/datasets/ALFA/processed_csv/processed/carbonZ_2018-09-11-17-55-30_1_right_aileron_failure/carbonZ_2018-09-11-17-55-30_1_right_aileron_failure-mavros-imu-atm_pressure.csv,97171,0.093,2026-01-29T01:54:06,carbonZ_2018-09-11-17-55-30_1_right_aileron_failure-mavros-imu-atm_pressure.csv,carbonZ_2018-09-11-17-55-30_1_right_aileron_failure
carbonZ_2018-09-11-17-55-30_1_right_aileron_failure/carbonZ_2018-09-11-17-55-30_1_right_aileron_failure-mavros-imu-data.csv,/content/gdrive/MyDrive/datasets/ALFA/processed_csv/processed/carbonZ_2018-09-11-17-55-30_1_right_aileron_failure/carbonZ_2018-09-11-17-55-30_1_right_aileron_failure-mavros-imu-data.csv,122685,0.117,2026-01-29T01:54:06,carbonZ_2018-09-11-17-55-30_1_right_aileron_failure-mavros-imu-data.csv,carbonZ_2018-09-11-17-55-30_1_right_aileron_failure
carbonZ_2018-09-11-17-55-30_1_right_aileron_failure/carbonZ_2018-09-11-17-55-30_1_right_aileron_failure-mavros-imu-data_raw.csv,/content/gdrive/MyDrive/datasets/ALFA/processed_csv/processed/carbonZ_2018-09-11-17-55-30_1_right_aileron_failure/carbonZ_2018-09-11-17-55-30_1_right_aileron_failure-mavros-imu-data_raw.csv,374023,0.357,2026-01-29T01:54:06,carbonZ_2018-09-11-17-55-30_1_right_aileron_failure-mavros-imu-data_raw.csv,carbonZ_2018-09-11-17-55-30_1_right_aileron_failure
carbonZ_2018-09-11-17-55-30_1_right_aileron_failure/carbonZ_2018-09-11-17-55-30_1_right_aileron_failure-mavros-imu-mag.csv,/content/gdrive/MyDrive/datasets/ALFA/processed_csv/processed/carbonZ_2018-09-11-17-55-30_1_right_aileron_failure/carbonZ_2018-09-11-17-55-30_1_right_aileron_failure-mavros-imu-mag.csv,160688,0.153,2026-01-29T01:54:06,carbonZ_2018-09-11-17-55-30_1_right_aileron_failure-mavros-imu-mag.csv,carbonZ_2018-09-11-17-55-30_1_right_aileron_failure
carbonZ_2018-09-11-17-55-30_1_right_aileron_failure/carbonZ_2018-09-11-17-55-30_1_right_aileron_failure-mavros-imu-temperature.csv,/content/gdrive/MyDrive/datasets/ALFA/processed_csv/processed/carbonZ_2018-09-11-17-55-30_1_right_aileron_failure/carbonZ_2018-09-11-17-55-30_1_right_aileron_failure-mavros-imu-temperature.csv,86548,0.083,2026-01-29T01:54:06,carbonZ_2018-09-11-17-55-30_1_right_aileron_failure-mavros-imu-temperature.csv,carbonZ_2018-09-11-17-55-30_1_right_aileron_failure
carbonZ_2018-09-11-17-55-30_1_right_aileron_failure/carbonZ_2018-09-11-17-55-30_1_right_aileron_failure-mavros-local_position-odom.csv,/content/gdrive/MyDrive/datasets/ALFA/processed_csv/processed/carbonZ_2018-09-11-17-55-30_1_right_aileron_failure/carbonZ_2018-09-11-17-55-30_1_right_aileron_failure-mavros-local_position-odom.csv,320894,0.306,2026-01-29T01:54:06,carbonZ_2018-09-11-17-55-30_1_right_aileron_failure-mavros-local_position-odom.csv,carbonZ_2018-09-11-17-55-30_1_right_aileron_failure
carbonZ_2018-09-11-17-55-30_1_right_aileron_failure/carbonZ_2018-09-11-17-55-30_1_right_aileron_failure-mavros-local_position-pose.csv,/content/gdrive/MyDrive/datasets/ALFA/processed_csv/processed/carbonZ_2018-09-11-17-55-30_1_right_aileron_failure/carbonZ_2018-09-11-17-55-30_1_right_aileron_failure-mavros-local_position-pose.csv,86233,0.082,2026-01-29T01:54:06,carbonZ_2018-09-11-17-55-30_1_right_aileron_failure-mavros-local_position-pose.csv,carbonZ_2018-09-11-17-55-30_1_right_aileron_failure
carbonZ_2018-09-11-17-55-30_1_right_aileron_failure/carbonZ_2018-09-11-17-55-30_1_right_aileron_failure-mavros-local_position-velocity.csv,/content/gdrive/MyDrive/datasets/ALFA/processed_csv/processed/carbonZ_2018-09-11-17-55-30_1_right_aileron_failure/carbonZ_2018-09-11-17-55-30_1_right_aileron_failure-mavros-local_position-velocity.csv,78522,0.075,2026-01-29T01:54:07,carbonZ_2018-09-11-17-55-30_1_right_aileron_failure-mavros-local_position-velocity.csv,carbonZ_2018-09-11-17-55-30_1_right_aileron_failure
carbonZ_2018-09-11-17-55-30_1_right_aileron_failure/carbonZ_2018-09-11-17-55-30_1_right_aileron_failure-mavros-mission-reached.csv,/content/gdrive/MyDrive/datasets/ALFA/processed_csv/processed/carbonZ_2018-09-11-17-55-30_1_right_aileron_failure/carbonZ_2018-09-11-17-55-30_1_right_aileron_failure-mavros-mission-reached.csv,122,0.0,2026-01-29T01:54:06,carbonZ_2018-09-11-17-55-30_1_right_aileron_failure-mavros-mission-reached.csv,carbonZ_2018-09-11-17-55-30_1_right_aileron_failure
carbonZ_2018-09-11-17-55-30_1_right_aileron_failure/carbonZ_2018-09-11-17-55-30_1_right_aileron_failure-mavros-nav_info-airspeed.csv,/content/gdrive/MyDrive/datasets/ALFA/processed_csv/processed/carbonZ_2018-09-11-17-55-30_1_right_aileron_failure/carbonZ_2018-09-11-17-55-30_1_right_aileron_failure-mavros-nav_info-airspeed.csv,152604,0.146,2026-01-29T01:54:07,carbonZ_2018-09-11-17-55-30_1_right_aileron_failure-mavros-nav_info-airspeed.csv,carbonZ_2018-09-11-17-55-30_1_right_aileron_failure
carbonZ_2018-09-11-17-55-30_1_right_aileron_failure/carbonZ_2018-09-11-17-55-30_1_right_aileron_failure-mavros-nav_info-errors.csv,/content/gdrive/MyDrive/datasets/ALFA/processed_csv/processed/carbonZ_2018-09-11-17-55-30_1_right_aileron_failure/carbonZ_2018-09-11-17-55-30_1_right_aileron_failure-mavros-nav_info-errors.csv,251162,0.24,2026-01-29T01:54:07,carbonZ_2018-09-11-17-55-30_1_right_aileron_failure-mavros-nav_info-errors.csv,carbonZ_2018-09-11-17-55-30_1_right_aileron_failure
carbonZ_2018-09-11-17-55-30_1_right_aileron_failure/carbonZ_2018-09-11-17-55-30_1_right_aileron_failure-mavros-nav_info-pitch.csv,/content/gdrive/MyDrive/datasets/ALFA/processed_csv/processed/carbonZ_2018-09-11-17-55-30_1_right_aileron_failure/carbonZ_2018-09-11-17-55-30_1_right_aileron_failure-mavros-nav_info-pitch.csv,206007,0.196,2026-01-29T01:54:07,carbonZ_2018-09-11-17-55-30_1_right_aileron_failure-mavros-nav_info-pitch.csv,carbonZ_2018-09-11-17-55-30_1_right_aileron_failure
carbonZ_2018-09-11-17-55-30_1_right_aileron_failure/carbonZ_2018-09-11-17-55-30_1_right_aileron_failure-mavros-nav_info-roll.csv,/content/gdrive/MyDrive/datasets/ALFA/processed_csv/processed/carbonZ_2018-09-11-17-55-30_1_right_aileron_failure/carbonZ_2018-09-11-17-55-30_1_right_aileron_failure-mavros-nav_info-roll.csv,203703,0.194,2026-01-29T01:54:07,carbonZ_2018-09-11-17-55-30_1_right_aileron_failure-mavros-nav_info-roll.csv,carbonZ_2018-09-11-17-55-30_1_right_aileron_failure
carbonZ_2018-09-11-17-55-30_1_right_aileron_failure/carbonZ_2018-09-11-17-55-30_1_right_aileron_failure-mavros-nav_info-velocity.csv,/content/gdrive/MyDrive/datasets/ALFA/processed_csv/processed/carbonZ_2018-09-11-17-55-30_1_right_aileron_failure/carbonZ_2018-09-11-17-55-30_1_right_aileron_failure-mavros-nav_info-velocity.csv,367892,0.351,2026-01-29T01:54:07,carbonZ_2018-09-11-17-55-30_1_right_aileron_failure-mavros-nav_info-velocity.csv,carbonZ_2018-09-11-17-55-30_1_right_aileron_failure
carbonZ_2018-09-11-17-55-30_1_right_aileron_failure/carbonZ_2018-09-11-17-55-30_1_right_aileron_failure-mavros-nav_info-yaw.csv,/content/gdrive/MyDrive/datasets/ALFA/processed_csv/processed/carbonZ_2018-09-11-17-55-30_1_right_aileron_failure/carbonZ_2018-09-11-17-55-30_1_right_aileron_failure-mavros-nav_info-yaw.csv,182947,0.174,2026-01-29T01:54:07,carbonZ_2018-09-11-17-55-30_1_right_aileron_failure-mavros-nav_info-yaw.csv,carbonZ_2018-09-11-17-55-30_1_right_aileron_failure
carbonZ_2018-09-11-17-55-30_1_right_aileron_failure/carbonZ_2018-09-11-17-55-30_1_right_aileron_failure-mavros-rc-in.csv,/content/gdrive/MyDrive/datasets/ALFA/processed_csv/processed/carbonZ_2018-09-11-17-55-30_1_right_aileron_failure/carbonZ_2018-09-11-17-55-30_1_right_aileron_failure-mavros-rc-in.csv,52049,0.05,2026-01-29T01:54:07,carbonZ_2018-09-11-17-55-30_1_right_aileron_failure-mavros-rc-in.csv,carbonZ_2018-09-11-17-55-30_1_right_aileron_failure
carbonZ_2018-09-11-17-55-30_1_right_aileron_failure/carbonZ_2018-09-11-17-55-30_1_right_aileron_failure-mavros-rc-out.csv,/content/gdrive/MyDrive/datasets/ALFA/processed_csv/processed/carbonZ_2018-09-11-17-55-30_1_right_aileron_failure/carbonZ_2018-09-11-17-55-30_1_right_aileron_failure-mavros-rc-out.csv,34936,0.033,2026-01-29T01:54:07,carbonZ_2018-09-11-17-55-30_1_right_aileron_failure-mavros-rc-out.csv,carbonZ_2018-09-11-17-55-30_1_right_aileron_failure
carbonZ_2018-09-11-17-55-30_1_right_aileron_failure/carbonZ_2018-09-11-17-55-30_1_right_aileron_failure-mavros-setpoint_raw-local.csv,/content/gdrive/MyDrive/datasets/ALFA/processed_csv/processed/carbonZ_2018-09-11-17-55-30_1_right_aileron_failure/carbonZ_2018-09-11-17-55-30_1_right_aileron_failure-mavros-setpoint_raw-local.csv,875683,0.835,2026-01-29T01:54:07,carbonZ_2018-09-11-17-55-30_1_right_aileron_failure-mavros-setpoint_raw-local.csv,carbonZ_2018-09-11-17-55-30_1_right_aileron_failure
carbonZ_2018-09-11-17-55-30_1_right_aileron_failure/carbonZ_2018-09-11-17-55-30_1_right_aileron_failure-mavros-setpoint_raw-target_global.csv,/content/gdrive/MyDrive/datasets/ALFA/processed_csv/processed/carbonZ_2018-09-11-17-55-30_1_right_aileron_failure/carbonZ_2018-09-11-17-55-30_1_right_aileron_failure-mavros-setpoint_raw-target_global.csv,503457,0.48,2026-01-29T01:54:07,carbonZ_2018-09-11-17-55-30_1_right_aileron_failure-mavros-setpoint_raw-target_global.csv,carbonZ_2018-09-11-17-55-30_1_right_aileron_failure
carbonZ_2018-09-11-17-55-30_1_right_aileron_failure/carbonZ_2018-09-11-17-55-30_1_right_aileron_failure-mavros-state.csv,/content/gdrive/MyDrive/datasets/ALFA/processed_csv/processed/carbonZ_2018-09-11-17-55-30_1_right_aileron_failure/carbonZ_2018-09-11-17-55-30_1_right_aileron_failure-mavros-state.csv,8176,0.008,2026-01-29T01:54:07,carbonZ_2018-09-11-17-55-30_1_right_aileron_failure-mavros-state.csv,carbonZ_2018-09-11-17-55-30_1_right_aileron_failure
carbonZ_2018-09-11-17-55-30_1_right_aileron_failure/carbonZ_2018-09-11-17-55-30_1_right_aileron_failure-mavros-time_reference.csv,/content/gdrive/MyDrive/datasets/ALFA/processed_csv/processed/carbonZ_2018-09-11-17-55-30_1_right_aileron_failure/carbonZ_2018-09-11-17-55-30_1_right_aileron_failure-mavros-time_reference.csv,19902,0.019,2026-01-29T01:54:07,carbonZ_2018-09-11-17-55-30_1_right_aileron_failure-mavros-time_reference.csv,carbonZ_2018-09-11-17-55-30_1_right_aileron_failure
carbonZ_2018-09-11-17-55-30_1_right_aileron_failure/carbonZ_2018-09-11-17-55-30_1_right_aileron_failure-mavros-vfr_hud.csv,/content/gdrive/MyDrive/datasets/ALFA/processed_csv/processed/carbonZ_2018-09-11-17-55-30_1_right_aileron_failure/carbonZ_2018-09-11-17-55-30_1_right_aileron_failure-mavros-vfr_hud.csv,37964,0.036,2026-01-29T01:54:07,carbonZ_2018-09-11-17-55-30_1_right_aileron_failure-mavros-vfr_hud.csv,carbonZ_2018-09-11-17-55-30_1_right_aileron_failure
carbonZ_2018-09-11-17-55-30_1_right_aileron_failure/carbonZ_2018-09-11-17-55-30_1_right_aileron_failure-mavros-wind_estimation.csv,/content/gdrive/MyDrive/datasets/ALFA/processed_csv/processed/carbonZ_2018-09-11-17-55-30_1_right_aileron_failure/carbonZ_2018-09-11-17-55-30_1_right_aileron_failure-mavros-wind_estimation.csv,26253,0.025,2026-01-29T01:54:07,carbonZ_2018-09-11-17-55-30_1_right_aileron_failure-mavros-wind_estimation.csv,carbonZ_2018-09-11-17-55-30_1_right_aileron_failure
carbonZ_2018-09-11-17-55-30_2_left_aileron_failure/carbonZ_2018-09-11-17-55-30_2_left_aileron_failure-diagnostics.csv,/content/gdrive/MyDrive/datasets/ALFA/processed_csv/processed/carbonZ_2018-09-11-17-55-30_2_left_aileron_failure/carbonZ_2018-09-11-17-55-30_2_left_aileron_failure-diagnostics.csv,88344,0.084,2026-01-29T01:54:07,carbonZ_2018-09-11-17-55-30_2_left_aileron_failure-diagnostics.csv,carbonZ_2018-09-11-17-55-30_2_left_aileron_failure
carbonZ_2018-09-11-17-55-30_2_left_aileron_failure/carbonZ_2018-09-11-17-55-30_2_left_aileron_failure-failure_status-aileron.csv,/content/gdrive/MyDrive/datasets/ALFA/processed_csv/processed/carbonZ_2018-09-11-17-55-30_2_left_aileron_failure/carbonZ_2018-09-11-17-55-30_2_left_aileron_failure-failure_status-aileron.csv,1403,0.001,2026-01-29T01:54:07,carbonZ_2018-09-11-17-55-30_2_left_aileron_failure-failure_status-aileron.csv,carbonZ_2018-09-11-17-55-30_2_left_aileron_failure
carbonZ_2018-09-11-17-55-30_2_left_aileron_failure/carbonZ_2018-09-11-17-55-30_2_left_aileron_failure-mavctrl-path_dev.csv,/content/gdrive/MyDrive/datasets/ALFA/processed_csv/processed/carbonZ_2018-09-11-17-55-30_2_left_aileron_failure/carbonZ_2018-09-11-17-55-30_2_left_aileron_failure-mavctrl-path_dev.csv,214616,0.205,2026-01-29T01:54:07,carbonZ_2018-09-11-17-55-30_2_left_aileron_failure-mavctrl-path_dev.csv,carbonZ_2018-09-11-17-55-30_2_left_aileron_failure
carbonZ_2018-09-11-17-55-30_2_left_aileron_failure/carbonZ_2018-09-11-17-55-30_2_left_aileron_failure-mavctrl-rpy.csv,/content/gdrive/MyDrive/datasets/ALFA/processed_csv/processed/carbonZ_2018-09-11-17-55-30_2_left_aileron_failure/carbonZ_2018-09-11-17-55-30_2_left_aileron_failure-mavctrl-rpy.csv,272144,0.26,2026-01-29T01:54:07,carbonZ_2018-09-11-17-55-30_2_left_aileron_failure-mavctrl-rpy.csv,carbonZ_2018-09-11-17-55-30_2_left_aileron_failure
carbonZ_2018-09-11-17-55-30_2_left_aileron_failure/carbonZ_2018-09-11-17-55-30_2_left_aileron_failure-mavlink-from.csv,/content/gdrive/MyDrive/datasets/ALFA/processed_csv/processed/carbonZ_2018-09-11-17-55-30_2_left_aileron_failure/carbonZ_2018-09-11-17-55-30_2_left_aileron_failure-mavlink-from.csv,2176395,2.076,2026-01-29T01:54:07,carbonZ_2018-09-11-17-55-30_2_left_aileron_failure-mavlink-from.csv,carbonZ_2018-09-11-17-55-30_2_left_aileron_failure
carbonZ_2018-09-11-17-55-30_2_left_aileron_failure/carbonZ_2018-09-11-17-55-30_2_left_aileron_failure-mavros-battery.csv,/content/gdrive/MyDrive/datasets/ALFA/processed_csv/processed/carbonZ_2018-09-11-17-55-30_2_left_aileron_failure/carbonZ_2018-09-11-17-55-30_2_left_aileron_failure-mavros-battery.csv,180326,0.172,2026-01-29T01:54:07,carbonZ_2018-09-11-17-55-30_2_left_aileron_failure-mavros-battery.csv,carbonZ_2018-09-11-17-55-30_2_left_aileron_failure
carbonZ_2018-09-11-17-55-30_2_left_aileron_failure/carbonZ_2018-09-11-17-55-30_2_left_aileron_failure-mavros-global_position-compass_hdg.csv,/content/gdrive/MyDrive/datasets/ALFA/processed_csv/processed/carbonZ_2018-09-11-17-55-30_2_left_aileron_failure/carbonZ_2018-09-11-17-55-30_2_left_aileron_failure-mavros-global_position-compass_hdg.csv,8982,0.009,2026-01-29T01:54:07,carbonZ_2018-09-11-17-55-30_2_left_aileron_failure-mavros-global_position-compass_hdg.csv,carbonZ_2018-09-11-17-55-30_2_left_aileron_failure
carbonZ_2018-09-11-17-55-30_2_left_aileron_failure/carbonZ_2018-09-11-17-55-30_2_left_aileron_failure-mavros-global_position-global.csv,/content/gdrive/MyDrive/datasets/ALFA/processed_csv/processed/carbonZ_2018-09-11-17-55-30_2_left_aileron_failure/carbonZ_2018-09-11-17-55-30_2_left_aileron_failure-mavros-global_position-global.csv,55698,0.053,2026-01-29T01:54:07,carbonZ_2018-09-11-17-55-30_2_left_aileron_failure-mavros-global_position-global.csv,carbonZ_2018-09-11-17-55-30_2_left_aileron_failure
carbonZ_2018-09-11-17-55-30_2_left_aileron_failure/carbonZ_2018-09-11-17-55-30_2_left_aileron_failure-mavros-global_position-local.csv,/content/gdrive/MyDrive/datasets/ALFA/processed_csv/processed/carbonZ_2018-09-11-17-55-30_2_left_aileron_failure/carbonZ_2018-09-11-17-55-30_2_left_aileron_failure-mavros-global_position-local.csv,177080,0.169,2026-01-29T01:54:07,carbonZ_2018-09-11-17-55-30_2_left_aileron_failure-mavros-global_position-local.csv,carbonZ_2018-09-11-17-55-30_2_left_aileron_failure
carbonZ_2018-09-11-17-55-30_2_left_aileron_failure/carbonZ_2018-09-11-17-55-30_2_left_aileron_failure-mavros-global_position-raw-fix.csv,/content/gdrive/MyDrive/datasets/ALFA/processed_csv/processed/carbonZ_2018-09-11-17-55-30_2_left_aileron_failure/carbonZ_2018-09-11-17-55-30_2_left_aileron_failure-mavros-global_position-raw-fix.csv,67175,0.064,2026-01-29T01:54:07,carbonZ_2018-09-11-17-55-30_2_left_aileron_failure-mavros-global_position-raw-fix.csv,carbonZ_2018-09-11-17-55-30_2_left_aileron_failure
carbonZ_2018-09-11-17-55-30_2_left_aileron_failure/carbonZ_2018-09-11-17-55-30_2_left_aileron_failure-mavros-global_position-raw-gps_vel.csv,/content/gdrive/MyDrive/datasets/ALFA/processed_csv/processed/carbonZ_2018-09-11-17-55-30_2_left_aileron_failure/carbonZ_2018-09-11-17-55-30_2_left_aileron_failure-mavros-global_position-raw-gps_vel.csv,38413,0.037,2026-01-29T01:54:07,carbonZ_2018-09-11-17-55-30_2_left_aileron_failure-mavros-global_position-raw-gps_vel.csv,carbonZ_2018-09-11-17-55-30_2_left_aileron_failure
carbonZ_2018-09-11-17-55-30_2_left_aileron_failure/carbonZ_2018-09-11-17-55-30_2_left_aileron_failure-mavros-global_position-rel_alt.csv,/content/gdrive/MyDrive/datasets/ALFA/processed_csv/processed/carbonZ_2018-09-11-17-55-30_2_left_aileron_failure/carbonZ_2018-09-11-17-55-30_2_left_aileron_failure-mavros-global_position-rel_alt.csv,9085,0.009,2026-01-29T01:54:07,carbonZ_2018-09-11-17-55-30_2_left_aileron_failure-mavros-global_position-rel_alt.csv,carbonZ_2018-09-11-17-55-30_2_left_aileron_failure
carbonZ_2018-09-11-17-55-30_2_left_aileron_failure/carbonZ_2018-09-11-17-55-30_2_left_aileron_failure-mavros-imu-atm_pressure.csv,/content/gdrive/MyDrive/datasets/ALFA/processed_csv/processed/carbonZ_2018-09-11-17-55-30_2_left_aileron_failure/carbonZ_2018-09-11-17-55-30_2_left_aileron_failure-mavros-imu-atm_pressure.csv,59488,0.057,2026-01-29T01:54:07,carbonZ_2018-09-11-17-55-30_2_left_aileron_failure-mavros-imu-atm_pressure.csv,carbonZ_2018-09-11-17-55-30_2_left_aileron_failure
carbonZ_2018-09-11-17-55-30_2_left_aileron_failure/carbonZ_2018-09-11-17-55-30_2_left_aileron_failure-mavros-imu-data.csv,/content/gdrive/MyDrive/datasets/ALFA/processed_csv/processed/carbonZ_2018-09-11-17-55-30_2_left_aileron_failure/carbonZ_2018-09-11-17-55-30_2_left_aileron_failure-mavros-imu-data.csv,74656,0.071,2026-01-29T01:54:07,carbonZ_2018-09-11-17-55-30_2_left_aileron_failure-mavros-imu-data.csv,carbonZ_2018-09-11-17-55-30_2_left_aileron_failure
carbonZ_2018-09-11-17-55-30_2_left_aileron_failure/carbonZ_2018-09-11-17-55-30_2_left_aileron_failure-mavros-imu-data_raw.csv,/content/gdrive/MyDrive/datasets/ALFA/processed_csv/processed/carbonZ_2018-09-11-17-55-30_2_left_aileron_failure/carbonZ_2018-09-11-17-55-30_2_left_aileron_failure-mavros-imu-data_raw.csv,229254,0.219,2026-01-29T01:54:07,carbonZ_2018-09-11-17-55-30_2_left_aileron_failure-mavros-imu-data_raw.csv,carbonZ_2018-09-11-17-55-30_2_left_aileron_failure
carbonZ_2018-09-11-17-55-30_2_left_aileron_failure/carbonZ_2018-09-11-17-55-30_2_left_aileron_failure-mavros-imu-mag.csv,/content/gdrive/MyDrive/datasets/ALFA/processed_csv/processed/carbonZ_2018-09-11-17-55-30_2_left_aileron_failure/carbonZ_2018-09-11-17-55-30_2_left_aileron_failure-mavros-imu-mag.csv,98560,0.094,2026-01-29T01:54:07,carbonZ_2018-09-11-17-55-30_2_left_aileron_failure-mavros-imu-mag.csv,carbonZ_2018-09-11-17-55-30_2_left_aileron_failure
carbonZ_2018-09-11-17-55-30_2_left_aileron_failure/carbonZ_2018-09-11-17-55-30_2_left_aileron_failure-mavros-imu-temperature.csv,/content/gdrive/MyDrive/datasets/ALFA/processed_csv/processed/carbonZ_2018-09-11-17-55-30_2_left_aileron_failure/carbonZ_2018-09-11-17-55-30_2_left_aileron_failure-mavros-imu-temperature.csv,52995,0.051,2026-01-29T01:54:07,carbonZ_2018-09-11-17-55-30_2_left_aileron_failure-mavros-imu-temperature.csv,carbonZ_2018-09-11-17-55-30_2_left_aileron_failure
carbonZ_2018-09-11-17-55-30_2_left_aileron_failure/carbonZ_2018-09-11-17-55-30_2_left_aileron_failure-mavros-local_position-odom.csv,/content/gdrive/MyDrive/datasets/ALFA/processed_csv/processed/carbonZ_2018-09-11-17-55-30_2_left_aileron_failure/carbonZ_2018-09-11-17-55-30_2_left_aileron_failure-mavros-local_position-odom.csv,195996,0.187,2026-01-29T01:54:07,carbonZ_2018-09-11-17-55-30_2_left_aileron_failure-mavros-local_position-odom.csv,carbonZ_2018-09-11-17-55-30_2_left_aileron_failure
carbonZ_2018-09-11-17-55-30_2_left_aileron_failure/carbonZ_2018-09-11-17-55-30_2_left_aileron_failure-mavros-local_position-pose.csv,/content/gdrive/MyDrive/datasets/ALFA/processed_csv/processed/carbonZ_2018-09-11-17-55-30_2_left_aileron_failure/carbonZ_2018-09-11-17-55-30_2_left_aileron_failure-mavros-local_position-pose.csv,52531,0.05,2026-01-29T01:54:07,carbonZ_2018-09-11-17-55-30_2_left_aileron_failure-mavros-local_position-pose.csv,carbonZ_2018-09-11-17-55-30_2_left_aileron_failure
carbonZ_2018-09-11-17-55-30_2_left_aileron_failure/carbonZ_2018-09-11-17-55-30_2_left_aileron_failure-mavros-local_position-velocity.csv,/content/gdrive/MyDrive/datasets/ALFA/processed_csv/processed/carbonZ_2018-09-11-17-55-30_2_left_aileron_failure/carbonZ_2018-09-11-17-55-30_2_left_aileron_failure-mavros-local_position-velocity.csv,47765,0.046,2026-01-29T01:54:07,carbonZ_2018-09-11-17-55-30_2_left_aileron_failure-mavros-local_position-velocity.csv,carbonZ_2018-09-11-17-55-30_2_left_aileron_failure
carbonZ_2018-09-11-17-55-30_2_left_aileron_failure/carbonZ_2018-09-11-17-55-30_2_left_aileron_failure-mavros-nav_info-airspeed.csv,/content/gdrive/MyDrive/datasets/ALFA/processed_csv/processed/carbonZ_2018-09-11-17-55-30_2_left_aileron_failure/carbonZ_2018-09-11-17-55-30_2_left_aileron_failure-mavros-nav_info-airspeed.csv,96384,0.092,2026-01-29T01:54:07,carbonZ_2018-09-11-17-55-30_2_left_aileron_failure-mavros-nav_info-airspeed.csv,carbonZ_2018-09-11-17-55-30_2_left_aileron_failure
carbonZ_2018-09-11-17-55-30_2_left_aileron_failure/carbonZ_2018-09-11-17-55-30_2_left_aileron_failure-mavros-nav_info-errors.csv,/content/gdrive/MyDrive/datasets/ALFA/processed_csv/processed/carbonZ_2018-09-11-17-55-30_2_left_aileron_failure/carbonZ_2018-09-11-17-55-30_2_left_aileron_failure-mavros-nav_info-errors.csv,154594,0.147,2026-01-29T01:54:07,carbonZ_2018-09-11-17-55-30_2_left_aileron_failure-mavros-nav_info-errors.csv,carbonZ_2018-09-11-17-55-30_2_left_aileron_failure
carbonZ_2018-09-11-17-55-30_2_left_aileron_failure/carbonZ_2018-09-11-17-55-30_2_left_aileron_failure-mavros-nav_info-pitch.csv,/content/gdrive/MyDrive/datasets/ALFA/processed_csv/processed/carbonZ_2018-09-11-17-55-30_2_left_aileron_failure/carbonZ_2018-09-11-17-55-30_2_left_aileron_failure-mavros-nav_info-pitch.csv,125194,0.119,2026-01-29T01:54:07,carbonZ_2018-09-11-17-55-30_2_left_aileron_failure-mavros-nav_info-pitch.csv,carbonZ_2018-09-11-17-55-30_2_left_aileron_failure
carbonZ_2018-09-11-17-55-30_2_left_aileron_failure/carbonZ_2018-09-11-17-55-30_2_left_aileron_failure-mavros-nav_info-roll.csv,/content/gdrive/MyDrive/datasets/ALFA/processed_csv/processed/carbonZ_2018-09-11-17-55-30_2_left_aileron_failure/carbonZ_2018-09-11-17-55-30_2_left_aileron_failure-mavros-nav_info-roll.csv,124059,0.118,2026-01-29T01:54:07,carbonZ_2018-09-11-17-55-30_2_left_aileron_failure-mavros-nav_info-roll.csv,carbonZ_2018-09-11-17-55-30_2_left_aileron_failure
carbonZ_2018-09-11-17-55-30_2_left_aileron_failure/carbonZ_2018-09-11-17-55-30_2_left_aileron_failure-mavros-nav_info-velocity.csv,/content/gdrive/MyDrive/datasets/ALFA/processed_csv/processed/carbonZ_2018-09-11-17-55-30_2_left_aileron_failure/carbonZ_2018-09-11-17-55-30_2_left_aileron_failure-mavros-nav_info-velocity.csv,224144,0.214,2026-01-29T01:54:07,carbonZ_2018-09-11-17-55-30_2_left_aileron_failure-mavros-nav_info-velocity.csv,carbonZ_2018-09-11-17-55-30_2_left_aileron_failure
carbonZ_2018-09-11-17-55-30_2_left_aileron_failure/carbonZ_2018-09-11-17-55-30_2_left_aileron_failure-mavros-nav_info-yaw.csv,/content/gdrive/MyDrive/datasets/ALFA/processed_csv/processed/carbonZ_2018-09-11-17-55-30_2_left_aileron_failure/carbonZ_2018-09-11-17-55-30_2_left_aileron_failure-mavros-nav_info-yaw.csv,111126,0.106,2026-01-29T01:54:07,carbonZ_2018-09-11-17-55-30_2_left_aileron_failure-mavros-nav_info-yaw.csv,carbonZ_2018-09-11-17-55-30_2_left_aileron_failure
carbonZ_2018-09-11-17-55-30_2_left_aileron_failure/carbonZ_2018-09-11-17-55-30_2_left_aileron_failure-mavros-rc-in.csv,/content/gdrive/MyDrive/datasets/ALFA/processed_csv/processed/carbonZ_2018-09-11-17-55-30_2_left_aileron_failure/carbonZ_2018-09-11-17-55-30_2_left_aileron_failure-mavros-rc-in.csv,31057,0.03,2026-01-29T01:54:07,carbonZ_2018-09-11-17-55-30_2_left_aileron_failure-mavros-rc-in.csv,carbonZ_2018-09-11-17-55-30_2_left_aileron_failure
carbonZ_2018-09-11-17-55-30_2_left_aileron_failure/carbonZ_2018-09-11-17-55-30_2_left_aileron_failure-mavros-rc-out.csv,/content/gdrive/MyDrive/datasets/ALFA/processed_csv/processed/carbonZ_2018-09-11-17-55-30_2_left_aileron_failure/carbonZ_2018-09-11-17-55-30_2_left_aileron_failure-mavros-rc-out.csv,20832,0.02,2026-01-29T01:54:07,carbonZ_2018-09-11-17-55-30_2_left_aileron_failure-mavros-rc-out.csv,carbonZ_2018-09-11-17-55-30_2_left_aileron_failure
carbonZ_2018-09-11-17-55-30_2_left_aileron_failure/carbonZ_2018-09-11-17-55-30_2_left_aileron_failure-mavros-setpoint_raw-local.csv,/content/gdrive/MyDrive/datasets/ALFA/processed_csv/processed/carbonZ_2018-09-11-17-55-30_2_left_aileron_failure/carbonZ_2018-09-11-17-55-30_2_left_aileron_failure-mavros-setpoint_raw-local.csv,542062,0.517,2026-01-29T01:54:07,carbonZ_2018-09-11-17-55-30_2_left_aileron_failure-mavros-setpoint_raw-local.csv,carbonZ_2018-09-11-17-55-30_2_left_aileron_failure
carbonZ_2018-09-11-17-55-30_2_left_aileron_failure/carbonZ_2018-09-11-17-55-30_2_left_aileron_failure-mavros-setpoint_raw-target_global.csv,/content/gdrive/MyDrive/datasets/ALFA/processed_csv/processed/carbonZ_2018-09-11-17-55-30_2_left_aileron_failure/carbonZ_2018-09-11-17-55-30_2_left_aileron_failure-mavros-setpoint_raw-target_global.csv,309970,0.296,2026-01-29T01:54:07,carbonZ_2018-09-11-17-55-30_2_left_aileron_failure-mavros-setpoint_raw-target_global.csv,carbonZ_2018-09-11-17-55-30_2_left_aileron_failure
carbonZ_2018-09-11-17-55-30_2_left_aileron_failure/carbonZ_2018-09-11-17-55-30_2_left_aileron_failure-mavros-state.csv,/content/gdrive/MyDrive/datasets/ALFA/processed_csv/processed/carbonZ_2018-09-11-17-55-30_2_left_aileron_failure/carbonZ_2018-09-11-17-55-30_2_left_aileron_failure-mavros-state.csv,5056,0.005,2026-01-29T01:54:07,carbonZ_2018-09-11-17-55-30_2_left_aileron_failure-mavros-state.csv,carbonZ_2018-09-11-17-55-30_2_left_aileron_failure
carbonZ_2018-09-11-17-55-30_2_left_aileron_failure/carbonZ_2018-09-11-17-55-30_2_left_aileron_failure-mavros-time_reference.csv,/content/gdrive/MyDrive/datasets/ALFA/processed_csv/processed/carbonZ_2018-09-11-17-55-30_2_left_aileron_failure/carbonZ_2018-09-11-17-55-30_2_left_aileron_failure-mavros-time_reference.csv,12132,0.012,2026-01-29T01:54:07,carbonZ_2018-09-11-17-55-30_2_left_aileron_failure-mavros-time_reference.csv,carbonZ_2018-09-11-17-55-30_2_left_aileron_failure
carbonZ_2018-09-11-17-55-30_2_left_aileron_failure/carbonZ_2018-09-11-17-55-30_2_left_aileron_failure-mavros-vfr_hud.csv,/content/gdrive/MyDrive/datasets/ALFA/processed_csv/processed/carbonZ_2018-09-11-17-55-30_2_left_aileron_failure/carbonZ_2018-09-11-17-55-30_2_left_aileron_failure-mavros-vfr_hud.csv,22884,0.022,2026-01-29T01:54:07,carbonZ_2018-09-11-17-55-30_2_left_aileron_failure-mavros-vfr_hud.csv,carbonZ_2018-09-11-17-55-30_2_left_aileron_failure
carbonZ_2018-09-11-17-55-30_2_left_aileron_failure/carbonZ_2018-09-11-17-55-30_2_left_aileron_failure-mavros-wind_estimation.csv,/content/gdrive/MyDrive/datasets/ALFA/processed_csv/processed/carbonZ_2018-09-11-17-55-30_2_left_aileron_failure/carbonZ_2018-09-11-17-55-30_2_left_aileron_failure-mavros-wind_estimation.csv,16037,0.015,2026-01-29T01:54:07,carbonZ_2018-09-11-17-55-30_2_left_aileron_failure-mavros-wind_estimation.csv,carbonZ_2018-09-11-17-55-30_2_left_aileron_failure
carbonZ_2018-10-05-14-34-20_1_no_failure/carbonZ_2018-10-05-14-34-20_1_no_failure-diagnostics.csv,/content/gdrive/MyDrive/datasets/ALFA/processed_csv/processed/carbonZ_2018-10-05-14-34-20_1_no_failure/carbonZ_2018-10-05-14-34-20_1_no_failure-diagnostics.csv,70910,0.068,2026-01-29T01:54:07,carbonZ_2018-10-05-14-34-20_1_no_failure-diagnostics.csv,carbonZ_2018-10-05-14-34-20_1_no_failure
carbonZ_2018-10-05-14-34-20_1_no_failure/carbonZ_2018-10-05-14-34-20_1_no_failure-mavlink-from.csv,/content/gdrive/MyDrive/datasets/ALFA/processed_csv/processed/carbonZ_2018-10-05-14-34-20_1_no_failure/carbonZ_2018-10-05-14-34-20_1_no_failure-mavlink-from.csv,1759208,1.678,2026-01-29T01:54:07,carbonZ_2018-10-05-14-34-20_1_no_failure-mavlink-from.csv,carbonZ_2018-10-05-14-34-20_1_no_failure
carbonZ_2018-10-05-14-34-20_1_no_failure/carbonZ_2018-10-05-14-34-20_1_no_failure-mavros-battery.csv,/content/gdrive/MyDrive/datasets/ALFA/processed_csv/processed/carbonZ_2018-10-05-14-34-20_1_no_failure/carbonZ_2018-10-05-14-34-20_1_no_failure-mavros-battery.csv,148358,0.141,2026-01-29T01:54:07,carbonZ_2018-10-05-14-34-20_1_no_failure-mavros-battery.csv,carbonZ_2018-10-05-14-34-20_1_no_failure
carbonZ_2018-10-05-14-34-20_1_no_failure/carbonZ_2018-10-05-14-34-20_1_no_failure-mavros-global_position-compass_hdg.csv,/content/gdrive/MyDrive/datasets/ALFA/processed_csv/processed/carbonZ_2018-10-05-14-34-20_1_no_failure/carbonZ_2018-10-05-14-34-20_1_no_failure-mavros-global_position-compass_hdg.csv,7353,0.007,2026-01-29T01:54:07,carbonZ_2018-10-05-14-34-20_1_no_failure-mavros-global_position-compass_hdg.csv,carbonZ_2018-10-05-14-34-20_1_no_failure
carbonZ_2018-10-05-14-34-20_1_no_failure/carbonZ_2018-10-05-14-34-20_1_no_failure-mavros-global_position-global.csv,/content/gdrive/MyDrive/datasets/ALFA/processed_csv/processed/carbonZ_2018-10-05-14-34-20_1_no_failure/carbonZ_2018-10-05-14-34-20_1_no_failure-mavros-global_position-global.csv,45965,0.044,2026-01-29T01:54:07,carbonZ_2018-10-05-14-34-20_1_no_failure-mavros-global_position-global.csv,carbonZ_2018-10-05-14-34-20_1_no_failure
carbonZ_2018-10-05-14-34-20_1_no_failure/carbonZ_2018-10-05-14-34-20_1_no_failure-mavros-global_position-local.csv,/content/gdrive/MyDrive/datasets/ALFA/processed_csv/processed/carbonZ_2018-10-05-14-34-20_1_no_failure/carbonZ_2018-10-05-14-34-20_1_no_failure-mavros-global_position-local.csv,145304,0.139,2026-01-29T01:54:07,carbonZ_2018-10-05-14-34-20_1_no_failure-mavros-global_position-local.csv,carbonZ_2018-10-05-14-34-20_1_no_failure
carbonZ_2018-10-05-14-34-20_1_no_failure/carbonZ_2018-10-05-14-34-20_1_no_failure-mavros-global_position-raw-fix.csv,/content/gdrive/MyDrive/datasets/ALFA/processed_csv/processed/carbonZ_2018-10-05-14-34-20_1_no_failure/carbonZ_2018-10-05-14-34-20_1_no_failure-mavros-global_position-raw-fix.csv,55735,0.053,2026-01-29T01:54:07,carbonZ_2018-10-05-14-34-20_1_no_failure-mavros-global_position-raw-fix.csv,carbonZ_2018-10-05-14-34-20_1_no_failure
carbonZ_2018-10-05-14-34-20_1_no_failure/carbonZ_2018-10-05-14-34-20_1_no_failure-mavros-global_position-raw-gps_vel.csv,/content/gdrive/MyDrive/datasets/ALFA/processed_csv/processed/carbonZ_2018-10-05-14-34-20_1_no_failure/carbonZ_2018-10-05-14-34-20_1_no_failure-mavros-global_position-raw-gps_vel.csv,31558,0.03,2026-01-29T01:54:07,carbonZ_2018-10-05-14-34-20_1_no_failure-mavros-global_position-raw-gps_vel.csv,carbonZ_2018-10-05-14-34-20_1_no_failure
carbonZ_2018-10-05-14-34-20_1_no_failure/carbonZ_2018-10-05-14-34-20_1_no_failure-mavros-global_position-rel_alt.csv,/content/gdrive/MyDrive/datasets/ALFA/processed_csv/processed/carbonZ_2018-10-05-14-34-20_1_no_failure/carbonZ_2018-10-05-14-34-20_1_no_failure-mavros-global_position-rel_alt.csv,7421,0.007,2026-01-29T01:54:07,carbonZ_2018-10-05-14-34-20_1_no_failure-mavros-global_position-rel_alt.csv,carbonZ_2018-10-05-14-34-20_1_no_failure
carbonZ_2018-10-05-14-34-20_1_no_failure/carbonZ_2018-10-05-14-34-20_1_no_failure-mavros-imu-atm_pressure.csv,/content/gdrive/MyDrive/datasets/ALFA/processed_csv/processed/carbonZ_2018-10-05-14-34-20_1_no_failure/carbonZ_2018-10-05-14-34-20_1_no_failure-mavros-imu-atm_pressure.csv,48834,0.047,2026-01-29T01:54:07,carbonZ_2018-10-05-14-34-20_1_no_failure-mavros-imu-atm_pressure.csv,carbonZ_2018-10-05-14-34-20_1_no_failure
carbonZ_2018-10-05-14-34-20_1_no_failure/carbonZ_2018-10-05-14-34-20_1_no_failure-mavros-imu-data.csv,/content/gdrive/MyDrive/datasets/ALFA/processed_csv/processed/carbonZ_2018-10-05-14-34-20_1_no_failure/carbonZ_2018-10-05-14-34-20_1_no_failure-mavros-imu-data.csv,63282,0.06,2026-01-29T01:54:07,carbonZ_2018-10-05-14-34-20_1_no_failure-mavros-imu-data.csv,carbonZ_2018-10-05-14-34-20_1_no_failure
carbonZ_2018-10-05-14-34-20_1_no_failure/carbonZ_2018-10-05-14-34-20_1_no_failure-mavros-imu-data_raw.csv,/content/gdrive/MyDrive/datasets/ALFA/processed_csv/processed/carbonZ_2018-10-05-14-34-20_1_no_failure/carbonZ_2018-10-05-14-34-20_1_no_failure-mavros-imu-data_raw.csv,188892,0.18,2026-01-29T01:54:07,carbonZ_2018-10-05-14-34-20_1_no_failure-mavros-imu-data_raw.csv,carbonZ_2018-10-05-14-34-20_1_no_failure
carbonZ_2018-10-05-14-34-20_1_no_failure/carbonZ_2018-10-05-14-34-20_1_no_failure-mavros-imu-mag.csv,/content/gdrive/MyDrive/datasets/ALFA/processed_csv/processed/carbonZ_2018-10-05-14-34-20_1_no_failure/carbonZ_2018-10-05-14-34-20_1_no_failure-mavros-imu-mag.csv,81414,0.078,2026-01-29T01:54:07,carbonZ_2018-10-05-14-34-20_1_no_failure-mavros-imu-mag.csv,carbonZ_2018-10-05-14-34-20_1_no_failure
carbonZ_2018-10-05-14-34-20_1_no_failure/carbonZ_2018-10-05-14-34-20_1_no_failure-mavros-imu-temperature.csv,/content/gdrive/MyDrive/datasets/ALFA/processed_csv/processed/carbonZ_2018-10-05-14-34-20_1_no_failure/carbonZ_2018-10-05-14-34-20_1_no_failure-mavros-imu-temperature.csv,43533,0.042,2026-01-29T01:54:08,carbonZ_2018-10-05-14-34-20_1_no_failure-mavros-imu-temperature.csv,carbonZ_2018-10-05-14-34-20_1_no_failure
carbonZ_2018-10-05-14-34-20_1_no_failure/carbonZ_2018-10-05-14-34-20_1_no_failure-mavros-local_position-odom.csv,/content/gdrive/MyDrive/datasets/ALFA/processed_csv/processed/carbonZ_2018-10-05-14-34-20_1_no_failure/carbonZ_2018-10-05-14-34-20_1_no_failure-mavros-local_position-odom.csv,159854,0.152,2026-01-29T01:54:07,carbonZ_2018-10-05-14-34-20_1_no_failure-mavros-local_position-odom.csv,carbonZ_2018-10-05-14-34-20_1_no_failure
carbonZ_2018-10-05-14-34-20_1_no_failure/carbonZ_2018-10-05-14-34-20_1_no_failure-mavros-local_position-pose.csv,/content/gdrive/MyDrive/datasets/ALFA/processed_csv/processed/carbonZ_2018-10-05-14-34-20_1_no_failure/carbonZ_2018-10-05-14-34-20_1_no_failure-mavros-local_position-pose.csv,42622,0.041,2026-01-29T01:54:08,carbonZ_2018-10-05-14-34-20_1_no_failure-mavros-local_position-pose.csv,carbonZ_2018-10-05-14-34-20_1_no_failure
carbonZ_2018-10-05-14-34-20_1_no_failure/carbonZ_2018-10-05-14-34-20_1_no_failure-mavros-local_position-velocity.csv,/content/gdrive/MyDrive/datasets/ALFA/processed_csv/processed/carbonZ_2018-10-05-14-34-20_1_no_failure/carbonZ_2018-10-05-14-34-20_1_no_failure-mavros-local_position-velocity.csv,38805,0.037,2026-01-29T01:54:08,carbonZ_2018-10-05-14-34-20_1_no_failure-mavros-local_position-velocity.csv,carbonZ_2018-10-05-14-34-20_1_no_failure
carbonZ_2018-10-05-14-34-20_1_no_failure/carbonZ_2018-10-05-14-34-20_1_no_failure-mavros-nav_info-airspeed.csv,/content/gdrive/MyDrive/datasets/ALFA/processed_csv/processed/carbonZ_2018-10-05-14-34-20_1_no_failure/carbonZ_2018-10-05-14-34-20_1_no_failure-mavros-nav_info-airspeed.csv,75261,0.072,2026-01-29T01:54:08,carbonZ_2018-10-05-14-34-20_1_no_failure-mavros-nav_info-airspeed.csv,carbonZ_2018-10-05-14-34-20_1_no_failure
carbonZ_2018-10-05-14-34-20_1_no_failure/carbonZ_2018-10-05-14-34-20_1_no_failure-mavros-nav_info-errors.csv,/content/gdrive/MyDrive/datasets/ALFA/processed_csv/processed/carbonZ_2018-10-05-14-34-20_1_no_failure/carbonZ_2018-10-05-14-34-20_1_no_failure-mavros-nav_info-errors.csv,125635,0.12,2026-01-29T01:54:08,carbonZ_2018-10-05-14-34-20_1_no_failure-mavros-nav_info-errors.csv,carbonZ_2018-10-05-14-34-20_1_no_failure
carbonZ_2018-10-05-14-34-20_1_no_failure/carbonZ_2018-10-05-14-34-20_1_no_failure-mavros-nav_info-pitch.csv,/content/gdrive/MyDrive/datasets/ALFA/processed_csv/processed/carbonZ_2018-10-05-14-34-20_1_no_failure/carbonZ_2018-10-05-14-34-20_1_no_failure-mavros-nav_info-pitch.csv,103075,0.098,2026-01-29T01:54:08,carbonZ_2018-10-05-14-34-20_1_no_failure-mavros-nav_info-pitch.csv,carbonZ_2018-10-05-14-34-20_1_no_failure
carbonZ_2018-10-05-14-34-20_1_no_failure/carbonZ_2018-10-05-14-34-20_1_no_failure-mavros-nav_info-roll.csv,/content/gdrive/MyDrive/datasets/ALFA/processed_csv/processed/carbonZ_2018-10-05-14-34-20_1_no_failure/carbonZ_2018-10-05-14-34-20_1_no_failure-mavros-nav_info-roll.csv,100686,0.096,2026-01-29T01:54:08,carbonZ_2018-10-05-14-34-20_1_no_failure-mavros-nav_info-roll.csv,carbonZ_2018-10-05-14-34-20_1_no_failure
carbonZ_2018-10-05-14-34-20_1_no_failure/carbonZ_2018-10-05-14-34-20_1_no_failure-mavros-nav_info-velocity.csv,/content/gdrive/MyDrive/datasets/ALFA/processed_csv/processed/carbonZ_2018-10-05-14-34-20_1_no_failure/carbonZ_2018-10-05-14-34-20_1_no_failure-mavros-nav_info-velocity.csv,138039,0.132,2026-01-29T01:54:08,carbonZ_2018-10-05-14-34-20_1_no_failure-mavros-nav_info-velocity.csv,carbonZ_2018-10-05-14-34-20_1_no_failure
carbonZ_2018-10-05-14-34-20_1_no_failure/carbonZ_2018-10-05-14-34-20_1_no_failure-mavros-nav_info-yaw.csv,/content/gdrive/MyDrive/datasets/ALFA/processed_csv/processed/carbonZ_2018-10-05-14-34-20_1_no_failure/carbonZ_2018-10-05-14-34-20_1_no_failure-mavros-nav_info-yaw.csv,91375,0.087,2026-01-29T01:54:08,carbonZ_2018-10-05-14-34-20_1_no_failure-mavros-nav_info-yaw.csv,carbonZ_2018-10-05-14-34-20_1_no_failure
carbonZ_2018-10-05-14-34-20_1_no_failure/carbonZ_2018-10-05-14-34-20_1_no_failure-mavros-rc-in.csv,/content/gdrive/MyDrive/datasets/ALFA/processed_csv/processed/carbonZ_2018-10-05-14-34-20_1_no_failure/carbonZ_2018-10-05-14-34-20_1_no_failure-mavros-rc-in.csv,26449,0.025,2026-01-29T01:54:08,carbonZ_2018-10-05-14-34-20_1_no_failure-mavros-rc-in.csv,carbonZ_2018-10-05-14-34-20_1_no_failure
carbonZ_2018-10-05-14-34-20_1_no_failure/carbonZ_2018-10-05-14-34-20_1_no_failure-mavros-rc-out.csv,/content/gdrive/MyDrive/datasets/ALFA/processed_csv/processed/carbonZ_2018-10-05-14-34-20_1_no_failure/carbonZ_2018-10-05-14-34-20_1_no_failure-mavros-rc-out.csv,17736,0.017,2026-01-29T01:54:08,carbonZ_2018-10-05-14-34-20_1_no_failure-mavros-rc-out.csv,carbonZ_2018-10-05-14-34-20_1_no_failure
carbonZ_2018-10-05-14-34-20_1_no_failure/carbonZ_2018-10-05-14-34-20_1_no_failure-mavros-setpoint_raw-target_global.csv,/content/gdrive/MyDrive/datasets/ALFA/processed_csv/processed/carbonZ_2018-10-05-14-34-20_1_no_failure/carbonZ_2018-10-05-14-34-20_1_no_failure-mavros-setpoint_raw-target_global.csv,202950,0.194,2026-01-29T01:54:08,carbonZ_2018-10-05-14-34-20_1_no_failure-mavros-setpoint_raw-target_global.csv,carbonZ_2018-10-05-14-34-20_1_no_failure
carbonZ_2018-10-05-14-34-20_1_no_failure/carbonZ_2018-10-05-14-34-20_1_no_failure-mavros-state.csv,/content/gdrive/MyDrive/datasets/ALFA/processed_csv/processed/carbonZ_2018-10-05-14-34-20_1_no_failure/carbonZ_2018-10-05-14-34-20_1_no_failure-mavros-state.csv,4194,0.004,2026-01-29T01:54:08,carbonZ_2018-10-05-14-34-20_1_no_failure-mavros-state.csv,carbonZ_2018-10-05-14-34-20_1_no_failure
carbonZ_2018-10-05-14-34-20_1_no_failure/carbonZ_2018-10-05-14-34-20_1_no_failure-mavros-time_reference.csv,/content/gdrive/MyDrive/datasets/ALFA/processed_csv/processed/carbonZ_2018-10-05-14-34-20_1_no_failure/carbonZ_2018-10-05-14-34-20_1_no_failure-mavros-time_reference.csv,10166,0.01,2026-01-29T01:54:08,carbonZ_2018-10-05-14-34-20_1_no_failure-mavros-time_reference.csv,carbonZ_2018-10-05-14-34-20_1_no_failure
carbonZ_2018-10-05-14-34-20_1_no_failure/carbonZ_2018-10-05-14-34-20_1_no_failure-mavros-vfr_hud.csv,/content/gdrive/MyDrive/datasets/ALFA/processed_csv/processed/carbonZ_2018-10-05-14-34-20_1_no_failure/carbonZ_2018-10-05-14-34-20_1_no_failure-mavros-vfr_hud.csv,19465,0.019,2026-01-29T01:54:08,carbonZ_2018-10-05-14-34-20_1_no_failure-mavros-vfr_hud.csv,carbonZ_2018-10-05-14-34-20_1_no_failure
carbonZ_2018-10-05-14-34-20_1_no_failure/carbonZ_2018-10-05-14-34-20_1_no_failure-mavros-wind_estimation.csv,/content/gdrive/MyDrive/datasets/ALFA/processed_csv/processed/carbonZ_2018-10-05-14-34-20_1_no_failure/carbonZ_2018-10-05-14-34-20_1_no_failure-mavros-wind_estimation.csv,13704,0.013,2026-01-29T01:54:08,carbonZ_2018-10-05-14-34-20_1_no_failure-mavros-wind_estimation.csv,carbonZ_2018-10-05-14-34-20_1_no_failure
carbonZ_2018-10-05-14-34-20_2_right_aileron_failure_with_emr_traj/carbonZ_2018-10-05-14-34-20_2_right_aileron_failure_with_emr_traj-diagnostics.csv,/content/gdrive/MyDrive/datasets/ALFA/processed_csv/processed/carbonZ_2018-10-05-14-34-20_2_right_aileron_failure_with_emr_traj/carbonZ_2018-10-05-14-34-20_2_right_aileron_failure_with_emr_traj-diagnostics.csv,168201,0.16,2026-01-29T01:54:08,carbonZ_2018-10-05-14-34-20_2_right_aileron_failure_with_emr_traj-diagnostics.csv,carbonZ_2018-10-05-14-34-20_2_right_aileron_failure_with_emr_traj
carbonZ_2018-10-05-14-34-20_2_right_aileron_failure_with_emr_traj/carbonZ_2018-10-05-14-34-20_2_right_aileron_failure_with_emr_traj-emergency_responder-traj_file.csv,/content/gdrive/MyDrive/datasets/ALFA/processed_csv/processed/carbonZ_2018-10-05-14-34-20_2_right_aileron_failure_with_emr_traj/carbonZ_2018-10-05-14-34-20_2_right_aileron_failure_with_emr_traj-emergency_responder-traj_file.csv,63,0.0,2026-01-29T01:54:08,carbonZ_2018-10-05-14-34-20_2_right_aileron_failure_with_emr_traj-emergency_responder-traj_file.csv,carbonZ_2018-10-05-14-34-20_2_right_aileron_failure_with_emr_traj
carbonZ_2018-10-05-14-34-20_2_right_aileron_failure_with_emr_traj/carbonZ_2018-10-05-14-34-20_2_right_aileron_failure_with_emr_traj-failure_status-aileron.csv,/content/gdrive/MyDrive/datasets/ALFA/processed_csv/processed/carbonZ_2018-10-05-14-34-20_2_right_aileron_failure_with_emr_traj/carbonZ_2018-10-05-14-34-20_2_right_aileron_failure_with_emr_traj-failure_status-aileron.csv,457,0.0,2026-01-29T01:54:08,carbonZ_2018-10-05-14-34-20_2_right_aileron_failure_with_emr_traj-failure_status-aileron.csv,carbonZ_2018-10-05-14-34-20_2_right_aileron_failure_with_emr_traj
carbonZ_2018-10-05-14-34-20_2_right_aileron_failure_with_emr_traj/carbonZ_2018-10-05-14-34-20_2_right_aileron_failure_with_emr_traj-mavctrl-path_dev.csv,/content/gdrive/MyDrive/datasets/ALFA/processed_csv/processed/carbonZ_2018-10-05-14-34-20_2_right_aileron_failure_with_emr_traj/carbonZ_2018-10-05-14-34-20_2_right_aileron_failure_with_emr_traj-mavctrl-path_dev.csv,427335,0.408,2026-01-29T01:54:08,carbonZ_2018-10-05-14-34-20_2_right_aileron_failure_with_emr_traj-mavctrl-path_dev.csv,carbonZ_2018-10-05-14-34-20_2_right_aileron_failure_with_emr_traj
carbonZ_2018-10-05-14-34-20_2_right_aileron_failure_with_emr_traj/carbonZ_2018-10-05-14-34-20_2_right_aileron_failure_with_emr_traj-mavctrl-rpy.csv,/content/gdrive/MyDrive/datasets/ALFA/processed_csv/processed/carbonZ_2018-10-05-14-34-20_2_right_aileron_failure_with_emr_traj/carbonZ_2018-10-05-14-34-20_2_right_aileron_failure_with_emr_traj-mavctrl-rpy.csv,539220,0.514,2026-01-29T01:54:08,carbonZ_2018-10-05-14-34-20_2_right_aileron_failure_with_emr_traj-mavctrl-rpy.csv,carbonZ_2018-10-05-14-34-20_2_right_aileron_failure_with_emr_traj
carbonZ_2018-10-05-14-34-20_2_right_aileron_failure_with_emr_traj/carbonZ_2018-10-05-14-34-20_2_right_aileron_failure_with_emr_traj-mavlink-from.csv,/content/gdrive/MyDrive/datasets/ALFA/processed_csv/processed/carbonZ_2018-10-05-14-34-20_2_right_aileron_failure_with_emr_traj/carbonZ_2018-10-05-14-34-20_2_right_aileron_failure_with_emr_traj-mavlink-from.csv,4302234,4.103,2026-01-29T01:54:08,carbonZ_2018-10-05-14-34-20_2_right_aileron_failure_with_emr_traj-mavlink-from.csv,carbonZ_2018-10-05-14-34-20_2_right_aileron_failure_with_emr_traj
carbonZ_2018-10-05-14-34-20_2_right_aileron_failure_with_emr_traj/carbonZ_2018-10-05-14-34-20_2_right_aileron_failure_with_emr_traj-mavros-battery.csv,/content/gdrive/MyDrive/datasets/ALFA/processed_csv/processed/carbonZ_2018-10-05-14-34-20_2_right_aileron_failure_with_emr_traj/carbonZ_2018-10-05-14-34-20_2_right_aileron_failure_with_emr_traj-mavros-battery.csv,357878,0.341,2026-01-29T01:54:08,carbonZ_2018-10-05-14-34-20_2_right_aileron_failure_with_emr_traj-mavros-battery.csv,carbonZ_2018-10-05-14-34-20_2_right_aileron_failure_with_emr_traj
carbonZ_2018-10-05-14-34-20_2_right_aileron_failure_with_emr_traj/carbonZ_2018-10-05-14-34-20_2_right_aileron_failure_with_emr_traj-mavros-global_position-compass_hdg.csv,/content/gdrive/MyDrive/datasets/ALFA/processed_csv/processed/carbonZ_2018-10-05-14-34-20_2_right_aileron_failure_with_emr_traj/carbonZ_2018-10-05-14-34-20_2_right_aileron_failure_with_emr_traj-mavros-global_position-compass_hdg.csv,17838,0.017,2026-01-29T01:54:08,carbonZ_2018-10-05-14-34-20_2_right_aileron_failure_with_emr_traj-mavros-global_position-compass_hdg.csv,carbonZ_2018-10-05-14-34-20_2_right_aileron_failure_with_emr_traj
carbonZ_2018-10-05-14-34-20_2_right_aileron_failure_with_emr_traj/carbonZ_2018-10-05-14-34-20_2_right_aileron_failure_with_emr_traj-mavros-global_position-global.csv,/content/gdrive/MyDrive/datasets/ALFA/processed_csv/processed/carbonZ_2018-10-05-14-34-20_2_right_aileron_failure_with_emr_traj/carbonZ_2018-10-05-14-34-20_2_right_aileron_failure_with_emr_traj-mavros-global_position-global.csv,108562,0.104,2026-01-29T01:54:08,carbonZ_2018-10-05-14-34-20_2_right_aileron_failure_with_emr_traj-mavros-global_position-global.csv,carbonZ_2018-10-05-14-34-20_2_right_aileron_failure_with_emr_traj
carbonZ_2018-10-05-14-34-20_2_right_aileron_failure_with_emr_traj/carbonZ_2018-10-05-14-34-20_2_right_aileron_failure_with_emr_traj-mavros-global_position-local.csv,/content/gdrive/MyDrive/datasets/ALFA/processed_csv/processed/carbonZ_2018-10-05-14-34-20_2_right_aileron_failure_with_emr_traj/carbonZ_2018-10-05-14-34-20_2_right_aileron_failure_with_emr_traj-mavros-global_position-local.csv,347448,0.331,2026-01-29T01:54:08,carbonZ_2018-10-05-14-34-20_2_right_aileron_failure_with_emr_traj-mavros-global_position-local.csv,carbonZ_2018-10-05-14-34-20_2_right_aileron_failure_with_emr_traj
carbonZ_2018-10-05-14-34-20_2_right_aileron_failure_with_emr_traj/carbonZ_2018-10-05-14-34-20_2_right_aileron_failure_with_emr_traj-mavros-global_position-raw-fix.csv,/content/gdrive/MyDrive/datasets/ALFA/processed_csv/processed/carbonZ_2018-10-05-14-34-20_2_right_aileron_failure_with_emr_traj/carbonZ_2018-10-05-14-34-20_2_right_aileron_failure_with_emr_traj-mavros-global_position-raw-fix.csv,131481,0.125,2026-01-29T01:54:08,carbonZ_2018-10-05-14-34-20_2_right_aileron_failure_with_emr_traj-mavros-global_position-raw-fix.csv,carbonZ_2018-10-05-14-34-20_2_right_aileron_failure_with_emr_traj
carbonZ_2018-10-05-14-34-20_2_right_aileron_failure_with_emr_traj/carbonZ_2018-10-05-14-34-20_2_right_aileron_failure_with_emr_traj-mavros-global_position-raw-gps_vel.csv,/content/gdrive/MyDrive/datasets/ALFA/processed_csv/processed/carbonZ_2018-10-05-14-34-20_2_right_aileron_failure_with_emr_traj/carbonZ_2018-10-05-14-34-20_2_right_aileron_failure_with_emr_traj-mavros-global_position-raw-gps_vel.csv,76323,0.073,2026-01-29T01:54:08,carbonZ_2018-10-05-14-34-20_2_right_aileron_failure_with_emr_traj-mavros-global_position-raw-gps_vel.csv,carbonZ_2018-10-05-14-34-20_2_right_aileron_failure_with_emr_traj
carbonZ_2018-10-05-14-34-20_2_right_aileron_failure_with_emr_traj/carbonZ_2018-10-05-14-34-20_2_right_aileron_failure_with_emr_traj-mavros-global_position-rel_alt.csv,/content/gdrive/MyDrive/datasets/ALFA/processed_csv/processed/carbonZ_2018-10-05-14-34-20_2_right_aileron_failure_with_emr_traj/carbonZ_2018-10-05-14-34-20_2_right_aileron_failure_with_emr_traj-mavros-global_position-rel_alt.csv,17979,0.017,2026-01-29T01:54:08,carbonZ_2018-10-05-14-34-20_2_right_aileron_failure_with_emr_traj-mavros-global_position-rel_alt.csv,carbonZ_2018-10-05-14-34-20_2_right_aileron_failure_with_emr_traj
carbonZ_2018-10-05-14-34-20_2_right_aileron_failure_with_emr_traj/carbonZ_2018-10-05-14-34-20_2_right_aileron_failure_with_emr_traj-mavros-imu-atm_pressure.csv,/content/gdrive/MyDrive/datasets/ALFA/processed_csv/processed/carbonZ_2018-10-05-14-34-20_2_right_aileron_failure_with_emr_traj/carbonZ_2018-10-05-14-34-20_2_right_aileron_failure_with_emr_traj-mavros-imu-atm_pressure.csv,119964,0.114,2026-01-29T01:54:08,carbonZ_2018-10-05-14-34-20_2_right_aileron_failure_with_emr_traj-mavros-imu-atm_pressure.csv,carbonZ_2018-10-05-14-34-20_2_right_aileron_failure_with_emr_traj
carbonZ_2018-10-05-14-34-20_2_right_aileron_failure_with_emr_traj/carbonZ_2018-10-05-14-34-20_2_right_aileron_failure_with_emr_traj-mavros-imu-data.csv,/content/gdrive/MyDrive/datasets/ALFA/processed_csv/processed/carbonZ_2018-10-05-14-34-20_2_right_aileron_failure_with_emr_traj/carbonZ_2018-10-05-14-34-20_2_right_aileron_failure_with_emr_traj-mavros-imu-data.csv,146861,0.14,2026-01-29T01:54:08,carbonZ_2018-10-05-14-34-20_2_right_aileron_failure_with_emr_traj-mavros-imu-data.csv,carbonZ_2018-10-05-14-34-20_2_right_aileron_failure_with_emr_traj
carbonZ_2018-10-05-14-34-20_2_right_aileron_failure_with_emr_traj/carbonZ_2018-10-05-14-34-20_2_right_aileron_failure_with_emr_traj-mavros-imu-data_raw.csv,/content/gdrive/MyDrive/datasets/ALFA/processed_csv/processed/carbonZ_2018-10-05-14-34-20_2_right_aileron_failure_with_emr_traj/carbonZ_2018-10-05-14-34-20_2_right_aileron_failure_with_emr_traj-mavros-imu-data_raw.csv,457250,0.436,2026-01-29T01:54:08,carbonZ_2018-10-05-14-34-20_2_right_aileron_failure_with_emr_traj-mavros-imu-data_raw.csv,carbonZ_2018-10-05-14-34-20_2_right_aileron_failure_with_emr_traj
carbonZ_2018-10-05-14-34-20_2_right_aileron_failure_with_emr_traj/carbonZ_2018-10-05-14-34-20_2_right_aileron_failure_with_emr_traj-mavros-imu-mag.csv,/content/gdrive/MyDrive/datasets/ALFA/processed_csv/processed/carbonZ_2018-10-05-14-34-20_2_right_aileron_failure_with_emr_traj/carbonZ_2018-10-05-14-34-20_2_right_aileron_failure_with_emr_traj-mavros-imu-mag.csv,198216,0.189,2026-01-29T01:54:08,carbonZ_2018-10-05-14-34-20_2_right_aileron_failure_with_emr_traj-mavros-imu-mag.csv,carbonZ_2018-10-05-14-34-20_2_right_aileron_failure_with_emr_traj
carbonZ_2018-10-05-14-34-20_2_right_aileron_failure_with_emr_traj/carbonZ_2018-10-05-14-34-20_2_right_aileron_failure_with_emr_traj-mavros-imu-temperature.csv,/content/gdrive/MyDrive/datasets/ALFA/processed_csv/processed/carbonZ_2018-10-05-14-34-20_2_right_aileron_failure_with_emr_traj/carbonZ_2018-10-05-14-34-20_2_right_aileron_failure_with_emr_traj-mavros-imu-temperature.csv,107056,0.102,2026-01-29T01:54:08,carbonZ_2018-10-05-14-34-20_2_right_aileron_failure_with_emr_traj-mavros-imu-temperature.csv,carbonZ_2018-10-05-14-34-20_2_right_aileron_failure_with_emr_traj
carbonZ_2018-10-05-14-34-20_2_right_aileron_failure_with_emr_traj/carbonZ_2018-10-05-14-34-20_2_right_aileron_failure_with_emr_traj-mavros-local_position-odom.csv,/content/gdrive/MyDrive/datasets/ALFA/processed_csv/processed/carbonZ_2018-10-05-14-34-20_2_right_aileron_failure_with_emr_traj/carbonZ_2018-10-05-14-34-20_2_right_aileron_failure_with_emr_traj-mavros-local_position-odom.csv,385975,0.368,2026-01-29T01:54:08,carbonZ_2018-10-05-14-34-20_2_right_aileron_failure_with_emr_traj-mavros-local_position-odom.csv,carbonZ_2018-10-05-14-34-20_2_right_aileron_failure_with_emr_traj
carbonZ_2018-10-05-14-34-20_2_right_aileron_failure_with_emr_traj/carbonZ_2018-10-05-14-34-20_2_right_aileron_failure_with_emr_traj-mavros-local_position-pose.csv,/content/gdrive/MyDrive/datasets/ALFA/processed_csv/processed/carbonZ_2018-10-05-14-34-20_2_right_aileron_failure_with_emr_traj/carbonZ_2018-10-05-14-34-20_2_right_aileron_failure_with_emr_traj-mavros-local_position-pose.csv,103718,0.099,2026-01-29T01:54:08,carbonZ_2018-10-05-14-34-20_2_right_aileron_failure_with_emr_traj-mavros-local_position-pose.csv,carbonZ_2018-10-05-14-34-20_2_right_aileron_failure_with_emr_traj
carbonZ_2018-10-05-14-34-20_2_right_aileron_failure_with_emr_traj/carbonZ_2018-10-05-14-34-20_2_right_aileron_failure_with_emr_traj-mavros-local_position-velocity.csv,/content/gdrive/MyDrive/datasets/ALFA/processed_csv/processed/carbonZ_2018-10-05-14-34-20_2_right_aileron_failure_with_emr_traj/carbonZ_2018-10-05-14-34-20_2_right_aileron_failure_with_emr_traj-mavros-local_position-velocity.csv,94626,0.09,2026-01-29T01:54:08,carbonZ_2018-10-05-14-34-20_2_right_aileron_failure_with_emr_traj-mavros-local_position-velocity.csv,carbonZ_2018-10-05-14-34-20_2_right_aileron_failure_with_emr_traj
carbonZ_2018-10-05-14-34-20_2_right_aileron_failure_with_emr_traj/carbonZ_2018-10-05-14-34-20_2_right_aileron_failure_with_emr_traj-mavros-nav_info-airspeed.csv,/content/gdrive/MyDrive/datasets/ALFA/processed_csv/processed/carbonZ_2018-10-05-14-34-20_2_right_aileron_failure_with_emr_traj/carbonZ_2018-10-05-14-34-20_2_right_aileron_failure_with_emr_traj-mavros-nav_info-airspeed.csv,183837,0.175,2026-01-29T01:54:08,carbonZ_2018-10-05-14-34-20_2_right_aileron_failure_with_emr_traj-mavros-nav_info-airspeed.csv,carbonZ_2018-10-05-14-34-20_2_right_aileron_failure_with_emr_traj
carbonZ_2018-10-05-14-34-20_2_right_aileron_failure_with_emr_traj/carbonZ_2018-10-05-14-34-20_2_right_aileron_failure_with_emr_traj-mavros-nav_info-errors.csv,/content/gdrive/MyDrive/datasets/ALFA/processed_csv/processed/carbonZ_2018-10-05-14-34-20_2_right_aileron_failure_with_emr_traj/carbonZ_2018-10-05-14-34-20_2_right_aileron_failure_with_emr_traj-mavros-nav_info-errors.csv,301136,0.287,2026-01-29T01:54:08,carbonZ_2018-10-05-14-34-20_2_right_aileron_failure_with_emr_traj-mavros-nav_info-errors.csv,carbonZ_2018-10-05-14-34-20_2_right_aileron_failure_with_emr_traj
carbonZ_2018-10-05-14-34-20_2_right_aileron_failure_with_emr_traj/carbonZ_2018-10-05-14-34-20_2_right_aileron_failure_with_emr_traj-mavros-nav_info-pitch.csv,/content/gdrive/MyDrive/datasets/ALFA/processed_csv/processed/carbonZ_2018-10-05-14-34-20_2_right_aileron_failure_with_emr_traj/carbonZ_2018-10-05-14-34-20_2_right_aileron_failure_with_emr_traj-mavros-nav_info-pitch.csv,246956,0.236,2026-01-29T01:54:08,carbonZ_2018-10-05-14-34-20_2_right_aileron_failure_with_emr_traj-mavros-nav_info-pitch.csv,carbonZ_2018-10-05-14-34-20_2_right_aileron_failure_with_emr_traj
carbonZ_2018-10-05-14-34-20_2_right_aileron_failure_with_emr_traj/carbonZ_2018-10-05-14-34-20_2_right_aileron_failure_with_emr_traj-mavros-nav_info-roll.csv,/content/gdrive/MyDrive/datasets/ALFA/processed_csv/processed/carbonZ_2018-10-05-14-34-20_2_right_aileron_failure_with_emr_traj/carbonZ_2018-10-05-14-34-20_2_right_aileron_failure_with_emr_traj-mavros-nav_info-roll.csv,244130,0.233,2026-01-29T01:54:08,carbonZ_2018-10-05-14-34-20_2_right_aileron_failure_with_emr_traj-mavros-nav_info-roll.csv,carbonZ_2018-10-05-14-34-20_2_right_aileron_failure_with_emr_traj
carbonZ_2018-10-05-14-34-20_2_right_aileron_failure_with_emr_traj/carbonZ_2018-10-05-14-34-20_2_right_aileron_failure_with_emr_traj-mavros-nav_info-velocity.csv,/content/gdrive/MyDrive/datasets/ALFA/processed_csv/processed/carbonZ_2018-10-05-14-34-20_2_right_aileron_failure_with_emr_traj/carbonZ_2018-10-05-14-34-20_2_right_aileron_failure_with_emr_traj-mavros-nav_info-velocity.csv,437096,0.417,2026-01-29T01:54:08,carbonZ_2018-10-05-14-34-20_2_right_aileron_failure_with_emr_traj-mavros-nav_info-velocity.csv,carbonZ_2018-10-05-14-34-20_2_right_aileron_failure_with_emr_traj
carbonZ_2018-10-05-14-34-20_2_right_aileron_failure_with_emr_traj/carbonZ_2018-10-05-14-34-20_2_right_aileron_failure_with_emr_traj-mavros-nav_info-yaw.csv,/content/gdrive/MyDrive/datasets/ALFA/processed_csv/processed/carbonZ_2018-10-05-14-34-20_2_right_aileron_failure_with_emr_traj/carbonZ_2018-10-05-14-34-20_2_right_aileron_failure_with_emr_traj-mavros-nav_info-yaw.csv,220289,0.21,2026-01-29T01:54:08,carbonZ_2018-10-05-14-34-20_2_right_aileron_failure_with_emr_traj-mavros-nav_info-yaw.csv,carbonZ_2018-10-05-14-34-20_2_right_aileron_failure_with_emr_traj
carbonZ_2018-10-05-14-34-20_2_right_aileron_failure_with_emr_traj/carbonZ_2018-10-05-14-34-20_2_right_aileron_failure_with_emr_traj-mavros-rc-in.csv,/content/gdrive/MyDrive/datasets/ALFA/processed_csv/processed/carbonZ_2018-10-05-14-34-20_2_right_aileron_failure_with_emr_traj/carbonZ_2018-10-05-14-34-20_2_right_aileron_failure_with_emr_traj-mavros-rc-in.csv,61777,0.059,2026-01-29T01:54:08,carbonZ_2018-10-05-14-34-20_2_right_aileron_failure_with_emr_traj-mavros-rc-in.csv,carbonZ_2018-10-05-14-34-20_2_right_aileron_failure_with_emr_traj
carbonZ_2018-10-05-14-34-20_2_right_aileron_failure_with_emr_traj/carbonZ_2018-10-05-14-34-20_2_right_aileron_failure_with_emr_traj-mavros-rc-out.csv,/content/gdrive/MyDrive/datasets/ALFA/processed_csv/processed/carbonZ_2018-10-05-14-34-20_2_right_aileron_failure_with_emr_traj/carbonZ_2018-10-05-14-34-20_2_right_aileron_failure_with_emr_traj-mavros-rc-out.csv,41472,0.04,2026-01-29T01:54:08,carbonZ_2018-10-05-14-34-20_2_right_aileron_failure_with_emr_traj-mavros-rc-out.csv,carbonZ_2018-10-05-14-34-20_2_right_aileron_failure_with_emr_traj
carbonZ_2018-10-05-14-34-20_2_right_aileron_failure_with_emr_traj/carbonZ_2018-10-05-14-34-20_2_right_aileron_failure_with_emr_traj-mavros-setpoint_raw-local.csv,/content/gdrive/MyDrive/datasets/ALFA/processed_csv/processed/carbonZ_2018-10-05-14-34-20_2_right_aileron_failure_with_emr_traj/carbonZ_2018-10-05-14-34-20_2_right_aileron_failure_with_emr_traj-mavros-setpoint_raw-local.csv,1077065,1.027,2026-01-29T01:54:08,carbonZ_2018-10-05-14-34-20_2_right_aileron_failure_with_emr_traj-mavros-setpoint_raw-local.csv,carbonZ_2018-10-05-14-34-20_2_right_aileron_failure_with_emr_traj
carbonZ_2018-10-05-14-34-20_2_right_aileron_failure_with_emr_traj/carbonZ_2018-10-05-14-34-20_2_right_aileron_failure_with_emr_traj-mavros-setpoint_raw-target_global.csv,/content/gdrive/MyDrive/datasets/ALFA/processed_csv/processed/carbonZ_2018-10-05-14-34-20_2_right_aileron_failure_with_emr_traj/carbonZ_2018-10-05-14-34-20_2_right_aileron_failure_with_emr_traj-mavros-setpoint_raw-target_global.csv,597573,0.57,2026-01-29T01:54:08,carbonZ_2018-10-05-14-34-20_2_right_aileron_failure_with_emr_traj-mavros-setpoint_raw-target_global.csv,carbonZ_2018-10-05-14-34-20_2_right_aileron_failure_with_emr_traj
carbonZ_2018-10-05-14-34-20_2_right_aileron_failure_with_emr_traj/carbonZ_2018-10-05-14-34-20_2_right_aileron_failure_with_emr_traj-mavros-state.csv,/content/gdrive/MyDrive/datasets/ALFA/processed_csv/processed/carbonZ_2018-10-05-14-34-20_2_right_aileron_failure_with_emr_traj/carbonZ_2018-10-05-14-34-20_2_right_aileron_failure_with_emr_traj-mavros-state.csv,10079,0.01,2026-01-29T01:54:08,carbonZ_2018-10-05-14-34-20_2_right_aileron_failure_with_emr_traj-mavros-state.csv,carbonZ_2018-10-05-14-34-20_2_right_aileron_failure_with_emr_traj
carbonZ_2018-10-05-14-34-20_2_right_aileron_failure_with_emr_traj/carbonZ_2018-10-05-14-34-20_2_right_aileron_failure_with_emr_traj-mavros-time_reference.csv,/content/gdrive/MyDrive/datasets/ALFA/processed_csv/processed/carbonZ_2018-10-05-14-34-20_2_right_aileron_failure_with_emr_traj/carbonZ_2018-10-05-14-34-20_2_right_aileron_failure_with_emr_traj-mavros-time_reference.csv,24242,0.023,2026-01-29T01:54:08,carbonZ_2018-10-05-14-34-20_2_right_aileron_failure_with_emr_traj-mavros-time_reference.csv,carbonZ_2018-10-05-14-34-20_2_right_aileron_failure_with_emr_traj
carbonZ_2018-10-05-14-34-20_2_right_aileron_failure_with_emr_traj/carbonZ_2018-10-05-14-34-20_2_right_aileron_failure_with_emr_traj-mavros-vfr_hud.csv,/content/gdrive/MyDrive/datasets/ALFA/processed_csv/processed/carbonZ_2018-10-05-14-34-20_2_right_aileron_failure_with_emr_traj/carbonZ_2018-10-05-14-34-20_2_right_aileron_failure_with_emr_traj-mavros-vfr_hud.csv,45508,0.043,2026-01-29T01:54:08,carbonZ_2018-10-05-14-34-20_2_right_aileron_failure_with_emr_traj-mavros-vfr_hud.csv,carbonZ_2018-10-05-14-34-20_2_right_aileron_failure_with_emr_traj
carbonZ_2018-10-05-14-34-20_2_right_aileron_failure_with_emr_traj/carbonZ_2018-10-05-14-34-20_2_right_aileron_failure_with_emr_traj-mavros-wind_estimation.csv,/content/gdrive/MyDrive/datasets/ALFA/processed_csv/processed/carbonZ_2018-10-05-14-34-20_2_right_aileron_failure_with_emr_traj/carbonZ_2018-10-05-14-34-20_2_right_aileron_failure_with_emr_traj-mavros-wind_estimation.csv,32280,0.031,2026-01-29T01:54:08,carbonZ_2018-10-05-14-34-20_2_right_aileron_failure_with_emr_traj-mavros-wind_estimation.csv,carbonZ_2018-10-05-14-34-20_2_right_aileron_failure_with_emr_traj
carbonZ_2018-10-05-14-37-22_1_no_failure/carbonZ_2018-10-05-14-37-22_1_no_failure-diagnostics.csv,/content/gdrive/MyDrive/datasets/ALFA/processed_csv/processed/carbonZ_2018-10-05-14-37-22_1_no_failure/carbonZ_2018-10-05-14-37-22_1_no_failure-diagnostics.csv,75915,0.072,2026-01-29T01:54:09,carbonZ_2018-10-05-14-37-22_1_no_failure-diagnostics.csv,carbonZ_2018-10-05-14-37-22_1_no_failure
carbonZ_2018-10-05-14-37-22_1_no_failure/carbonZ_2018-10-05-14-37-22_1_no_failure-mavlink-from.csv,/content/gdrive/MyDrive/datasets/ALFA/processed_csv/processed/carbonZ_2018-10-05-14-37-22_1_no_failure/carbonZ_2018-10-05-14-37-22_1_no_failure-mavlink-from.csv,1905851,1.818,2026-01-29T01:54:08,carbonZ_2018-10-05-14-37-22_1_no_failure-mavlink-from.csv,carbonZ_2018-10-05-14-37-22_1_no_failure
carbonZ_2018-10-05-14-37-22_1_no_failure/carbonZ_2018-10-05-14-37-22_1_no_failure-mavros-battery.csv,/content/gdrive/MyDrive/datasets/ALFA/processed_csv/processed/carbonZ_2018-10-05-14-37-22_1_no_failure/carbonZ_2018-10-05-14-37-22_1_no_failure-mavros-battery.csv,158864,0.152,2026-01-29T01:54:09,carbonZ_2018-10-05-14-37-22_1_no_failure-mavros-battery.csv,carbonZ_2018-10-05-14-37-22_1_no_failure
carbonZ_2018-10-05-14-37-22_1_no_failure/carbonZ_2018-10-05-14-37-22_1_no_failure-mavros-global_position-compass_hdg.csv,/content/gdrive/MyDrive/datasets/ALFA/processed_csv/processed/carbonZ_2018-10-05-14-37-22_1_no_failure/carbonZ_2018-10-05-14-37-22_1_no_failure-mavros-global_position-compass_hdg.csv,7954,0.008,2026-01-29T01:54:08,carbonZ_2018-10-05-14-37-22_1_no_failure-mavros-global_position-compass_hdg.csv,carbonZ_2018-10-05-14-37-22_1_no_failure
carbonZ_2018-10-05-14-37-22_1_no_failure/carbonZ_2018-10-05-14-37-22_1_no_failure-mavros-global_position-global.csv,/content/gdrive/MyDrive/datasets/ALFA/processed_csv/processed/carbonZ_2018-10-05-14-37-22_1_no_failure/carbonZ_2018-10-05-14-37-22_1_no_failure-mavros-global_position-global.csv,49590,0.047,2026-01-29T01:54:08,carbonZ_2018-10-05-14-37-22_1_no_failure-mavros-global_position-global.csv,carbonZ_2018-10-05-14-37-22_1_no_failure
carbonZ_2018-10-05-14-37-22_1_no_failure/carbonZ_2018-10-05-14-37-22_1_no_failure-mavros-global_position-local.csv,/content/gdrive/MyDrive/datasets/ALFA/processed_csv/processed/carbonZ_2018-10-05-14-37-22_1_no_failure/carbonZ_2018-10-05-14-37-22_1_no_failure-mavros-global_position-local.csv,156807,0.15,2026-01-29T01:54:09,carbonZ_2018-10-05-14-37-22_1_no_failure-mavros-global_position-local.csv,carbonZ_2018-10-05-14-37-22_1_no_failure
carbonZ_2018-10-05-14-37-22_1_no_failure/carbonZ_2018-10-05-14-37-22_1_no_failure-mavros-global_position-raw-fix.csv,/content/gdrive/MyDrive/datasets/ALFA/processed_csv/processed/carbonZ_2018-10-05-14-37-22_1_no_failure/carbonZ_2018-10-05-14-37-22_1_no_failure-mavros-global_position-raw-fix.csv,60470,0.058,2026-01-29T01:54:08,carbonZ_2018-10-05-14-37-22_1_no_failure-mavros-global_position-raw-fix.csv,carbonZ_2018-10-05-14-37-22_1_no_failure
carbonZ_2018-10-05-14-37-22_1_no_failure/carbonZ_2018-10-05-14-37-22_1_no_failure-mavros-global_position-raw-gps_vel.csv,/content/gdrive/MyDrive/datasets/ALFA/processed_csv/processed/carbonZ_2018-10-05-14-37-22_1_no_failure/carbonZ_2018-10-05-14-37-22_1_no_failure-mavros-global_position-raw-gps_vel.csv,34383,0.033,2026-01-29T01:54:09,carbonZ_2018-10-05-14-37-22_1_no_failure-mavros-global_position-raw-gps_vel.csv,carbonZ_2018-10-05-14-37-22_1_no_failure
carbonZ_2018-10-05-14-37-22_1_no_failure/carbonZ_2018-10-05-14-37-22_1_no_failure-mavros-global_position-rel_alt.csv,/content/gdrive/MyDrive/datasets/ALFA/processed_csv/processed/carbonZ_2018-10-05-14-37-22_1_no_failure/carbonZ_2018-10-05-14-37-22_1_no_failure-mavros-global_position-rel_alt.csv,8031,0.008,2026-01-29T01:54:09,carbonZ_2018-10-05-14-37-22_1_no_failure-mavros-global_position-rel_alt.csv,carbonZ_2018-10-05-14-37-22_1_no_failure
carbonZ_2018-10-05-14-37-22_1_no_failure/carbonZ_2018-10-05-14-37-22_1_no_failure-mavros-imu-atm_pressure.csv,/content/gdrive/MyDrive/datasets/ALFA/processed_csv/processed/carbonZ_2018-10-05-14-37-22_1_no_failure/carbonZ_2018-10-05-14-37-22_1_no_failure-mavros-imu-atm_pressure.csv,53089,0.051,2026-01-29T01:54:09,carbonZ_2018-10-05-14-37-22_1_no_failure-mavros-imu-atm_pressure.csv,carbonZ_2018-10-05-14-37-22_1_no_failure
carbonZ_2018-10-05-14-37-22_1_no_failure/carbonZ_2018-10-05-14-37-22_1_no_failure-mavros-imu-data.csv,/content/gdrive/MyDrive/datasets/ALFA/processed_csv/processed/carbonZ_2018-10-05-14-37-22_1_no_failure/carbonZ_2018-10-05-14-37-22_1_no_failure-mavros-imu-data.csv,68190,0.065,2026-01-29T01:54:09,carbonZ_2018-10-05-14-37-22_1_no_failure-mavros-imu-data.csv,carbonZ_2018-10-05-14-37-22_1_no_failure
carbonZ_2018-10-05-14-37-22_1_no_failure/carbonZ_2018-10-05-14-37-22_1_no_failure-mavros-imu-data_raw.csv,/content/gdrive/MyDrive/datasets/ALFA/processed_csv/processed/carbonZ_2018-10-05-14-37-22_1_no_failure/carbonZ_2018-10-05-14-37-22_1_no_failure-mavros-imu-data_raw.csv,205352,0.196,2026-01-29T01:54:09,carbonZ_2018-10-05-14-37-22_1_no_failure-mavros-imu-data_raw.csv,carbonZ_2018-10-05-14-37-22_1_no_failure
carbonZ_2018-10-05-14-37-22_1_no_failure/carbonZ_2018-10-05-14-37-22_1_no_failure-mavros-imu-mag.csv,/content/gdrive/MyDrive/datasets/ALFA/processed_csv/processed/carbonZ_2018-10-05-14-37-22_1_no_failure/carbonZ_2018-10-05-14-37-22_1_no_failure-mavros-imu-mag.csv,87820,0.084,2026-01-29T01:54:09,carbonZ_2018-10-05-14-37-22_1_no_failure-mavros-imu-mag.csv,carbonZ_2018-10-05-14-37-22_1_no_failure
carbonZ_2018-10-05-14-37-22_1_no_failure/carbonZ_2018-10-05-14-37-22_1_no_failure-mavros-imu-temperature.csv,/content/gdrive/MyDrive/datasets/ALFA/processed_csv/processed/carbonZ_2018-10-05-14-37-22_1_no_failure/carbonZ_2018-10-05-14-37-22_1_no_failure-mavros-imu-temperature.csv,47275,0.045,2026-01-29T01:54:09,carbonZ_2018-10-05-14-37-22_1_no_failure-mavros-imu-temperature.csv,carbonZ_2018-10-05-14-37-22_1_no_failure
carbonZ_2018-10-05-14-37-22_1_no_failure/carbonZ_2018-10-05-14-37-22_1_no_failure-mavros-local_position-odom.csv,/content/gdrive/MyDrive/datasets/ALFA/processed_csv/processed/carbonZ_2018-10-05-14-37-22_1_no_failure/carbonZ_2018-10-05-14-37-22_1_no_failure-mavros-local_position-odom.csv,172931,0.165,2026-01-29T01:54:09,carbonZ_2018-10-05-14-37-22_1_no_failure-mavros-local_position-odom.csv,carbonZ_2018-10-05-14-37-22_1_no_failure
carbonZ_2018-10-05-14-37-22_1_no_failure/carbonZ_2018-10-05-14-37-22_1_no_failure-mavros-local_position-pose.csv,/content/gdrive/MyDrive/datasets/ALFA/processed_csv/processed/carbonZ_2018-10-05-14-37-22_1_no_failure/carbonZ_2018-10-05-14-37-22_1_no_failure-mavros-local_position-pose.csv,46071,0.044,2026-01-29T01:54:09,carbonZ_2018-10-05-14-37-22_1_no_failure-mavros-local_position-pose.csv,carbonZ_2018-10-05-14-37-22_1_no_failure
carbonZ_2018-10-05-14-37-22_1_no_failure/carbonZ_2018-10-05-14-37-22_1_no_failure-mavros-local_position-velocity.csv,/content/gdrive/MyDrive/datasets/ALFA/processed_csv/processed/carbonZ_2018-10-05-14-37-22_1_no_failure/carbonZ_2018-10-05-14-37-22_1_no_failure-mavros-local_position-velocity.csv,42112,0.04,2026-01-29T01:54:09,carbonZ_2018-10-05-14-37-22_1_no_failure-mavros-local_position-velocity.csv,carbonZ_2018-10-05-14-37-22_1_no_failure
carbonZ_2018-10-05-14-37-22_1_no_failure/carbonZ_2018-10-05-14-37-22_1_no_failure-mavros-mission-reached.csv,/content/gdrive/MyDrive/datasets/ALFA/processed_csv/processed/carbonZ_2018-10-05-14-37-22_1_no_failure/carbonZ_2018-10-05-14-37-22_1_no_failure-mavros-mission-reached.csv,122,0.0,2026-01-29T01:54:09,carbonZ_2018-10-05-14-37-22_1_no_failure-mavros-mission-reached.csv,carbonZ_2018-10-05-14-37-22_1_no_failure
carbonZ_2018-10-05-14-37-22_1_no_failure/carbonZ_2018-10-05-14-37-22_1_no_failure-mavros-nav_info-airspeed.csv,/content/gdrive/MyDrive/datasets/ALFA/processed_csv/processed/carbonZ_2018-10-05-14-37-22_1_no_failure/carbonZ_2018-10-05-14-37-22_1_no_failure-mavros-nav_info-airspeed.csv,81384,0.078,2026-01-29T01:54:09,carbonZ_2018-10-05-14-37-22_1_no_failure-mavros-nav_info-airspeed.csv,carbonZ_2018-10-05-14-37-22_1_no_failure
carbonZ_2018-10-05-14-37-22_1_no_failure/carbonZ_2018-10-05-14-37-22_1_no_failure-mavros-nav_info-errors.csv,/content/gdrive/MyDrive/datasets/ALFA/processed_csv/processed/carbonZ_2018-10-05-14-37-22_1_no_failure/carbonZ_2018-10-05-14-37-22_1_no_failure-mavros-nav_info-errors.csv,135680,0.129,2026-01-29T01:54:09,carbonZ_2018-10-05-14-37-22_1_no_failure-mavros-nav_info-errors.csv,carbonZ_2018-10-05-14-37-22_1_no_failure
carbonZ_2018-10-05-14-37-22_1_no_failure/carbonZ_2018-10-05-14-37-22_1_no_failure-mavros-nav_info-pitch.csv,/content/gdrive/MyDrive/datasets/ALFA/processed_csv/processed/carbonZ_2018-10-05-14-37-22_1_no_failure/carbonZ_2018-10-05-14-37-22_1_no_failure-mavros-nav_info-pitch.csv,110486,0.105,2026-01-29T01:54:09,carbonZ_2018-10-05-14-37-22_1_no_failure-mavros-nav_info-pitch.csv,carbonZ_2018-10-05-14-37-22_1_no_failure
carbonZ_2018-10-05-14-37-22_1_no_failure/carbonZ_2018-10-05-14-37-22_1_no_failure-mavros-nav_info-roll.csv,/content/gdrive/MyDrive/datasets/ALFA/processed_csv/processed/carbonZ_2018-10-05-14-37-22_1_no_failure/carbonZ_2018-10-05-14-37-22_1_no_failure-mavros-nav_info-roll.csv,109370,0.104,2026-01-29T01:54:09,carbonZ_2018-10-05-14-37-22_1_no_failure-mavros-nav_info-roll.csv,carbonZ_2018-10-05-14-37-22_1_no_failure
carbonZ_2018-10-05-14-37-22_1_no_failure/carbonZ_2018-10-05-14-37-22_1_no_failure-mavros-nav_info-velocity.csv,/content/gdrive/MyDrive/datasets/ALFA/processed_csv/processed/carbonZ_2018-10-05-14-37-22_1_no_failure/carbonZ_2018-10-05-14-37-22_1_no_failure-mavros-nav_info-velocity.csv,150801,0.144,2026-01-29T01:54:09,carbonZ_2018-10-05-14-37-22_1_no_failure-mavros-nav_info-velocity.csv,carbonZ_2018-10-05-14-37-22_1_no_failure
carbonZ_2018-10-05-14-37-22_1_no_failure/carbonZ_2018-10-05-14-37-22_1_no_failure-mavros-nav_info-yaw.csv,/content/gdrive/MyDrive/datasets/ALFA/processed_csv/processed/carbonZ_2018-10-05-14-37-22_1_no_failure/carbonZ_2018-10-05-14-37-22_1_no_failure-mavros-nav_info-yaw.csv,98536,0.094,2026-01-29T01:54:09,carbonZ_2018-10-05-14-37-22_1_no_failure-mavros-nav_info-yaw.csv,carbonZ_2018-10-05-14-37-22_1_no_failure
carbonZ_2018-10-05-14-37-22_1_no_failure/carbonZ_2018-10-05-14-37-22_1_no_failure-mavros-rc-in.csv,/content/gdrive/MyDrive/datasets/ALFA/processed_csv/processed/carbonZ_2018-10-05-14-37-22_1_no_failure/carbonZ_2018-10-05-14-37-22_1_no_failure-mavros-rc-in.csv,28369,0.027,2026-01-29T01:54:09,carbonZ_2018-10-05-14-37-22_1_no_failure-mavros-rc-in.csv,carbonZ_2018-10-05-14-37-22_1_no_failure
carbonZ_2018-10-05-14-37-22_1_no_failure/carbonZ_2018-10-05-14-37-22_1_no_failure-mavros-rc-out.csv,/content/gdrive/MyDrive/datasets/ALFA/processed_csv/processed/carbonZ_2018-10-05-14-37-22_1_no_failure/carbonZ_2018-10-05-14-37-22_1_no_failure-mavros-rc-out.csv,19026,0.018,2026-01-29T01:54:09,carbonZ_2018-10-05-14-37-22_1_no_failure-mavros-rc-out.csv,carbonZ_2018-10-05-14-37-22_1_no_failure
carbonZ_2018-10-05-14-37-22_1_no_failure/carbonZ_2018-10-05-14-37-22_1_no_failure-mavros-setpoint_raw-target_global.csv,/content/gdrive/MyDrive/datasets/ALFA/processed_csv/processed/carbonZ_2018-10-05-14-37-22_1_no_failure/carbonZ_2018-10-05-14-37-22_1_no_failure-mavros-setpoint_raw-target_global.csv,213142,0.203,2026-01-29T01:54:09,carbonZ_2018-10-05-14-37-22_1_no_failure-mavros-setpoint_raw-target_global.csv,carbonZ_2018-10-05-14-37-22_1_no_failure
carbonZ_2018-10-05-14-37-22_1_no_failure/carbonZ_2018-10-05-14-37-22_1_no_failure-mavros-state.csv,/content/gdrive/MyDrive/datasets/ALFA/processed_csv/processed/carbonZ_2018-10-05-14-37-22_1_no_failure/carbonZ_2018-10-05-14-37-22_1_no_failure-mavros-state.csv,4516,0.004,2026-01-29T01:54:09,carbonZ_2018-10-05-14-37-22_1_no_failure-mavros-state.csv,carbonZ_2018-10-05-14-37-22_1_no_failure
carbonZ_2018-10-05-14-37-22_1_no_failure/carbonZ_2018-10-05-14-37-22_1_no_failure-mavros-time_reference.csv,/content/gdrive/MyDrive/datasets/ALFA/processed_csv/processed/carbonZ_2018-10-05-14-37-22_1_no_failure/carbonZ_2018-10-05-14-37-22_1_no_failure-mavros-time_reference.csv,11247,0.011,2026-01-29T01:54:09,carbonZ_2018-10-05-14-37-22_1_no_failure-mavros-time_reference.csv,carbonZ_2018-10-05-14-37-22_1_no_failure
carbonZ_2018-10-05-14-37-22_1_no_failure/carbonZ_2018-10-05-14-37-22_1_no_failure-mavros-vfr_hud.csv,/content/gdrive/MyDrive/datasets/ALFA/processed_csv/processed/carbonZ_2018-10-05-14-37-22_1_no_failure/carbonZ_2018-10-05-14-37-22_1_no_failure-mavros-vfr_hud.csv,20965,0.02,2026-01-29T01:54:09,carbonZ_2018-10-05-14-37-22_1_no_failure-mavros-vfr_hud.csv,carbonZ_2018-10-05-14-37-22_1_no_failure
carbonZ_2018-10-05-14-37-22_1_no_failure/carbonZ_2018-10-05-14-37-22_1_no_failure-mavros-wind_estimation.csv,/content/gdrive/MyDrive/datasets/ALFA/processed_csv/processed/carbonZ_2018-10-05-14-37-22_1_no_failure/carbonZ_2018-10-05-14-37-22_1_no_failure-mavros-wind_estimation.csv,14999,0.014,2026-01-29T01:54:09,carbonZ_2018-10-05-14-37-22_1_no_failure-mavros-wind_estimation.csv,carbonZ_2018-10-05-14-37-22_1_no_failure
carbonZ_2018-10-05-14-37-22_2_right_aileron_failure/carbonZ_2018-10-05-14-37-22_2_right_aileron_failure-diagnostics.csv,/content/gdrive/MyDrive/datasets/ALFA/processed_csv/processed/carbonZ_2018-10-05-14-37-22_2_right_aileron_failure/carbonZ_2018-10-05-14-37-22_2_right_aileron_failure-diagnostics.csv,154909,0.148,2026-01-29T01:54:09,carbonZ_2018-10-05-14-37-22_2_right_aileron_failure-diagnostics.csv,carbonZ_2018-10-05-14-37-22_2_right_aileron_failure
carbonZ_2018-10-05-14-37-22_2_right_aileron_failure/carbonZ_2018-10-05-14-37-22_2_right_aileron_failure-failure_status-aileron.csv,/content/gdrive/MyDrive/datasets/ALFA/processed_csv/processed/carbonZ_2018-10-05-14-37-22_2_right_aileron_failure/carbonZ_2018-10-05-14-37-22_2_right_aileron_failure-failure_status-aileron.csv,3163,0.003,2026-01-29T01:54:09,carbonZ_2018-10-05-14-37-22_2_right_aileron_failure-failure_status-aileron.csv,carbonZ_2018-10-05-14-37-22_2_right_aileron_failure
carbonZ_2018-10-05-14-37-22_2_right_aileron_failure/carbonZ_2018-10-05-14-37-22_2_right_aileron_failure-mavctrl-path_dev.csv,/content/gdrive/MyDrive/datasets/ALFA/processed_csv/processed/carbonZ_2018-10-05-14-37-22_2_right_aileron_failure/carbonZ_2018-10-05-14-37-22_2_right_aileron_failure-mavctrl-path_dev.csv,383338,0.366,2026-01-29T01:54:09,carbonZ_2018-10-05-14-37-22_2_right_aileron_failure-mavctrl-path_dev.csv,carbonZ_2018-10-05-14-37-22_2_right_aileron_failure
carbonZ_2018-10-05-14-37-22_2_right_aileron_failure/carbonZ_2018-10-05-14-37-22_2_right_aileron_failure-mavctrl-rpy.csv,/content/gdrive/MyDrive/datasets/ALFA/processed_csv/processed/carbonZ_2018-10-05-14-37-22_2_right_aileron_failure/carbonZ_2018-10-05-14-37-22_2_right_aileron_failure-mavctrl-rpy.csv,484522,0.462,2026-01-29T01:54:09,carbonZ_2018-10-05-14-37-22_2_right_aileron_failure-mavctrl-rpy.csv,carbonZ_2018-10-05-14-37-22_2_right_aileron_failure
carbonZ_2018-10-05-14-37-22_2_right_aileron_failure/carbonZ_2018-10-05-14-37-22_2_right_aileron_failure-mavlink-from.csv,/content/gdrive/MyDrive/datasets/ALFA/processed_csv/processed/carbonZ_2018-10-05-14-37-22_2_right_aileron_failure/carbonZ_2018-10-05-14-37-22_2_right_aileron_failure-mavlink-from.csv,3876967,3.697,2026-01-29T01:54:09,carbonZ_2018-10-05-14-37-22_2_right_aileron_failure-mavlink-from.csv,carbonZ_2018-10-05-14-37-22_2_right_aileron_failure
carbonZ_2018-10-05-14-37-22_2_right_aileron_failure/carbonZ_2018-10-05-14-37-22_2_right_aileron_failure-mavros-battery.csv,/content/gdrive/MyDrive/datasets/ALFA/processed_csv/processed/carbonZ_2018-10-05-14-37-22_2_right_aileron_failure/carbonZ_2018-10-05-14-37-22_2_right_aileron_failure-mavros-battery.csv,318566,0.304,2026-01-29T01:54:09,carbonZ_2018-10-05-14-37-22_2_right_aileron_failure-mavros-battery.csv,carbonZ_2018-10-05-14-37-22_2_right_aileron_failure
carbonZ_2018-10-05-14-37-22_2_right_aileron_failure/carbonZ_2018-10-05-14-37-22_2_right_aileron_failure-mavros-global_position-compass_hdg.csv,/content/gdrive/MyDrive/datasets/ALFA/processed_csv/processed/carbonZ_2018-10-05-14-37-22_2_right_aileron_failure/carbonZ_2018-10-05-14-37-22_2_right_aileron_failure-mavros-global_position-compass_hdg.csv,15838,0.015,2026-01-29T01:54:09,carbonZ_2018-10-05-14-37-22_2_right_aileron_failure-mavros-global_position-compass_hdg.csv,carbonZ_2018-10-05-14-37-22_2_right_aileron_failure
carbonZ_2018-10-05-14-37-22_2_right_aileron_failure/carbonZ_2018-10-05-14-37-22_2_right_aileron_failure-mavros-global_position-global.csv,/content/gdrive/MyDrive/datasets/ALFA/processed_csv/processed/carbonZ_2018-10-05-14-37-22_2_right_aileron_failure/carbonZ_2018-10-05-14-37-22_2_right_aileron_failure-mavros-global_position-global.csv,98196,0.094,2026-01-29T01:54:09,carbonZ_2018-10-05-14-37-22_2_right_aileron_failure-mavros-global_position-global.csv,carbonZ_2018-10-05-14-37-22_2_right_aileron_failure
carbonZ_2018-10-05-14-37-22_2_right_aileron_failure/carbonZ_2018-10-05-14-37-22_2_right_aileron_failure-mavros-global_position-local.csv,/content/gdrive/MyDrive/datasets/ALFA/processed_csv/processed/carbonZ_2018-10-05-14-37-22_2_right_aileron_failure/carbonZ_2018-10-05-14-37-22_2_right_aileron_failure-mavros-global_position-local.csv,310394,0.296,2026-01-29T01:54:09,carbonZ_2018-10-05-14-37-22_2_right_aileron_failure-mavros-global_position-local.csv,carbonZ_2018-10-05-14-37-22_2_right_aileron_failure
carbonZ_2018-10-05-14-37-22_2_right_aileron_failure/carbonZ_2018-10-05-14-37-22_2_right_aileron_failure-mavros-global_position-raw-fix.csv,/content/gdrive/MyDrive/datasets/ALFA/processed_csv/processed/carbonZ_2018-10-05-14-37-22_2_right_aileron_failure/carbonZ_2018-10-05-14-37-22_2_right_aileron_failure-mavros-global_position-raw-fix.csv,119960,0.114,2026-01-29T01:54:09,carbonZ_2018-10-05-14-37-22_2_right_aileron_failure-mavros-global_position-raw-fix.csv,carbonZ_2018-10-05-14-37-22_2_right_aileron_failure
carbonZ_2018-10-05-14-37-22_2_right_aileron_failure/carbonZ_2018-10-05-14-37-22_2_right_aileron_failure-mavros-global_position-raw-gps_vel.csv,/content/gdrive/MyDrive/datasets/ALFA/processed_csv/processed/carbonZ_2018-10-05-14-37-22_2_right_aileron_failure/carbonZ_2018-10-05-14-37-22_2_right_aileron_failure-mavros-global_position-raw-gps_vel.csv,68325,0.065,2026-01-29T01:54:09,carbonZ_2018-10-05-14-37-22_2_right_aileron_failure-mavros-global_position-raw-gps_vel.csv,carbonZ_2018-10-05-14-37-22_2_right_aileron_failure
carbonZ_2018-10-05-14-37-22_2_right_aileron_failure/carbonZ_2018-10-05-14-37-22_2_right_aileron_failure-mavros-global_position-rel_alt.csv,/content/gdrive/MyDrive/datasets/ALFA/processed_csv/processed/carbonZ_2018-10-05-14-37-22_2_right_aileron_failure/carbonZ_2018-10-05-14-37-22_2_right_aileron_failure-mavros-global_position-rel_alt.csv,15969,0.015,2026-01-29T01:54:09,carbonZ_2018-10-05-14-37-22_2_right_aileron_failure-mavros-global_position-rel_alt.csv,carbonZ_2018-10-05-14-37-22_2_right_aileron_failure
carbonZ_2018-10-05-14-37-22_2_right_aileron_failure/carbonZ_2018-10-05-14-37-22_2_right_aileron_failure-mavros-imu-atm_pressure.csv,/content/gdrive/MyDrive/datasets/ALFA/processed_csv/processed/carbonZ_2018-10-05-14-37-22_2_right_aileron_failure/carbonZ_2018-10-05-14-37-22_2_right_aileron_failure-mavros-imu-atm_pressure.csv,105756,0.101,2026-01-29T01:54:09,carbonZ_2018-10-05-14-37-22_2_right_aileron_failure-mavros-imu-atm_pressure.csv,carbonZ_2018-10-05-14-37-22_2_right_aileron_failure
carbonZ_2018-10-05-14-37-22_2_right_aileron_failure/carbonZ_2018-10-05-14-37-22_2_right_aileron_failure-mavros-imu-data.csv,/content/gdrive/MyDrive/datasets/ALFA/processed_csv/processed/carbonZ_2018-10-05-14-37-22_2_right_aileron_failure/carbonZ_2018-10-05-14-37-22_2_right_aileron_failure-mavros-imu-data.csv,134707,0.128,2026-01-29T01:54:09,carbonZ_2018-10-05-14-37-22_2_right_aileron_failure-mavros-imu-data.csv,carbonZ_2018-10-05-14-37-22_2_right_aileron_failure
carbonZ_2018-10-05-14-37-22_2_right_aileron_failure/carbonZ_2018-10-05-14-37-22_2_right_aileron_failure-mavros-imu-data_raw.csv,/content/gdrive/MyDrive/datasets/ALFA/processed_csv/processed/carbonZ_2018-10-05-14-37-22_2_right_aileron_failure/carbonZ_2018-10-05-14-37-22_2_right_aileron_failure-mavros-imu-data_raw.csv,407348,0.388,2026-01-29T01:54:09,carbonZ_2018-10-05-14-37-22_2_right_aileron_failure-mavros-imu-data_raw.csv,carbonZ_2018-10-05-14-37-22_2_right_aileron_failure
carbonZ_2018-10-05-14-37-22_2_right_aileron_failure/carbonZ_2018-10-05-14-37-22_2_right_aileron_failure-mavros-imu-mag.csv,/content/gdrive/MyDrive/datasets/ALFA/processed_csv/processed/carbonZ_2018-10-05-14-37-22_2_right_aileron_failure/carbonZ_2018-10-05-14-37-22_2_right_aileron_failure-mavros-imu-mag.csv,174089,0.166,2026-01-29T01:54:09,carbonZ_2018-10-05-14-37-22_2_right_aileron_failure-mavros-imu-mag.csv,carbonZ_2018-10-05-14-37-22_2_right_aileron_failure
carbonZ_2018-10-05-14-37-22_2_right_aileron_failure/carbonZ_2018-10-05-14-37-22_2_right_aileron_failure-mavros-imu-temperature.csv,/content/gdrive/MyDrive/datasets/ALFA/processed_csv/processed/carbonZ_2018-10-05-14-37-22_2_right_aileron_failure/carbonZ_2018-10-05-14-37-22_2_right_aileron_failure-mavros-imu-temperature.csv,94203,0.09,2026-01-29T01:54:10,carbonZ_2018-10-05-14-37-22_2_right_aileron_failure-mavros-imu-temperature.csv,carbonZ_2018-10-05-14-37-22_2_right_aileron_failure
carbonZ_2018-10-05-14-37-22_2_right_aileron_failure/carbonZ_2018-10-05-14-37-22_2_right_aileron_failure-mavros-local_position-odom.csv,/content/gdrive/MyDrive/datasets/ALFA/processed_csv/processed/carbonZ_2018-10-05-14-37-22_2_right_aileron_failure/carbonZ_2018-10-05-14-37-22_2_right_aileron_failure-mavros-local_position-odom.csv,343001,0.327,2026-01-29T01:54:10,carbonZ_2018-10-05-14-37-22_2_right_aileron_failure-mavros-local_position-odom.csv,carbonZ_2018-10-05-14-37-22_2_right_aileron_failure
carbonZ_2018-10-05-14-37-22_2_right_aileron_failure/carbonZ_2018-10-05-14-37-22_2_right_aileron_failure-mavros-local_position-pose.csv,/content/gdrive/MyDrive/datasets/ALFA/processed_csv/processed/carbonZ_2018-10-05-14-37-22_2_right_aileron_failure/carbonZ_2018-10-05-14-37-22_2_right_aileron_failure-mavros-local_position-pose.csv,92175,0.088,2026-01-29T01:54:10,carbonZ_2018-10-05-14-37-22_2_right_aileron_failure-mavros-local_position-pose.csv,carbonZ_2018-10-05-14-37-22_2_right_aileron_failure
carbonZ_2018-10-05-14-37-22_2_right_aileron_failure/carbonZ_2018-10-05-14-37-22_2_right_aileron_failure-mavros-local_position-velocity.csv,/content/gdrive/MyDrive/datasets/ALFA/processed_csv/processed/carbonZ_2018-10-05-14-37-22_2_right_aileron_failure/carbonZ_2018-10-05-14-37-22_2_right_aileron_failure-mavros-local_position-velocity.csv,84050,0.08,2026-01-29T01:54:10,carbonZ_2018-10-05-14-37-22_2_right_aileron_failure-mavros-local_position-velocity.csv,carbonZ_2018-10-05-14-37-22_2_right_aileron_failure
carbonZ_2018-10-05-14-37-22_2_right_aileron_failure/carbonZ_2018-10-05-14-37-22_2_right_aileron_failure-mavros-nav_info-airspeed.csv,/content/gdrive/MyDrive/datasets/ALFA/processed_csv/processed/carbonZ_2018-10-05-14-37-22_2_right_aileron_failure/carbonZ_2018-10-05-14-37-22_2_right_aileron_failure-mavros-nav_info-airspeed.csv,167818,0.16,2026-01-29T01:54:10,carbonZ_2018-10-05-14-37-22_2_right_aileron_failure-mavros-nav_info-airspeed.csv,carbonZ_2018-10-05-14-37-22_2_right_aileron_failure
carbonZ_2018-10-05-14-37-22_2_right_aileron_failure/carbonZ_2018-10-05-14-37-22_2_right_aileron_failure-mavros-nav_info-errors.csv,/content/gdrive/MyDrive/datasets/ALFA/processed_csv/processed/carbonZ_2018-10-05-14-37-22_2_right_aileron_failure/carbonZ_2018-10-05-14-37-22_2_right_aileron_failure-mavros-nav_info-errors.csv,271198,0.259,2026-01-29T01:54:10,carbonZ_2018-10-05-14-37-22_2_right_aileron_failure-mavros-nav_info-errors.csv,carbonZ_2018-10-05-14-37-22_2_right_aileron_failure
carbonZ_2018-10-05-14-37-22_2_right_aileron_failure/carbonZ_2018-10-05-14-37-22_2_right_aileron_failure-mavros-nav_info-pitch.csv,/content/gdrive/MyDrive/datasets/ALFA/processed_csv/processed/carbonZ_2018-10-05-14-37-22_2_right_aileron_failure/carbonZ_2018-10-05-14-37-22_2_right_aileron_failure-mavros-nav_info-pitch.csv,221844,0.212,2026-01-29T01:54:10,carbonZ_2018-10-05-14-37-22_2_right_aileron_failure-mavros-nav_info-pitch.csv,carbonZ_2018-10-05-14-37-22_2_right_aileron_failure
carbonZ_2018-10-05-14-37-22_2_right_aileron_failure/carbonZ_2018-10-05-14-37-22_2_right_aileron_failure-mavros-nav_info-roll.csv,/content/gdrive/MyDrive/datasets/ALFA/processed_csv/processed/carbonZ_2018-10-05-14-37-22_2_right_aileron_failure/carbonZ_2018-10-05-14-37-22_2_right_aileron_failure-mavros-nav_info-roll.csv,219965,0.21,2026-01-29T01:54:10,carbonZ_2018-10-05-14-37-22_2_right_aileron_failure-mavros-nav_info-roll.csv,carbonZ_2018-10-05-14-37-22_2_right_aileron_failure
carbonZ_2018-10-05-14-37-22_2_right_aileron_failure/carbonZ_2018-10-05-14-37-22_2_right_aileron_failure-mavros-nav_info-velocity.csv,/content/gdrive/MyDrive/datasets/ALFA/processed_csv/processed/carbonZ_2018-10-05-14-37-22_2_right_aileron_failure/carbonZ_2018-10-05-14-37-22_2_right_aileron_failure-mavros-nav_info-velocity.csv,396616,0.378,2026-01-29T01:54:10,carbonZ_2018-10-05-14-37-22_2_right_aileron_failure-mavros-nav_info-velocity.csv,carbonZ_2018-10-05-14-37-22_2_right_aileron_failure
carbonZ_2018-10-05-14-37-22_2_right_aileron_failure/carbonZ_2018-10-05-14-37-22_2_right_aileron_failure-mavros-nav_info-yaw.csv,/content/gdrive/MyDrive/datasets/ALFA/processed_csv/processed/carbonZ_2018-10-05-14-37-22_2_right_aileron_failure/carbonZ_2018-10-05-14-37-22_2_right_aileron_failure-mavros-nav_info-yaw.csv,197415,0.188,2026-01-29T01:54:10,carbonZ_2018-10-05-14-37-22_2_right_aileron_failure-mavros-nav_info-yaw.csv,carbonZ_2018-10-05-14-37-22_2_right_aileron_failure
carbonZ_2018-10-05-14-37-22_2_right_aileron_failure/carbonZ_2018-10-05-14-37-22_2_right_aileron_failure-mavros-rc-in.csv,/content/gdrive/MyDrive/datasets/ALFA/processed_csv/processed/carbonZ_2018-10-05-14-37-22_2_right_aileron_failure/carbonZ_2018-10-05-14-37-22_2_right_aileron_failure-mavros-rc-in.csv,56017,0.053,2026-01-29T01:54:10,carbonZ_2018-10-05-14-37-22_2_right_aileron_failure-mavros-rc-in.csv,carbonZ_2018-10-05-14-37-22_2_right_aileron_failure
carbonZ_2018-10-05-14-37-22_2_right_aileron_failure/carbonZ_2018-10-05-14-37-22_2_right_aileron_failure-mavros-rc-out.csv,/content/gdrive/MyDrive/datasets/ALFA/processed_csv/processed/carbonZ_2018-10-05-14-37-22_2_right_aileron_failure/carbonZ_2018-10-05-14-37-22_2_right_aileron_failure-mavros-rc-out.csv,37602,0.036,2026-01-29T01:54:10,carbonZ_2018-10-05-14-37-22_2_right_aileron_failure-mavros-rc-out.csv,carbonZ_2018-10-05-14-37-22_2_right_aileron_failure
carbonZ_2018-10-05-14-37-22_2_right_aileron_failure/carbonZ_2018-10-05-14-37-22_2_right_aileron_failure-mavros-setpoint_raw-local.csv,/content/gdrive/MyDrive/datasets/ALFA/processed_csv/processed/carbonZ_2018-10-05-14-37-22_2_right_aileron_failure/carbonZ_2018-10-05-14-37-22_2_right_aileron_failure-mavros-setpoint_raw-local.csv,957672,0.913,2026-01-29T01:54:10,carbonZ_2018-10-05-14-37-22_2_right_aileron_failure-mavros-setpoint_raw-local.csv,carbonZ_2018-10-05-14-37-22_2_right_aileron_failure
carbonZ_2018-10-05-14-37-22_2_right_aileron_failure/carbonZ_2018-10-05-14-37-22_2_right_aileron_failure-mavros-setpoint_raw-target_global.csv,/content/gdrive/MyDrive/datasets/ALFA/processed_csv/processed/carbonZ_2018-10-05-14-37-22_2_right_aileron_failure/carbonZ_2018-10-05-14-37-22_2_right_aileron_failure-mavros-setpoint_raw-target_global.csv,545924,0.521,2026-01-29T01:54:10,carbonZ_2018-10-05-14-37-22_2_right_aileron_failure-mavros-setpoint_raw-target_global.csv,carbonZ_2018-10-05-14-37-22_2_right_aileron_failure
carbonZ_2018-10-05-14-37-22_2_right_aileron_failure/carbonZ_2018-10-05-14-37-22_2_right_aileron_failure-mavros-state.csv,/content/gdrive/MyDrive/datasets/ALFA/processed_csv/processed/carbonZ_2018-10-05-14-37-22_2_right_aileron_failure/carbonZ_2018-10-05-14-37-22_2_right_aileron_failure-mavros-state.csv,8844,0.008,2026-01-29T01:54:10,carbonZ_2018-10-05-14-37-22_2_right_aileron_failure-mavros-state.csv,carbonZ_2018-10-05-14-37-22_2_right_aileron_failure
carbonZ_2018-10-05-14-37-22_2_right_aileron_failure/carbonZ_2018-10-05-14-37-22_2_right_aileron_failure-mavros-time_reference.csv,/content/gdrive/MyDrive/datasets/ALFA/processed_csv/processed/carbonZ_2018-10-05-14-37-22_2_right_aileron_failure/carbonZ_2018-10-05-14-37-22_2_right_aileron_failure-mavros-time_reference.csv,22142,0.021,2026-01-29T01:54:10,carbonZ_2018-10-05-14-37-22_2_right_aileron_failure-mavros-time_reference.csv,carbonZ_2018-10-05-14-37-22_2_right_aileron_failure
carbonZ_2018-10-05-14-37-22_2_right_aileron_failure/carbonZ_2018-10-05-14-37-22_2_right_aileron_failure-mavros-vfr_hud.csv,/content/gdrive/MyDrive/datasets/ALFA/processed_csv/processed/carbonZ_2018-10-05-14-37-22_2_right_aileron_failure/carbonZ_2018-10-05-14-37-22_2_right_aileron_failure-mavros-vfr_hud.csv,41747,0.04,2026-01-29T01:54:10,carbonZ_2018-10-05-14-37-22_2_right_aileron_failure-mavros-vfr_hud.csv,carbonZ_2018-10-05-14-37-22_2_right_aileron_failure
carbonZ_2018-10-05-14-37-22_2_right_aileron_failure/carbonZ_2018-10-05-14-37-22_2_right_aileron_failure-mavros-wind_estimation.csv,/content/gdrive/MyDrive/datasets/ALFA/processed_csv/processed/carbonZ_2018-10-05-14-37-22_2_right_aileron_failure/carbonZ_2018-10-05-14-37-22_2_right_aileron_failure-mavros-wind_estimation.csv,29420,0.028,2026-01-29T01:54:10,carbonZ_2018-10-05-14-37-22_2_right_aileron_failure-mavros-wind_estimation.csv,carbonZ_2018-10-05-14-37-22_2_right_aileron_failure
carbonZ_2018-10-05-14-37-22_3_left_aileron_failure/carbonZ_2018-10-05-14-37-22_3_left_aileron_failure-diagnostics.csv,/content/gdrive/MyDrive/datasets/ALFA/processed_csv/processed/carbonZ_2018-10-05-14-37-22_3_left_aileron_failure/carbonZ_2018-10-05-14-37-22_3_left_aileron_failure-diagnostics.csv,101757,0.097,2026-01-29T01:54:10,carbonZ_2018-10-05-14-37-22_3_left_aileron_failure-diagnostics.csv,carbonZ_2018-10-05-14-37-22_3_left_aileron_failure
carbonZ_2018-10-05-14-37-22_3_left_aileron_failure/carbonZ_2018-10-05-14-37-22_3_left_aileron_failure-failure_status-aileron.csv,/content/gdrive/MyDrive/datasets/ALFA/processed_csv/processed/carbonZ_2018-10-05-14-37-22_3_left_aileron_failure/carbonZ_2018-10-05-14-37-22_3_left_aileron_failure-failure_status-aileron.csv,1095,0.001,2026-01-29T01:54:10,carbonZ_2018-10-05-14-37-22_3_left_aileron_failure-failure_status-aileron.csv,carbonZ_2018-10-05-14-37-22_3_left_aileron_failure
carbonZ_2018-10-05-14-37-22_3_left_aileron_failure/carbonZ_2018-10-05-14-37-22_3_left_aileron_failure-mavctrl-path_dev.csv,/content/gdrive/MyDrive/datasets/ALFA/processed_csv/processed/carbonZ_2018-10-05-14-37-22_3_left_aileron_failure/carbonZ_2018-10-05-14-37-22_3_left_aileron_failure-mavctrl-path_dev.csv,255404,0.244,2026-01-29T01:54:10,carbonZ_2018-10-05-14-37-22_3_left_aileron_failure-mavctrl-path_dev.csv,carbonZ_2018-10-05-14-37-22_3_left_aileron_failure
carbonZ_2018-10-05-14-37-22_3_left_aileron_failure/carbonZ_2018-10-05-14-37-22_3_left_aileron_failure-mavctrl-rpy.csv,/content/gdrive/MyDrive/datasets/ALFA/processed_csv/processed/carbonZ_2018-10-05-14-37-22_3_left_aileron_failure/carbonZ_2018-10-05-14-37-22_3_left_aileron_failure-mavctrl-rpy.csv,323492,0.309,2026-01-29T01:54:10,carbonZ_2018-10-05-14-37-22_3_left_aileron_failure-mavctrl-rpy.csv,carbonZ_2018-10-05-14-37-22_3_left_aileron_failure
carbonZ_2018-10-05-14-37-22_3_left_aileron_failure/carbonZ_2018-10-05-14-37-22_3_left_aileron_failure-mavlink-from.csv,/content/gdrive/MyDrive/datasets/ALFA/processed_csv/processed/carbonZ_2018-10-05-14-37-22_3_left_aileron_failure/carbonZ_2018-10-05-14-37-22_3_left_aileron_failure-mavlink-from.csv,2571496,2.452,2026-01-29T01:54:10,carbonZ_2018-10-05-14-37-22_3_left_aileron_failure-mavlink-from.csv,carbonZ_2018-10-05-14-37-22_3_left_aileron_failure
carbonZ_2018-10-05-14-37-22_3_left_aileron_failure/carbonZ_2018-10-05-14-37-22_3_left_aileron_failure-mavros-battery.csv,/content/gdrive/MyDrive/datasets/ALFA/processed_csv/processed/carbonZ_2018-10-05-14-37-22_3_left_aileron_failure/carbonZ_2018-10-05-14-37-22_3_left_aileron_failure-mavros-battery.csv,211862,0.202,2026-01-29T01:54:10,carbonZ_2018-10-05-14-37-22_3_left_aileron_failure-mavros-battery.csv,carbonZ_2018-10-05-14-37-22_3_left_aileron_failure
carbonZ_2018-10-05-14-37-22_3_left_aileron_failure/carbonZ_2018-10-05-14-37-22_3_left_aileron_failure-mavros-global_position-compass_hdg.csv,/content/gdrive/MyDrive/datasets/ALFA/processed_csv/processed/carbonZ_2018-10-05-14-37-22_3_left_aileron_failure/carbonZ_2018-10-05-14-37-22_3_left_aileron_failure-mavros-global_position-compass_hdg.csv,10559,0.01,2026-01-29T01:54:10,carbonZ_2018-10-05-14-37-22_3_left_aileron_failure-mavros-global_position-compass_hdg.csv,carbonZ_2018-10-05-14-37-22_3_left_aileron_failure
carbonZ_2018-10-05-14-37-22_3_left_aileron_failure/carbonZ_2018-10-05-14-37-22_3_left_aileron_failure-mavros-global_position-global.csv,/content/gdrive/MyDrive/datasets/ALFA/processed_csv/processed/carbonZ_2018-10-05-14-37-22_3_left_aileron_failure/carbonZ_2018-10-05-14-37-22_3_left_aileron_failure-mavros-global_position-global.csv,65264,0.062,2026-01-29T01:54:10,carbonZ_2018-10-05-14-37-22_3_left_aileron_failure-mavros-global_position-global.csv,carbonZ_2018-10-05-14-37-22_3_left_aileron_failure
carbonZ_2018-10-05-14-37-22_3_left_aileron_failure/carbonZ_2018-10-05-14-37-22_3_left_aileron_failure-mavros-global_position-local.csv,/content/gdrive/MyDrive/datasets/ALFA/processed_csv/processed/carbonZ_2018-10-05-14-37-22_3_left_aileron_failure/carbonZ_2018-10-05-14-37-22_3_left_aileron_failure-mavros-global_position-local.csv,206752,0.197,2026-01-29T01:54:10,carbonZ_2018-10-05-14-37-22_3_left_aileron_failure-mavros-global_position-local.csv,carbonZ_2018-10-05-14-37-22_3_left_aileron_failure
carbonZ_2018-10-05-14-37-22_3_left_aileron_failure/carbonZ_2018-10-05-14-37-22_3_left_aileron_failure-mavros-global_position-raw-fix.csv,/content/gdrive/MyDrive/datasets/ALFA/processed_csv/processed/carbonZ_2018-10-05-14-37-22_3_left_aileron_failure/carbonZ_2018-10-05-14-37-22_3_left_aileron_failure-mavros-global_position-raw-fix.csv,79745,0.076,2026-01-29T01:54:10,carbonZ_2018-10-05-14-37-22_3_left_aileron_failure-mavros-global_position-raw-fix.csv,carbonZ_2018-10-05-14-37-22_3_left_aileron_failure
carbonZ_2018-10-05-14-37-22_3_left_aileron_failure/carbonZ_2018-10-05-14-37-22_3_left_aileron_failure-mavros-global_position-raw-gps_vel.csv,/content/gdrive/MyDrive/datasets/ALFA/processed_csv/processed/carbonZ_2018-10-05-14-37-22_3_left_aileron_failure/carbonZ_2018-10-05-14-37-22_3_left_aileron_failure-mavros-global_position-raw-gps_vel.csv,45541,0.043,2026-01-29T01:54:10,carbonZ_2018-10-05-14-37-22_3_left_aileron_failure-mavros-global_position-raw-gps_vel.csv,carbonZ_2018-10-05-14-37-22_3_left_aileron_failure
carbonZ_2018-10-05-14-37-22_3_left_aileron_failure/carbonZ_2018-10-05-14-37-22_3_left_aileron_failure-mavros-global_position-rel_alt.csv,/content/gdrive/MyDrive/datasets/ALFA/processed_csv/processed/carbonZ_2018-10-05-14-37-22_3_left_aileron_failure/carbonZ_2018-10-05-14-37-22_3_left_aileron_failure-mavros-global_position-rel_alt.csv,10606,0.01,2026-01-29T01:54:10,carbonZ_2018-10-05-14-37-22_3_left_aileron_failure-mavros-global_position-rel_alt.csv,carbonZ_2018-10-05-14-37-22_3_left_aileron_failure
carbonZ_2018-10-05-14-37-22_3_left_aileron_failure/carbonZ_2018-10-05-14-37-22_3_left_aileron_failure-mavros-imu-atm_pressure.csv,/content/gdrive/MyDrive/datasets/ALFA/processed_csv/processed/carbonZ_2018-10-05-14-37-22_3_left_aileron_failure/carbonZ_2018-10-05-14-37-22_3_left_aileron_failure-mavros-imu-atm_pressure.csv,70956,0.068,2026-01-29T01:54:10,carbonZ_2018-10-05-14-37-22_3_left_aileron_failure-mavros-imu-atm_pressure.csv,carbonZ_2018-10-05-14-37-22_3_left_aileron_failure
carbonZ_2018-10-05-14-37-22_3_left_aileron_failure/carbonZ_2018-10-05-14-37-22_3_left_aileron_failure-mavros-imu-data.csv,/content/gdrive/MyDrive/datasets/ALFA/processed_csv/processed/carbonZ_2018-10-05-14-37-22_3_left_aileron_failure/carbonZ_2018-10-05-14-37-22_3_left_aileron_failure-mavros-imu-data.csv,90338,0.086,2026-01-29T01:54:10,carbonZ_2018-10-05-14-37-22_3_left_aileron_failure-mavros-imu-data.csv,carbonZ_2018-10-05-14-37-22_3_left_aileron_failure
carbonZ_2018-10-05-14-37-22_3_left_aileron_failure/carbonZ_2018-10-05-14-37-22_3_left_aileron_failure-mavros-imu-data_raw.csv,/content/gdrive/MyDrive/datasets/ALFA/processed_csv/processed/carbonZ_2018-10-05-14-37-22_3_left_aileron_failure/carbonZ_2018-10-05-14-37-22_3_left_aileron_failure-mavros-imu-data_raw.csv,271854,0.259,2026-01-29T01:54:10,carbonZ_2018-10-05-14-37-22_3_left_aileron_failure-mavros-imu-data_raw.csv,carbonZ_2018-10-05-14-37-22_3_left_aileron_failure
carbonZ_2018-10-05-14-37-22_3_left_aileron_failure/carbonZ_2018-10-05-14-37-22_3_left_aileron_failure-mavros-imu-mag.csv,/content/gdrive/MyDrive/datasets/ALFA/processed_csv/processed/carbonZ_2018-10-05-14-37-22_3_left_aileron_failure/carbonZ_2018-10-05-14-37-22_3_left_aileron_failure-mavros-imu-mag.csv,116555,0.111,2026-01-29T01:54:10,carbonZ_2018-10-05-14-37-22_3_left_aileron_failure-mavros-imu-mag.csv,carbonZ_2018-10-05-14-37-22_3_left_aileron_failure
carbonZ_2018-10-05-14-37-22_3_left_aileron_failure/carbonZ_2018-10-05-14-37-22_3_left_aileron_failure-mavros-imu-temperature.csv,/content/gdrive/MyDrive/datasets/ALFA/processed_csv/processed/carbonZ_2018-10-05-14-37-22_3_left_aileron_failure/carbonZ_2018-10-05-14-37-22_3_left_aileron_failure-mavros-imu-temperature.csv,63303,0.06,2026-01-29T01:54:10,carbonZ_2018-10-05-14-37-22_3_left_aileron_failure-mavros-imu-temperature.csv,carbonZ_2018-10-05-14-37-22_3_left_aileron_failure
carbonZ_2018-10-05-14-37-22_3_left_aileron_failure/carbonZ_2018-10-05-14-37-22_3_left_aileron_failure-mavros-local_position-odom.csv,/content/gdrive/MyDrive/datasets/ALFA/processed_csv/processed/carbonZ_2018-10-05-14-37-22_3_left_aileron_failure/carbonZ_2018-10-05-14-37-22_3_left_aileron_failure-mavros-local_position-odom.csv,228694,0.218,2026-01-29T01:54:10,carbonZ_2018-10-05-14-37-22_3_left_aileron_failure-mavros-local_position-odom.csv,carbonZ_2018-10-05-14-37-22_3_left_aileron_failure
carbonZ_2018-10-05-14-37-22_3_left_aileron_failure/carbonZ_2018-10-05-14-37-22_3_left_aileron_failure-mavros-local_position-pose.csv,/content/gdrive/MyDrive/datasets/ALFA/processed_csv/processed/carbonZ_2018-10-05-14-37-22_3_left_aileron_failure/carbonZ_2018-10-05-14-37-22_3_left_aileron_failure-mavros-local_position-pose.csv,61283,0.058,2026-01-29T01:54:10,carbonZ_2018-10-05-14-37-22_3_left_aileron_failure-mavros-local_position-pose.csv,carbonZ_2018-10-05-14-37-22_3_left_aileron_failure
carbonZ_2018-10-05-14-37-22_3_left_aileron_failure/carbonZ_2018-10-05-14-37-22_3_left_aileron_failure-mavros-local_position-velocity.csv,/content/gdrive/MyDrive/datasets/ALFA/processed_csv/processed/carbonZ_2018-10-05-14-37-22_3_left_aileron_failure/carbonZ_2018-10-05-14-37-22_3_left_aileron_failure-mavros-local_position-velocity.csv,55944,0.053,2026-01-29T01:54:10,carbonZ_2018-10-05-14-37-22_3_left_aileron_failure-mavros-local_position-velocity.csv,carbonZ_2018-10-05-14-37-22_3_left_aileron_failure
carbonZ_2018-10-05-14-37-22_3_left_aileron_failure/carbonZ_2018-10-05-14-37-22_3_left_aileron_failure-mavros-nav_info-airspeed.csv,/content/gdrive/MyDrive/datasets/ALFA/processed_csv/processed/carbonZ_2018-10-05-14-37-22_3_left_aileron_failure/carbonZ_2018-10-05-14-37-22_3_left_aileron_failure-mavros-nav_info-airspeed.csv,111800,0.107,2026-01-29T01:54:10,carbonZ_2018-10-05-14-37-22_3_left_aileron_failure-mavros-nav_info-airspeed.csv,carbonZ_2018-10-05-14-37-22_3_left_aileron_failure
carbonZ_2018-10-05-14-37-22_3_left_aileron_failure/carbonZ_2018-10-05-14-37-22_3_left_aileron_failure-mavros-nav_info-errors.csv,/content/gdrive/MyDrive/datasets/ALFA/processed_csv/processed/carbonZ_2018-10-05-14-37-22_3_left_aileron_failure/carbonZ_2018-10-05-14-37-22_3_left_aileron_failure-mavros-nav_info-errors.csv,177474,0.169,2026-01-29T01:54:10,carbonZ_2018-10-05-14-37-22_3_left_aileron_failure-mavros-nav_info-errors.csv,carbonZ_2018-10-05-14-37-22_3_left_aileron_failure
carbonZ_2018-10-05-14-37-22_3_left_aileron_failure/carbonZ_2018-10-05-14-37-22_3_left_aileron_failure-mavros-nav_info-pitch.csv,/content/gdrive/MyDrive/datasets/ALFA/processed_csv/processed/carbonZ_2018-10-05-14-37-22_3_left_aileron_failure/carbonZ_2018-10-05-14-37-22_3_left_aileron_failure-mavros-nav_info-pitch.csv,145009,0.138,2026-01-29T01:54:10,carbonZ_2018-10-05-14-37-22_3_left_aileron_failure-mavros-nav_info-pitch.csv,carbonZ_2018-10-05-14-37-22_3_left_aileron_failure
carbonZ_2018-10-05-14-37-22_3_left_aileron_failure/carbonZ_2018-10-05-14-37-22_3_left_aileron_failure-mavros-nav_info-roll.csv,/content/gdrive/MyDrive/datasets/ALFA/processed_csv/processed/carbonZ_2018-10-05-14-37-22_3_left_aileron_failure/carbonZ_2018-10-05-14-37-22_3_left_aileron_failure-mavros-nav_info-roll.csv,144437,0.138,2026-01-29T01:54:10,carbonZ_2018-10-05-14-37-22_3_left_aileron_failure-mavros-nav_info-roll.csv,carbonZ_2018-10-05-14-37-22_3_left_aileron_failure
carbonZ_2018-10-05-14-37-22_3_left_aileron_failure/carbonZ_2018-10-05-14-37-22_3_left_aileron_failure-mavros-nav_info-velocity.csv,/content/gdrive/MyDrive/datasets/ALFA/processed_csv/processed/carbonZ_2018-10-05-14-37-22_3_left_aileron_failure/carbonZ_2018-10-05-14-37-22_3_left_aileron_failure-mavros-nav_info-velocity.csv,261922,0.25,2026-01-29T01:54:10,carbonZ_2018-10-05-14-37-22_3_left_aileron_failure-mavros-nav_info-velocity.csv,carbonZ_2018-10-05-14-37-22_3_left_aileron_failure
carbonZ_2018-10-05-14-37-22_3_left_aileron_failure/carbonZ_2018-10-05-14-37-22_3_left_aileron_failure-mavros-nav_info-yaw.csv,/content/gdrive/MyDrive/datasets/ALFA/processed_csv/processed/carbonZ_2018-10-05-14-37-22_3_left_aileron_failure/carbonZ_2018-10-05-14-37-22_3_left_aileron_failure-mavros-nav_info-yaw.csv,129813,0.124,2026-01-29T01:54:10,carbonZ_2018-10-05-14-37-22_3_left_aileron_failure-mavros-nav_info-yaw.csv,carbonZ_2018-10-05-14-37-22_3_left_aileron_failure
carbonZ_2018-10-05-14-37-22_3_left_aileron_failure/carbonZ_2018-10-05-14-37-22_3_left_aileron_failure-mavros-rc-in.csv,/content/gdrive/MyDrive/datasets/ALFA/processed_csv/processed/carbonZ_2018-10-05-14-37-22_3_left_aileron_failure/carbonZ_2018-10-05-14-37-22_3_left_aileron_failure-mavros-rc-in.csv,37329,0.036,2026-01-29T01:54:10,carbonZ_2018-10-05-14-37-22_3_left_aileron_failure-mavros-rc-in.csv,carbonZ_2018-10-05-14-37-22_3_left_aileron_failure
carbonZ_2018-10-05-14-37-22_3_left_aileron_failure/carbonZ_2018-10-05-14-37-22_3_left_aileron_failure-mavros-rc-out.csv,/content/gdrive/MyDrive/datasets/ALFA/processed_csv/processed/carbonZ_2018-10-05-14-37-22_3_left_aileron_failure/carbonZ_2018-10-05-14-37-22_3_left_aileron_failure-mavros-rc-out.csv,25046,0.024,2026-01-29T01:54:10,carbonZ_2018-10-05-14-37-22_3_left_aileron_failure-mavros-rc-out.csv,carbonZ_2018-10-05-14-37-22_3_left_aileron_failure
carbonZ_2018-10-05-14-37-22_3_left_aileron_failure/carbonZ_2018-10-05-14-37-22_3_left_aileron_failure-mavros-setpoint_raw-local.csv,/content/gdrive/MyDrive/datasets/ALFA/processed_csv/processed/carbonZ_2018-10-05-14-37-22_3_left_aileron_failure/carbonZ_2018-10-05-14-37-22_3_left_aileron_failure-mavros-setpoint_raw-local.csv,643600,0.614,2026-01-29T01:54:10,carbonZ_2018-10-05-14-37-22_3_left_aileron_failure-mavros-setpoint_raw-local.csv,carbonZ_2018-10-05-14-37-22_3_left_aileron_failure
carbonZ_2018-10-05-14-37-22_3_left_aileron_failure/carbonZ_2018-10-05-14-37-22_3_left_aileron_failure-mavros-setpoint_raw-target_global.csv,/content/gdrive/MyDrive/datasets/ALFA/processed_csv/processed/carbonZ_2018-10-05-14-37-22_3_left_aileron_failure/carbonZ_2018-10-05-14-37-22_3_left_aileron_failure-mavros-setpoint_raw-target_global.csv,361614,0.345,2026-01-29T01:54:10,carbonZ_2018-10-05-14-37-22_3_left_aileron_failure-mavros-setpoint_raw-target_global.csv,carbonZ_2018-10-05-14-37-22_3_left_aileron_failure
carbonZ_2018-10-05-14-37-22_3_left_aileron_failure/carbonZ_2018-10-05-14-37-22_3_left_aileron_failure-mavros-state.csv,/content/gdrive/MyDrive/datasets/ALFA/processed_csv/processed/carbonZ_2018-10-05-14-37-22_3_left_aileron_failure/carbonZ_2018-10-05-14-37-22_3_left_aileron_failure-mavros-state.csv,6053,0.006,2026-01-29T01:54:10,carbonZ_2018-10-05-14-37-22_3_left_aileron_failure-mavros-state.csv,carbonZ_2018-10-05-14-37-22_3_left_aileron_failure
carbonZ_2018-10-05-14-37-22_3_left_aileron_failure/carbonZ_2018-10-05-14-37-22_3_left_aileron_failure-mavros-time_reference.csv,/content/gdrive/MyDrive/datasets/ALFA/processed_csv/processed/carbonZ_2018-10-05-14-37-22_3_left_aileron_failure/carbonZ_2018-10-05-14-37-22_3_left_aileron_failure-mavros-time_reference.csv,14932,0.014,2026-01-29T01:54:10,carbonZ_2018-10-05-14-37-22_3_left_aileron_failure-mavros-time_reference.csv,carbonZ_2018-10-05-14-37-22_3_left_aileron_failure
carbonZ_2018-10-05-14-37-22_3_left_aileron_failure/carbonZ_2018-10-05-14-37-22_3_left_aileron_failure-mavros-vfr_hud.csv,/content/gdrive/MyDrive/datasets/ALFA/processed_csv/processed/carbonZ_2018-10-05-14-37-22_3_left_aileron_failure/carbonZ_2018-10-05-14-37-22_3_left_aileron_failure-mavros-vfr_hud.csv,27935,0.027,2026-01-29T01:54:10,carbonZ_2018-10-05-14-37-22_3_left_aileron_failure-mavros-vfr_hud.csv,carbonZ_2018-10-05-14-37-22_3_left_aileron_failure
carbonZ_2018-10-05-14-37-22_3_left_aileron_failure/carbonZ_2018-10-05-14-37-22_3_left_aileron_failure-mavros-wind_estimation.csv,/content/gdrive/MyDrive/datasets/ALFA/processed_csv/processed/carbonZ_2018-10-05-14-37-22_3_left_aileron_failure/carbonZ_2018-10-05-14-37-22_3_left_aileron_failure-mavros-wind_estimation.csv,19859,0.019,2026-01-29T01:54:10,carbonZ_2018-10-05-14-37-22_3_left_aileron_failure-mavros-wind_estimation.csv,carbonZ_2018-10-05-14-37-22_3_left_aileron_failure
carbonZ_2018-10-05-15-52-12_1_no_failure/carbonZ_2018-10-05-15-52-12_1_no_failure-diagnostics.csv,/content/gdrive/MyDrive/datasets/ALFA/processed_csv/processed/carbonZ_2018-10-05-15-52-12_1_no_failure/carbonZ_2018-10-05-15-52-12_1_no_failure-diagnostics.csv,96168,0.092,2026-01-29T01:54:10,carbonZ_2018-10-05-15-52-12_1_no_failure-diagnostics.csv,carbonZ_2018-10-05-15-52-12_1_no_failure
carbonZ_2018-10-05-15-52-12_1_no_failure/carbonZ_2018-10-05-15-52-12_1_no_failure-mavctrl-path_dev.csv,/content/gdrive/MyDrive/datasets/ALFA/processed_csv/processed/carbonZ_2018-10-05-15-52-12_1_no_failure/carbonZ_2018-10-05-15-52-12_1_no_failure-mavctrl-path_dev.csv,237742,0.227,2026-01-29T01:54:10,carbonZ_2018-10-05-15-52-12_1_no_failure-mavctrl-path_dev.csv,carbonZ_2018-10-05-15-52-12_1_no_failure
carbonZ_2018-10-05-15-52-12_1_no_failure/carbonZ_2018-10-05-15-52-12_1_no_failure-mavctrl-rpy.csv,/content/gdrive/MyDrive/datasets/ALFA/processed_csv/processed/carbonZ_2018-10-05-15-52-12_1_no_failure/carbonZ_2018-10-05-15-52-12_1_no_failure-mavctrl-rpy.csv,299362,0.285,2026-01-29T01:54:10,carbonZ_2018-10-05-15-52-12_1_no_failure-mavctrl-rpy.csv,carbonZ_2018-10-05-15-52-12_1_no_failure
carbonZ_2018-10-05-15-52-12_1_no_failure/carbonZ_2018-10-05-15-52-12_1_no_failure-mavlink-from.csv,/content/gdrive/MyDrive/datasets/ALFA/processed_csv/processed/carbonZ_2018-10-05-15-52-12_1_no_failure/carbonZ_2018-10-05-15-52-12_1_no_failure-mavlink-from.csv,2354681,2.246,2026-01-29T01:54:10,carbonZ_2018-10-05-15-52-12_1_no_failure-mavlink-from.csv,carbonZ_2018-10-05-15-52-12_1_no_failure
carbonZ_2018-10-05-15-52-12_1_no_failure/carbonZ_2018-10-05-15-52-12_1_no_failure-mavros-battery.csv,/content/gdrive/MyDrive/datasets/ALFA/processed_csv/processed/carbonZ_2018-10-05-15-52-12_1_no_failure/carbonZ_2018-10-05-15-52-12_1_no_failure-mavros-battery.csv,194388,0.185,2026-01-29T01:54:11,carbonZ_2018-10-05-15-52-12_1_no_failure-mavros-battery.csv,carbonZ_2018-10-05-15-52-12_1_no_failure
carbonZ_2018-10-05-15-52-12_1_no_failure/carbonZ_2018-10-05-15-52-12_1_no_failure-mavros-global_position-compass_hdg.csv,/content/gdrive/MyDrive/datasets/ALFA/processed_csv/processed/carbonZ_2018-10-05-15-52-12_1_no_failure/carbonZ_2018-10-05-15-52-12_1_no_failure-mavros-global_position-compass_hdg.csv,9819,0.009,2026-01-29T01:54:11,carbonZ_2018-10-05-15-52-12_1_no_failure-mavros-global_position-compass_hdg.csv,carbonZ_2018-10-05-15-52-12_1_no_failure
carbonZ_2018-10-05-15-52-12_1_no_failure/carbonZ_2018-10-05-15-52-12_1_no_failure-mavros-global_position-global.csv,/content/gdrive/MyDrive/datasets/ALFA/processed_csv/processed/carbonZ_2018-10-05-15-52-12_1_no_failure/carbonZ_2018-10-05-15-52-12_1_no_failure-mavros-global_position-global.csv,61165,0.058,2026-01-29T01:54:11,carbonZ_2018-10-05-15-52-12_1_no_failure-mavros-global_position-global.csv,carbonZ_2018-10-05-15-52-12_1_no_failure
carbonZ_2018-10-05-15-52-12_1_no_failure/carbonZ_2018-10-05-15-52-12_1_no_failure-mavros-global_position-local.csv,/content/gdrive/MyDrive/datasets/ALFA/processed_csv/processed/carbonZ_2018-10-05-15-52-12_1_no_failure/carbonZ_2018-10-05-15-52-12_1_no_failure-mavros-global_position-local.csv,193217,0.184,2026-01-29T01:54:10,carbonZ_2018-10-05-15-52-12_1_no_failure-mavros-global_position-local.csv,carbonZ_2018-10-05-15-52-12_1_no_failure
carbonZ_2018-10-05-15-52-12_1_no_failure/carbonZ_2018-10-05-15-52-12_1_no_failure-mavros-global_position-raw-fix.csv,/content/gdrive/MyDrive/datasets/ALFA/processed_csv/processed/carbonZ_2018-10-05-15-52-12_1_no_failure/carbonZ_2018-10-05-15-52-12_1_no_failure-mavros-global_position-raw-fix.csv,74714,0.071,2026-01-29T01:54:11,carbonZ_2018-10-05-15-52-12_1_no_failure-mavros-global_position-raw-fix.csv,carbonZ_2018-10-05-15-52-12_1_no_failure
carbonZ_2018-10-05-15-52-12_1_no_failure/carbonZ_2018-10-05-15-52-12_1_no_failure-mavros-global_position-raw-gps_vel.csv,/content/gdrive/MyDrive/datasets/ALFA/processed_csv/processed/carbonZ_2018-10-05-15-52-12_1_no_failure/carbonZ_2018-10-05-15-52-12_1_no_failure-mavros-global_position-raw-gps_vel.csv,42350,0.04,2026-01-29T01:54:11,carbonZ_2018-10-05-15-52-12_1_no_failure-mavros-global_position-raw-gps_vel.csv,carbonZ_2018-10-05-15-52-12_1_no_failure
carbonZ_2018-10-05-15-52-12_1_no_failure/carbonZ_2018-10-05-15-52-12_1_no_failure-mavros-global_position-rel_alt.csv,/content/gdrive/MyDrive/datasets/ALFA/processed_csv/processed/carbonZ_2018-10-05-15-52-12_1_no_failure/carbonZ_2018-10-05-15-52-12_1_no_failure-mavros-global_position-rel_alt.csv,9895,0.009,2026-01-29T01:54:11,carbonZ_2018-10-05-15-52-12_1_no_failure-mavros-global_position-rel_alt.csv,carbonZ_2018-10-05-15-52-12_1_no_failure
carbonZ_2018-10-05-15-52-12_1_no_failure/carbonZ_2018-10-05-15-52-12_1_no_failure-mavros-imu-atm_pressure.csv,/content/gdrive/MyDrive/datasets/ALFA/processed_csv/processed/carbonZ_2018-10-05-15-52-12_1_no_failure/carbonZ_2018-10-05-15-52-12_1_no_failure-mavros-imu-atm_pressure.csv,65385,0.062,2026-01-29T01:54:11,carbonZ_2018-10-05-15-52-12_1_no_failure-mavros-imu-atm_pressure.csv,carbonZ_2018-10-05-15-52-12_1_no_failure
carbonZ_2018-10-05-15-52-12_1_no_failure/carbonZ_2018-10-05-15-52-12_1_no_failure-mavros-imu-data.csv,/content/gdrive/MyDrive/datasets/ALFA/processed_csv/processed/carbonZ_2018-10-05-15-52-12_1_no_failure/carbonZ_2018-10-05-15-52-12_1_no_failure-mavros-imu-data.csv,81901,0.078,2026-01-29T01:54:11,carbonZ_2018-10-05-15-52-12_1_no_failure-mavros-imu-data.csv,carbonZ_2018-10-05-15-52-12_1_no_failure
carbonZ_2018-10-05-15-52-12_1_no_failure/carbonZ_2018-10-05-15-52-12_1_no_failure-mavros-imu-data_raw.csv,/content/gdrive/MyDrive/datasets/ALFA/processed_csv/processed/carbonZ_2018-10-05-15-52-12_1_no_failure/carbonZ_2018-10-05-15-52-12_1_no_failure-mavros-imu-data_raw.csv,252294,0.241,2026-01-29T01:54:11,carbonZ_2018-10-05-15-52-12_1_no_failure-mavros-imu-data_raw.csv,carbonZ_2018-10-05-15-52-12_1_no_failure
carbonZ_2018-10-05-15-52-12_1_no_failure/carbonZ_2018-10-05-15-52-12_1_no_failure-mavros-imu-mag.csv,/content/gdrive/MyDrive/datasets/ALFA/processed_csv/processed/carbonZ_2018-10-05-15-52-12_1_no_failure/carbonZ_2018-10-05-15-52-12_1_no_failure-mavros-imu-mag.csv,108470,0.103,2026-01-29T01:54:11,carbonZ_2018-10-05-15-52-12_1_no_failure-mavros-imu-mag.csv,carbonZ_2018-10-05-15-52-12_1_no_failure
carbonZ_2018-10-05-15-52-12_1_no_failure/carbonZ_2018-10-05-15-52-12_1_no_failure-mavros-imu-temperature.csv,/content/gdrive/MyDrive/datasets/ALFA/processed_csv/processed/carbonZ_2018-10-05-15-52-12_1_no_failure/carbonZ_2018-10-05-15-52-12_1_no_failure-mavros-imu-temperature.csv,58252,0.056,2026-01-29T01:54:11,carbonZ_2018-10-05-15-52-12_1_no_failure-mavros-imu-temperature.csv,carbonZ_2018-10-05-15-52-12_1_no_failure
carbonZ_2018-10-05-15-52-12_1_no_failure/carbonZ_2018-10-05-15-52-12_1_no_failure-mavros-local_position-odom.csv,/content/gdrive/MyDrive/datasets/ALFA/processed_csv/processed/carbonZ_2018-10-05-15-52-12_1_no_failure/carbonZ_2018-10-05-15-52-12_1_no_failure-mavros-local_position-odom.csv,213090,0.203,2026-01-29T01:54:11,carbonZ_2018-10-05-15-52-12_1_no_failure-mavros-local_position-odom.csv,carbonZ_2018-10-05-15-52-12_1_no_failure
carbonZ_2018-10-05-15-52-12_1_no_failure/carbonZ_2018-10-05-15-52-12_1_no_failure-mavros-local_position-pose.csv,/content/gdrive/MyDrive/datasets/ALFA/processed_csv/processed/carbonZ_2018-10-05-15-52-12_1_no_failure/carbonZ_2018-10-05-15-52-12_1_no_failure-mavros-local_position-pose.csv,57204,0.055,2026-01-29T01:54:11,carbonZ_2018-10-05-15-52-12_1_no_failure-mavros-local_position-pose.csv,carbonZ_2018-10-05-15-52-12_1_no_failure
carbonZ_2018-10-05-15-52-12_1_no_failure/carbonZ_2018-10-05-15-52-12_1_no_failure-mavros-local_position-velocity.csv,/content/gdrive/MyDrive/datasets/ALFA/processed_csv/processed/carbonZ_2018-10-05-15-52-12_1_no_failure/carbonZ_2018-10-05-15-52-12_1_no_failure-mavros-local_position-velocity.csv,52019,0.05,2026-01-29T01:54:11,carbonZ_2018-10-05-15-52-12_1_no_failure-mavros-local_position-velocity.csv,carbonZ_2018-10-05-15-52-12_1_no_failure
carbonZ_2018-10-05-15-52-12_1_no_failure/carbonZ_2018-10-05-15-52-12_1_no_failure-mavros-nav_info-airspeed.csv,/content/gdrive/MyDrive/datasets/ALFA/processed_csv/processed/carbonZ_2018-10-05-15-52-12_1_no_failure/carbonZ_2018-10-05-15-52-12_1_no_failure-mavros-nav_info-airspeed.csv,100309,0.096,2026-01-29T01:54:11,carbonZ_2018-10-05-15-52-12_1_no_failure-mavros-nav_info-airspeed.csv,carbonZ_2018-10-05-15-52-12_1_no_failure
carbonZ_2018-10-05-15-52-12_1_no_failure/carbonZ_2018-10-05-15-52-12_1_no_failure-mavros-nav_info-errors.csv,/content/gdrive/MyDrive/datasets/ALFA/processed_csv/processed/carbonZ_2018-10-05-15-52-12_1_no_failure/carbonZ_2018-10-05-15-52-12_1_no_failure-mavros-nav_info-errors.csv,164275,0.157,2026-01-29T01:54:11,carbonZ_2018-10-05-15-52-12_1_no_failure-mavros-nav_info-errors.csv,carbonZ_2018-10-05-15-52-12_1_no_failure
carbonZ_2018-10-05-15-52-12_1_no_failure/carbonZ_2018-10-05-15-52-12_1_no_failure-mavros-nav_info-pitch.csv,/content/gdrive/MyDrive/datasets/ALFA/processed_csv/processed/carbonZ_2018-10-05-15-52-12_1_no_failure/carbonZ_2018-10-05-15-52-12_1_no_failure-mavros-nav_info-pitch.csv,134726,0.128,2026-01-29T01:54:11,carbonZ_2018-10-05-15-52-12_1_no_failure-mavros-nav_info-pitch.csv,carbonZ_2018-10-05-15-52-12_1_no_failure
carbonZ_2018-10-05-15-52-12_1_no_failure/carbonZ_2018-10-05-15-52-12_1_no_failure-mavros-nav_info-roll.csv,/content/gdrive/MyDrive/datasets/ALFA/processed_csv/processed/carbonZ_2018-10-05-15-52-12_1_no_failure/carbonZ_2018-10-05-15-52-12_1_no_failure-mavros-nav_info-roll.csv,132735,0.127,2026-01-29T01:54:11,carbonZ_2018-10-05-15-52-12_1_no_failure-mavros-nav_info-roll.csv,carbonZ_2018-10-05-15-52-12_1_no_failure
carbonZ_2018-10-05-15-52-12_1_no_failure/carbonZ_2018-10-05-15-52-12_1_no_failure-mavros-nav_info-velocity.csv,/content/gdrive/MyDrive/datasets/ALFA/processed_csv/processed/carbonZ_2018-10-05-15-52-12_1_no_failure/carbonZ_2018-10-05-15-52-12_1_no_failure-mavros-nav_info-velocity.csv,238527,0.227,2026-01-29T01:54:11,carbonZ_2018-10-05-15-52-12_1_no_failure-mavros-nav_info-velocity.csv,carbonZ_2018-10-05-15-52-12_1_no_failure
carbonZ_2018-10-05-15-52-12_1_no_failure/carbonZ_2018-10-05-15-52-12_1_no_failure-mavros-nav_info-yaw.csv,/content/gdrive/MyDrive/datasets/ALFA/processed_csv/processed/carbonZ_2018-10-05-15-52-12_1_no_failure/carbonZ_2018-10-05-15-52-12_1_no_failure-mavros-nav_info-yaw.csv,119127,0.114,2026-01-29T01:54:11,carbonZ_2018-10-05-15-52-12_1_no_failure-mavros-nav_info-yaw.csv,carbonZ_2018-10-05-15-52-12_1_no_failure
carbonZ_2018-10-05-15-52-12_1_no_failure/carbonZ_2018-10-05-15-52-12_1_no_failure-mavros-rc-in.csv,/content/gdrive/MyDrive/datasets/ALFA/processed_csv/processed/carbonZ_2018-10-05-15-52-12_1_no_failure/carbonZ_2018-10-05-15-52-12_1_no_failure-mavros-rc-in.csv,34769,0.033,2026-01-29T01:54:11,carbonZ_2018-10-05-15-52-12_1_no_failure-mavros-rc-in.csv,carbonZ_2018-10-05-15-52-12_1_no_failure
carbonZ_2018-10-05-15-52-12_1_no_failure/carbonZ_2018-10-05-15-52-12_1_no_failure-mavros-rc-out.csv,/content/gdrive/MyDrive/datasets/ALFA/processed_csv/processed/carbonZ_2018-10-05-15-52-12_1_no_failure/carbonZ_2018-10-05-15-52-12_1_no_failure-mavros-rc-out.csv,23326,0.022,2026-01-29T01:54:11,carbonZ_2018-10-05-15-52-12_1_no_failure-mavros-rc-out.csv,carbonZ_2018-10-05-15-52-12_1_no_failure
carbonZ_2018-10-05-15-52-12_1_no_failure/carbonZ_2018-10-05-15-52-12_1_no_failure-mavros-setpoint_raw-local.csv,/content/gdrive/MyDrive/datasets/ALFA/processed_csv/processed/carbonZ_2018-10-05-15-52-12_1_no_failure/carbonZ_2018-10-05-15-52-12_1_no_failure-mavros-setpoint_raw-local.csv,601159,0.573,2026-01-29T01:54:11,carbonZ_2018-10-05-15-52-12_1_no_failure-mavros-setpoint_raw-local.csv,carbonZ_2018-10-05-15-52-12_1_no_failure
carbonZ_2018-10-05-15-52-12_1_no_failure/carbonZ_2018-10-05-15-52-12_1_no_failure-mavros-setpoint_raw-target_global.csv,/content/gdrive/MyDrive/datasets/ALFA/processed_csv/processed/carbonZ_2018-10-05-15-52-12_1_no_failure/carbonZ_2018-10-05-15-52-12_1_no_failure-mavros-setpoint_raw-target_global.csv,328320,0.313,2026-01-29T01:54:11,carbonZ_2018-10-05-15-52-12_1_no_failure-mavros-setpoint_raw-target_global.csv,carbonZ_2018-10-05-15-52-12_1_no_failure
carbonZ_2018-10-05-15-52-12_1_no_failure/carbonZ_2018-10-05-15-52-12_1_no_failure-mavros-state.csv,/content/gdrive/MyDrive/datasets/ALFA/processed_csv/processed/carbonZ_2018-10-05-15-52-12_1_no_failure/carbonZ_2018-10-05-15-52-12_1_no_failure-mavros-state.csv,5536,0.005,2026-01-29T01:54:11,carbonZ_2018-10-05-15-52-12_1_no_failure-mavros-state.csv,carbonZ_2018-10-05-15-52-12_1_no_failure
carbonZ_2018-10-05-15-52-12_1_no_failure/carbonZ_2018-10-05-15-52-12_1_no_failure-mavros-time_reference.csv,/content/gdrive/MyDrive/datasets/ALFA/processed_csv/processed/carbonZ_2018-10-05-15-52-12_1_no_failure/carbonZ_2018-10-05-15-52-12_1_no_failure-mavros-time_reference.csv,13498,0.013,2026-01-29T01:54:11,carbonZ_2018-10-05-15-52-12_1_no_failure-mavros-time_reference.csv,carbonZ_2018-10-05-15-52-12_1_no_failure
carbonZ_2018-10-05-15-52-12_1_no_failure/carbonZ_2018-10-05-15-52-12_1_no_failure-mavros-vfr_hud.csv,/content/gdrive/MyDrive/datasets/ALFA/processed_csv/processed/carbonZ_2018-10-05-15-52-12_1_no_failure/carbonZ_2018-10-05-15-52-12_1_no_failure-mavros-vfr_hud.csv,25275,0.024,2026-01-29T01:54:11,carbonZ_2018-10-05-15-52-12_1_no_failure-mavros-vfr_hud.csv,carbonZ_2018-10-05-15-52-12_1_no_failure
carbonZ_2018-10-05-15-52-12_1_no_failure/carbonZ_2018-10-05-15-52-12_1_no_failure-mavros-wind_estimation.csv,/content/gdrive/MyDrive/datasets/ALFA/processed_csv/processed/carbonZ_2018-10-05-15-52-12_1_no_failure/carbonZ_2018-10-05-15-52-12_1_no_failure-mavros-wind_estimation.csv,17972,0.017,2026-01-29T01:54:11,carbonZ_2018-10-05-15-52-12_1_no_failure-mavros-wind_estimation.csv,carbonZ_2018-10-05-15-52-12_1_no_failure
carbonZ_2018-10-05-15-52-12_2_no_failure/carbonZ_2018-10-05-15-52-12_2_no_failure-diagnostics.csv,/content/gdrive/MyDrive/datasets/ALFA/processed_csv/processed/carbonZ_2018-10-05-15-52-12_2_no_failure/carbonZ_2018-10-05-15-52-12_2_no_failure-diagnostics.csv,52354,0.05,2026-01-29T01:54:11,carbonZ_2018-10-05-15-52-12_2_no_failure-diagnostics.csv,carbonZ_2018-10-05-15-52-12_2_no_failure
carbonZ_2018-10-05-15-52-12_2_no_failure/carbonZ_2018-10-05-15-52-12_2_no_failure-mavctrl-path_dev.csv,/content/gdrive/MyDrive/datasets/ALFA/processed_csv/processed/carbonZ_2018-10-05-15-52-12_2_no_failure/carbonZ_2018-10-05-15-52-12_2_no_failure-mavctrl-path_dev.csv,128067,0.122,2026-01-29T01:54:11,carbonZ_2018-10-05-15-52-12_2_no_failure-mavctrl-path_dev.csv,carbonZ_2018-10-05-15-52-12_2_no_failure
carbonZ_2018-10-05-15-52-12_2_no_failure/carbonZ_2018-10-05-15-52-12_2_no_failure-mavctrl-rpy.csv,/content/gdrive/MyDrive/datasets/ALFA/processed_csv/processed/carbonZ_2018-10-05-15-52-12_2_no_failure/carbonZ_2018-10-05-15-52-12_2_no_failure-mavctrl-rpy.csv,162323,0.155,2026-01-29T01:54:11,carbonZ_2018-10-05-15-52-12_2_no_failure-mavctrl-rpy.csv,carbonZ_2018-10-05-15-52-12_2_no_failure
carbonZ_2018-10-05-15-52-12_2_no_failure/carbonZ_2018-10-05-15-52-12_2_no_failure-mavlink-from.csv,/content/gdrive/MyDrive/datasets/ALFA/processed_csv/processed/carbonZ_2018-10-05-15-52-12_2_no_failure/carbonZ_2018-10-05-15-52-12_2_no_failure-mavlink-from.csv,1266530,1.208,2026-01-29T01:54:11,carbonZ_2018-10-05-15-52-12_2_no_failure-mavlink-from.csv,carbonZ_2018-10-05-15-52-12_2_no_failure
carbonZ_2018-10-05-15-52-12_2_no_failure/carbonZ_2018-10-05-15-52-12_2_no_failure-mavros-battery.csv,/content/gdrive/MyDrive/datasets/ALFA/processed_csv/processed/carbonZ_2018-10-05-15-52-12_2_no_failure/carbonZ_2018-10-05-15-52-12_2_no_failure-mavros-battery.csv,105050,0.1,2026-01-29T01:54:11,carbonZ_2018-10-05-15-52-12_2_no_failure-mavros-battery.csv,carbonZ_2018-10-05-15-52-12_2_no_failure
carbonZ_2018-10-05-15-52-12_2_no_failure/carbonZ_2018-10-05-15-52-12_2_no_failure-mavros-global_position-compass_hdg.csv,/content/gdrive/MyDrive/datasets/ALFA/processed_csv/processed/carbonZ_2018-10-05-15-52-12_2_no_failure/carbonZ_2018-10-05-15-52-12_2_no_failure-mavros-global_position-compass_hdg.csv,5246,0.005,2026-01-29T01:54:11,carbonZ_2018-10-05-15-52-12_2_no_failure-mavros-global_position-compass_hdg.csv,carbonZ_2018-10-05-15-52-12_2_no_failure
carbonZ_2018-10-05-15-52-12_2_no_failure/carbonZ_2018-10-05-15-52-12_2_no_failure-mavros-global_position-global.csv,/content/gdrive/MyDrive/datasets/ALFA/processed_csv/processed/carbonZ_2018-10-05-15-52-12_2_no_failure/carbonZ_2018-10-05-15-52-12_2_no_failure-mavros-global_position-global.csv,33027,0.031,2026-01-29T01:54:11,carbonZ_2018-10-05-15-52-12_2_no_failure-mavros-global_position-global.csv,carbonZ_2018-10-05-15-52-12_2_no_failure
carbonZ_2018-10-05-15-52-12_2_no_failure/carbonZ_2018-10-05-15-52-12_2_no_failure-mavros-global_position-local.csv,/content/gdrive/MyDrive/datasets/ALFA/processed_csv/processed/carbonZ_2018-10-05-15-52-12_2_no_failure/carbonZ_2018-10-05-15-52-12_2_no_failure-mavros-global_position-local.csv,104757,0.1,2026-01-29T01:54:11,carbonZ_2018-10-05-15-52-12_2_no_failure-mavros-global_position-local.csv,carbonZ_2018-10-05-15-52-12_2_no_failure
carbonZ_2018-10-05-15-52-12_2_no_failure/carbonZ_2018-10-05-15-52-12_2_no_failure-mavros-global_position-raw-fix.csv,/content/gdrive/MyDrive/datasets/ALFA/processed_csv/processed/carbonZ_2018-10-05-15-52-12_2_no_failure/carbonZ_2018-10-05-15-52-12_2_no_failure-mavros-global_position-raw-fix.csv,40466,0.039,2026-01-29T01:54:11,carbonZ_2018-10-05-15-52-12_2_no_failure-mavros-global_position-raw-fix.csv,carbonZ_2018-10-05-15-52-12_2_no_failure
carbonZ_2018-10-05-15-52-12_2_no_failure/carbonZ_2018-10-05-15-52-12_2_no_failure-mavros-global_position-raw-gps_vel.csv,/content/gdrive/MyDrive/datasets/ALFA/processed_csv/processed/carbonZ_2018-10-05-15-52-12_2_no_failure/carbonZ_2018-10-05-15-52-12_2_no_failure-mavros-global_position-raw-gps_vel.csv,22871,0.022,2026-01-29T01:54:11,carbonZ_2018-10-05-15-52-12_2_no_failure-mavros-global_position-raw-gps_vel.csv,carbonZ_2018-10-05-15-52-12_2_no_failure
carbonZ_2018-10-05-15-52-12_2_no_failure/carbonZ_2018-10-05-15-52-12_2_no_failure-mavros-global_position-rel_alt.csv,/content/gdrive/MyDrive/datasets/ALFA/processed_csv/processed/carbonZ_2018-10-05-15-52-12_2_no_failure/carbonZ_2018-10-05-15-52-12_2_no_failure-mavros-global_position-rel_alt.csv,5311,0.005,2026-01-29T01:54:11,carbonZ_2018-10-05-15-52-12_2_no_failure-mavros-global_position-rel_alt.csv,carbonZ_2018-10-05-15-52-12_2_no_failure
carbonZ_2018-10-05-15-52-12_2_no_failure/carbonZ_2018-10-05-15-52-12_2_no_failure-mavros-imu-atm_pressure.csv,/content/gdrive/MyDrive/datasets/ALFA/processed_csv/processed/carbonZ_2018-10-05-15-52-12_2_no_failure/carbonZ_2018-10-05-15-52-12_2_no_failure-mavros-imu-atm_pressure.csv,35439,0.034,2026-01-29T01:54:11,carbonZ_2018-10-05-15-52-12_2_no_failure-mavros-imu-atm_pressure.csv,carbonZ_2018-10-05-15-52-12_2_no_failure
carbonZ_2018-10-05-15-52-12_2_no_failure/carbonZ_2018-10-05-15-52-12_2_no_failure-mavros-imu-data.csv,/content/gdrive/MyDrive/datasets/ALFA/processed_csv/processed/carbonZ_2018-10-05-15-52-12_2_no_failure/carbonZ_2018-10-05-15-52-12_2_no_failure-mavros-imu-data.csv,44635,0.043,2026-01-29T01:54:11,carbonZ_2018-10-05-15-52-12_2_no_failure-mavros-imu-data.csv,carbonZ_2018-10-05-15-52-12_2_no_failure
carbonZ_2018-10-05-15-52-12_2_no_failure/carbonZ_2018-10-05-15-52-12_2_no_failure-mavros-imu-data_raw.csv,/content/gdrive/MyDrive/datasets/ALFA/processed_csv/processed/carbonZ_2018-10-05-15-52-12_2_no_failure/carbonZ_2018-10-05-15-52-12_2_no_failure-mavros-imu-data_raw.csv,137135,0.131,2026-01-29T01:54:11,carbonZ_2018-10-05-15-52-12_2_no_failure-mavros-imu-data_raw.csv,carbonZ_2018-10-05-15-52-12_2_no_failure
carbonZ_2018-10-05-15-52-12_2_no_failure/carbonZ_2018-10-05-15-52-12_2_no_failure-mavros-imu-mag.csv,/content/gdrive/MyDrive/datasets/ALFA/processed_csv/processed/carbonZ_2018-10-05-15-52-12_2_no_failure/carbonZ_2018-10-05-15-52-12_2_no_failure-mavros-imu-mag.csv,58809,0.056,2026-01-29T01:54:11,carbonZ_2018-10-05-15-52-12_2_no_failure-mavros-imu-mag.csv,carbonZ_2018-10-05-15-52-12_2_no_failure
carbonZ_2018-10-05-15-52-12_2_no_failure/carbonZ_2018-10-05-15-52-12_2_no_failure-mavros-imu-temperature.csv,/content/gdrive/MyDrive/datasets/ALFA/processed_csv/processed/carbonZ_2018-10-05-15-52-12_2_no_failure/carbonZ_2018-10-05-15-52-12_2_no_failure-mavros-imu-temperature.csv,31571,0.03,2026-01-29T01:54:11,carbonZ_2018-10-05-15-52-12_2_no_failure-mavros-imu-temperature.csv,carbonZ_2018-10-05-15-52-12_2_no_failure
carbonZ_2018-10-05-15-52-12_2_no_failure/carbonZ_2018-10-05-15-52-12_2_no_failure-mavros-local_position-odom.csv,/content/gdrive/MyDrive/datasets/ALFA/processed_csv/processed/carbonZ_2018-10-05-15-52-12_2_no_failure/carbonZ_2018-10-05-15-52-12_2_no_failure-mavros-local_position-odom.csv,115540,0.11,2026-01-29T01:54:11,carbonZ_2018-10-05-15-52-12_2_no_failure-mavros-local_position-odom.csv,carbonZ_2018-10-05-15-52-12_2_no_failure
carbonZ_2018-10-05-15-52-12_2_no_failure/carbonZ_2018-10-05-15-52-12_2_no_failure-mavros-local_position-pose.csv,/content/gdrive/MyDrive/datasets/ALFA/processed_csv/processed/carbonZ_2018-10-05-15-52-12_2_no_failure/carbonZ_2018-10-05-15-52-12_2_no_failure-mavros-local_position-pose.csv,30867,0.029,2026-01-29T01:54:11,carbonZ_2018-10-05-15-52-12_2_no_failure-mavros-local_position-pose.csv,carbonZ_2018-10-05-15-52-12_2_no_failure
carbonZ_2018-10-05-15-52-12_2_no_failure/carbonZ_2018-10-05-15-52-12_2_no_failure-mavros-local_position-velocity.csv,/content/gdrive/MyDrive/datasets/ALFA/processed_csv/processed/carbonZ_2018-10-05-15-52-12_2_no_failure/carbonZ_2018-10-05-15-52-12_2_no_failure-mavros-local_position-velocity.csv,27985,0.027,2026-01-29T01:54:11,carbonZ_2018-10-05-15-52-12_2_no_failure-mavros-local_position-velocity.csv,carbonZ_2018-10-05-15-52-12_2_no_failure
carbonZ_2018-10-05-15-52-12_2_no_failure/carbonZ_2018-10-05-15-52-12_2_no_failure-mavros-nav_info-airspeed.csv,/content/gdrive/MyDrive/datasets/ALFA/processed_csv/processed/carbonZ_2018-10-05-15-52-12_2_no_failure/carbonZ_2018-10-05-15-52-12_2_no_failure-mavros-nav_info-airspeed.csv,53270,0.051,2026-01-29T01:54:11,carbonZ_2018-10-05-15-52-12_2_no_failure-mavros-nav_info-airspeed.csv,carbonZ_2018-10-05-15-52-12_2_no_failure
carbonZ_2018-10-05-15-52-12_2_no_failure/carbonZ_2018-10-05-15-52-12_2_no_failure-mavros-nav_info-errors.csv,/content/gdrive/MyDrive/datasets/ALFA/processed_csv/processed/carbonZ_2018-10-05-15-52-12_2_no_failure/carbonZ_2018-10-05-15-52-12_2_no_failure-mavros-nav_info-errors.csv,88348,0.084,2026-01-29T01:54:11,carbonZ_2018-10-05-15-52-12_2_no_failure-mavros-nav_info-errors.csv,carbonZ_2018-10-05-15-52-12_2_no_failure
carbonZ_2018-10-05-15-52-12_2_no_failure/carbonZ_2018-10-05-15-52-12_2_no_failure-mavros-nav_info-pitch.csv,/content/gdrive/MyDrive/datasets/ALFA/processed_csv/processed/carbonZ_2018-10-05-15-52-12_2_no_failure/carbonZ_2018-10-05-15-52-12_2_no_failure-mavros-nav_info-pitch.csv,72293,0.069,2026-01-29T01:54:11,carbonZ_2018-10-05-15-52-12_2_no_failure-mavros-nav_info-pitch.csv,carbonZ_2018-10-05-15-52-12_2_no_failure
carbonZ_2018-10-05-15-52-12_2_no_failure/carbonZ_2018-10-05-15-52-12_2_no_failure-mavros-nav_info-roll.csv,/content/gdrive/MyDrive/datasets/ALFA/processed_csv/processed/carbonZ_2018-10-05-15-52-12_2_no_failure/carbonZ_2018-10-05-15-52-12_2_no_failure-mavros-nav_info-roll.csv,71225,0.068,2026-01-29T01:54:11,carbonZ_2018-10-05-15-52-12_2_no_failure-mavros-nav_info-roll.csv,carbonZ_2018-10-05-15-52-12_2_no_failure
carbonZ_2018-10-05-15-52-12_2_no_failure/carbonZ_2018-10-05-15-52-12_2_no_failure-mavros-nav_info-velocity.csv,/content/gdrive/MyDrive/datasets/ALFA/processed_csv/processed/carbonZ_2018-10-05-15-52-12_2_no_failure/carbonZ_2018-10-05-15-52-12_2_no_failure-mavros-nav_info-velocity.csv,127817,0.122,2026-01-29T01:54:11,carbonZ_2018-10-05-15-52-12_2_no_failure-mavros-nav_info-velocity.csv,carbonZ_2018-10-05-15-52-12_2_no_failure
carbonZ_2018-10-05-15-52-12_2_no_failure/carbonZ_2018-10-05-15-52-12_2_no_failure-mavros-nav_info-yaw.csv,/content/gdrive/MyDrive/datasets/ALFA/processed_csv/processed/carbonZ_2018-10-05-15-52-12_2_no_failure/carbonZ_2018-10-05-15-52-12_2_no_failure-mavros-nav_info-yaw.csv,63755,0.061,2026-01-29T01:54:11,carbonZ_2018-10-05-15-52-12_2_no_failure-mavros-nav_info-yaw.csv,carbonZ_2018-10-05-15-52-12_2_no_failure
carbonZ_2018-10-05-15-52-12_2_no_failure/carbonZ_2018-10-05-15-52-12_2_no_failure-mavros-rc-in.csv,/content/gdrive/MyDrive/datasets/ALFA/processed_csv/processed/carbonZ_2018-10-05-15-52-12_2_no_failure/carbonZ_2018-10-05-15-52-12_2_no_failure-mavros-rc-in.csv,18769,0.018,2026-01-29T01:54:11,carbonZ_2018-10-05-15-52-12_2_no_failure-mavros-rc-in.csv,carbonZ_2018-10-05-15-52-12_2_no_failure
carbonZ_2018-10-05-15-52-12_2_no_failure/carbonZ_2018-10-05-15-52-12_2_no_failure-mavros-rc-out.csv,/content/gdrive/MyDrive/datasets/ALFA/processed_csv/processed/carbonZ_2018-10-05-15-52-12_2_no_failure/carbonZ_2018-10-05-15-52-12_2_no_failure-mavros-rc-out.csv,12576,0.012,2026-01-29T01:54:11,carbonZ_2018-10-05-15-52-12_2_no_failure-mavros-rc-out.csv,carbonZ_2018-10-05-15-52-12_2_no_failure
carbonZ_2018-10-05-15-52-12_2_no_failure/carbonZ_2018-10-05-15-52-12_2_no_failure-mavros-setpoint_raw-local.csv,/content/gdrive/MyDrive/datasets/ALFA/processed_csv/processed/carbonZ_2018-10-05-15-52-12_2_no_failure/carbonZ_2018-10-05-15-52-12_2_no_failure-mavros-setpoint_raw-local.csv,325350,0.31,2026-01-29T01:54:11,carbonZ_2018-10-05-15-52-12_2_no_failure-mavros-setpoint_raw-local.csv,carbonZ_2018-10-05-15-52-12_2_no_failure
carbonZ_2018-10-05-15-52-12_2_no_failure/carbonZ_2018-10-05-15-52-12_2_no_failure-mavros-setpoint_raw-target_global.csv,/content/gdrive/MyDrive/datasets/ALFA/processed_csv/processed/carbonZ_2018-10-05-15-52-12_2_no_failure/carbonZ_2018-10-05-15-52-12_2_no_failure-mavros-setpoint_raw-target_global.csv,175257,0.167,2026-01-29T01:54:11,carbonZ_2018-10-05-15-52-12_2_no_failure-mavros-setpoint_raw-target_global.csv,carbonZ_2018-10-05-15-52-12_2_no_failure
carbonZ_2018-10-05-15-52-12_2_no_failure/carbonZ_2018-10-05-15-52-12_2_no_failure-mavros-state.csv,/content/gdrive/MyDrive/datasets/ALFA/processed_csv/processed/carbonZ_2018-10-05-15-52-12_2_no_failure/carbonZ_2018-10-05-15-52-12_2_no_failure-mavros-state.csv,3076,0.003,2026-01-29T01:54:11,carbonZ_2018-10-05-15-52-12_2_no_failure-mavros-state.csv,carbonZ_2018-10-05-15-52-12_2_no_failure
carbonZ_2018-10-05-15-52-12_2_no_failure/carbonZ_2018-10-05-15-52-12_2_no_failure-mavros-time_reference.csv,/content/gdrive/MyDrive/datasets/ALFA/processed_csv/processed/carbonZ_2018-10-05-15-52-12_2_no_failure/carbonZ_2018-10-05-15-52-12_2_no_failure-mavros-time_reference.csv,7442,0.007,2026-01-29T01:54:11,carbonZ_2018-10-05-15-52-12_2_no_failure-mavros-time_reference.csv,carbonZ_2018-10-05-15-52-12_2_no_failure
carbonZ_2018-10-05-15-52-12_2_no_failure/carbonZ_2018-10-05-15-52-12_2_no_failure-mavros-vfr_hud.csv,/content/gdrive/MyDrive/datasets/ALFA/processed_csv/processed/carbonZ_2018-10-05-15-52-12_2_no_failure/carbonZ_2018-10-05-15-52-12_2_no_failure-mavros-vfr_hud.csv,13701,0.013,2026-01-29T01:54:11,carbonZ_2018-10-05-15-52-12_2_no_failure-mavros-vfr_hud.csv,carbonZ_2018-10-05-15-52-12_2_no_failure
carbonZ_2018-10-05-15-52-12_2_no_failure/carbonZ_2018-10-05-15-52-12_2_no_failure-mavros-wind_estimation.csv,/content/gdrive/MyDrive/datasets/ALFA/processed_csv/processed/carbonZ_2018-10-05-15-52-12_2_no_failure/carbonZ_2018-10-05-15-52-12_2_no_failure-mavros-wind_estimation.csv,9937,0.009,2026-01-29T01:54:11,carbonZ_2018-10-05-15-52-12_2_no_failure-mavros-wind_estimation.csv,carbonZ_2018-10-05-15-52-12_2_no_failure
carbonZ_2018-10-05-15-52-12_3_engine_failure_with_emr_traj/carbonZ_2018-10-05-15-52-12_3_engine_failure_with_emr_traj-diagnostics.csv,/content/gdrive/MyDrive/datasets/ALFA/processed_csv/processed/carbonZ_2018-10-05-15-52-12_3_engine_failure_with_emr_traj/carbonZ_2018-10-05-15-52-12_3_engine_failure_with_emr_traj-diagnostics.csv,70991,0.068,2026-01-29T01:54:12,carbonZ_2018-10-05-15-52-12_3_engine_failure_with_emr_traj-diagnostics.csv,carbonZ_2018-10-05-15-52-12_3_engine_failure_with_emr_traj
carbonZ_2018-10-05-15-52-12_3_engine_failure_with_emr_traj/carbonZ_2018-10-05-15-52-12_3_engine_failure_with_emr_traj-emergency_responder-traj_file.csv,/content/gdrive/MyDrive/datasets/ALFA/processed_csv/processed/carbonZ_2018-10-05-15-52-12_3_engine_failure_with_emr_traj/carbonZ_2018-10-05-15-52-12_3_engine_failure_with_emr_traj-emergency_responder-traj_file.csv,63,0.0,2026-01-29T01:54:12,carbonZ_2018-10-05-15-52-12_3_engine_failure_with_emr_traj-emergency_responder-traj_file.csv,carbonZ_2018-10-05-15-52-12_3_engine_failure_with_emr_traj
carbonZ_2018-10-05-15-52-12_3_engine_failure_with_emr_traj/carbonZ_2018-10-05-15-52-12_3_engine_failure_with_emr_traj-failure_status-engines.csv,/content/gdrive/MyDrive/datasets/ALFA/processed_csv/processed/carbonZ_2018-10-05-15-52-12_3_engine_failure_with_emr_traj/carbonZ_2018-10-05-15-52-12_3_engine_failure_with_emr_traj-failure_status-engines.csv,787,0.001,2026-01-29T01:54:12,carbonZ_2018-10-05-15-52-12_3_engine_failure_with_emr_traj-failure_status-engines.csv,carbonZ_2018-10-05-15-52-12_3_engine_failure_with_emr_traj
carbonZ_2018-10-05-15-52-12_3_engine_failure_with_emr_traj/carbonZ_2018-10-05-15-52-12_3_engine_failure_with_emr_traj-mavctrl-path_dev.csv,/content/gdrive/MyDrive/datasets/ALFA/processed_csv/processed/carbonZ_2018-10-05-15-52-12_3_engine_failure_with_emr_traj/carbonZ_2018-10-05-15-52-12_3_engine_failure_with_emr_traj-mavctrl-path_dev.csv,174383,0.166,2026-01-29T01:54:12,carbonZ_2018-10-05-15-52-12_3_engine_failure_with_emr_traj-mavctrl-path_dev.csv,carbonZ_2018-10-05-15-52-12_3_engine_failure_with_emr_traj
carbonZ_2018-10-05-15-52-12_3_engine_failure_with_emr_traj/carbonZ_2018-10-05-15-52-12_3_engine_failure_with_emr_traj-mavctrl-rpy.csv,/content/gdrive/MyDrive/datasets/ALFA/processed_csv/processed/carbonZ_2018-10-05-15-52-12_3_engine_failure_with_emr_traj/carbonZ_2018-10-05-15-52-12_3_engine_failure_with_emr_traj-mavctrl-rpy.csv,219434,0.209,2026-01-29T01:54:12,carbonZ_2018-10-05-15-52-12_3_engine_failure_with_emr_traj-mavctrl-rpy.csv,carbonZ_2018-10-05-15-52-12_3_engine_failure_with_emr_traj
carbonZ_2018-10-05-15-52-12_3_engine_failure_with_emr_traj/carbonZ_2018-10-05-15-52-12_3_engine_failure_with_emr_traj-mavlink-from.csv,/content/gdrive/MyDrive/datasets/ALFA/processed_csv/processed/carbonZ_2018-10-05-15-52-12_3_engine_failure_with_emr_traj/carbonZ_2018-10-05-15-52-12_3_engine_failure_with_emr_traj-mavlink-from.csv,1772074,1.69,2026-01-29T01:54:12,carbonZ_2018-10-05-15-52-12_3_engine_failure_with_emr_traj-mavlink-from.csv,carbonZ_2018-10-05-15-52-12_3_engine_failure_with_emr_traj
carbonZ_2018-10-05-15-52-12_3_engine_failure_with_emr_traj/carbonZ_2018-10-05-15-52-12_3_engine_failure_with_emr_traj-mavros-battery.csv,/content/gdrive/MyDrive/datasets/ALFA/processed_csv/processed/carbonZ_2018-10-05-15-52-12_3_engine_failure_with_emr_traj/carbonZ_2018-10-05-15-52-12_3_engine_failure_with_emr_traj-mavros-battery.csv,146738,0.14,2026-01-29T01:54:12,carbonZ_2018-10-05-15-52-12_3_engine_failure_with_emr_traj-mavros-battery.csv,carbonZ_2018-10-05-15-52-12_3_engine_failure_with_emr_traj
carbonZ_2018-10-05-15-52-12_3_engine_failure_with_emr_traj/carbonZ_2018-10-05-15-52-12_3_engine_failure_with_emr_traj-mavros-global_position-compass_hdg.csv,/content/gdrive/MyDrive/datasets/ALFA/processed_csv/processed/carbonZ_2018-10-05-15-52-12_3_engine_failure_with_emr_traj/carbonZ_2018-10-05-15-52-12_3_engine_failure_with_emr_traj-mavros-global_position-compass_hdg.csv,7258,0.007,2026-01-29T01:54:12,carbonZ_2018-10-05-15-52-12_3_engine_failure_with_emr_traj-mavros-global_position-compass_hdg.csv,carbonZ_2018-10-05-15-52-12_3_engine_failure_with_emr_traj
carbonZ_2018-10-05-15-52-12_3_engine_failure_with_emr_traj/carbonZ_2018-10-05-15-52-12_3_engine_failure_with_emr_traj-mavros-global_position-global.csv,/content/gdrive/MyDrive/datasets/ALFA/processed_csv/processed/carbonZ_2018-10-05-15-52-12_3_engine_failure_with_emr_traj/carbonZ_2018-10-05-15-52-12_3_engine_failure_with_emr_traj-mavros-global_position-global.csv,45441,0.043,2026-01-29T01:54:12,carbonZ_2018-10-05-15-52-12_3_engine_failure_with_emr_traj-mavros-global_position-global.csv,carbonZ_2018-10-05-15-52-12_3_engine_failure_with_emr_traj
carbonZ_2018-10-05-15-52-12_3_engine_failure_with_emr_traj/carbonZ_2018-10-05-15-52-12_3_engine_failure_with_emr_traj-mavros-global_position-local.csv,/content/gdrive/MyDrive/datasets/ALFA/processed_csv/processed/carbonZ_2018-10-05-15-52-12_3_engine_failure_with_emr_traj/carbonZ_2018-10-05-15-52-12_3_engine_failure_with_emr_traj-mavros-global_position-local.csv,143687,0.137,2026-01-29T01:54:12,carbonZ_2018-10-05-15-52-12_3_engine_failure_with_emr_traj-mavros-global_position-local.csv,carbonZ_2018-10-05-15-52-12_3_engine_failure_with_emr_traj
carbonZ_2018-10-05-15-52-12_3_engine_failure_with_emr_traj/carbonZ_2018-10-05-15-52-12_3_engine_failure_with_emr_traj-mavros-global_position-raw-fix.csv,/content/gdrive/MyDrive/datasets/ALFA/processed_csv/processed/carbonZ_2018-10-05-15-52-12_3_engine_failure_with_emr_traj/carbonZ_2018-10-05-15-52-12_3_engine_failure_with_emr_traj-mavros-global_position-raw-fix.csv,55526,0.053,2026-01-29T01:54:12,carbonZ_2018-10-05-15-52-12_3_engine_failure_with_emr_traj-mavros-global_position-raw-fix.csv,carbonZ_2018-10-05-15-52-12_3_engine_failure_with_emr_traj
carbonZ_2018-10-05-15-52-12_3_engine_failure_with_emr_traj/carbonZ_2018-10-05-15-52-12_3_engine_failure_with_emr_traj-mavros-global_position-raw-gps_vel.csv,/content/gdrive/MyDrive/datasets/ALFA/processed_csv/processed/carbonZ_2018-10-05-15-52-12_3_engine_failure_with_emr_traj/carbonZ_2018-10-05-15-52-12_3_engine_failure_with_emr_traj-mavros-global_position-raw-gps_vel.csv,31466,0.03,2026-01-29T01:54:12,carbonZ_2018-10-05-15-52-12_3_engine_failure_with_emr_traj-mavros-global_position-raw-gps_vel.csv,carbonZ_2018-10-05-15-52-12_3_engine_failure_with_emr_traj
carbonZ_2018-10-05-15-52-12_3_engine_failure_with_emr_traj/carbonZ_2018-10-05-15-52-12_3_engine_failure_with_emr_traj-mavros-global_position-rel_alt.csv,/content/gdrive/MyDrive/datasets/ALFA/processed_csv/processed/carbonZ_2018-10-05-15-52-12_3_engine_failure_with_emr_traj/carbonZ_2018-10-05-15-52-12_3_engine_failure_with_emr_traj-mavros-global_position-rel_alt.csv,7336,0.007,2026-01-29T01:54:12,carbonZ_2018-10-05-15-52-12_3_engine_failure_with_emr_traj-mavros-global_position-rel_alt.csv,carbonZ_2018-10-05-15-52-12_3_engine_failure_with_emr_traj
carbonZ_2018-10-05-15-52-12_3_engine_failure_with_emr_traj/carbonZ_2018-10-05-15-52-12_3_engine_failure_with_emr_traj-mavros-imu-atm_pressure.csv,/content/gdrive/MyDrive/datasets/ALFA/processed_csv/processed/carbonZ_2018-10-05-15-52-12_3_engine_failure_with_emr_traj/carbonZ_2018-10-05-15-52-12_3_engine_failure_with_emr_traj-mavros-imu-atm_pressure.csv,48693,0.046,2026-01-29T01:54:12,carbonZ_2018-10-05-15-52-12_3_engine_failure_with_emr_traj-mavros-imu-atm_pressure.csv,carbonZ_2018-10-05-15-52-12_3_engine_failure_with_emr_traj
carbonZ_2018-10-05-15-52-12_3_engine_failure_with_emr_traj/carbonZ_2018-10-05-15-52-12_3_engine_failure_with_emr_traj-mavros-imu-data.csv,/content/gdrive/MyDrive/datasets/ALFA/processed_csv/processed/carbonZ_2018-10-05-15-52-12_3_engine_failure_with_emr_traj/carbonZ_2018-10-05-15-52-12_3_engine_failure_with_emr_traj-mavros-imu-data.csv,63068,0.06,2026-01-29T01:54:12,carbonZ_2018-10-05-15-52-12_3_engine_failure_with_emr_traj-mavros-imu-data.csv,carbonZ_2018-10-05-15-52-12_3_engine_failure_with_emr_traj
carbonZ_2018-10-05-15-52-12_3_engine_failure_with_emr_traj/carbonZ_2018-10-05-15-52-12_3_engine_failure_with_emr_traj-mavros-imu-data_raw.csv,/content/gdrive/MyDrive/datasets/ALFA/processed_csv/processed/carbonZ_2018-10-05-15-52-12_3_engine_failure_with_emr_traj/carbonZ_2018-10-05-15-52-12_3_engine_failure_with_emr_traj-mavros-imu-data_raw.csv,188072,0.179,2026-01-29T01:54:12,carbonZ_2018-10-05-15-52-12_3_engine_failure_with_emr_traj-mavros-imu-data_raw.csv,carbonZ_2018-10-05-15-52-12_3_engine_failure_with_emr_traj
carbonZ_2018-10-05-15-52-12_3_engine_failure_with_emr_traj/carbonZ_2018-10-05-15-52-12_3_engine_failure_with_emr_traj-mavros-imu-mag.csv,/content/gdrive/MyDrive/datasets/ALFA/processed_csv/processed/carbonZ_2018-10-05-15-52-12_3_engine_failure_with_emr_traj/carbonZ_2018-10-05-15-52-12_3_engine_failure_with_emr_traj-mavros-imu-mag.csv,80823,0.077,2026-01-29T01:54:12,carbonZ_2018-10-05-15-52-12_3_engine_failure_with_emr_traj-mavros-imu-mag.csv,carbonZ_2018-10-05-15-52-12_3_engine_failure_with_emr_traj
carbonZ_2018-10-05-15-52-12_3_engine_failure_with_emr_traj/carbonZ_2018-10-05-15-52-12_3_engine_failure_with_emr_traj-mavros-imu-temperature.csv,/content/gdrive/MyDrive/datasets/ALFA/processed_csv/processed/carbonZ_2018-10-05-15-52-12_3_engine_failure_with_emr_traj/carbonZ_2018-10-05-15-52-12_3_engine_failure_with_emr_traj-mavros-imu-temperature.csv,43396,0.041,2026-01-29T01:54:12,carbonZ_2018-10-05-15-52-12_3_engine_failure_with_emr_traj-mavros-imu-temperature.csv,carbonZ_2018-10-05-15-52-12_3_engine_failure_with_emr_traj
carbonZ_2018-10-05-15-52-12_3_engine_failure_with_emr_traj/carbonZ_2018-10-05-15-52-12_3_engine_failure_with_emr_traj-mavros-local_position-odom.csv,/content/gdrive/MyDrive/datasets/ALFA/processed_csv/processed/carbonZ_2018-10-05-15-52-12_3_engine_failure_with_emr_traj/carbonZ_2018-10-05-15-52-12_3_engine_failure_with_emr_traj-mavros-local_position-odom.csv,158438,0.151,2026-01-29T01:54:12,carbonZ_2018-10-05-15-52-12_3_engine_failure_with_emr_traj-mavros-local_position-odom.csv,carbonZ_2018-10-05-15-52-12_3_engine_failure_with_emr_traj
carbonZ_2018-10-05-15-52-12_3_engine_failure_with_emr_traj/carbonZ_2018-10-05-15-52-12_3_engine_failure_with_emr_traj-mavros-local_position-pose.csv,/content/gdrive/MyDrive/datasets/ALFA/processed_csv/processed/carbonZ_2018-10-05-15-52-12_3_engine_failure_with_emr_traj/carbonZ_2018-10-05-15-52-12_3_engine_failure_with_emr_traj-mavros-local_position-pose.csv,42360,0.04,2026-01-29T01:54:12,carbonZ_2018-10-05-15-52-12_3_engine_failure_with_emr_traj-mavros-local_position-pose.csv,carbonZ_2018-10-05-15-52-12_3_engine_failure_with_emr_traj
carbonZ_2018-10-05-15-52-12_3_engine_failure_with_emr_traj/carbonZ_2018-10-05-15-52-12_3_engine_failure_with_emr_traj-mavros-local_position-velocity.csv,/content/gdrive/MyDrive/datasets/ALFA/processed_csv/processed/carbonZ_2018-10-05-15-52-12_3_engine_failure_with_emr_traj/carbonZ_2018-10-05-15-52-12_3_engine_failure_with_emr_traj-mavros-local_position-velocity.csv,38583,0.037,2026-01-29T01:54:12,carbonZ_2018-10-05-15-52-12_3_engine_failure_with_emr_traj-mavros-local_position-velocity.csv,carbonZ_2018-10-05-15-52-12_3_engine_failure_with_emr_traj
carbonZ_2018-10-05-15-52-12_3_engine_failure_with_emr_traj/carbonZ_2018-10-05-15-52-12_3_engine_failure_with_emr_traj-mavros-nav_info-airspeed.csv,/content/gdrive/MyDrive/datasets/ALFA/processed_csv/processed/carbonZ_2018-10-05-15-52-12_3_engine_failure_with_emr_traj/carbonZ_2018-10-05-15-52-12_3_engine_failure_with_emr_traj-mavros-nav_info-airspeed.csv,75468,0.072,2026-01-29T01:54:12,carbonZ_2018-10-05-15-52-12_3_engine_failure_with_emr_traj-mavros-nav_info-airspeed.csv,carbonZ_2018-10-05-15-52-12_3_engine_failure_with_emr_traj
carbonZ_2018-10-05-15-52-12_3_engine_failure_with_emr_traj/carbonZ_2018-10-05-15-52-12_3_engine_failure_with_emr_traj-mavros-nav_info-errors.csv,/content/gdrive/MyDrive/datasets/ALFA/processed_csv/processed/carbonZ_2018-10-05-15-52-12_3_engine_failure_with_emr_traj/carbonZ_2018-10-05-15-52-12_3_engine_failure_with_emr_traj-mavros-nav_info-errors.csv,123175,0.117,2026-01-29T01:54:12,carbonZ_2018-10-05-15-52-12_3_engine_failure_with_emr_traj-mavros-nav_info-errors.csv,carbonZ_2018-10-05-15-52-12_3_engine_failure_with_emr_traj
carbonZ_2018-10-05-15-52-12_3_engine_failure_with_emr_traj/carbonZ_2018-10-05-15-52-12_3_engine_failure_with_emr_traj-mavros-nav_info-pitch.csv,/content/gdrive/MyDrive/datasets/ALFA/processed_csv/processed/carbonZ_2018-10-05-15-52-12_3_engine_failure_with_emr_traj/carbonZ_2018-10-05-15-52-12_3_engine_failure_with_emr_traj-mavros-nav_info-pitch.csv,100023,0.095,2026-01-29T01:54:12,carbonZ_2018-10-05-15-52-12_3_engine_failure_with_emr_traj-mavros-nav_info-pitch.csv,carbonZ_2018-10-05-15-52-12_3_engine_failure_with_emr_traj
carbonZ_2018-10-05-15-52-12_3_engine_failure_with_emr_traj/carbonZ_2018-10-05-15-52-12_3_engine_failure_with_emr_traj-mavros-nav_info-roll.csv,/content/gdrive/MyDrive/datasets/ALFA/processed_csv/processed/carbonZ_2018-10-05-15-52-12_3_engine_failure_with_emr_traj/carbonZ_2018-10-05-15-52-12_3_engine_failure_with_emr_traj-mavros-nav_info-roll.csv,98639,0.094,2026-01-29T01:54:12,carbonZ_2018-10-05-15-52-12_3_engine_failure_with_emr_traj-mavros-nav_info-roll.csv,carbonZ_2018-10-05-15-52-12_3_engine_failure_with_emr_traj
carbonZ_2018-10-05-15-52-12_3_engine_failure_with_emr_traj/carbonZ_2018-10-05-15-52-12_3_engine_failure_with_emr_traj-mavros-nav_info-velocity.csv,/content/gdrive/MyDrive/datasets/ALFA/processed_csv/processed/carbonZ_2018-10-05-15-52-12_3_engine_failure_with_emr_traj/carbonZ_2018-10-05-15-52-12_3_engine_failure_with_emr_traj-mavros-nav_info-velocity.csv,177555,0.169,2026-01-29T01:54:12,carbonZ_2018-10-05-15-52-12_3_engine_failure_with_emr_traj-mavros-nav_info-velocity.csv,carbonZ_2018-10-05-15-52-12_3_engine_failure_with_emr_traj
carbonZ_2018-10-05-15-52-12_3_engine_failure_with_emr_traj/carbonZ_2018-10-05-15-52-12_3_engine_failure_with_emr_traj-mavros-nav_info-yaw.csv,/content/gdrive/MyDrive/datasets/ALFA/processed_csv/processed/carbonZ_2018-10-05-15-52-12_3_engine_failure_with_emr_traj/carbonZ_2018-10-05-15-52-12_3_engine_failure_with_emr_traj-mavros-nav_info-yaw.csv,89249,0.085,2026-01-29T01:54:12,carbonZ_2018-10-05-15-52-12_3_engine_failure_with_emr_traj-mavros-nav_info-yaw.csv,carbonZ_2018-10-05-15-52-12_3_engine_failure_with_emr_traj
carbonZ_2018-10-05-15-52-12_3_engine_failure_with_emr_traj/carbonZ_2018-10-05-15-52-12_3_engine_failure_with_emr_traj-mavros-rc-in.csv,/content/gdrive/MyDrive/datasets/ALFA/processed_csv/processed/carbonZ_2018-10-05-15-52-12_3_engine_failure_with_emr_traj/carbonZ_2018-10-05-15-52-12_3_engine_failure_with_emr_traj-mavros-rc-in.csv,26065,0.025,2026-01-29T01:54:12,carbonZ_2018-10-05-15-52-12_3_engine_failure_with_emr_traj-mavros-rc-in.csv,carbonZ_2018-10-05-15-52-12_3_engine_failure_with_emr_traj
carbonZ_2018-10-05-15-52-12_3_engine_failure_with_emr_traj/carbonZ_2018-10-05-15-52-12_3_engine_failure_with_emr_traj-mavros-rc-out.csv,/content/gdrive/MyDrive/datasets/ALFA/processed_csv/processed/carbonZ_2018-10-05-15-52-12_3_engine_failure_with_emr_traj/carbonZ_2018-10-05-15-52-12_3_engine_failure_with_emr_traj-mavros-rc-out.csv,17478,0.017,2026-01-29T01:54:12,carbonZ_2018-10-05-15-52-12_3_engine_failure_with_emr_traj-mavros-rc-out.csv,carbonZ_2018-10-05-15-52-12_3_engine_failure_with_emr_traj
carbonZ_2018-10-05-15-52-12_3_engine_failure_with_emr_traj/carbonZ_2018-10-05-15-52-12_3_engine_failure_with_emr_traj-mavros-setpoint_raw-local.csv,/content/gdrive/MyDrive/datasets/ALFA/processed_csv/processed/carbonZ_2018-10-05-15-52-12_3_engine_failure_with_emr_traj/carbonZ_2018-10-05-15-52-12_3_engine_failure_with_emr_traj-mavros-setpoint_raw-local.csv,429945,0.41,2026-01-29T01:54:12,carbonZ_2018-10-05-15-52-12_3_engine_failure_with_emr_traj-mavros-setpoint_raw-local.csv,carbonZ_2018-10-05-15-52-12_3_engine_failure_with_emr_traj
carbonZ_2018-10-05-15-52-12_3_engine_failure_with_emr_traj/carbonZ_2018-10-05-15-52-12_3_engine_failure_with_emr_traj-mavros-setpoint_raw-target_global.csv,/content/gdrive/MyDrive/datasets/ALFA/processed_csv/processed/carbonZ_2018-10-05-15-52-12_3_engine_failure_with_emr_traj/carbonZ_2018-10-05-15-52-12_3_engine_failure_with_emr_traj-mavros-setpoint_raw-target_global.csv,244978,0.234,2026-01-29T01:54:12,carbonZ_2018-10-05-15-52-12_3_engine_failure_with_emr_traj-mavros-setpoint_raw-target_global.csv,carbonZ_2018-10-05-15-52-12_3_engine_failure_with_emr_traj
carbonZ_2018-10-05-15-52-12_3_engine_failure_with_emr_traj/carbonZ_2018-10-05-15-52-12_3_engine_failure_with_emr_traj-mavros-state.csv,/content/gdrive/MyDrive/datasets/ALFA/processed_csv/processed/carbonZ_2018-10-05-15-52-12_3_engine_failure_with_emr_traj/carbonZ_2018-10-05-15-52-12_3_engine_failure_with_emr_traj-mavros-state.csv,4185,0.004,2026-01-29T01:54:12,carbonZ_2018-10-05-15-52-12_3_engine_failure_with_emr_traj-mavros-state.csv,carbonZ_2018-10-05-15-52-12_3_engine_failure_with_emr_traj
carbonZ_2018-10-05-15-52-12_3_engine_failure_with_emr_traj/carbonZ_2018-10-05-15-52-12_3_engine_failure_with_emr_traj-mavros-time_reference.csv,/content/gdrive/MyDrive/datasets/ALFA/processed_csv/processed/carbonZ_2018-10-05-15-52-12_3_engine_failure_with_emr_traj/carbonZ_2018-10-05-15-52-12_3_engine_failure_with_emr_traj-mavros-time_reference.csv,10312,0.01,2026-01-29T01:54:12,carbonZ_2018-10-05-15-52-12_3_engine_failure_with_emr_traj-mavros-time_reference.csv,carbonZ_2018-10-05-15-52-12_3_engine_failure_with_emr_traj
carbonZ_2018-10-05-15-52-12_3_engine_failure_with_emr_traj/carbonZ_2018-10-05-15-52-12_3_engine_failure_with_emr_traj-mavros-vfr_hud.csv,/content/gdrive/MyDrive/datasets/ALFA/processed_csv/processed/carbonZ_2018-10-05-15-52-12_3_engine_failure_with_emr_traj/carbonZ_2018-10-05-15-52-12_3_engine_failure_with_emr_traj-mavros-vfr_hud.csv,18944,0.018,2026-01-29T01:54:12,carbonZ_2018-10-05-15-52-12_3_engine_failure_with_emr_traj-mavros-vfr_hud.csv,carbonZ_2018-10-05-15-52-12_3_engine_failure_with_emr_traj
carbonZ_2018-10-05-15-52-12_3_engine_failure_with_emr_traj/carbonZ_2018-10-05-15-52-12_3_engine_failure_with_emr_traj-mavros-wind_estimation.csv,/content/gdrive/MyDrive/datasets/ALFA/processed_csv/processed/carbonZ_2018-10-05-15-52-12_3_engine_failure_with_emr_traj/carbonZ_2018-10-05-15-52-12_3_engine_failure_with_emr_traj-mavros-wind_estimation.csv,13642,0.013,2026-01-29T01:54:12,carbonZ_2018-10-05-15-52-12_3_engine_failure_with_emr_traj-mavros-wind_estimation.csv,carbonZ_2018-10-05-15-52-12_3_engine_failure_with_emr_traj
carbonZ_2018-10-05-15-55-10_engine_failure_with_emr_traj/carbonZ_2018-10-05-15-55-10_engine_failure_with_emr_traj-diagnostics.csv,/content/gdrive/MyDrive/datasets/ALFA/processed_csv/processed/carbonZ_2018-10-05-15-55-10_engine_failure_with_emr_traj/carbonZ_2018-10-05-15-55-10_engine_failure_with_emr_traj-diagnostics.csv,120266,0.115,2026-01-29T01:54:12,carbonZ_2018-10-05-15-55-10_engine_failure_with_emr_traj-diagnostics.csv,carbonZ_2018-10-05-15-55-10_engine_failure_with_emr_traj
carbonZ_2018-10-05-15-55-10_engine_failure_with_emr_traj/carbonZ_2018-10-05-15-55-10_engine_failure_with_emr_traj-emergency_responder-traj_file.csv,/content/gdrive/MyDrive/datasets/ALFA/processed_csv/processed/carbonZ_2018-10-05-15-55-10_engine_failure_with_emr_traj/carbonZ_2018-10-05-15-55-10_engine_failure_with_emr_traj-emergency_responder-traj_file.csv,63,0.0,2026-01-29T01:54:12,carbonZ_2018-10-05-15-55-10_engine_failure_with_emr_traj-emergency_responder-traj_file.csv,carbonZ_2018-10-05-15-55-10_engine_failure_with_emr_traj
carbonZ_2018-10-05-15-55-10_engine_failure_with_emr_traj/carbonZ_2018-10-05-15-55-10_engine_failure_with_emr_traj-failure_status-engines.csv,/content/gdrive/MyDrive/datasets/ALFA/processed_csv/processed/carbonZ_2018-10-05-15-55-10_engine_failure_with_emr_traj/carbonZ_2018-10-05-15-55-10_engine_failure_with_emr_traj-failure_status-engines.csv,611,0.001,2026-01-29T01:54:12,carbonZ_2018-10-05-15-55-10_engine_failure_with_emr_traj-failure_status-engines.csv,carbonZ_2018-10-05-15-55-10_engine_failure_with_emr_traj
carbonZ_2018-10-05-15-55-10_engine_failure_with_emr_traj/carbonZ_2018-10-05-15-55-10_engine_failure_with_emr_traj-mavctrl-path_dev.csv,/content/gdrive/MyDrive/datasets/ALFA/processed_csv/processed/carbonZ_2018-10-05-15-55-10_engine_failure_with_emr_traj/carbonZ_2018-10-05-15-55-10_engine_failure_with_emr_traj-mavctrl-path_dev.csv,298096,0.284,2026-01-29T01:54:12,carbonZ_2018-10-05-15-55-10_engine_failure_with_emr_traj-mavctrl-path_dev.csv,carbonZ_2018-10-05-15-55-10_engine_failure_with_emr_traj
carbonZ_2018-10-05-15-55-10_engine_failure_with_emr_traj/carbonZ_2018-10-05-15-55-10_engine_failure_with_emr_traj-mavctrl-rpy.csv,/content/gdrive/MyDrive/datasets/ALFA/processed_csv/processed/carbonZ_2018-10-05-15-55-10_engine_failure_with_emr_traj/carbonZ_2018-10-05-15-55-10_engine_failure_with_emr_traj-mavctrl-rpy.csv,377723,0.36,2026-01-29T01:54:12,carbonZ_2018-10-05-15-55-10_engine_failure_with_emr_traj-mavctrl-rpy.csv,carbonZ_2018-10-05-15-55-10_engine_failure_with_emr_traj
carbonZ_2018-10-05-15-55-10_engine_failure_with_emr_traj/carbonZ_2018-10-05-15-55-10_engine_failure_with_emr_traj-mavlink-from.csv,/content/gdrive/MyDrive/datasets/ALFA/processed_csv/processed/carbonZ_2018-10-05-15-55-10_engine_failure_with_emr_traj/carbonZ_2018-10-05-15-55-10_engine_failure_with_emr_traj-mavlink-from.csv,3010727,2.871,2026-01-29T01:54:12,carbonZ_2018-10-05-15-55-10_engine_failure_with_emr_traj-mavlink-from.csv,carbonZ_2018-10-05-15-55-10_engine_failure_with_emr_traj
carbonZ_2018-10-05-15-55-10_engine_failure_with_emr_traj/carbonZ_2018-10-05-15-55-10_engine_failure_with_emr_traj-mavros-battery.csv,/content/gdrive/MyDrive/datasets/ALFA/processed_csv/processed/carbonZ_2018-10-05-15-55-10_engine_failure_with_emr_traj/carbonZ_2018-10-05-15-55-10_engine_failure_with_emr_traj-mavros-battery.csv,249814,0.238,2026-01-29T01:54:12,carbonZ_2018-10-05-15-55-10_engine_failure_with_emr_traj-mavros-battery.csv,carbonZ_2018-10-05-15-55-10_engine_failure_with_emr_traj
carbonZ_2018-10-05-15-55-10_engine_failure_with_emr_traj/carbonZ_2018-10-05-15-55-10_engine_failure_with_emr_traj-mavros-global_position-compass_hdg.csv,/content/gdrive/MyDrive/datasets/ALFA/processed_csv/processed/carbonZ_2018-10-05-15-55-10_engine_failure_with_emr_traj/carbonZ_2018-10-05-15-55-10_engine_failure_with_emr_traj-mavros-global_position-compass_hdg.csv,12615,0.012,2026-01-29T01:54:12,carbonZ_2018-10-05-15-55-10_engine_failure_with_emr_traj-mavros-global_position-compass_hdg.csv,carbonZ_2018-10-05-15-55-10_engine_failure_with_emr_traj
carbonZ_2018-10-05-15-55-10_engine_failure_with_emr_traj/carbonZ_2018-10-05-15-55-10_engine_failure_with_emr_traj-mavros-global_position-global.csv,/content/gdrive/MyDrive/datasets/ALFA/processed_csv/processed/carbonZ_2018-10-05-15-55-10_engine_failure_with_emr_traj/carbonZ_2018-10-05-15-55-10_engine_failure_with_emr_traj-mavros-global_position-global.csv,78639,0.075,2026-01-29T01:54:12,carbonZ_2018-10-05-15-55-10_engine_failure_with_emr_traj-mavros-global_position-global.csv,carbonZ_2018-10-05-15-55-10_engine_failure_with_emr_traj
carbonZ_2018-10-05-15-55-10_engine_failure_with_emr_traj/carbonZ_2018-10-05-15-55-10_engine_failure_with_emr_traj-mavros-global_position-local.csv,/content/gdrive/MyDrive/datasets/ALFA/processed_csv/processed/carbonZ_2018-10-05-15-55-10_engine_failure_with_emr_traj/carbonZ_2018-10-05-15-55-10_engine_failure_with_emr_traj-mavros-global_position-local.csv,247936,0.236,2026-01-29T01:54:12,carbonZ_2018-10-05-15-55-10_engine_failure_with_emr_traj-mavros-global_position-local.csv,carbonZ_2018-10-05-15-55-10_engine_failure_with_emr_traj
carbonZ_2018-10-05-15-55-10_engine_failure_with_emr_traj/carbonZ_2018-10-05-15-55-10_engine_failure_with_emr_traj-mavros-global_position-raw-fix.csv,/content/gdrive/MyDrive/datasets/ALFA/processed_csv/processed/carbonZ_2018-10-05-15-55-10_engine_failure_with_emr_traj/carbonZ_2018-10-05-15-55-10_engine_failure_with_emr_traj-mavros-global_position-raw-fix.csv,94194,0.09,2026-01-29T01:54:12,carbonZ_2018-10-05-15-55-10_engine_failure_with_emr_traj-mavros-global_position-raw-fix.csv,carbonZ_2018-10-05-15-55-10_engine_failure_with_emr_traj
carbonZ_2018-10-05-15-55-10_engine_failure_with_emr_traj/carbonZ_2018-10-05-15-55-10_engine_failure_with_emr_traj-mavros-global_position-raw-gps_vel.csv,/content/gdrive/MyDrive/datasets/ALFA/processed_csv/processed/carbonZ_2018-10-05-15-55-10_engine_failure_with_emr_traj/carbonZ_2018-10-05-15-55-10_engine_failure_with_emr_traj-mavros-global_position-raw-gps_vel.csv,53409,0.051,2026-01-29T01:54:12,carbonZ_2018-10-05-15-55-10_engine_failure_with_emr_traj-mavros-global_position-raw-gps_vel.csv,carbonZ_2018-10-05-15-55-10_engine_failure_with_emr_traj
carbonZ_2018-10-05-15-55-10_engine_failure_with_emr_traj/carbonZ_2018-10-05-15-55-10_engine_failure_with_emr_traj-mavros-global_position-rel_alt.csv,/content/gdrive/MyDrive/datasets/ALFA/processed_csv/processed/carbonZ_2018-10-05-15-55-10_engine_failure_with_emr_traj/carbonZ_2018-10-05-15-55-10_engine_failure_with_emr_traj-mavros-global_position-rel_alt.csv,12715,0.012,2026-01-29T01:54:12,carbonZ_2018-10-05-15-55-10_engine_failure_with_emr_traj-mavros-global_position-rel_alt.csv,carbonZ_2018-10-05-15-55-10_engine_failure_with_emr_traj
carbonZ_2018-10-05-15-55-10_engine_failure_with_emr_traj/carbonZ_2018-10-05-15-55-10_engine_failure_with_emr_traj-mavros-imu-atm_pressure.csv,/content/gdrive/MyDrive/datasets/ALFA/processed_csv/processed/carbonZ_2018-10-05-15-55-10_engine_failure_with_emr_traj/carbonZ_2018-10-05-15-55-10_engine_failure_with_emr_traj-mavros-imu-atm_pressure.csv,82667,0.079,2026-01-29T01:54:12,carbonZ_2018-10-05-15-55-10_engine_failure_with_emr_traj-mavros-imu-atm_pressure.csv,carbonZ_2018-10-05-15-55-10_engine_failure_with_emr_traj
carbonZ_2018-10-05-15-55-10_engine_failure_with_emr_traj/carbonZ_2018-10-05-15-55-10_engine_failure_with_emr_traj-mavros-imu-data.csv,/content/gdrive/MyDrive/datasets/ALFA/processed_csv/processed/carbonZ_2018-10-05-15-55-10_engine_failure_with_emr_traj/carbonZ_2018-10-05-15-55-10_engine_failure_with_emr_traj-mavros-imu-data.csv,104575,0.1,2026-01-29T01:54:12,carbonZ_2018-10-05-15-55-10_engine_failure_with_emr_traj-mavros-imu-data.csv,carbonZ_2018-10-05-15-55-10_engine_failure_with_emr_traj
carbonZ_2018-10-05-15-55-10_engine_failure_with_emr_traj/carbonZ_2018-10-05-15-55-10_engine_failure_with_emr_traj-mavros-imu-data_raw.csv,/content/gdrive/MyDrive/datasets/ALFA/processed_csv/processed/carbonZ_2018-10-05-15-55-10_engine_failure_with_emr_traj/carbonZ_2018-10-05-15-55-10_engine_failure_with_emr_traj-mavros-imu-data_raw.csv,318804,0.304,2026-01-29T01:54:12,carbonZ_2018-10-05-15-55-10_engine_failure_with_emr_traj-mavros-imu-data_raw.csv,carbonZ_2018-10-05-15-55-10_engine_failure_with_emr_traj
carbonZ_2018-10-05-15-55-10_engine_failure_with_emr_traj/carbonZ_2018-10-05-15-55-10_engine_failure_with_emr_traj-mavros-imu-mag.csv,/content/gdrive/MyDrive/datasets/ALFA/processed_csv/processed/carbonZ_2018-10-05-15-55-10_engine_failure_with_emr_traj/carbonZ_2018-10-05-15-55-10_engine_failure_with_emr_traj-mavros-imu-mag.csv,136585,0.13,2026-01-29T01:54:13,carbonZ_2018-10-05-15-55-10_engine_failure_with_emr_traj-mavros-imu-mag.csv,carbonZ_2018-10-05-15-55-10_engine_failure_with_emr_traj
carbonZ_2018-10-05-15-55-10_engine_failure_with_emr_traj/carbonZ_2018-10-05-15-55-10_engine_failure_with_emr_traj-mavros-imu-temperature.csv,/content/gdrive/MyDrive/datasets/ALFA/processed_csv/processed/carbonZ_2018-10-05-15-55-10_engine_failure_with_emr_traj/carbonZ_2018-10-05-15-55-10_engine_failure_with_emr_traj-mavros-imu-temperature.csv,73645,0.07,2026-01-29T01:54:13,carbonZ_2018-10-05-15-55-10_engine_failure_with_emr_traj-mavros-imu-temperature.csv,carbonZ_2018-10-05-15-55-10_engine_failure_with_emr_traj
carbonZ_2018-10-05-15-55-10_engine_failure_with_emr_traj/carbonZ_2018-10-05-15-55-10_engine_failure_with_emr_traj-mavros-local_position-odom.csv,/content/gdrive/MyDrive/datasets/ALFA/processed_csv/processed/carbonZ_2018-10-05-15-55-10_engine_failure_with_emr_traj/carbonZ_2018-10-05-15-55-10_engine_failure_with_emr_traj-mavros-local_position-odom.csv,273706,0.261,2026-01-29T01:54:13,carbonZ_2018-10-05-15-55-10_engine_failure_with_emr_traj-mavros-local_position-odom.csv,carbonZ_2018-10-05-15-55-10_engine_failure_with_emr_traj
carbonZ_2018-10-05-15-55-10_engine_failure_with_emr_traj/carbonZ_2018-10-05-15-55-10_engine_failure_with_emr_traj-mavros-local_position-pose.csv,/content/gdrive/MyDrive/datasets/ALFA/processed_csv/processed/carbonZ_2018-10-05-15-55-10_engine_failure_with_emr_traj/carbonZ_2018-10-05-15-55-10_engine_failure_with_emr_traj-mavros-local_position-pose.csv,73491,0.07,2026-01-29T01:54:13,carbonZ_2018-10-05-15-55-10_engine_failure_with_emr_traj-mavros-local_position-pose.csv,carbonZ_2018-10-05-15-55-10_engine_failure_with_emr_traj
carbonZ_2018-10-05-15-55-10_engine_failure_with_emr_traj/carbonZ_2018-10-05-15-55-10_engine_failure_with_emr_traj-mavros-local_position-velocity.csv,/content/gdrive/MyDrive/datasets/ALFA/processed_csv/processed/carbonZ_2018-10-05-15-55-10_engine_failure_with_emr_traj/carbonZ_2018-10-05-15-55-10_engine_failure_with_emr_traj-mavros-local_position-velocity.csv,67048,0.064,2026-01-29T01:54:13,carbonZ_2018-10-05-15-55-10_engine_failure_with_emr_traj-mavros-local_position-velocity.csv,carbonZ_2018-10-05-15-55-10_engine_failure_with_emr_traj
carbonZ_2018-10-05-15-55-10_engine_failure_with_emr_traj/carbonZ_2018-10-05-15-55-10_engine_failure_with_emr_traj-mavros-nav_info-airspeed.csv,/content/gdrive/MyDrive/datasets/ALFA/processed_csv/processed/carbonZ_2018-10-05-15-55-10_engine_failure_with_emr_traj/carbonZ_2018-10-05-15-55-10_engine_failure_with_emr_traj-mavros-nav_info-airspeed.csv,127157,0.121,2026-01-29T01:54:13,carbonZ_2018-10-05-15-55-10_engine_failure_with_emr_traj-mavros-nav_info-airspeed.csv,carbonZ_2018-10-05-15-55-10_engine_failure_with_emr_traj
carbonZ_2018-10-05-15-55-10_engine_failure_with_emr_traj/carbonZ_2018-10-05-15-55-10_engine_failure_with_emr_traj-mavros-nav_info-errors.csv,/content/gdrive/MyDrive/datasets/ALFA/processed_csv/processed/carbonZ_2018-10-05-15-55-10_engine_failure_with_emr_traj/carbonZ_2018-10-05-15-55-10_engine_failure_with_emr_traj-mavros-nav_info-errors.csv,209983,0.2,2026-01-29T01:54:13,carbonZ_2018-10-05-15-55-10_engine_failure_with_emr_traj-mavros-nav_info-errors.csv,carbonZ_2018-10-05-15-55-10_engine_failure_with_emr_traj
carbonZ_2018-10-05-15-55-10_engine_failure_with_emr_traj/carbonZ_2018-10-05-15-55-10_engine_failure_with_emr_traj-mavros-nav_info-pitch.csv,/content/gdrive/MyDrive/datasets/ALFA/processed_csv/processed/carbonZ_2018-10-05-15-55-10_engine_failure_with_emr_traj/carbonZ_2018-10-05-15-55-10_engine_failure_with_emr_traj-mavros-nav_info-pitch.csv,171647,0.164,2026-01-29T01:54:13,carbonZ_2018-10-05-15-55-10_engine_failure_with_emr_traj-mavros-nav_info-pitch.csv,carbonZ_2018-10-05-15-55-10_engine_failure_with_emr_traj
carbonZ_2018-10-05-15-55-10_engine_failure_with_emr_traj/carbonZ_2018-10-05-15-55-10_engine_failure_with_emr_traj-mavros-nav_info-roll.csv,/content/gdrive/MyDrive/datasets/ALFA/processed_csv/processed/carbonZ_2018-10-05-15-55-10_engine_failure_with_emr_traj/carbonZ_2018-10-05-15-55-10_engine_failure_with_emr_traj-mavros-nav_info-roll.csv,170183,0.162,2026-01-29T01:54:13,carbonZ_2018-10-05-15-55-10_engine_failure_with_emr_traj-mavros-nav_info-roll.csv,carbonZ_2018-10-05-15-55-10_engine_failure_with_emr_traj
carbonZ_2018-10-05-15-55-10_engine_failure_with_emr_traj/carbonZ_2018-10-05-15-55-10_engine_failure_with_emr_traj-mavros-nav_info-velocity.csv,/content/gdrive/MyDrive/datasets/ALFA/processed_csv/processed/carbonZ_2018-10-05-15-55-10_engine_failure_with_emr_traj/carbonZ_2018-10-05-15-55-10_engine_failure_with_emr_traj-mavros-nav_info-velocity.csv,307306,0.293,2026-01-29T01:54:13,carbonZ_2018-10-05-15-55-10_engine_failure_with_emr_traj-mavros-nav_info-velocity.csv,carbonZ_2018-10-05-15-55-10_engine_failure_with_emr_traj
carbonZ_2018-10-05-15-55-10_engine_failure_with_emr_traj/carbonZ_2018-10-05-15-55-10_engine_failure_with_emr_traj-mavros-nav_info-yaw.csv,/content/gdrive/MyDrive/datasets/ALFA/processed_csv/processed/carbonZ_2018-10-05-15-55-10_engine_failure_with_emr_traj/carbonZ_2018-10-05-15-55-10_engine_failure_with_emr_traj-mavros-nav_info-yaw.csv,153109,0.146,2026-01-29T01:54:13,carbonZ_2018-10-05-15-55-10_engine_failure_with_emr_traj-mavros-nav_info-yaw.csv,carbonZ_2018-10-05-15-55-10_engine_failure_with_emr_traj
carbonZ_2018-10-05-15-55-10_engine_failure_with_emr_traj/carbonZ_2018-10-05-15-55-10_engine_failure_with_emr_traj-mavros-rc-in.csv,/content/gdrive/MyDrive/datasets/ALFA/processed_csv/processed/carbonZ_2018-10-05-15-55-10_engine_failure_with_emr_traj/carbonZ_2018-10-05-15-55-10_engine_failure_with_emr_traj-mavros-rc-in.csv,44241,0.042,2026-01-29T01:54:13,carbonZ_2018-10-05-15-55-10_engine_failure_with_emr_traj-mavros-rc-in.csv,carbonZ_2018-10-05-15-55-10_engine_failure_with_emr_traj
carbonZ_2018-10-05-15-55-10_engine_failure_with_emr_traj/carbonZ_2018-10-05-15-55-10_engine_failure_with_emr_traj-mavros-rc-out.csv,/content/gdrive/MyDrive/datasets/ALFA/processed_csv/processed/carbonZ_2018-10-05-15-55-10_engine_failure_with_emr_traj/carbonZ_2018-10-05-15-55-10_engine_failure_with_emr_traj-mavros-rc-out.csv,29690,0.028,2026-01-29T01:54:13,carbonZ_2018-10-05-15-55-10_engine_failure_with_emr_traj-mavros-rc-out.csv,carbonZ_2018-10-05-15-55-10_engine_failure_with_emr_traj
carbonZ_2018-10-05-15-55-10_engine_failure_with_emr_traj/carbonZ_2018-10-05-15-55-10_engine_failure_with_emr_traj-mavros-setpoint_raw-local.csv,/content/gdrive/MyDrive/datasets/ALFA/processed_csv/processed/carbonZ_2018-10-05-15-55-10_engine_failure_with_emr_traj/carbonZ_2018-10-05-15-55-10_engine_failure_with_emr_traj-mavros-setpoint_raw-local.csv,749155,0.714,2026-01-29T01:54:13,carbonZ_2018-10-05-15-55-10_engine_failure_with_emr_traj-mavros-setpoint_raw-local.csv,carbonZ_2018-10-05-15-55-10_engine_failure_with_emr_traj
carbonZ_2018-10-05-15-55-10_engine_failure_with_emr_traj/carbonZ_2018-10-05-15-55-10_engine_failure_with_emr_traj-mavros-setpoint_raw-target_global.csv,/content/gdrive/MyDrive/datasets/ALFA/processed_csv/processed/carbonZ_2018-10-05-15-55-10_engine_failure_with_emr_traj/carbonZ_2018-10-05-15-55-10_engine_failure_with_emr_traj-mavros-setpoint_raw-target_global.csv,421364,0.402,2026-01-29T01:54:13,carbonZ_2018-10-05-15-55-10_engine_failure_with_emr_traj-mavros-setpoint_raw-target_global.csv,carbonZ_2018-10-05-15-55-10_engine_failure_with_emr_traj
carbonZ_2018-10-05-15-55-10_engine_failure_with_emr_traj/carbonZ_2018-10-05-15-55-10_engine_failure_with_emr_traj-mavros-state.csv,/content/gdrive/MyDrive/datasets/ALFA/processed_csv/processed/carbonZ_2018-10-05-15-55-10_engine_failure_with_emr_traj/carbonZ_2018-10-05-15-55-10_engine_failure_with_emr_traj-mavros-state.csv,6976,0.007,2026-01-29T01:54:13,carbonZ_2018-10-05-15-55-10_engine_failure_with_emr_traj-mavros-state.csv,carbonZ_2018-10-05-15-55-10_engine_failure_with_emr_traj
carbonZ_2018-10-05-15-55-10_engine_failure_with_emr_traj/carbonZ_2018-10-05-15-55-10_engine_failure_with_emr_traj-mavros-time_reference.csv,/content/gdrive/MyDrive/datasets/ALFA/processed_csv/processed/carbonZ_2018-10-05-15-55-10_engine_failure_with_emr_traj/carbonZ_2018-10-05-15-55-10_engine_failure_with_emr_traj-mavros-time_reference.csv,16790,0.016,2026-01-29T01:54:13,carbonZ_2018-10-05-15-55-10_engine_failure_with_emr_traj-mavros-time_reference.csv,carbonZ_2018-10-05-15-55-10_engine_failure_with_emr_traj
carbonZ_2018-10-05-15-55-10_engine_failure_with_emr_traj/carbonZ_2018-10-05-15-55-10_engine_failure_with_emr_traj-mavros-vfr_hud.csv,/content/gdrive/MyDrive/datasets/ALFA/processed_csv/processed/carbonZ_2018-10-05-15-55-10_engine_failure_with_emr_traj/carbonZ_2018-10-05-15-55-10_engine_failure_with_emr_traj-mavros-vfr_hud.csv,31775,0.03,2026-01-29T01:54:13,carbonZ_2018-10-05-15-55-10_engine_failure_with_emr_traj-mavros-vfr_hud.csv,carbonZ_2018-10-05-15-55-10_engine_failure_with_emr_traj
carbonZ_2018-10-05-15-55-10_engine_failure_with_emr_traj/carbonZ_2018-10-05-15-55-10_engine_failure_with_emr_traj-mavros-wind_estimation.csv,/content/gdrive/MyDrive/datasets/ALFA/processed_csv/processed/carbonZ_2018-10-05-15-55-10_engine_failure_with_emr_traj/carbonZ_2018-10-05-15-55-10_engine_failure_with_emr_traj-mavros-wind_estimation.csv,22225,0.021,2026-01-29T01:54:13,carbonZ_2018-10-05-15-55-10_engine_failure_with_emr_traj-mavros-wind_estimation.csv,carbonZ_2018-10-05-15-55-10_engine_failure_with_emr_traj
carbonZ_2018-10-05-16-04-46_engine_failure_with_emr_traj/carbonZ_2018-10-05-16-04-46_engine_failure_with_emr_traj-diagnostics.csv,/content/gdrive/MyDrive/datasets/ALFA/processed_csv/processed/carbonZ_2018-10-05-16-04-46_engine_failure_with_emr_traj/carbonZ_2018-10-05-16-04-46_engine_failure_with_emr_traj-diagnostics.csv,97688,0.093,2026-01-29T01:54:13,carbonZ_2018-10-05-16-04-46_engine_failure_with_emr_traj-diagnostics.csv,carbonZ_2018-10-05-16-04-46_engine_failure_with_emr_traj
carbonZ_2018-10-05-16-04-46_engine_failure_with_emr_traj/carbonZ_2018-10-05-16-04-46_engine_failure_with_emr_traj-emergency_responder-traj_file.csv,/content/gdrive/MyDrive/datasets/ALFA/processed_csv/processed/carbonZ_2018-10-05-16-04-46_engine_failure_with_emr_traj/carbonZ_2018-10-05-16-04-46_engine_failure_with_emr_traj-emergency_responder-traj_file.csv,63,0.0,2026-01-29T01:54:13,carbonZ_2018-10-05-16-04-46_engine_failure_with_emr_traj-emergency_responder-traj_file.csv,carbonZ_2018-10-05-16-04-46_engine_failure_with_emr_traj
carbonZ_2018-10-05-16-04-46_engine_failure_with_emr_traj/carbonZ_2018-10-05-16-04-46_engine_failure_with_emr_traj-failure_status-engines.csv,/content/gdrive/MyDrive/datasets/ALFA/processed_csv/processed/carbonZ_2018-10-05-16-04-46_engine_failure_with_emr_traj/carbonZ_2018-10-05-16-04-46_engine_failure_with_emr_traj-failure_status-engines.csv,743,0.001,2026-01-29T01:54:13,carbonZ_2018-10-05-16-04-46_engine_failure_with_emr_traj-failure_status-engines.csv,carbonZ_2018-10-05-16-04-46_engine_failure_with_emr_traj
carbonZ_2018-10-05-16-04-46_engine_failure_with_emr_traj/carbonZ_2018-10-05-16-04-46_engine_failure_with_emr_traj-mavctrl-path_dev.csv,/content/gdrive/MyDrive/datasets/ALFA/processed_csv/processed/carbonZ_2018-10-05-16-04-46_engine_failure_with_emr_traj/carbonZ_2018-10-05-16-04-46_engine_failure_with_emr_traj-mavctrl-path_dev.csv,241301,0.23,2026-01-29T01:54:13,carbonZ_2018-10-05-16-04-46_engine_failure_with_emr_traj-mavctrl-path_dev.csv,carbonZ_2018-10-05-16-04-46_engine_failure_with_emr_traj
carbonZ_2018-10-05-16-04-46_engine_failure_with_emr_traj/carbonZ_2018-10-05-16-04-46_engine_failure_with_emr_traj-mavctrl-rpy.csv,/content/gdrive/MyDrive/datasets/ALFA/processed_csv/processed/carbonZ_2018-10-05-16-04-46_engine_failure_with_emr_traj/carbonZ_2018-10-05-16-04-46_engine_failure_with_emr_traj-mavctrl-rpy.csv,305179,0.291,2026-01-29T01:54:13,carbonZ_2018-10-05-16-04-46_engine_failure_with_emr_traj-mavctrl-rpy.csv,carbonZ_2018-10-05-16-04-46_engine_failure_with_emr_traj
carbonZ_2018-10-05-16-04-46_engine_failure_with_emr_traj/carbonZ_2018-10-05-16-04-46_engine_failure_with_emr_traj-mavlink-from.csv,/content/gdrive/MyDrive/datasets/ALFA/processed_csv/processed/carbonZ_2018-10-05-16-04-46_engine_failure_with_emr_traj/carbonZ_2018-10-05-16-04-46_engine_failure_with_emr_traj-mavlink-from.csv,2433165,2.32,2026-01-29T01:54:13,carbonZ_2018-10-05-16-04-46_engine_failure_with_emr_traj-mavlink-from.csv,carbonZ_2018-10-05-16-04-46_engine_failure_with_emr_traj
carbonZ_2018-10-05-16-04-46_engine_failure_with_emr_traj/carbonZ_2018-10-05-16-04-46_engine_failure_with_emr_traj-mavros-battery.csv,/content/gdrive/MyDrive/datasets/ALFA/processed_csv/processed/carbonZ_2018-10-05-16-04-46_engine_failure_with_emr_traj/carbonZ_2018-10-05-16-04-46_engine_failure_with_emr_traj-mavros-battery.csv,202466,0.193,2026-01-29T01:54:13,carbonZ_2018-10-05-16-04-46_engine_failure_with_emr_traj-mavros-battery.csv,carbonZ_2018-10-05-16-04-46_engine_failure_with_emr_traj
carbonZ_2018-10-05-16-04-46_engine_failure_with_emr_traj/carbonZ_2018-10-05-16-04-46_engine_failure_with_emr_traj-mavros-global_position-compass_hdg.csv,/content/gdrive/MyDrive/datasets/ALFA/processed_csv/processed/carbonZ_2018-10-05-16-04-46_engine_failure_with_emr_traj/carbonZ_2018-10-05-16-04-46_engine_failure_with_emr_traj-mavros-global_position-compass_hdg.csv,10179,0.01,2026-01-29T01:54:13,carbonZ_2018-10-05-16-04-46_engine_failure_with_emr_traj-mavros-global_position-compass_hdg.csv,carbonZ_2018-10-05-16-04-46_engine_failure_with_emr_traj
carbonZ_2018-10-05-16-04-46_engine_failure_with_emr_traj/carbonZ_2018-10-05-16-04-46_engine_failure_with_emr_traj-mavros-global_position-global.csv,/content/gdrive/MyDrive/datasets/ALFA/processed_csv/processed/carbonZ_2018-10-05-16-04-46_engine_failure_with_emr_traj/carbonZ_2018-10-05-16-04-46_engine_failure_with_emr_traj-mavros-global_position-global.csv,63447,0.061,2026-01-29T01:54:13,carbonZ_2018-10-05-16-04-46_engine_failure_with_emr_traj-mavros-global_position-global.csv,carbonZ_2018-10-05-16-04-46_engine_failure_with_emr_traj
carbonZ_2018-10-05-16-04-46_engine_failure_with_emr_traj/carbonZ_2018-10-05-16-04-46_engine_failure_with_emr_traj-mavros-global_position-local.csv,/content/gdrive/MyDrive/datasets/ALFA/processed_csv/processed/carbonZ_2018-10-05-16-04-46_engine_failure_with_emr_traj/carbonZ_2018-10-05-16-04-46_engine_failure_with_emr_traj-mavros-global_position-local.csv,200502,0.191,2026-01-29T01:54:13,carbonZ_2018-10-05-16-04-46_engine_failure_with_emr_traj-mavros-global_position-local.csv,carbonZ_2018-10-05-16-04-46_engine_failure_with_emr_traj
carbonZ_2018-10-05-16-04-46_engine_failure_with_emr_traj/carbonZ_2018-10-05-16-04-46_engine_failure_with_emr_traj-mavros-global_position-raw-fix.csv,/content/gdrive/MyDrive/datasets/ALFA/processed_csv/processed/carbonZ_2018-10-05-16-04-46_engine_failure_with_emr_traj/carbonZ_2018-10-05-16-04-46_engine_failure_with_emr_traj-mavros-global_position-raw-fix.csv,76678,0.073,2026-01-29T01:54:13,carbonZ_2018-10-05-16-04-46_engine_failure_with_emr_traj-mavros-global_position-raw-fix.csv,carbonZ_2018-10-05-16-04-46_engine_failure_with_emr_traj
carbonZ_2018-10-05-16-04-46_engine_failure_with_emr_traj/carbonZ_2018-10-05-16-04-46_engine_failure_with_emr_traj-mavros-global_position-raw-gps_vel.csv,/content/gdrive/MyDrive/datasets/ALFA/processed_csv/processed/carbonZ_2018-10-05-16-04-46_engine_failure_with_emr_traj/carbonZ_2018-10-05-16-04-46_engine_failure_with_emr_traj-mavros-global_position-raw-gps_vel.csv,43524,0.042,2026-01-29T01:54:13,carbonZ_2018-10-05-16-04-46_engine_failure_with_emr_traj-mavros-global_position-raw-gps_vel.csv,carbonZ_2018-10-05-16-04-46_engine_failure_with_emr_traj
carbonZ_2018-10-05-16-04-46_engine_failure_with_emr_traj/carbonZ_2018-10-05-16-04-46_engine_failure_with_emr_traj-mavros-global_position-rel_alt.csv,/content/gdrive/MyDrive/datasets/ALFA/processed_csv/processed/carbonZ_2018-10-05-16-04-46_engine_failure_with_emr_traj/carbonZ_2018-10-05-16-04-46_engine_failure_with_emr_traj-mavros-global_position-rel_alt.csv,10271,0.01,2026-01-29T01:54:13,carbonZ_2018-10-05-16-04-46_engine_failure_with_emr_traj-mavros-global_position-rel_alt.csv,carbonZ_2018-10-05-16-04-46_engine_failure_with_emr_traj
carbonZ_2018-10-05-16-04-46_engine_failure_with_emr_traj/carbonZ_2018-10-05-16-04-46_engine_failure_with_emr_traj-mavros-imu-atm_pressure.csv,/content/gdrive/MyDrive/datasets/ALFA/processed_csv/processed/carbonZ_2018-10-05-16-04-46_engine_failure_with_emr_traj/carbonZ_2018-10-05-16-04-46_engine_failure_with_emr_traj-mavros-imu-atm_pressure.csv,67346,0.064,2026-01-29T01:54:13,carbonZ_2018-10-05-16-04-46_engine_failure_with_emr_traj-mavros-imu-atm_pressure.csv,carbonZ_2018-10-05-16-04-46_engine_failure_with_emr_traj
carbonZ_2018-10-05-16-04-46_engine_failure_with_emr_traj/carbonZ_2018-10-05-16-04-46_engine_failure_with_emr_traj-mavros-imu-data.csv,/content/gdrive/MyDrive/datasets/ALFA/processed_csv/processed/carbonZ_2018-10-05-16-04-46_engine_failure_with_emr_traj/carbonZ_2018-10-05-16-04-46_engine_failure_with_emr_traj-mavros-imu-data.csv,84010,0.08,2026-01-29T01:54:13,carbonZ_2018-10-05-16-04-46_engine_failure_with_emr_traj-mavros-imu-data.csv,carbonZ_2018-10-05-16-04-46_engine_failure_with_emr_traj
carbonZ_2018-10-05-16-04-46_engine_failure_with_emr_traj/carbonZ_2018-10-05-16-04-46_engine_failure_with_emr_traj-mavros-imu-data_raw.csv,/content/gdrive/MyDrive/datasets/ALFA/processed_csv/processed/carbonZ_2018-10-05-16-04-46_engine_failure_with_emr_traj/carbonZ_2018-10-05-16-04-46_engine_failure_with_emr_traj-mavros-imu-data_raw.csv,259756,0.248,2026-01-29T01:54:13,carbonZ_2018-10-05-16-04-46_engine_failure_with_emr_traj-mavros-imu-data_raw.csv,carbonZ_2018-10-05-16-04-46_engine_failure_with_emr_traj
carbonZ_2018-10-05-16-04-46_engine_failure_with_emr_traj/carbonZ_2018-10-05-16-04-46_engine_failure_with_emr_traj-mavros-imu-mag.csv,/content/gdrive/MyDrive/datasets/ALFA/processed_csv/processed/carbonZ_2018-10-05-16-04-46_engine_failure_with_emr_traj/carbonZ_2018-10-05-16-04-46_engine_failure_with_emr_traj-mavros-imu-mag.csv,111700,0.107,2026-01-29T01:54:13,carbonZ_2018-10-05-16-04-46_engine_failure_with_emr_traj-mavros-imu-mag.csv,carbonZ_2018-10-05-16-04-46_engine_failure_with_emr_traj
carbonZ_2018-10-05-16-04-46_engine_failure_with_emr_traj/carbonZ_2018-10-05-16-04-46_engine_failure_with_emr_traj-mavros-imu-temperature.csv,/content/gdrive/MyDrive/datasets/ALFA/processed_csv/processed/carbonZ_2018-10-05-16-04-46_engine_failure_with_emr_traj/carbonZ_2018-10-05-16-04-46_engine_failure_with_emr_traj-mavros-imu-temperature.csv,60009,0.057,2026-01-29T01:54:13,carbonZ_2018-10-05-16-04-46_engine_failure_with_emr_traj-mavros-imu-temperature.csv,carbonZ_2018-10-05-16-04-46_engine_failure_with_emr_traj
carbonZ_2018-10-05-16-04-46_engine_failure_with_emr_traj/carbonZ_2018-10-05-16-04-46_engine_failure_with_emr_traj-mavros-local_position-odom.csv,/content/gdrive/MyDrive/datasets/ALFA/processed_csv/processed/carbonZ_2018-10-05-16-04-46_engine_failure_with_emr_traj/carbonZ_2018-10-05-16-04-46_engine_failure_with_emr_traj-mavros-local_position-odom.csv,221388,0.211,2026-01-29T01:54:13,carbonZ_2018-10-05-16-04-46_engine_failure_with_emr_traj-mavros-local_position-odom.csv,carbonZ_2018-10-05-16-04-46_engine_failure_with_emr_traj
carbonZ_2018-10-05-16-04-46_engine_failure_with_emr_traj/carbonZ_2018-10-05-16-04-46_engine_failure_with_emr_traj-mavros-local_position-pose.csv,/content/gdrive/MyDrive/datasets/ALFA/processed_csv/processed/carbonZ_2018-10-05-16-04-46_engine_failure_with_emr_traj/carbonZ_2018-10-05-16-04-46_engine_failure_with_emr_traj-mavros-local_position-pose.csv,59379,0.057,2026-01-29T01:54:13,carbonZ_2018-10-05-16-04-46_engine_failure_with_emr_traj-mavros-local_position-pose.csv,carbonZ_2018-10-05-16-04-46_engine_failure_with_emr_traj
carbonZ_2018-10-05-16-04-46_engine_failure_with_emr_traj/carbonZ_2018-10-05-16-04-46_engine_failure_with_emr_traj-mavros-local_position-velocity.csv,/content/gdrive/MyDrive/datasets/ALFA/processed_csv/processed/carbonZ_2018-10-05-16-04-46_engine_failure_with_emr_traj/carbonZ_2018-10-05-16-04-46_engine_failure_with_emr_traj-mavros-local_position-velocity.csv,54042,0.052,2026-01-29T01:54:13,carbonZ_2018-10-05-16-04-46_engine_failure_with_emr_traj-mavros-local_position-velocity.csv,carbonZ_2018-10-05-16-04-46_engine_failure_with_emr_traj
carbonZ_2018-10-05-16-04-46_engine_failure_with_emr_traj/carbonZ_2018-10-05-16-04-46_engine_failure_with_emr_traj-mavros-mission-reached.csv,/content/gdrive/MyDrive/datasets/ALFA/processed_csv/processed/carbonZ_2018-10-05-16-04-46_engine_failure_with_emr_traj/carbonZ_2018-10-05-16-04-46_engine_failure_with_emr_traj-mavros-mission-reached.csv,122,0.0,2026-01-29T01:54:13,carbonZ_2018-10-05-16-04-46_engine_failure_with_emr_traj-mavros-mission-reached.csv,carbonZ_2018-10-05-16-04-46_engine_failure_with_emr_traj
carbonZ_2018-10-05-16-04-46_engine_failure_with_emr_traj/carbonZ_2018-10-05-16-04-46_engine_failure_with_emr_traj-mavros-nav_info-airspeed.csv,/content/gdrive/MyDrive/datasets/ALFA/processed_csv/processed/carbonZ_2018-10-05-16-04-46_engine_failure_with_emr_traj/carbonZ_2018-10-05-16-04-46_engine_failure_with_emr_traj-mavros-nav_info-airspeed.csv,102859,0.098,2026-01-29T01:54:13,carbonZ_2018-10-05-16-04-46_engine_failure_with_emr_traj-mavros-nav_info-airspeed.csv,carbonZ_2018-10-05-16-04-46_engine_failure_with_emr_traj
carbonZ_2018-10-05-16-04-46_engine_failure_with_emr_traj/carbonZ_2018-10-05-16-04-46_engine_failure_with_emr_traj-mavros-nav_info-errors.csv,/content/gdrive/MyDrive/datasets/ALFA/processed_csv/processed/carbonZ_2018-10-05-16-04-46_engine_failure_with_emr_traj/carbonZ_2018-10-05-16-04-46_engine_failure_with_emr_traj-mavros-nav_info-errors.csv,168154,0.16,2026-01-29T01:54:13,carbonZ_2018-10-05-16-04-46_engine_failure_with_emr_traj-mavros-nav_info-errors.csv,carbonZ_2018-10-05-16-04-46_engine_failure_with_emr_traj
carbonZ_2018-10-05-16-04-46_engine_failure_with_emr_traj/carbonZ_2018-10-05-16-04-46_engine_failure_with_emr_traj-mavros-nav_info-pitch.csv,/content/gdrive/MyDrive/datasets/ALFA/processed_csv/processed/carbonZ_2018-10-05-16-04-46_engine_failure_with_emr_traj/carbonZ_2018-10-05-16-04-46_engine_failure_with_emr_traj-mavros-nav_info-pitch.csv,137027,0.131,2026-01-29T01:54:13,carbonZ_2018-10-05-16-04-46_engine_failure_with_emr_traj-mavros-nav_info-pitch.csv,carbonZ_2018-10-05-16-04-46_engine_failure_with_emr_traj
carbonZ_2018-10-05-16-04-46_engine_failure_with_emr_traj/carbonZ_2018-10-05-16-04-46_engine_failure_with_emr_traj-mavros-nav_info-roll.csv,/content/gdrive/MyDrive/datasets/ALFA/processed_csv/processed/carbonZ_2018-10-05-16-04-46_engine_failure_with_emr_traj/carbonZ_2018-10-05-16-04-46_engine_failure_with_emr_traj-mavros-nav_info-roll.csv,135581,0.129,2026-01-29T01:54:13,carbonZ_2018-10-05-16-04-46_engine_failure_with_emr_traj-mavros-nav_info-roll.csv,carbonZ_2018-10-05-16-04-46_engine_failure_with_emr_traj
carbonZ_2018-10-05-16-04-46_engine_failure_with_emr_traj/carbonZ_2018-10-05-16-04-46_engine_failure_with_emr_traj-mavros-nav_info-velocity.csv,/content/gdrive/MyDrive/datasets/ALFA/processed_csv/processed/carbonZ_2018-10-05-16-04-46_engine_failure_with_emr_traj/carbonZ_2018-10-05-16-04-46_engine_failure_with_emr_traj-mavros-nav_info-velocity.csv,244634,0.233,2026-01-29T01:54:13,carbonZ_2018-10-05-16-04-46_engine_failure_with_emr_traj-mavros-nav_info-velocity.csv,carbonZ_2018-10-05-16-04-46_engine_failure_with_emr_traj
carbonZ_2018-10-05-16-04-46_engine_failure_with_emr_traj/carbonZ_2018-10-05-16-04-46_engine_failure_with_emr_traj-mavros-nav_info-yaw.csv,/content/gdrive/MyDrive/datasets/ALFA/processed_csv/processed/carbonZ_2018-10-05-16-04-46_engine_failure_with_emr_traj/carbonZ_2018-10-05-16-04-46_engine_failure_with_emr_traj-mavros-nav_info-yaw.csv,122350,0.117,2026-01-29T01:54:13,carbonZ_2018-10-05-16-04-46_engine_failure_with_emr_traj-mavros-nav_info-yaw.csv,carbonZ_2018-10-05-16-04-46_engine_failure_with_emr_traj
carbonZ_2018-10-05-16-04-46_engine_failure_with_emr_traj/carbonZ_2018-10-05-16-04-46_engine_failure_with_emr_traj-mavros-rc-in.csv,/content/gdrive/MyDrive/datasets/ALFA/processed_csv/processed/carbonZ_2018-10-05-16-04-46_engine_failure_with_emr_traj/carbonZ_2018-10-05-16-04-46_engine_failure_with_emr_traj-mavros-rc-in.csv,35537,0.034,2026-01-29T01:54:13,carbonZ_2018-10-05-16-04-46_engine_failure_with_emr_traj-mavros-rc-in.csv,carbonZ_2018-10-05-16-04-46_engine_failure_with_emr_traj
carbonZ_2018-10-05-16-04-46_engine_failure_with_emr_traj/carbonZ_2018-10-05-16-04-46_engine_failure_with_emr_traj-mavros-rc-out.csv,/content/gdrive/MyDrive/datasets/ALFA/processed_csv/processed/carbonZ_2018-10-05-16-04-46_engine_failure_with_emr_traj/carbonZ_2018-10-05-16-04-46_engine_failure_with_emr_traj-mavros-rc-out.csv,23842,0.023,2026-01-29T01:54:13,carbonZ_2018-10-05-16-04-46_engine_failure_with_emr_traj-mavros-rc-out.csv,carbonZ_2018-10-05-16-04-46_engine_failure_with_emr_traj
carbonZ_2018-10-05-16-04-46_engine_failure_with_emr_traj/carbonZ_2018-10-05-16-04-46_engine_failure_with_emr_traj-mavros-setpoint_raw-local.csv,/content/gdrive/MyDrive/datasets/ALFA/processed_csv/processed/carbonZ_2018-10-05-16-04-46_engine_failure_with_emr_traj/carbonZ_2018-10-05-16-04-46_engine_failure_with_emr_traj-mavros-setpoint_raw-local.csv,603278,0.575,2026-01-29T01:54:13,carbonZ_2018-10-05-16-04-46_engine_failure_with_emr_traj-mavros-setpoint_raw-local.csv,carbonZ_2018-10-05-16-04-46_engine_failure_with_emr_traj
carbonZ_2018-10-05-16-04-46_engine_failure_with_emr_traj/carbonZ_2018-10-05-16-04-46_engine_failure_with_emr_traj-mavros-setpoint_raw-target_global.csv,/content/gdrive/MyDrive/datasets/ALFA/processed_csv/processed/carbonZ_2018-10-05-16-04-46_engine_failure_with_emr_traj/carbonZ_2018-10-05-16-04-46_engine_failure_with_emr_traj-mavros-setpoint_raw-target_global.csv,336315,0.321,2026-01-29T01:54:13,carbonZ_2018-10-05-16-04-46_engine_failure_with_emr_traj-mavros-setpoint_raw-target_global.csv,carbonZ_2018-10-05-16-04-46_engine_failure_with_emr_traj
carbonZ_2018-10-05-16-04-46_engine_failure_with_emr_traj/carbonZ_2018-10-05-16-04-46_engine_failure_with_emr_traj-mavros-state.csv,/content/gdrive/MyDrive/datasets/ALFA/processed_csv/processed/carbonZ_2018-10-05-16-04-46_engine_failure_with_emr_traj/carbonZ_2018-10-05-16-04-46_engine_failure_with_emr_traj-mavros-state.csv,5721,0.005,2026-01-29T01:54:13,carbonZ_2018-10-05-16-04-46_engine_failure_with_emr_traj-mavros-state.csv,carbonZ_2018-10-05-16-04-46_engine_failure_with_emr_traj
carbonZ_2018-10-05-16-04-46_engine_failure_with_emr_traj/carbonZ_2018-10-05-16-04-46_engine_failure_with_emr_traj-mavros-time_reference.csv,/content/gdrive/MyDrive/datasets/ALFA/processed_csv/processed/carbonZ_2018-10-05-16-04-46_engine_failure_with_emr_traj/carbonZ_2018-10-05-16-04-46_engine_failure_with_emr_traj-mavros-time_reference.csv,13672,0.013,2026-01-29T01:54:13,carbonZ_2018-10-05-16-04-46_engine_failure_with_emr_traj-mavros-time_reference.csv,carbonZ_2018-10-05-16-04-46_engine_failure_with_emr_traj
carbonZ_2018-10-05-16-04-46_engine_failure_with_emr_traj/carbonZ_2018-10-05-16-04-46_engine_failure_with_emr_traj-mavros-vfr_hud.csv,/content/gdrive/MyDrive/datasets/ALFA/processed_csv/processed/carbonZ_2018-10-05-16-04-46_engine_failure_with_emr_traj/carbonZ_2018-10-05-16-04-46_engine_failure_with_emr_traj-mavros-vfr_hud.csv,25554,0.024,2026-01-29T01:54:13,carbonZ_2018-10-05-16-04-46_engine_failure_with_emr_traj-mavros-vfr_hud.csv,carbonZ_2018-10-05-16-04-46_engine_failure_with_emr_traj
carbonZ_2018-10-05-16-04-46_engine_failure_with_emr_traj/carbonZ_2018-10-05-16-04-46_engine_failure_with_emr_traj-mavros-wind_estimation.csv,/content/gdrive/MyDrive/datasets/ALFA/processed_csv/processed/carbonZ_2018-10-05-16-04-46_engine_failure_with_emr_traj/carbonZ_2018-10-05-16-04-46_engine_failure_with_emr_traj-mavros-wind_estimation.csv,18189,0.017,2026-01-29T01:54:13,carbonZ_2018-10-05-16-04-46_engine_failure_with_emr_traj-mavros-wind_estimation.csv,carbonZ_2018-10-05-16-04-46_engine_failure_with_emr_traj
carbonZ_2018-10-18-11-03-57_engine_failure_with_emr_traj/carbonZ_2018-10-18-11-03-57_engine_failure_with_emr_traj-diagnostics.csv,/content/gdrive/MyDrive/datasets/ALFA/processed_csv/processed/carbonZ_2018-10-18-11-03-57_engine_failure_with_emr_traj/carbonZ_2018-10-18-11-03-57_engine_failure_with_emr_traj-diagnostics.csv,121606,0.116,2026-01-29T01:54:13,carbonZ_2018-10-18-11-03-57_engine_failure_with_emr_traj-diagnostics.csv,carbonZ_2018-10-18-11-03-57_engine_failure_with_emr_traj
carbonZ_2018-10-18-11-03-57_engine_failure_with_emr_traj/carbonZ_2018-10-18-11-03-57_engine_failure_with_emr_traj-emergency_responder-traj_file.csv,/content/gdrive/MyDrive/datasets/ALFA/processed_csv/processed/carbonZ_2018-10-18-11-03-57_engine_failure_with_emr_traj/carbonZ_2018-10-18-11-03-57_engine_failure_with_emr_traj-emergency_responder-traj_file.csv,63,0.0,2026-01-29T01:54:13,carbonZ_2018-10-18-11-03-57_engine_failure_with_emr_traj-emergency_responder-traj_file.csv,carbonZ_2018-10-18-11-03-57_engine_failure_with_emr_traj
carbonZ_2018-10-18-11-03-57_engine_failure_with_emr_traj/carbonZ_2018-10-18-11-03-57_engine_failure_with_emr_traj-failure_status-engines.csv,/content/gdrive/MyDrive/datasets/ALFA/processed_csv/processed/carbonZ_2018-10-18-11-03-57_engine_failure_with_emr_traj/carbonZ_2018-10-18-11-03-57_engine_failure_with_emr_traj-failure_status-engines.csv,567,0.001,2026-01-29T01:54:13,carbonZ_2018-10-18-11-03-57_engine_failure_with_emr_traj-failure_status-engines.csv,carbonZ_2018-10-18-11-03-57_engine_failure_with_emr_traj
carbonZ_2018-10-18-11-03-57_engine_failure_with_emr_traj/carbonZ_2018-10-18-11-03-57_engine_failure_with_emr_traj-mavctrl-path_dev.csv,/content/gdrive/MyDrive/datasets/ALFA/processed_csv/processed/carbonZ_2018-10-18-11-03-57_engine_failure_with_emr_traj/carbonZ_2018-10-18-11-03-57_engine_failure_with_emr_traj-mavctrl-path_dev.csv,306678,0.292,2026-01-29T01:54:13,carbonZ_2018-10-18-11-03-57_engine_failure_with_emr_traj-mavctrl-path_dev.csv,carbonZ_2018-10-18-11-03-57_engine_failure_with_emr_traj
carbonZ_2018-10-18-11-03-57_engine_failure_with_emr_traj/carbonZ_2018-10-18-11-03-57_engine_failure_with_emr_traj-mavctrl-rpy.csv,/content/gdrive/MyDrive/datasets/ALFA/processed_csv/processed/carbonZ_2018-10-18-11-03-57_engine_failure_with_emr_traj/carbonZ_2018-10-18-11-03-57_engine_failure_with_emr_traj-mavctrl-rpy.csv,385018,0.367,2026-01-29T01:54:13,carbonZ_2018-10-18-11-03-57_engine_failure_with_emr_traj-mavctrl-rpy.csv,carbonZ_2018-10-18-11-03-57_engine_failure_with_emr_traj
carbonZ_2018-10-18-11-03-57_engine_failure_with_emr_traj/carbonZ_2018-10-18-11-03-57_engine_failure_with_emr_traj-mavlink-from.csv,/content/gdrive/MyDrive/datasets/ALFA/processed_csv/processed/carbonZ_2018-10-18-11-03-57_engine_failure_with_emr_traj/carbonZ_2018-10-18-11-03-57_engine_failure_with_emr_traj-mavlink-from.csv,3078459,2.936,2026-01-29T01:54:13,carbonZ_2018-10-18-11-03-57_engine_failure_with_emr_traj-mavlink-from.csv,carbonZ_2018-10-18-11-03-57_engine_failure_with_emr_traj
carbonZ_2018-10-18-11-03-57_engine_failure_with_emr_traj/carbonZ_2018-10-18-11-03-57_engine_failure_with_emr_traj-mavros-battery.csv,/content/gdrive/MyDrive/datasets/ALFA/processed_csv/processed/carbonZ_2018-10-18-11-03-57_engine_failure_with_emr_traj/carbonZ_2018-10-18-11-03-57_engine_failure_with_emr_traj-mavros-battery.csv,254736,0.243,2026-01-29T01:54:13,carbonZ_2018-10-18-11-03-57_engine_failure_with_emr_traj-mavros-battery.csv,carbonZ_2018-10-18-11-03-57_engine_failure_with_emr_traj
carbonZ_2018-10-18-11-03-57_engine_failure_with_emr_traj/carbonZ_2018-10-18-11-03-57_engine_failure_with_emr_traj-mavros-global_position-compass_hdg.csv,/content/gdrive/MyDrive/datasets/ALFA/processed_csv/processed/carbonZ_2018-10-18-11-03-57_engine_failure_with_emr_traj/carbonZ_2018-10-18-11-03-57_engine_failure_with_emr_traj-mavros-global_position-compass_hdg.csv,12858,0.012,2026-01-29T01:54:14,carbonZ_2018-10-18-11-03-57_engine_failure_with_emr_traj-mavros-global_position-compass_hdg.csv,carbonZ_2018-10-18-11-03-57_engine_failure_with_emr_traj
carbonZ_2018-10-18-11-03-57_engine_failure_with_emr_traj/carbonZ_2018-10-18-11-03-57_engine_failure_with_emr_traj-mavros-global_position-global.csv,/content/gdrive/MyDrive/datasets/ALFA/processed_csv/processed/carbonZ_2018-10-18-11-03-57_engine_failure_with_emr_traj/carbonZ_2018-10-18-11-03-57_engine_failure_with_emr_traj-mavros-global_position-global.csv,80043,0.076,2026-01-29T01:54:14,carbonZ_2018-10-18-11-03-57_engine_failure_with_emr_traj-mavros-global_position-global.csv,carbonZ_2018-10-18-11-03-57_engine_failure_with_emr_traj
carbonZ_2018-10-18-11-03-57_engine_failure_with_emr_traj/carbonZ_2018-10-18-11-03-57_engine_failure_with_emr_traj-mavros-global_position-local.csv,/content/gdrive/MyDrive/datasets/ALFA/processed_csv/processed/carbonZ_2018-10-18-11-03-57_engine_failure_with_emr_traj/carbonZ_2018-10-18-11-03-57_engine_failure_with_emr_traj-mavros-global_position-local.csv,252699,0.241,2026-01-29T01:54:14,carbonZ_2018-10-18-11-03-57_engine_failure_with_emr_traj-mavros-global_position-local.csv,carbonZ_2018-10-18-11-03-57_engine_failure_with_emr_traj
carbonZ_2018-10-18-11-03-57_engine_failure_with_emr_traj/carbonZ_2018-10-18-11-03-57_engine_failure_with_emr_traj-mavros-global_position-raw-fix.csv,/content/gdrive/MyDrive/datasets/ALFA/processed_csv/processed/carbonZ_2018-10-18-11-03-57_engine_failure_with_emr_traj/carbonZ_2018-10-18-11-03-57_engine_failure_with_emr_traj-mavros-global_position-raw-fix.csv,96744,0.092,2026-01-29T01:54:14,carbonZ_2018-10-18-11-03-57_engine_failure_with_emr_traj-mavros-global_position-raw-fix.csv,carbonZ_2018-10-18-11-03-57_engine_failure_with_emr_traj
carbonZ_2018-10-18-11-03-57_engine_failure_with_emr_traj/carbonZ_2018-10-18-11-03-57_engine_failure_with_emr_traj-mavros-global_position-raw-gps_vel.csv,/content/gdrive/MyDrive/datasets/ALFA/processed_csv/processed/carbonZ_2018-10-18-11-03-57_engine_failure_with_emr_traj/carbonZ_2018-10-18-11-03-57_engine_failure_with_emr_traj-mavros-global_position-raw-gps_vel.csv,55063,0.053,2026-01-29T01:54:14,carbonZ_2018-10-18-11-03-57_engine_failure_with_emr_traj-mavros-global_position-raw-gps_vel.csv,carbonZ_2018-10-18-11-03-57_engine_failure_with_emr_traj
carbonZ_2018-10-18-11-03-57_engine_failure_with_emr_traj/carbonZ_2018-10-18-11-03-57_engine_failure_with_emr_traj-mavros-global_position-rel_alt.csv,/content/gdrive/MyDrive/datasets/ALFA/processed_csv/processed/carbonZ_2018-10-18-11-03-57_engine_failure_with_emr_traj/carbonZ_2018-10-18-11-03-57_engine_failure_with_emr_traj-mavros-global_position-rel_alt.csv,12932,0.012,2026-01-29T01:54:14,carbonZ_2018-10-18-11-03-57_engine_failure_with_emr_traj-mavros-global_position-rel_alt.csv,carbonZ_2018-10-18-11-03-57_engine_failure_with_emr_traj
carbonZ_2018-10-18-11-03-57_engine_failure_with_emr_traj/carbonZ_2018-10-18-11-03-57_engine_failure_with_emr_traj-mavros-imu-atm_pressure.csv,/content/gdrive/MyDrive/datasets/ALFA/processed_csv/processed/carbonZ_2018-10-18-11-03-57_engine_failure_with_emr_traj/carbonZ_2018-10-18-11-03-57_engine_failure_with_emr_traj-mavros-imu-atm_pressure.csv,84919,0.081,2026-01-29T01:54:14,carbonZ_2018-10-18-11-03-57_engine_failure_with_emr_traj-mavros-imu-atm_pressure.csv,carbonZ_2018-10-18-11-03-57_engine_failure_with_emr_traj
carbonZ_2018-10-18-11-03-57_engine_failure_with_emr_traj/carbonZ_2018-10-18-11-03-57_engine_failure_with_emr_traj-mavros-imu-data.csv,/content/gdrive/MyDrive/datasets/ALFA/processed_csv/processed/carbonZ_2018-10-18-11-03-57_engine_failure_with_emr_traj/carbonZ_2018-10-18-11-03-57_engine_failure_with_emr_traj-mavros-imu-data.csv,107825,0.103,2026-01-29T01:54:14,carbonZ_2018-10-18-11-03-57_engine_failure_with_emr_traj-mavros-imu-data.csv,carbonZ_2018-10-18-11-03-57_engine_failure_with_emr_traj
carbonZ_2018-10-18-11-03-57_engine_failure_with_emr_traj/carbonZ_2018-10-18-11-03-57_engine_failure_with_emr_traj-mavros-imu-data_raw.csv,/content/gdrive/MyDrive/datasets/ALFA/processed_csv/processed/carbonZ_2018-10-18-11-03-57_engine_failure_with_emr_traj/carbonZ_2018-10-18-11-03-57_engine_failure_with_emr_traj-mavros-imu-data_raw.csv,327132,0.312,2026-01-29T01:54:14,carbonZ_2018-10-18-11-03-57_engine_failure_with_emr_traj-mavros-imu-data_raw.csv,carbonZ_2018-10-18-11-03-57_engine_failure_with_emr_traj
carbonZ_2018-10-18-11-03-57_engine_failure_with_emr_traj/carbonZ_2018-10-18-11-03-57_engine_failure_with_emr_traj-mavros-imu-mag.csv,/content/gdrive/MyDrive/datasets/ALFA/processed_csv/processed/carbonZ_2018-10-18-11-03-57_engine_failure_with_emr_traj/carbonZ_2018-10-18-11-03-57_engine_failure_with_emr_traj-mavros-imu-mag.csv,141714,0.135,2026-01-29T01:54:14,carbonZ_2018-10-18-11-03-57_engine_failure_with_emr_traj-mavros-imu-mag.csv,carbonZ_2018-10-18-11-03-57_engine_failure_with_emr_traj
carbonZ_2018-10-18-11-03-57_engine_failure_with_emr_traj/carbonZ_2018-10-18-11-03-57_engine_failure_with_emr_traj-mavros-imu-temperature.csv,/content/gdrive/MyDrive/datasets/ALFA/processed_csv/processed/carbonZ_2018-10-18-11-03-57_engine_failure_with_emr_traj/carbonZ_2018-10-18-11-03-57_engine_failure_with_emr_traj-mavros-imu-temperature.csv,75640,0.072,2026-01-29T01:54:14,carbonZ_2018-10-18-11-03-57_engine_failure_with_emr_traj-mavros-imu-temperature.csv,carbonZ_2018-10-18-11-03-57_engine_failure_with_emr_traj
carbonZ_2018-10-18-11-03-57_engine_failure_with_emr_traj/carbonZ_2018-10-18-11-03-57_engine_failure_with_emr_traj-mavros-local_position-odom.csv,/content/gdrive/MyDrive/datasets/ALFA/processed_csv/processed/carbonZ_2018-10-18-11-03-57_engine_failure_with_emr_traj/carbonZ_2018-10-18-11-03-57_engine_failure_with_emr_traj-mavros-local_position-odom.csv,279315,0.266,2026-01-29T01:54:14,carbonZ_2018-10-18-11-03-57_engine_failure_with_emr_traj-mavros-local_position-odom.csv,carbonZ_2018-10-18-11-03-57_engine_failure_with_emr_traj
carbonZ_2018-10-18-11-03-57_engine_failure_with_emr_traj/carbonZ_2018-10-18-11-03-57_engine_failure_with_emr_traj-mavros-local_position-pose.csv,/content/gdrive/MyDrive/datasets/ALFA/processed_csv/processed/carbonZ_2018-10-18-11-03-57_engine_failure_with_emr_traj/carbonZ_2018-10-18-11-03-57_engine_failure_with_emr_traj-mavros-local_position-pose.csv,75153,0.072,2026-01-29T01:54:14,carbonZ_2018-10-18-11-03-57_engine_failure_with_emr_traj-mavros-local_position-pose.csv,carbonZ_2018-10-18-11-03-57_engine_failure_with_emr_traj
carbonZ_2018-10-18-11-03-57_engine_failure_with_emr_traj/carbonZ_2018-10-18-11-03-57_engine_failure_with_emr_traj-mavros-local_position-velocity.csv,/content/gdrive/MyDrive/datasets/ALFA/processed_csv/processed/carbonZ_2018-10-18-11-03-57_engine_failure_with_emr_traj/carbonZ_2018-10-18-11-03-57_engine_failure_with_emr_traj-mavros-local_position-velocity.csv,68538,0.065,2026-01-29T01:54:14,carbonZ_2018-10-18-11-03-57_engine_failure_with_emr_traj-mavros-local_position-velocity.csv,carbonZ_2018-10-18-11-03-57_engine_failure_with_emr_traj
carbonZ_2018-10-18-11-03-57_engine_failure_with_emr_traj/carbonZ_2018-10-18-11-03-57_engine_failure_with_emr_traj-mavros-nav_info-airspeed.csv,/content/gdrive/MyDrive/datasets/ALFA/processed_csv/processed/carbonZ_2018-10-18-11-03-57_engine_failure_with_emr_traj/carbonZ_2018-10-18-11-03-57_engine_failure_with_emr_traj-mavros-nav_info-airspeed.csv,128803,0.123,2026-01-29T01:54:14,carbonZ_2018-10-18-11-03-57_engine_failure_with_emr_traj-mavros-nav_info-airspeed.csv,carbonZ_2018-10-18-11-03-57_engine_failure_with_emr_traj
carbonZ_2018-10-18-11-03-57_engine_failure_with_emr_traj/carbonZ_2018-10-18-11-03-57_engine_failure_with_emr_traj-mavros-nav_info-errors.csv,/content/gdrive/MyDrive/datasets/ALFA/processed_csv/processed/carbonZ_2018-10-18-11-03-57_engine_failure_with_emr_traj/carbonZ_2018-10-18-11-03-57_engine_failure_with_emr_traj-mavros-nav_info-errors.csv,213896,0.204,2026-01-29T01:54:14,carbonZ_2018-10-18-11-03-57_engine_failure_with_emr_traj-mavros-nav_info-errors.csv,carbonZ_2018-10-18-11-03-57_engine_failure_with_emr_traj
carbonZ_2018-10-18-11-03-57_engine_failure_with_emr_traj/carbonZ_2018-10-18-11-03-57_engine_failure_with_emr_traj-mavros-nav_info-pitch.csv,/content/gdrive/MyDrive/datasets/ALFA/processed_csv/processed/carbonZ_2018-10-18-11-03-57_engine_failure_with_emr_traj/carbonZ_2018-10-18-11-03-57_engine_failure_with_emr_traj-mavros-nav_info-pitch.csv,175024,0.167,2026-01-29T01:54:14,carbonZ_2018-10-18-11-03-57_engine_failure_with_emr_traj-mavros-nav_info-pitch.csv,carbonZ_2018-10-18-11-03-57_engine_failure_with_emr_traj
carbonZ_2018-10-18-11-03-57_engine_failure_with_emr_traj/carbonZ_2018-10-18-11-03-57_engine_failure_with_emr_traj-mavros-nav_info-roll.csv,/content/gdrive/MyDrive/datasets/ALFA/processed_csv/processed/carbonZ_2018-10-18-11-03-57_engine_failure_with_emr_traj/carbonZ_2018-10-18-11-03-57_engine_failure_with_emr_traj-mavros-nav_info-roll.csv,172816,0.165,2026-01-29T01:54:14,carbonZ_2018-10-18-11-03-57_engine_failure_with_emr_traj-mavros-nav_info-roll.csv,carbonZ_2018-10-18-11-03-57_engine_failure_with_emr_traj
carbonZ_2018-10-18-11-03-57_engine_failure_with_emr_traj/carbonZ_2018-10-18-11-03-57_engine_failure_with_emr_traj-mavros-nav_info-velocity.csv,/content/gdrive/MyDrive/datasets/ALFA/processed_csv/processed/carbonZ_2018-10-18-11-03-57_engine_failure_with_emr_traj/carbonZ_2018-10-18-11-03-57_engine_failure_with_emr_traj-mavros-nav_info-velocity.csv,307279,0.293,2026-01-29T01:54:14,carbonZ_2018-10-18-11-03-57_engine_failure_with_emr_traj-mavros-nav_info-velocity.csv,carbonZ_2018-10-18-11-03-57_engine_failure_with_emr_traj
carbonZ_2018-10-18-11-03-57_engine_failure_with_emr_traj/carbonZ_2018-10-18-11-03-57_engine_failure_with_emr_traj-mavros-nav_info-yaw.csv,/content/gdrive/MyDrive/datasets/ALFA/processed_csv/processed/carbonZ_2018-10-18-11-03-57_engine_failure_with_emr_traj/carbonZ_2018-10-18-11-03-57_engine_failure_with_emr_traj-mavros-nav_info-yaw.csv,156039,0.149,2026-01-29T01:54:14,carbonZ_2018-10-18-11-03-57_engine_failure_with_emr_traj-mavros-nav_info-yaw.csv,carbonZ_2018-10-18-11-03-57_engine_failure_with_emr_traj
carbonZ_2018-10-18-11-03-57_engine_failure_with_emr_traj/carbonZ_2018-10-18-11-03-57_engine_failure_with_emr_traj-mavros-rc-in.csv,/content/gdrive/MyDrive/datasets/ALFA/processed_csv/processed/carbonZ_2018-10-18-11-03-57_engine_failure_with_emr_traj/carbonZ_2018-10-18-11-03-57_engine_failure_with_emr_traj-mavros-rc-in.csv,44968,0.043,2026-01-29T01:54:14,carbonZ_2018-10-18-11-03-57_engine_failure_with_emr_traj-mavros-rc-in.csv,carbonZ_2018-10-18-11-03-57_engine_failure_with_emr_traj
carbonZ_2018-10-18-11-03-57_engine_failure_with_emr_traj/carbonZ_2018-10-18-11-03-57_engine_failure_with_emr_traj-mavros-rc-out.csv,/content/gdrive/MyDrive/datasets/ALFA/processed_csv/processed/carbonZ_2018-10-18-11-03-57_engine_failure_with_emr_traj/carbonZ_2018-10-18-11-03-57_engine_failure_with_emr_traj-mavros-rc-out.csv,30121,0.029,2026-01-29T01:54:14,carbonZ_2018-10-18-11-03-57_engine_failure_with_emr_traj-mavros-rc-out.csv,carbonZ_2018-10-18-11-03-57_engine_failure_with_emr_traj
carbonZ_2018-10-18-11-03-57_engine_failure_with_emr_traj/carbonZ_2018-10-18-11-03-57_engine_failure_with_emr_traj-mavros-setpoint_raw-local.csv,/content/gdrive/MyDrive/datasets/ALFA/processed_csv/processed/carbonZ_2018-10-18-11-03-57_engine_failure_with_emr_traj/carbonZ_2018-10-18-11-03-57_engine_failure_with_emr_traj-mavros-setpoint_raw-local.csv,712842,0.68,2026-01-29T01:54:14,carbonZ_2018-10-18-11-03-57_engine_failure_with_emr_traj-mavros-setpoint_raw-local.csv,carbonZ_2018-10-18-11-03-57_engine_failure_with_emr_traj
carbonZ_2018-10-18-11-03-57_engine_failure_with_emr_traj/carbonZ_2018-10-18-11-03-57_engine_failure_with_emr_traj-mavros-setpoint_raw-target_global.csv,/content/gdrive/MyDrive/datasets/ALFA/processed_csv/processed/carbonZ_2018-10-18-11-03-57_engine_failure_with_emr_traj/carbonZ_2018-10-18-11-03-57_engine_failure_with_emr_traj-mavros-setpoint_raw-target_global.csv,421887,0.402,2026-01-29T01:54:14,carbonZ_2018-10-18-11-03-57_engine_failure_with_emr_traj-mavros-setpoint_raw-target_global.csv,carbonZ_2018-10-18-11-03-57_engine_failure_with_emr_traj
carbonZ_2018-10-18-11-03-57_engine_failure_with_emr_traj/carbonZ_2018-10-18-11-03-57_engine_failure_with_emr_traj-mavros-state.csv,/content/gdrive/MyDrive/datasets/ALFA/processed_csv/processed/carbonZ_2018-10-18-11-03-57_engine_failure_with_emr_traj/carbonZ_2018-10-18-11-03-57_engine_failure_with_emr_traj-mavros-state.csv,7156,0.007,2026-01-29T01:54:14,carbonZ_2018-10-18-11-03-57_engine_failure_with_emr_traj-mavros-state.csv,carbonZ_2018-10-18-11-03-57_engine_failure_with_emr_traj
carbonZ_2018-10-18-11-03-57_engine_failure_with_emr_traj/carbonZ_2018-10-18-11-03-57_engine_failure_with_emr_traj-mavros-time_reference.csv,/content/gdrive/MyDrive/datasets/ALFA/processed_csv/processed/carbonZ_2018-10-18-11-03-57_engine_failure_with_emr_traj/carbonZ_2018-10-18-11-03-57_engine_failure_with_emr_traj-mavros-time_reference.csv,17342,0.017,2026-01-29T01:54:14,carbonZ_2018-10-18-11-03-57_engine_failure_with_emr_traj-mavros-time_reference.csv,carbonZ_2018-10-18-11-03-57_engine_failure_with_emr_traj
carbonZ_2018-10-18-11-03-57_engine_failure_with_emr_traj/carbonZ_2018-10-18-11-03-57_engine_failure_with_emr_traj-mavros-vfr_hud.csv,/content/gdrive/MyDrive/datasets/ALFA/processed_csv/processed/carbonZ_2018-10-18-11-03-57_engine_failure_with_emr_traj/carbonZ_2018-10-18-11-03-57_engine_failure_with_emr_traj-mavros-vfr_hud.csv,32704,0.031,2026-01-29T01:54:14,carbonZ_2018-10-18-11-03-57_engine_failure_with_emr_traj-mavros-vfr_hud.csv,carbonZ_2018-10-18-11-03-57_engine_failure_with_emr_traj
carbonZ_2018-10-18-11-03-57_engine_failure_with_emr_traj/carbonZ_2018-10-18-11-03-57_engine_failure_with_emr_traj-mavros-wind_estimation.csv,/content/gdrive/MyDrive/datasets/ALFA/processed_csv/processed/carbonZ_2018-10-18-11-03-57_engine_failure_with_emr_traj/carbonZ_2018-10-18-11-03-57_engine_failure_with_emr_traj-mavros-wind_estimation.csv,22761,0.022,2026-01-29T01:54:14,carbonZ_2018-10-18-11-03-57_engine_failure_with_emr_traj-mavros-wind_estimation.csv,carbonZ_2018-10-18-11-03-57_engine_failure_with_emr_traj
carbonZ_2018-10-18-11-04-00_engine_failure_with_emr_traj/carbonZ_2018-10-18-11-04-00_engine_failure_with_emr_traj-diagnostics.csv,/content/gdrive/MyDrive/datasets/ALFA/processed_csv/processed/carbonZ_2018-10-18-11-04-00_engine_failure_with_emr_traj/carbonZ_2018-10-18-11-04-00_engine_failure_with_emr_traj-diagnostics.csv,128279,0.122,2026-01-29T01:54:14,carbonZ_2018-10-18-11-04-00_engine_failure_with_emr_traj-diagnostics.csv,carbonZ_2018-10-18-11-04-00_engine_failure_with_emr_traj
carbonZ_2018-10-18-11-04-00_engine_failure_with_emr_traj/carbonZ_2018-10-18-11-04-00_engine_failure_with_emr_traj-emergency_responder-traj_file.csv,/content/gdrive/MyDrive/datasets/ALFA/processed_csv/processed/carbonZ_2018-10-18-11-04-00_engine_failure_with_emr_traj/carbonZ_2018-10-18-11-04-00_engine_failure_with_emr_traj-emergency_responder-traj_file.csv,63,0.0,2026-01-29T01:54:14,carbonZ_2018-10-18-11-04-00_engine_failure_with_emr_traj-emergency_responder-traj_file.csv,carbonZ_2018-10-18-11-04-00_engine_failure_with_emr_traj
carbonZ_2018-10-18-11-04-00_engine_failure_with_emr_traj/carbonZ_2018-10-18-11-04-00_engine_failure_with_emr_traj-failure_status-engines.csv,/content/gdrive/MyDrive/datasets/ALFA/processed_csv/processed/carbonZ_2018-10-18-11-04-00_engine_failure_with_emr_traj/carbonZ_2018-10-18-11-04-00_engine_failure_with_emr_traj-failure_status-engines.csv,523,0.0,2026-01-29T01:54:14,carbonZ_2018-10-18-11-04-00_engine_failure_with_emr_traj-failure_status-engines.csv,carbonZ_2018-10-18-11-04-00_engine_failure_with_emr_traj
carbonZ_2018-10-18-11-04-00_engine_failure_with_emr_traj/carbonZ_2018-10-18-11-04-00_engine_failure_with_emr_traj-mavctrl-path_dev.csv,/content/gdrive/MyDrive/datasets/ALFA/processed_csv/processed/carbonZ_2018-10-18-11-04-00_engine_failure_with_emr_traj/carbonZ_2018-10-18-11-04-00_engine_failure_with_emr_traj-mavctrl-path_dev.csv,323670,0.309,2026-01-29T01:54:14,carbonZ_2018-10-18-11-04-00_engine_failure_with_emr_traj-mavctrl-path_dev.csv,carbonZ_2018-10-18-11-04-00_engine_failure_with_emr_traj
carbonZ_2018-10-18-11-04-00_engine_failure_with_emr_traj/carbonZ_2018-10-18-11-04-00_engine_failure_with_emr_traj-mavctrl-rpy.csv,/content/gdrive/MyDrive/datasets/ALFA/processed_csv/processed/carbonZ_2018-10-18-11-04-00_engine_failure_with_emr_traj/carbonZ_2018-10-18-11-04-00_engine_failure_with_emr_traj-mavctrl-rpy.csv,407242,0.388,2026-01-29T01:54:14,carbonZ_2018-10-18-11-04-00_engine_failure_with_emr_traj-mavctrl-rpy.csv,carbonZ_2018-10-18-11-04-00_engine_failure_with_emr_traj
carbonZ_2018-10-18-11-04-00_engine_failure_with_emr_traj/carbonZ_2018-10-18-11-04-00_engine_failure_with_emr_traj-mavlink-from.csv,/content/gdrive/MyDrive/datasets/ALFA/processed_csv/processed/carbonZ_2018-10-18-11-04-00_engine_failure_with_emr_traj/carbonZ_2018-10-18-11-04-00_engine_failure_with_emr_traj-mavlink-from.csv,3249347,3.099,2026-01-29T01:54:14,carbonZ_2018-10-18-11-04-00_engine_failure_with_emr_traj-mavlink-from.csv,carbonZ_2018-10-18-11-04-00_engine_failure_with_emr_traj
carbonZ_2018-10-18-11-04-00_engine_failure_with_emr_traj/carbonZ_2018-10-18-11-04-00_engine_failure_with_emr_traj-mavros-battery.csv,/content/gdrive/MyDrive/datasets/ALFA/processed_csv/processed/carbonZ_2018-10-18-11-04-00_engine_failure_with_emr_traj/carbonZ_2018-10-18-11-04-00_engine_failure_with_emr_traj-mavros-battery.csv,269609,0.257,2026-01-29T01:54:14,carbonZ_2018-10-18-11-04-00_engine_failure_with_emr_traj-mavros-battery.csv,carbonZ_2018-10-18-11-04-00_engine_failure_with_emr_traj
carbonZ_2018-10-18-11-04-00_engine_failure_with_emr_traj/carbonZ_2018-10-18-11-04-00_engine_failure_with_emr_traj-mavros-global_position-compass_hdg.csv,/content/gdrive/MyDrive/datasets/ALFA/processed_csv/processed/carbonZ_2018-10-18-11-04-00_engine_failure_with_emr_traj/carbonZ_2018-10-18-11-04-00_engine_failure_with_emr_traj-mavros-global_position-compass_hdg.csv,13606,0.013,2026-01-29T01:54:14,carbonZ_2018-10-18-11-04-00_engine_failure_with_emr_traj-mavros-global_position-compass_hdg.csv,carbonZ_2018-10-18-11-04-00_engine_failure_with_emr_traj
carbonZ_2018-10-18-11-04-00_engine_failure_with_emr_traj/carbonZ_2018-10-18-11-04-00_engine_failure_with_emr_traj-mavros-global_position-global.csv,/content/gdrive/MyDrive/datasets/ALFA/processed_csv/processed/carbonZ_2018-10-18-11-04-00_engine_failure_with_emr_traj/carbonZ_2018-10-18-11-04-00_engine_failure_with_emr_traj-mavros-global_position-global.csv,84759,0.081,2026-01-29T01:54:14,carbonZ_2018-10-18-11-04-00_engine_failure_with_emr_traj-mavros-global_position-global.csv,carbonZ_2018-10-18-11-04-00_engine_failure_with_emr_traj
carbonZ_2018-10-18-11-04-00_engine_failure_with_emr_traj/carbonZ_2018-10-18-11-04-00_engine_failure_with_emr_traj-mavros-global_position-local.csv,/content/gdrive/MyDrive/datasets/ALFA/processed_csv/processed/carbonZ_2018-10-18-11-04-00_engine_failure_with_emr_traj/carbonZ_2018-10-18-11-04-00_engine_failure_with_emr_traj-mavros-global_position-local.csv,267509,0.255,2026-01-29T01:54:14,carbonZ_2018-10-18-11-04-00_engine_failure_with_emr_traj-mavros-global_position-local.csv,carbonZ_2018-10-18-11-04-00_engine_failure_with_emr_traj
carbonZ_2018-10-18-11-04-00_engine_failure_with_emr_traj/carbonZ_2018-10-18-11-04-00_engine_failure_with_emr_traj-mavros-global_position-raw-fix.csv,/content/gdrive/MyDrive/datasets/ALFA/processed_csv/processed/carbonZ_2018-10-18-11-04-00_engine_failure_with_emr_traj/carbonZ_2018-10-18-11-04-00_engine_failure_with_emr_traj-mavros-global_position-raw-fix.csv,101818,0.097,2026-01-29T01:54:14,carbonZ_2018-10-18-11-04-00_engine_failure_with_emr_traj-mavros-global_position-raw-fix.csv,carbonZ_2018-10-18-11-04-00_engine_failure_with_emr_traj
carbonZ_2018-10-18-11-04-00_engine_failure_with_emr_traj/carbonZ_2018-10-18-11-04-00_engine_failure_with_emr_traj-mavros-global_position-raw-gps_vel.csv,/content/gdrive/MyDrive/datasets/ALFA/processed_csv/processed/carbonZ_2018-10-18-11-04-00_engine_failure_with_emr_traj/carbonZ_2018-10-18-11-04-00_engine_failure_with_emr_traj-mavros-global_position-raw-gps_vel.csv,57984,0.055,2026-01-29T01:54:14,carbonZ_2018-10-18-11-04-00_engine_failure_with_emr_traj-mavros-global_position-raw-gps_vel.csv,carbonZ_2018-10-18-11-04-00_engine_failure_with_emr_traj
carbonZ_2018-10-18-11-04-00_engine_failure_with_emr_traj/carbonZ_2018-10-18-11-04-00_engine_failure_with_emr_traj-mavros-global_position-rel_alt.csv,/content/gdrive/MyDrive/datasets/ALFA/processed_csv/processed/carbonZ_2018-10-18-11-04-00_engine_failure_with_emr_traj/carbonZ_2018-10-18-11-04-00_engine_failure_with_emr_traj-mavros-global_position-rel_alt.csv,13711,0.013,2026-01-29T01:54:14,carbonZ_2018-10-18-11-04-00_engine_failure_with_emr_traj-mavros-global_position-rel_alt.csv,carbonZ_2018-10-18-11-04-00_engine_failure_with_emr_traj
carbonZ_2018-10-18-11-04-00_engine_failure_with_emr_traj/carbonZ_2018-10-18-11-04-00_engine_failure_with_emr_traj-mavros-imu-atm_pressure.csv,/content/gdrive/MyDrive/datasets/ALFA/processed_csv/processed/carbonZ_2018-10-18-11-04-00_engine_failure_with_emr_traj/carbonZ_2018-10-18-11-04-00_engine_failure_with_emr_traj-mavros-imu-atm_pressure.csv,89445,0.085,2026-01-29T01:54:14,carbonZ_2018-10-18-11-04-00_engine_failure_with_emr_traj-mavros-imu-atm_pressure.csv,carbonZ_2018-10-18-11-04-00_engine_failure_with_emr_traj
carbonZ_2018-10-18-11-04-00_engine_failure_with_emr_traj/carbonZ_2018-10-18-11-04-00_engine_failure_with_emr_traj-mavros-imu-data.csv,/content/gdrive/MyDrive/datasets/ALFA/processed_csv/processed/carbonZ_2018-10-18-11-04-00_engine_failure_with_emr_traj/carbonZ_2018-10-18-11-04-00_engine_failure_with_emr_traj-mavros-imu-data.csv,112430,0.107,2026-01-29T01:54:14,carbonZ_2018-10-18-11-04-00_engine_failure_with_emr_traj-mavros-imu-data.csv,carbonZ_2018-10-18-11-04-00_engine_failure_with_emr_traj
carbonZ_2018-10-18-11-04-00_engine_failure_with_emr_traj/carbonZ_2018-10-18-11-04-00_engine_failure_with_emr_traj-mavros-imu-data_raw.csv,/content/gdrive/MyDrive/datasets/ALFA/processed_csv/processed/carbonZ_2018-10-18-11-04-00_engine_failure_with_emr_traj/carbonZ_2018-10-18-11-04-00_engine_failure_with_emr_traj-mavros-imu-data_raw.csv,344326,0.328,2026-01-29T01:54:14,carbonZ_2018-10-18-11-04-00_engine_failure_with_emr_traj-mavros-imu-data_raw.csv,carbonZ_2018-10-18-11-04-00_engine_failure_with_emr_traj
carbonZ_2018-10-18-11-04-00_engine_failure_with_emr_traj/carbonZ_2018-10-18-11-04-00_engine_failure_with_emr_traj-mavros-imu-mag.csv,/content/gdrive/MyDrive/datasets/ALFA/processed_csv/processed/carbonZ_2018-10-18-11-04-00_engine_failure_with_emr_traj/carbonZ_2018-10-18-11-04-00_engine_failure_with_emr_traj-mavros-imu-mag.csv,147373,0.141,2026-01-29T01:54:14,carbonZ_2018-10-18-11-04-00_engine_failure_with_emr_traj-mavros-imu-mag.csv,carbonZ_2018-10-18-11-04-00_engine_failure_with_emr_traj
carbonZ_2018-10-18-11-04-00_engine_failure_with_emr_traj/carbonZ_2018-10-18-11-04-00_engine_failure_with_emr_traj-mavros-imu-temperature.csv,/content/gdrive/MyDrive/datasets/ALFA/processed_csv/processed/carbonZ_2018-10-18-11-04-00_engine_failure_with_emr_traj/carbonZ_2018-10-18-11-04-00_engine_failure_with_emr_traj-mavros-imu-temperature.csv,79670,0.076,2026-01-29T01:54:14,carbonZ_2018-10-18-11-04-00_engine_failure_with_emr_traj-mavros-imu-temperature.csv,carbonZ_2018-10-18-11-04-00_engine_failure_with_emr_traj
carbonZ_2018-10-18-11-04-00_engine_failure_with_emr_traj/carbonZ_2018-10-18-11-04-00_engine_failure_with_emr_traj-mavros-local_position-odom.csv,/content/gdrive/MyDrive/datasets/ALFA/processed_csv/processed/carbonZ_2018-10-18-11-04-00_engine_failure_with_emr_traj/carbonZ_2018-10-18-11-04-00_engine_failure_with_emr_traj-mavros-local_position-odom.csv,295454,0.282,2026-01-29T01:54:14,carbonZ_2018-10-18-11-04-00_engine_failure_with_emr_traj-mavros-local_position-odom.csv,carbonZ_2018-10-18-11-04-00_engine_failure_with_emr_traj
carbonZ_2018-10-18-11-04-00_engine_failure_with_emr_traj/carbonZ_2018-10-18-11-04-00_engine_failure_with_emr_traj-mavros-local_position-pose.csv,/content/gdrive/MyDrive/datasets/ALFA/processed_csv/processed/carbonZ_2018-10-18-11-04-00_engine_failure_with_emr_traj/carbonZ_2018-10-18-11-04-00_engine_failure_with_emr_traj-mavros-local_position-pose.csv,79676,0.076,2026-01-29T01:54:14,carbonZ_2018-10-18-11-04-00_engine_failure_with_emr_traj-mavros-local_position-pose.csv,carbonZ_2018-10-18-11-04-00_engine_failure_with_emr_traj
carbonZ_2018-10-18-11-04-00_engine_failure_with_emr_traj/carbonZ_2018-10-18-11-04-00_engine_failure_with_emr_traj-mavros-local_position-velocity.csv,/content/gdrive/MyDrive/datasets/ALFA/processed_csv/processed/carbonZ_2018-10-18-11-04-00_engine_failure_with_emr_traj/carbonZ_2018-10-18-11-04-00_engine_failure_with_emr_traj-mavros-local_position-velocity.csv,72405,0.069,2026-01-29T01:54:14,carbonZ_2018-10-18-11-04-00_engine_failure_with_emr_traj-mavros-local_position-velocity.csv,carbonZ_2018-10-18-11-04-00_engine_failure_with_emr_traj
carbonZ_2018-10-18-11-04-00_engine_failure_with_emr_traj/carbonZ_2018-10-18-11-04-00_engine_failure_with_emr_traj-mavros-nav_info-airspeed.csv,/content/gdrive/MyDrive/datasets/ALFA/processed_csv/processed/carbonZ_2018-10-18-11-04-00_engine_failure_with_emr_traj/carbonZ_2018-10-18-11-04-00_engine_failure_with_emr_traj-mavros-nav_info-airspeed.csv,137068,0.131,2026-01-29T01:54:14,carbonZ_2018-10-18-11-04-00_engine_failure_with_emr_traj-mavros-nav_info-airspeed.csv,carbonZ_2018-10-18-11-04-00_engine_failure_with_emr_traj
carbonZ_2018-10-18-11-04-00_engine_failure_with_emr_traj/carbonZ_2018-10-18-11-04-00_engine_failure_with_emr_traj-mavros-nav_info-errors.csv,/content/gdrive/MyDrive/datasets/ALFA/processed_csv/processed/carbonZ_2018-10-18-11-04-00_engine_failure_with_emr_traj/carbonZ_2018-10-18-11-04-00_engine_failure_with_emr_traj-mavros-nav_info-errors.csv,227000,0.216,2026-01-29T01:54:14,carbonZ_2018-10-18-11-04-00_engine_failure_with_emr_traj-mavros-nav_info-errors.csv,carbonZ_2018-10-18-11-04-00_engine_failure_with_emr_traj
carbonZ_2018-10-18-11-04-00_engine_failure_with_emr_traj/carbonZ_2018-10-18-11-04-00_engine_failure_with_emr_traj-mavros-nav_info-pitch.csv,/content/gdrive/MyDrive/datasets/ALFA/processed_csv/processed/carbonZ_2018-10-18-11-04-00_engine_failure_with_emr_traj/carbonZ_2018-10-18-11-04-00_engine_failure_with_emr_traj-mavros-nav_info-pitch.csv,185848,0.177,2026-01-29T01:54:14,carbonZ_2018-10-18-11-04-00_engine_failure_with_emr_traj-mavros-nav_info-pitch.csv,carbonZ_2018-10-18-11-04-00_engine_failure_with_emr_traj
carbonZ_2018-10-18-11-04-00_engine_failure_with_emr_traj/carbonZ_2018-10-18-11-04-00_engine_failure_with_emr_traj-mavros-nav_info-roll.csv,/content/gdrive/MyDrive/datasets/ALFA/processed_csv/processed/carbonZ_2018-10-18-11-04-00_engine_failure_with_emr_traj/carbonZ_2018-10-18-11-04-00_engine_failure_with_emr_traj-mavros-nav_info-roll.csv,183395,0.175,2026-01-29T01:54:14,carbonZ_2018-10-18-11-04-00_engine_failure_with_emr_traj-mavros-nav_info-roll.csv,carbonZ_2018-10-18-11-04-00_engine_failure_with_emr_traj
carbonZ_2018-10-18-11-04-00_engine_failure_with_emr_traj/carbonZ_2018-10-18-11-04-00_engine_failure_with_emr_traj-mavros-nav_info-velocity.csv,/content/gdrive/MyDrive/datasets/ALFA/processed_csv/processed/carbonZ_2018-10-18-11-04-00_engine_failure_with_emr_traj/carbonZ_2018-10-18-11-04-00_engine_failure_with_emr_traj-mavros-nav_info-velocity.csv,326400,0.311,2026-01-29T01:54:14,carbonZ_2018-10-18-11-04-00_engine_failure_with_emr_traj-mavros-nav_info-velocity.csv,carbonZ_2018-10-18-11-04-00_engine_failure_with_emr_traj
carbonZ_2018-10-18-11-04-00_engine_failure_with_emr_traj/carbonZ_2018-10-18-11-04-00_engine_failure_with_emr_traj-mavros-nav_info-yaw.csv,/content/gdrive/MyDrive/datasets/ALFA/processed_csv/processed/carbonZ_2018-10-18-11-04-00_engine_failure_with_emr_traj/carbonZ_2018-10-18-11-04-00_engine_failure_with_emr_traj-mavros-nav_info-yaw.csv,165830,0.158,2026-01-29T01:54:14,carbonZ_2018-10-18-11-04-00_engine_failure_with_emr_traj-mavros-nav_info-yaw.csv,carbonZ_2018-10-18-11-04-00_engine_failure_with_emr_traj
carbonZ_2018-10-18-11-04-00_engine_failure_with_emr_traj/carbonZ_2018-10-18-11-04-00_engine_failure_with_emr_traj-mavros-rc-in.csv,/content/gdrive/MyDrive/datasets/ALFA/processed_csv/processed/carbonZ_2018-10-18-11-04-00_engine_failure_with_emr_traj/carbonZ_2018-10-18-11-04-00_engine_failure_with_emr_traj-mavros-rc-in.csv,47524,0.045,2026-01-29T01:54:14,carbonZ_2018-10-18-11-04-00_engine_failure_with_emr_traj-mavros-rc-in.csv,carbonZ_2018-10-18-11-04-00_engine_failure_with_emr_traj
carbonZ_2018-10-18-11-04-00_engine_failure_with_emr_traj/carbonZ_2018-10-18-11-04-00_engine_failure_with_emr_traj-mavros-rc-out.csv,/content/gdrive/MyDrive/datasets/ALFA/processed_csv/processed/carbonZ_2018-10-18-11-04-00_engine_failure_with_emr_traj/carbonZ_2018-10-18-11-04-00_engine_failure_with_emr_traj-mavros-rc-out.csv,31837,0.03,2026-01-29T01:54:14,carbonZ_2018-10-18-11-04-00_engine_failure_with_emr_traj-mavros-rc-out.csv,carbonZ_2018-10-18-11-04-00_engine_failure_with_emr_traj
carbonZ_2018-10-18-11-04-00_engine_failure_with_emr_traj/carbonZ_2018-10-18-11-04-00_engine_failure_with_emr_traj-mavros-setpoint_raw-local.csv,/content/gdrive/MyDrive/datasets/ALFA/processed_csv/processed/carbonZ_2018-10-18-11-04-00_engine_failure_with_emr_traj/carbonZ_2018-10-18-11-04-00_engine_failure_with_emr_traj-mavros-setpoint_raw-local.csv,754690,0.72,2026-01-29T01:54:14,carbonZ_2018-10-18-11-04-00_engine_failure_with_emr_traj-mavros-setpoint_raw-local.csv,carbonZ_2018-10-18-11-04-00_engine_failure_with_emr_traj
carbonZ_2018-10-18-11-04-00_engine_failure_with_emr_traj/carbonZ_2018-10-18-11-04-00_engine_failure_with_emr_traj-mavros-setpoint_raw-target_global.csv,/content/gdrive/MyDrive/datasets/ALFA/processed_csv/processed/carbonZ_2018-10-18-11-04-00_engine_failure_with_emr_traj/carbonZ_2018-10-18-11-04-00_engine_failure_with_emr_traj-mavros-setpoint_raw-target_global.csv,445995,0.425,2026-01-29T01:54:14,carbonZ_2018-10-18-11-04-00_engine_failure_with_emr_traj-mavros-setpoint_raw-target_global.csv,carbonZ_2018-10-18-11-04-00_engine_failure_with_emr_traj
carbonZ_2018-10-18-11-04-00_engine_failure_with_emr_traj/carbonZ_2018-10-18-11-04-00_engine_failure_with_emr_traj-mavros-state.csv,/content/gdrive/MyDrive/datasets/ALFA/processed_csv/processed/carbonZ_2018-10-18-11-04-00_engine_failure_with_emr_traj/carbonZ_2018-10-18-11-04-00_engine_failure_with_emr_traj-mavros-state.csv,7516,0.007,2026-01-29T01:54:14,carbonZ_2018-10-18-11-04-00_engine_failure_with_emr_traj-mavros-state.csv,carbonZ_2018-10-18-11-04-00_engine_failure_with_emr_traj
carbonZ_2018-10-18-11-04-00_engine_failure_with_emr_traj/carbonZ_2018-10-18-11-04-00_engine_failure_with_emr_traj-mavros-time_reference.csv,/content/gdrive/MyDrive/datasets/ALFA/processed_csv/processed/carbonZ_2018-10-18-11-04-00_engine_failure_with_emr_traj/carbonZ_2018-10-18-11-04-00_engine_failure_with_emr_traj-mavros-time_reference.csv,18101,0.017,2026-01-29T01:54:14,carbonZ_2018-10-18-11-04-00_engine_failure_with_emr_traj-mavros-time_reference.csv,carbonZ_2018-10-18-11-04-00_engine_failure_with_emr_traj
carbonZ_2018-10-18-11-04-00_engine_failure_with_emr_traj/carbonZ_2018-10-18-11-04-00_engine_failure_with_emr_traj-mavros-vfr_hud.csv,/content/gdrive/MyDrive/datasets/ALFA/processed_csv/processed/carbonZ_2018-10-18-11-04-00_engine_failure_with_emr_traj/carbonZ_2018-10-18-11-04-00_engine_failure_with_emr_traj-mavros-vfr_hud.csv,34248,0.033,2026-01-29T01:54:14,carbonZ_2018-10-18-11-04-00_engine_failure_with_emr_traj-mavros-vfr_hud.csv,carbonZ_2018-10-18-11-04-00_engine_failure_with_emr_traj
carbonZ_2018-10-18-11-04-00_engine_failure_with_emr_traj/carbonZ_2018-10-18-11-04-00_engine_failure_with_emr_traj-mavros-wind_estimation.csv,/content/gdrive/MyDrive/datasets/ALFA/processed_csv/processed/carbonZ_2018-10-18-11-04-00_engine_failure_with_emr_traj/carbonZ_2018-10-18-11-04-00_engine_failure_with_emr_traj-mavros-wind_estimation.csv,24134,0.023,2026-01-29T01:54:14,carbonZ_2018-10-18-11-04-00_engine_failure_with_emr_traj-mavros-wind_estimation.csv,carbonZ_2018-10-18-11-04-00_engine_failure_with_emr_traj
carbonZ_2018-10-18-11-04-08_1_engine_failure_with_emr_traj/carbonZ_2018-10-18-11-04-08_1_engine_failure_with_emr_traj-diagnostics.csv,/content/gdrive/MyDrive/datasets/ALFA/processed_csv/processed/carbonZ_2018-10-18-11-04-08_1_engine_failure_with_emr_traj/carbonZ_2018-10-18-11-04-08_1_engine_failure_with_emr_traj-diagnostics.csv,121627,0.116,2026-01-29T01:54:15,carbonZ_2018-10-18-11-04-08_1_engine_failure_with_emr_traj-diagnostics.csv,carbonZ_2018-10-18-11-04-08_1_engine_failure_with_emr_traj
carbonZ_2018-10-18-11-04-08_1_engine_failure_with_emr_traj/carbonZ_2018-10-18-11-04-08_1_engine_failure_with_emr_traj-emergency_responder-traj_file.csv,/content/gdrive/MyDrive/datasets/ALFA/processed_csv/processed/carbonZ_2018-10-18-11-04-08_1_engine_failure_with_emr_traj/carbonZ_2018-10-18-11-04-08_1_engine_failure_with_emr_traj-emergency_responder-traj_file.csv,63,0.0,2026-01-29T01:54:15,carbonZ_2018-10-18-11-04-08_1_engine_failure_with_emr_traj-emergency_responder-traj_file.csv,carbonZ_2018-10-18-11-04-08_1_engine_failure_with_emr_traj
carbonZ_2018-10-18-11-04-08_1_engine_failure_with_emr_traj/carbonZ_2018-10-18-11-04-08_1_engine_failure_with_emr_traj-failure_status-engines.csv,/content/gdrive/MyDrive/datasets/ALFA/processed_csv/processed/carbonZ_2018-10-18-11-04-08_1_engine_failure_with_emr_traj/carbonZ_2018-10-18-11-04-08_1_engine_failure_with_emr_traj-failure_status-engines.csv,655,0.001,2026-01-29T01:54:15,carbonZ_2018-10-18-11-04-08_1_engine_failure_with_emr_traj-failure_status-engines.csv,carbonZ_2018-10-18-11-04-08_1_engine_failure_with_emr_traj
carbonZ_2018-10-18-11-04-08_1_engine_failure_with_emr_traj/carbonZ_2018-10-18-11-04-08_1_engine_failure_with_emr_traj-mavctrl-path_dev.csv,/content/gdrive/MyDrive/datasets/ALFA/processed_csv/processed/carbonZ_2018-10-18-11-04-08_1_engine_failure_with_emr_traj/carbonZ_2018-10-18-11-04-08_1_engine_failure_with_emr_traj-mavctrl-path_dev.csv,302862,0.289,2026-01-29T01:54:15,carbonZ_2018-10-18-11-04-08_1_engine_failure_with_emr_traj-mavctrl-path_dev.csv,carbonZ_2018-10-18-11-04-08_1_engine_failure_with_emr_traj
carbonZ_2018-10-18-11-04-08_1_engine_failure_with_emr_traj/carbonZ_2018-10-18-11-04-08_1_engine_failure_with_emr_traj-mavctrl-rpy.csv,/content/gdrive/MyDrive/datasets/ALFA/processed_csv/processed/carbonZ_2018-10-18-11-04-08_1_engine_failure_with_emr_traj/carbonZ_2018-10-18-11-04-08_1_engine_failure_with_emr_traj-mavctrl-rpy.csv,378280,0.361,2026-01-29T01:54:15,carbonZ_2018-10-18-11-04-08_1_engine_failure_with_emr_traj-mavctrl-rpy.csv,carbonZ_2018-10-18-11-04-08_1_engine_failure_with_emr_traj
carbonZ_2018-10-18-11-04-08_1_engine_failure_with_emr_traj/carbonZ_2018-10-18-11-04-08_1_engine_failure_with_emr_traj-mavlink-from.csv,/content/gdrive/MyDrive/datasets/ALFA/processed_csv/processed/carbonZ_2018-10-18-11-04-08_1_engine_failure_with_emr_traj/carbonZ_2018-10-18-11-04-08_1_engine_failure_with_emr_traj-mavlink-from.csv,3025766,2.886,2026-01-29T01:54:15,carbonZ_2018-10-18-11-04-08_1_engine_failure_with_emr_traj-mavlink-from.csv,carbonZ_2018-10-18-11-04-08_1_engine_failure_with_emr_traj
carbonZ_2018-10-18-11-04-08_1_engine_failure_with_emr_traj/carbonZ_2018-10-18-11-04-08_1_engine_failure_with_emr_traj-mavros-battery.csv,/content/gdrive/MyDrive/datasets/ALFA/processed_csv/processed/carbonZ_2018-10-18-11-04-08_1_engine_failure_with_emr_traj/carbonZ_2018-10-18-11-04-08_1_engine_failure_with_emr_traj-mavros-battery.csv,251847,0.24,2026-01-29T01:54:15,carbonZ_2018-10-18-11-04-08_1_engine_failure_with_emr_traj-mavros-battery.csv,carbonZ_2018-10-18-11-04-08_1_engine_failure_with_emr_traj
carbonZ_2018-10-18-11-04-08_1_engine_failure_with_emr_traj/carbonZ_2018-10-18-11-04-08_1_engine_failure_with_emr_traj-mavros-global_position-compass_hdg.csv,/content/gdrive/MyDrive/datasets/ALFA/processed_csv/processed/carbonZ_2018-10-18-11-04-08_1_engine_failure_with_emr_traj/carbonZ_2018-10-18-11-04-08_1_engine_failure_with_emr_traj-mavros-global_position-compass_hdg.csv,12653,0.012,2026-01-29T01:54:15,carbonZ_2018-10-18-11-04-08_1_engine_failure_with_emr_traj-mavros-global_position-compass_hdg.csv,carbonZ_2018-10-18-11-04-08_1_engine_failure_with_emr_traj
carbonZ_2018-10-18-11-04-08_1_engine_failure_with_emr_traj/carbonZ_2018-10-18-11-04-08_1_engine_failure_with_emr_traj-mavros-global_position-global.csv,/content/gdrive/MyDrive/datasets/ALFA/processed_csv/processed/carbonZ_2018-10-18-11-04-08_1_engine_failure_with_emr_traj/carbonZ_2018-10-18-11-04-08_1_engine_failure_with_emr_traj-mavros-global_position-global.csv,78018,0.074,2026-01-29T01:54:15,carbonZ_2018-10-18-11-04-08_1_engine_failure_with_emr_traj-mavros-global_position-global.csv,carbonZ_2018-10-18-11-04-08_1_engine_failure_with_emr_traj
carbonZ_2018-10-18-11-04-08_1_engine_failure_with_emr_traj/carbonZ_2018-10-18-11-04-08_1_engine_failure_with_emr_traj-mavros-global_position-local.csv,/content/gdrive/MyDrive/datasets/ALFA/processed_csv/processed/carbonZ_2018-10-18-11-04-08_1_engine_failure_with_emr_traj/carbonZ_2018-10-18-11-04-08_1_engine_failure_with_emr_traj-mavros-global_position-local.csv,248235,0.237,2026-01-29T01:54:15,carbonZ_2018-10-18-11-04-08_1_engine_failure_with_emr_traj-mavros-global_position-local.csv,carbonZ_2018-10-18-11-04-08_1_engine_failure_with_emr_traj
carbonZ_2018-10-18-11-04-08_1_engine_failure_with_emr_traj/carbonZ_2018-10-18-11-04-08_1_engine_failure_with_emr_traj-mavros-global_position-raw-fix.csv,/content/gdrive/MyDrive/datasets/ALFA/processed_csv/processed/carbonZ_2018-10-18-11-04-08_1_engine_failure_with_emr_traj/carbonZ_2018-10-18-11-04-08_1_engine_failure_with_emr_traj-mavros-global_position-raw-fix.csv,94238,0.09,2026-01-29T01:54:15,carbonZ_2018-10-18-11-04-08_1_engine_failure_with_emr_traj-mavros-global_position-raw-fix.csv,carbonZ_2018-10-18-11-04-08_1_engine_failure_with_emr_traj
carbonZ_2018-10-18-11-04-08_1_engine_failure_with_emr_traj/carbonZ_2018-10-18-11-04-08_1_engine_failure_with_emr_traj-mavros-global_position-raw-gps_vel.csv,/content/gdrive/MyDrive/datasets/ALFA/processed_csv/processed/carbonZ_2018-10-18-11-04-08_1_engine_failure_with_emr_traj/carbonZ_2018-10-18-11-04-08_1_engine_failure_with_emr_traj-mavros-global_position-raw-gps_vel.csv,54216,0.052,2026-01-29T01:54:15,carbonZ_2018-10-18-11-04-08_1_engine_failure_with_emr_traj-mavros-global_position-raw-gps_vel.csv,carbonZ_2018-10-18-11-04-08_1_engine_failure_with_emr_traj
carbonZ_2018-10-18-11-04-08_1_engine_failure_with_emr_traj/carbonZ_2018-10-18-11-04-08_1_engine_failure_with_emr_traj-mavros-global_position-rel_alt.csv,/content/gdrive/MyDrive/datasets/ALFA/processed_csv/processed/carbonZ_2018-10-18-11-04-08_1_engine_failure_with_emr_traj/carbonZ_2018-10-18-11-04-08_1_engine_failure_with_emr_traj-mavros-global_position-rel_alt.csv,12774,0.012,2026-01-29T01:54:15,carbonZ_2018-10-18-11-04-08_1_engine_failure_with_emr_traj-mavros-global_position-rel_alt.csv,carbonZ_2018-10-18-11-04-08_1_engine_failure_with_emr_traj
carbonZ_2018-10-18-11-04-08_1_engine_failure_with_emr_traj/carbonZ_2018-10-18-11-04-08_1_engine_failure_with_emr_traj-mavros-imu-atm_pressure.csv,/content/gdrive/MyDrive/datasets/ALFA/processed_csv/processed/carbonZ_2018-10-18-11-04-08_1_engine_failure_with_emr_traj/carbonZ_2018-10-18-11-04-08_1_engine_failure_with_emr_traj-mavros-imu-atm_pressure.csv,83654,0.08,2026-01-29T01:54:15,carbonZ_2018-10-18-11-04-08_1_engine_failure_with_emr_traj-mavros-imu-atm_pressure.csv,carbonZ_2018-10-18-11-04-08_1_engine_failure_with_emr_traj
carbonZ_2018-10-18-11-04-08_1_engine_failure_with_emr_traj/carbonZ_2018-10-18-11-04-08_1_engine_failure_with_emr_traj-mavros-imu-data.csv,/content/gdrive/MyDrive/datasets/ALFA/processed_csv/processed/carbonZ_2018-10-18-11-04-08_1_engine_failure_with_emr_traj/carbonZ_2018-10-18-11-04-08_1_engine_failure_with_emr_traj-mavros-imu-data.csv,104500,0.1,2026-01-29T01:54:15,carbonZ_2018-10-18-11-04-08_1_engine_failure_with_emr_traj-mavros-imu-data.csv,carbonZ_2018-10-18-11-04-08_1_engine_failure_with_emr_traj
carbonZ_2018-10-18-11-04-08_1_engine_failure_with_emr_traj/carbonZ_2018-10-18-11-04-08_1_engine_failure_with_emr_traj-mavros-imu-data_raw.csv,/content/gdrive/MyDrive/datasets/ALFA/processed_csv/processed/carbonZ_2018-10-18-11-04-08_1_engine_failure_with_emr_traj/carbonZ_2018-10-18-11-04-08_1_engine_failure_with_emr_traj-mavros-imu-data_raw.csv,322969,0.308,2026-01-29T01:54:15,carbonZ_2018-10-18-11-04-08_1_engine_failure_with_emr_traj-mavros-imu-data_raw.csv,carbonZ_2018-10-18-11-04-08_1_engine_failure_with_emr_traj
carbonZ_2018-10-18-11-04-08_1_engine_failure_with_emr_traj/carbonZ_2018-10-18-11-04-08_1_engine_failure_with_emr_traj-mavros-imu-mag.csv,/content/gdrive/MyDrive/datasets/ALFA/processed_csv/processed/carbonZ_2018-10-18-11-04-08_1_engine_failure_with_emr_traj/carbonZ_2018-10-18-11-04-08_1_engine_failure_with_emr_traj-mavros-imu-mag.csv,138669,0.132,2026-01-29T01:54:15,carbonZ_2018-10-18-11-04-08_1_engine_failure_with_emr_traj-mavros-imu-mag.csv,carbonZ_2018-10-18-11-04-08_1_engine_failure_with_emr_traj
carbonZ_2018-10-18-11-04-08_1_engine_failure_with_emr_traj/carbonZ_2018-10-18-11-04-08_1_engine_failure_with_emr_traj-mavros-imu-temperature.csv,/content/gdrive/MyDrive/datasets/ALFA/processed_csv/processed/carbonZ_2018-10-18-11-04-08_1_engine_failure_with_emr_traj/carbonZ_2018-10-18-11-04-08_1_engine_failure_with_emr_traj-mavros-imu-temperature.csv,74544,0.071,2026-01-29T01:54:15,carbonZ_2018-10-18-11-04-08_1_engine_failure_with_emr_traj-mavros-imu-temperature.csv,carbonZ_2018-10-18-11-04-08_1_engine_failure_with_emr_traj
carbonZ_2018-10-18-11-04-08_1_engine_failure_with_emr_traj/carbonZ_2018-10-18-11-04-08_1_engine_failure_with_emr_traj-mavros-local_position-odom.csv,/content/gdrive/MyDrive/datasets/ALFA/processed_csv/processed/carbonZ_2018-10-18-11-04-08_1_engine_failure_with_emr_traj/carbonZ_2018-10-18-11-04-08_1_engine_failure_with_emr_traj-mavros-local_position-odom.csv,274614,0.262,2026-01-29T01:54:15,carbonZ_2018-10-18-11-04-08_1_engine_failure_with_emr_traj-mavros-local_position-odom.csv,carbonZ_2018-10-18-11-04-08_1_engine_failure_with_emr_traj
carbonZ_2018-10-18-11-04-08_1_engine_failure_with_emr_traj/carbonZ_2018-10-18-11-04-08_1_engine_failure_with_emr_traj-mavros-local_position-pose.csv,/content/gdrive/MyDrive/datasets/ALFA/processed_csv/processed/carbonZ_2018-10-18-11-04-08_1_engine_failure_with_emr_traj/carbonZ_2018-10-18-11-04-08_1_engine_failure_with_emr_traj-mavros-local_position-pose.csv,74012,0.071,2026-01-29T01:54:15,carbonZ_2018-10-18-11-04-08_1_engine_failure_with_emr_traj-mavros-local_position-pose.csv,carbonZ_2018-10-18-11-04-08_1_engine_failure_with_emr_traj
carbonZ_2018-10-18-11-04-08_1_engine_failure_with_emr_traj/carbonZ_2018-10-18-11-04-08_1_engine_failure_with_emr_traj-mavros-local_position-velocity.csv,/content/gdrive/MyDrive/datasets/ALFA/processed_csv/processed/carbonZ_2018-10-18-11-04-08_1_engine_failure_with_emr_traj/carbonZ_2018-10-18-11-04-08_1_engine_failure_with_emr_traj-mavros-local_position-velocity.csv,67151,0.064,2026-01-29T01:54:15,carbonZ_2018-10-18-11-04-08_1_engine_failure_with_emr_traj-mavros-local_position-velocity.csv,carbonZ_2018-10-18-11-04-08_1_engine_failure_with_emr_traj
carbonZ_2018-10-18-11-04-08_1_engine_failure_with_emr_traj/carbonZ_2018-10-18-11-04-08_1_engine_failure_with_emr_traj-mavros-nav_info-airspeed.csv,/content/gdrive/MyDrive/datasets/ALFA/processed_csv/processed/carbonZ_2018-10-18-11-04-08_1_engine_failure_with_emr_traj/carbonZ_2018-10-18-11-04-08_1_engine_failure_with_emr_traj-mavros-nav_info-airspeed.csv,127113,0.121,2026-01-29T01:54:15,carbonZ_2018-10-18-11-04-08_1_engine_failure_with_emr_traj-mavros-nav_info-airspeed.csv,carbonZ_2018-10-18-11-04-08_1_engine_failure_with_emr_traj
carbonZ_2018-10-18-11-04-08_1_engine_failure_with_emr_traj/carbonZ_2018-10-18-11-04-08_1_engine_failure_with_emr_traj-mavros-nav_info-errors.csv,/content/gdrive/MyDrive/datasets/ALFA/processed_csv/processed/carbonZ_2018-10-18-11-04-08_1_engine_failure_with_emr_traj/carbonZ_2018-10-18-11-04-08_1_engine_failure_with_emr_traj-mavros-nav_info-errors.csv,212244,0.202,2026-01-29T01:54:15,carbonZ_2018-10-18-11-04-08_1_engine_failure_with_emr_traj-mavros-nav_info-errors.csv,carbonZ_2018-10-18-11-04-08_1_engine_failure_with_emr_traj
carbonZ_2018-10-18-11-04-08_1_engine_failure_with_emr_traj/carbonZ_2018-10-18-11-04-08_1_engine_failure_with_emr_traj-mavros-nav_info-pitch.csv,/content/gdrive/MyDrive/datasets/ALFA/processed_csv/processed/carbonZ_2018-10-18-11-04-08_1_engine_failure_with_emr_traj/carbonZ_2018-10-18-11-04-08_1_engine_failure_with_emr_traj-mavros-nav_info-pitch.csv,173426,0.165,2026-01-29T01:54:15,carbonZ_2018-10-18-11-04-08_1_engine_failure_with_emr_traj-mavros-nav_info-pitch.csv,carbonZ_2018-10-18-11-04-08_1_engine_failure_with_emr_traj
carbonZ_2018-10-18-11-04-08_1_engine_failure_with_emr_traj/carbonZ_2018-10-18-11-04-08_1_engine_failure_with_emr_traj-mavros-nav_info-roll.csv,/content/gdrive/MyDrive/datasets/ALFA/processed_csv/processed/carbonZ_2018-10-18-11-04-08_1_engine_failure_with_emr_traj/carbonZ_2018-10-18-11-04-08_1_engine_failure_with_emr_traj-mavros-nav_info-roll.csv,171131,0.163,2026-01-29T01:54:15,carbonZ_2018-10-18-11-04-08_1_engine_failure_with_emr_traj-mavros-nav_info-roll.csv,carbonZ_2018-10-18-11-04-08_1_engine_failure_with_emr_traj
carbonZ_2018-10-18-11-04-08_1_engine_failure_with_emr_traj/carbonZ_2018-10-18-11-04-08_1_engine_failure_with_emr_traj-mavros-nav_info-velocity.csv,/content/gdrive/MyDrive/datasets/ALFA/processed_csv/processed/carbonZ_2018-10-18-11-04-08_1_engine_failure_with_emr_traj/carbonZ_2018-10-18-11-04-08_1_engine_failure_with_emr_traj-mavros-nav_info-velocity.csv,301441,0.287,2026-01-29T01:54:15,carbonZ_2018-10-18-11-04-08_1_engine_failure_with_emr_traj-mavros-nav_info-velocity.csv,carbonZ_2018-10-18-11-04-08_1_engine_failure_with_emr_traj
carbonZ_2018-10-18-11-04-08_1_engine_failure_with_emr_traj/carbonZ_2018-10-18-11-04-08_1_engine_failure_with_emr_traj-mavros-nav_info-yaw.csv,/content/gdrive/MyDrive/datasets/ALFA/processed_csv/processed/carbonZ_2018-10-18-11-04-08_1_engine_failure_with_emr_traj/carbonZ_2018-10-18-11-04-08_1_engine_failure_with_emr_traj-mavros-nav_info-yaw.csv,154110,0.147,2026-01-29T01:54:15,carbonZ_2018-10-18-11-04-08_1_engine_failure_with_emr_traj-mavros-nav_info-yaw.csv,carbonZ_2018-10-18-11-04-08_1_engine_failure_with_emr_traj
carbonZ_2018-10-18-11-04-08_1_engine_failure_with_emr_traj/carbonZ_2018-10-18-11-04-08_1_engine_failure_with_emr_traj-mavros-rc-in.csv,/content/gdrive/MyDrive/datasets/ALFA/processed_csv/processed/carbonZ_2018-10-18-11-04-08_1_engine_failure_with_emr_traj/carbonZ_2018-10-18-11-04-08_1_engine_failure_with_emr_traj-mavros-rc-in.csv,44316,0.042,2026-01-29T01:54:15,carbonZ_2018-10-18-11-04-08_1_engine_failure_with_emr_traj-mavros-rc-in.csv,carbonZ_2018-10-18-11-04-08_1_engine_failure_with_emr_traj
carbonZ_2018-10-18-11-04-08_1_engine_failure_with_emr_traj/carbonZ_2018-10-18-11-04-08_1_engine_failure_with_emr_traj-mavros-rc-out.csv,/content/gdrive/MyDrive/datasets/ALFA/processed_csv/processed/carbonZ_2018-10-18-11-04-08_1_engine_failure_with_emr_traj/carbonZ_2018-10-18-11-04-08_1_engine_failure_with_emr_traj-mavros-rc-out.csv,29679,0.028,2026-01-29T01:54:15,carbonZ_2018-10-18-11-04-08_1_engine_failure_with_emr_traj-mavros-rc-out.csv,carbonZ_2018-10-18-11-04-08_1_engine_failure_with_emr_traj
carbonZ_2018-10-18-11-04-08_1_engine_failure_with_emr_traj/carbonZ_2018-10-18-11-04-08_1_engine_failure_with_emr_traj-mavros-setpoint_raw-local.csv,/content/gdrive/MyDrive/datasets/ALFA/processed_csv/processed/carbonZ_2018-10-18-11-04-08_1_engine_failure_with_emr_traj/carbonZ_2018-10-18-11-04-08_1_engine_failure_with_emr_traj-mavros-setpoint_raw-local.csv,700730,0.668,2026-01-29T01:54:15,carbonZ_2018-10-18-11-04-08_1_engine_failure_with_emr_traj-mavros-setpoint_raw-local.csv,carbonZ_2018-10-18-11-04-08_1_engine_failure_with_emr_traj
carbonZ_2018-10-18-11-04-08_1_engine_failure_with_emr_traj/carbonZ_2018-10-18-11-04-08_1_engine_failure_with_emr_traj-mavros-setpoint_raw-target_global.csv,/content/gdrive/MyDrive/datasets/ALFA/processed_csv/processed/carbonZ_2018-10-18-11-04-08_1_engine_failure_with_emr_traj/carbonZ_2018-10-18-11-04-08_1_engine_failure_with_emr_traj-mavros-setpoint_raw-target_global.csv,414423,0.395,2026-01-29T01:54:15,carbonZ_2018-10-18-11-04-08_1_engine_failure_with_emr_traj-mavros-setpoint_raw-target_global.csv,carbonZ_2018-10-18-11-04-08_1_engine_failure_with_emr_traj
carbonZ_2018-10-18-11-04-08_1_engine_failure_with_emr_traj/carbonZ_2018-10-18-11-04-08_1_engine_failure_with_emr_traj-mavros-state.csv,/content/gdrive/MyDrive/datasets/ALFA/processed_csv/processed/carbonZ_2018-10-18-11-04-08_1_engine_failure_with_emr_traj/carbonZ_2018-10-18-11-04-08_1_engine_failure_with_emr_traj-mavros-state.csv,7036,0.007,2026-01-29T01:54:15,carbonZ_2018-10-18-11-04-08_1_engine_failure_with_emr_traj-mavros-state.csv,carbonZ_2018-10-18-11-04-08_1_engine_failure_with_emr_traj
carbonZ_2018-10-18-11-04-08_1_engine_failure_with_emr_traj/carbonZ_2018-10-18-11-04-08_1_engine_failure_with_emr_traj-mavros-time_reference.csv,/content/gdrive/MyDrive/datasets/ALFA/processed_csv/processed/carbonZ_2018-10-18-11-04-08_1_engine_failure_with_emr_traj/carbonZ_2018-10-18-11-04-08_1_engine_failure_with_emr_traj-mavros-time_reference.csv,16721,0.016,2026-01-29T01:54:15,carbonZ_2018-10-18-11-04-08_1_engine_failure_with_emr_traj-mavros-time_reference.csv,carbonZ_2018-10-18-11-04-08_1_engine_failure_with_emr_traj
carbonZ_2018-10-18-11-04-08_1_engine_failure_with_emr_traj/carbonZ_2018-10-18-11-04-08_1_engine_failure_with_emr_traj-mavros-vfr_hud.csv,/content/gdrive/MyDrive/datasets/ALFA/processed_csv/processed/carbonZ_2018-10-18-11-04-08_1_engine_failure_with_emr_traj/carbonZ_2018-10-18-11-04-08_1_engine_failure_with_emr_traj-mavros-vfr_hud.csv,31630,0.03,2026-01-29T01:54:15,carbonZ_2018-10-18-11-04-08_1_engine_failure_with_emr_traj-mavros-vfr_hud.csv,carbonZ_2018-10-18-11-04-08_1_engine_failure_with_emr_traj
carbonZ_2018-10-18-11-04-08_1_engine_failure_with_emr_traj/carbonZ_2018-10-18-11-04-08_1_engine_failure_with_emr_traj-mavros-wind_estimation.csv,/content/gdrive/MyDrive/datasets/ALFA/processed_csv/processed/carbonZ_2018-10-18-11-04-08_1_engine_failure_with_emr_traj/carbonZ_2018-10-18-11-04-08_1_engine_failure_with_emr_traj-mavros-wind_estimation.csv,21837,0.021,2026-01-29T01:54:15,carbonZ_2018-10-18-11-04-08_1_engine_failure_with_emr_traj-mavros-wind_estimation.csv,carbonZ_2018-10-18-11-04-08_1_engine_failure_with_emr_traj
carbonZ_2018-10-18-11-04-08_2_engine_failure_with_emr_traj/carbonZ_2018-10-18-11-04-08_2_engine_failure_with_emr_traj-diagnostics.csv,/content/gdrive/MyDrive/datasets/ALFA/processed_csv/processed/carbonZ_2018-10-18-11-04-08_2_engine_failure_with_emr_traj/carbonZ_2018-10-18-11-04-08_2_engine_failure_with_emr_traj-diagnostics.csv,124307,0.119,2026-01-29T01:54:15,carbonZ_2018-10-18-11-04-08_2_engine_failure_with_emr_traj-diagnostics.csv,carbonZ_2018-10-18-11-04-08_2_engine_failure_with_emr_traj
carbonZ_2018-10-18-11-04-08_2_engine_failure_with_emr_traj/carbonZ_2018-10-18-11-04-08_2_engine_failure_with_emr_traj-emergency_responder-traj_file.csv,/content/gdrive/MyDrive/datasets/ALFA/processed_csv/processed/carbonZ_2018-10-18-11-04-08_2_engine_failure_with_emr_traj/carbonZ_2018-10-18-11-04-08_2_engine_failure_with_emr_traj-emergency_responder-traj_file.csv,63,0.0,2026-01-29T01:54:15,carbonZ_2018-10-18-11-04-08_2_engine_failure_with_emr_traj-emergency_responder-traj_file.csv,carbonZ_2018-10-18-11-04-08_2_engine_failure_with_emr_traj
carbonZ_2018-10-18-11-04-08_2_engine_failure_with_emr_traj/carbonZ_2018-10-18-11-04-08_2_engine_failure_with_emr_traj-failure_status-engines.csv,/content/gdrive/MyDrive/datasets/ALFA/processed_csv/processed/carbonZ_2018-10-18-11-04-08_2_engine_failure_with_emr_traj/carbonZ_2018-10-18-11-04-08_2_engine_failure_with_emr_traj-failure_status-engines.csv,897,0.001,2026-01-29T01:54:15,carbonZ_2018-10-18-11-04-08_2_engine_failure_with_emr_traj-failure_status-engines.csv,carbonZ_2018-10-18-11-04-08_2_engine_failure_with_emr_traj
carbonZ_2018-10-18-11-04-08_2_engine_failure_with_emr_traj/carbonZ_2018-10-18-11-04-08_2_engine_failure_with_emr_traj-mavctrl-path_dev.csv,/content/gdrive/MyDrive/datasets/ALFA/processed_csv/processed/carbonZ_2018-10-18-11-04-08_2_engine_failure_with_emr_traj/carbonZ_2018-10-18-11-04-08_2_engine_failure_with_emr_traj-mavctrl-path_dev.csv,311190,0.297,2026-01-29T01:54:15,carbonZ_2018-10-18-11-04-08_2_engine_failure_with_emr_traj-mavctrl-path_dev.csv,carbonZ_2018-10-18-11-04-08_2_engine_failure_with_emr_traj
carbonZ_2018-10-18-11-04-08_2_engine_failure_with_emr_traj/carbonZ_2018-10-18-11-04-08_2_engine_failure_with_emr_traj-mavctrl-rpy.csv,/content/gdrive/MyDrive/datasets/ALFA/processed_csv/processed/carbonZ_2018-10-18-11-04-08_2_engine_failure_with_emr_traj/carbonZ_2018-10-18-11-04-08_2_engine_failure_with_emr_traj-mavctrl-rpy.csv,393017,0.375,2026-01-29T01:54:15,carbonZ_2018-10-18-11-04-08_2_engine_failure_with_emr_traj-mavctrl-rpy.csv,carbonZ_2018-10-18-11-04-08_2_engine_failure_with_emr_traj
carbonZ_2018-10-18-11-04-08_2_engine_failure_with_emr_traj/carbonZ_2018-10-18-11-04-08_2_engine_failure_with_emr_traj-mavlink-from.csv,/content/gdrive/MyDrive/datasets/ALFA/processed_csv/processed/carbonZ_2018-10-18-11-04-08_2_engine_failure_with_emr_traj/carbonZ_2018-10-18-11-04-08_2_engine_failure_with_emr_traj-mavlink-from.csv,3146619,3.001,2026-01-29T01:54:15,carbonZ_2018-10-18-11-04-08_2_engine_failure_with_emr_traj-mavlink-from.csv,carbonZ_2018-10-18-11-04-08_2_engine_failure_with_emr_traj
carbonZ_2018-10-18-11-04-08_2_engine_failure_with_emr_traj/carbonZ_2018-10-18-11-04-08_2_engine_failure_with_emr_traj-mavros-battery.csv,/content/gdrive/MyDrive/datasets/ALFA/processed_csv/processed/carbonZ_2018-10-18-11-04-08_2_engine_failure_with_emr_traj/carbonZ_2018-10-18-11-04-08_2_engine_failure_with_emr_traj-mavros-battery.csv,262514,0.25,2026-01-29T01:54:15,carbonZ_2018-10-18-11-04-08_2_engine_failure_with_emr_traj-mavros-battery.csv,carbonZ_2018-10-18-11-04-08_2_engine_failure_with_emr_traj
carbonZ_2018-10-18-11-04-08_2_engine_failure_with_emr_traj/carbonZ_2018-10-18-11-04-08_2_engine_failure_with_emr_traj-mavros-global_position-compass_hdg.csv,/content/gdrive/MyDrive/datasets/ALFA/processed_csv/processed/carbonZ_2018-10-18-11-04-08_2_engine_failure_with_emr_traj/carbonZ_2018-10-18-11-04-08_2_engine_failure_with_emr_traj-mavros-global_position-compass_hdg.csv,13026,0.012,2026-01-29T01:54:15,carbonZ_2018-10-18-11-04-08_2_engine_failure_with_emr_traj-mavros-global_position-compass_hdg.csv,carbonZ_2018-10-18-11-04-08_2_engine_failure_with_emr_traj
carbonZ_2018-10-18-11-04-08_2_engine_failure_with_emr_traj/carbonZ_2018-10-18-11-04-08_2_engine_failure_with_emr_traj-mavros-global_position-global.csv,/content/gdrive/MyDrive/datasets/ALFA/processed_csv/processed/carbonZ_2018-10-18-11-04-08_2_engine_failure_with_emr_traj/carbonZ_2018-10-18-11-04-08_2_engine_failure_with_emr_traj-mavros-global_position-global.csv,81427,0.078,2026-01-29T01:54:15,carbonZ_2018-10-18-11-04-08_2_engine_failure_with_emr_traj-mavros-global_position-global.csv,carbonZ_2018-10-18-11-04-08_2_engine_failure_with_emr_traj
carbonZ_2018-10-18-11-04-08_2_engine_failure_with_emr_traj/carbonZ_2018-10-18-11-04-08_2_engine_failure_with_emr_traj-mavros-global_position-local.csv,/content/gdrive/MyDrive/datasets/ALFA/processed_csv/processed/carbonZ_2018-10-18-11-04-08_2_engine_failure_with_emr_traj/carbonZ_2018-10-18-11-04-08_2_engine_failure_with_emr_traj-mavros-global_position-local.csv,257127,0.245,2026-01-29T01:54:15,carbonZ_2018-10-18-11-04-08_2_engine_failure_with_emr_traj-mavros-global_position-local.csv,carbonZ_2018-10-18-11-04-08_2_engine_failure_with_emr_traj
carbonZ_2018-10-18-11-04-08_2_engine_failure_with_emr_traj/carbonZ_2018-10-18-11-04-08_2_engine_failure_with_emr_traj-mavros-global_position-raw-fix.csv,/content/gdrive/MyDrive/datasets/ALFA/processed_csv/processed/carbonZ_2018-10-18-11-04-08_2_engine_failure_with_emr_traj/carbonZ_2018-10-18-11-04-08_2_engine_failure_with_emr_traj-mavros-global_position-raw-fix.csv,98024,0.093,2026-01-29T01:54:15,carbonZ_2018-10-18-11-04-08_2_engine_failure_with_emr_traj-mavros-global_position-raw-fix.csv,carbonZ_2018-10-18-11-04-08_2_engine_failure_with_emr_traj
carbonZ_2018-10-18-11-04-08_2_engine_failure_with_emr_traj/carbonZ_2018-10-18-11-04-08_2_engine_failure_with_emr_traj-mavros-global_position-raw-gps_vel.csv,/content/gdrive/MyDrive/datasets/ALFA/processed_csv/processed/carbonZ_2018-10-18-11-04-08_2_engine_failure_with_emr_traj/carbonZ_2018-10-18-11-04-08_2_engine_failure_with_emr_traj-mavros-global_position-raw-gps_vel.csv,55806,0.053,2026-01-29T01:54:15,carbonZ_2018-10-18-11-04-08_2_engine_failure_with_emr_traj-mavros-global_position-raw-gps_vel.csv,carbonZ_2018-10-18-11-04-08_2_engine_failure_with_emr_traj
carbonZ_2018-10-18-11-04-08_2_engine_failure_with_emr_traj/carbonZ_2018-10-18-11-04-08_2_engine_failure_with_emr_traj-mavros-global_position-rel_alt.csv,/content/gdrive/MyDrive/datasets/ALFA/processed_csv/processed/carbonZ_2018-10-18-11-04-08_2_engine_failure_with_emr_traj/carbonZ_2018-10-18-11-04-08_2_engine_failure_with_emr_traj-mavros-global_position-rel_alt.csv,13183,0.013,2026-01-29T01:54:15,carbonZ_2018-10-18-11-04-08_2_engine_failure_with_emr_traj-mavros-global_position-rel_alt.csv,carbonZ_2018-10-18-11-04-08_2_engine_failure_with_emr_traj
carbonZ_2018-10-18-11-04-08_2_engine_failure_with_emr_traj/carbonZ_2018-10-18-11-04-08_2_engine_failure_with_emr_traj-mavros-imu-atm_pressure.csv,/content/gdrive/MyDrive/datasets/ALFA/processed_csv/processed/carbonZ_2018-10-18-11-04-08_2_engine_failure_with_emr_traj/carbonZ_2018-10-18-11-04-08_2_engine_failure_with_emr_traj-mavros-imu-atm_pressure.csv,85995,0.082,2026-01-29T01:54:15,carbonZ_2018-10-18-11-04-08_2_engine_failure_with_emr_traj-mavros-imu-atm_pressure.csv,carbonZ_2018-10-18-11-04-08_2_engine_failure_with_emr_traj
carbonZ_2018-10-18-11-04-08_2_engine_failure_with_emr_traj/carbonZ_2018-10-18-11-04-08_2_engine_failure_with_emr_traj-mavros-imu-data.csv,/content/gdrive/MyDrive/datasets/ALFA/processed_csv/processed/carbonZ_2018-10-18-11-04-08_2_engine_failure_with_emr_traj/carbonZ_2018-10-18-11-04-08_2_engine_failure_with_emr_traj-mavros-imu-data.csv,107358,0.102,2026-01-29T01:54:15,carbonZ_2018-10-18-11-04-08_2_engine_failure_with_emr_traj-mavros-imu-data.csv,carbonZ_2018-10-18-11-04-08_2_engine_failure_with_emr_traj
carbonZ_2018-10-18-11-04-08_2_engine_failure_with_emr_traj/carbonZ_2018-10-18-11-04-08_2_engine_failure_with_emr_traj-mavros-imu-data_raw.csv,/content/gdrive/MyDrive/datasets/ALFA/processed_csv/processed/carbonZ_2018-10-18-11-04-08_2_engine_failure_with_emr_traj/carbonZ_2018-10-18-11-04-08_2_engine_failure_with_emr_traj-mavros-imu-data_raw.csv,331586,0.316,2026-01-29T01:54:15,carbonZ_2018-10-18-11-04-08_2_engine_failure_with_emr_traj-mavros-imu-data_raw.csv,carbonZ_2018-10-18-11-04-08_2_engine_failure_with_emr_traj
carbonZ_2018-10-18-11-04-08_2_engine_failure_with_emr_traj/carbonZ_2018-10-18-11-04-08_2_engine_failure_with_emr_traj-mavros-imu-mag.csv,/content/gdrive/MyDrive/datasets/ALFA/processed_csv/processed/carbonZ_2018-10-18-11-04-08_2_engine_failure_with_emr_traj/carbonZ_2018-10-18-11-04-08_2_engine_failure_with_emr_traj-mavros-imu-mag.csv,142679,0.136,2026-01-29T01:54:15,carbonZ_2018-10-18-11-04-08_2_engine_failure_with_emr_traj-mavros-imu-mag.csv,carbonZ_2018-10-18-11-04-08_2_engine_failure_with_emr_traj
carbonZ_2018-10-18-11-04-08_2_engine_failure_with_emr_traj/carbonZ_2018-10-18-11-04-08_2_engine_failure_with_emr_traj-mavros-imu-temperature.csv,/content/gdrive/MyDrive/datasets/ALFA/processed_csv/processed/carbonZ_2018-10-18-11-04-08_2_engine_failure_with_emr_traj/carbonZ_2018-10-18-11-04-08_2_engine_failure_with_emr_traj-mavros-imu-temperature.csv,76613,0.073,2026-01-29T01:54:15,carbonZ_2018-10-18-11-04-08_2_engine_failure_with_emr_traj-mavros-imu-temperature.csv,carbonZ_2018-10-18-11-04-08_2_engine_failure_with_emr_traj
carbonZ_2018-10-18-11-04-08_2_engine_failure_with_emr_traj/carbonZ_2018-10-18-11-04-08_2_engine_failure_with_emr_traj-mavros-local_position-odom.csv,/content/gdrive/MyDrive/datasets/ALFA/processed_csv/processed/carbonZ_2018-10-18-11-04-08_2_engine_failure_with_emr_traj/carbonZ_2018-10-18-11-04-08_2_engine_failure_with_emr_traj-mavros-local_position-odom.csv,284424,0.271,2026-01-29T01:54:15,carbonZ_2018-10-18-11-04-08_2_engine_failure_with_emr_traj-mavros-local_position-odom.csv,carbonZ_2018-10-18-11-04-08_2_engine_failure_with_emr_traj
carbonZ_2018-10-18-11-04-08_2_engine_failure_with_emr_traj/carbonZ_2018-10-18-11-04-08_2_engine_failure_with_emr_traj-mavros-local_position-pose.csv,/content/gdrive/MyDrive/datasets/ALFA/processed_csv/processed/carbonZ_2018-10-18-11-04-08_2_engine_failure_with_emr_traj/carbonZ_2018-10-18-11-04-08_2_engine_failure_with_emr_traj-mavros-local_position-pose.csv,76627,0.073,2026-01-29T01:54:16,carbonZ_2018-10-18-11-04-08_2_engine_failure_with_emr_traj-mavros-local_position-pose.csv,carbonZ_2018-10-18-11-04-08_2_engine_failure_with_emr_traj
carbonZ_2018-10-18-11-04-08_2_engine_failure_with_emr_traj/carbonZ_2018-10-18-11-04-08_2_engine_failure_with_emr_traj-mavros-local_position-velocity.csv,/content/gdrive/MyDrive/datasets/ALFA/processed_csv/processed/carbonZ_2018-10-18-11-04-08_2_engine_failure_with_emr_traj/carbonZ_2018-10-18-11-04-08_2_engine_failure_with_emr_traj-mavros-local_position-velocity.csv,69653,0.066,2026-01-29T01:54:15,carbonZ_2018-10-18-11-04-08_2_engine_failure_with_emr_traj-mavros-local_position-velocity.csv,carbonZ_2018-10-18-11-04-08_2_engine_failure_with_emr_traj
carbonZ_2018-10-18-11-04-08_2_engine_failure_with_emr_traj/carbonZ_2018-10-18-11-04-08_2_engine_failure_with_emr_traj-mavros-nav_info-airspeed.csv,/content/gdrive/MyDrive/datasets/ALFA/processed_csv/processed/carbonZ_2018-10-18-11-04-08_2_engine_failure_with_emr_traj/carbonZ_2018-10-18-11-04-08_2_engine_failure_with_emr_traj-mavros-nav_info-airspeed.csv,132872,0.127,2026-01-29T01:54:15,carbonZ_2018-10-18-11-04-08_2_engine_failure_with_emr_traj-mavros-nav_info-airspeed.csv,carbonZ_2018-10-18-11-04-08_2_engine_failure_with_emr_traj
carbonZ_2018-10-18-11-04-08_2_engine_failure_with_emr_traj/carbonZ_2018-10-18-11-04-08_2_engine_failure_with_emr_traj-mavros-nav_info-errors.csv,/content/gdrive/MyDrive/datasets/ALFA/processed_csv/processed/carbonZ_2018-10-18-11-04-08_2_engine_failure_with_emr_traj/carbonZ_2018-10-18-11-04-08_2_engine_failure_with_emr_traj-mavros-nav_info-errors.csv,220899,0.211,2026-01-29T01:54:15,carbonZ_2018-10-18-11-04-08_2_engine_failure_with_emr_traj-mavros-nav_info-errors.csv,carbonZ_2018-10-18-11-04-08_2_engine_failure_with_emr_traj
carbonZ_2018-10-18-11-04-08_2_engine_failure_with_emr_traj/carbonZ_2018-10-18-11-04-08_2_engine_failure_with_emr_traj-mavros-nav_info-pitch.csv,/content/gdrive/MyDrive/datasets/ALFA/processed_csv/processed/carbonZ_2018-10-18-11-04-08_2_engine_failure_with_emr_traj/carbonZ_2018-10-18-11-04-08_2_engine_failure_with_emr_traj-mavros-nav_info-pitch.csv,180184,0.172,2026-01-29T01:54:15,carbonZ_2018-10-18-11-04-08_2_engine_failure_with_emr_traj-mavros-nav_info-pitch.csv,carbonZ_2018-10-18-11-04-08_2_engine_failure_with_emr_traj
carbonZ_2018-10-18-11-04-08_2_engine_failure_with_emr_traj/carbonZ_2018-10-18-11-04-08_2_engine_failure_with_emr_traj-mavros-nav_info-roll.csv,/content/gdrive/MyDrive/datasets/ALFA/processed_csv/processed/carbonZ_2018-10-18-11-04-08_2_engine_failure_with_emr_traj/carbonZ_2018-10-18-11-04-08_2_engine_failure_with_emr_traj-mavros-nav_info-roll.csv,178485,0.17,2026-01-29T01:54:15,carbonZ_2018-10-18-11-04-08_2_engine_failure_with_emr_traj-mavros-nav_info-roll.csv,carbonZ_2018-10-18-11-04-08_2_engine_failure_with_emr_traj
carbonZ_2018-10-18-11-04-08_2_engine_failure_with_emr_traj/carbonZ_2018-10-18-11-04-08_2_engine_failure_with_emr_traj-mavros-nav_info-velocity.csv,/content/gdrive/MyDrive/datasets/ALFA/processed_csv/processed/carbonZ_2018-10-18-11-04-08_2_engine_failure_with_emr_traj/carbonZ_2018-10-18-11-04-08_2_engine_failure_with_emr_traj-mavros-nav_info-velocity.csv,315655,0.301,2026-01-29T01:54:15,carbonZ_2018-10-18-11-04-08_2_engine_failure_with_emr_traj-mavros-nav_info-velocity.csv,carbonZ_2018-10-18-11-04-08_2_engine_failure_with_emr_traj
carbonZ_2018-10-18-11-04-08_2_engine_failure_with_emr_traj/carbonZ_2018-10-18-11-04-08_2_engine_failure_with_emr_traj-mavros-nav_info-yaw.csv,/content/gdrive/MyDrive/datasets/ALFA/processed_csv/processed/carbonZ_2018-10-18-11-04-08_2_engine_failure_with_emr_traj/carbonZ_2018-10-18-11-04-08_2_engine_failure_with_emr_traj-mavros-nav_info-yaw.csv,160642,0.153,2026-01-29T01:54:16,carbonZ_2018-10-18-11-04-08_2_engine_failure_with_emr_traj-mavros-nav_info-yaw.csv,carbonZ_2018-10-18-11-04-08_2_engine_failure_with_emr_traj
carbonZ_2018-10-18-11-04-08_2_engine_failure_with_emr_traj/carbonZ_2018-10-18-11-04-08_2_engine_failure_with_emr_traj-mavros-rc-in.csv,/content/gdrive/MyDrive/datasets/ALFA/processed_csv/processed/carbonZ_2018-10-18-11-04-08_2_engine_failure_with_emr_traj/carbonZ_2018-10-18-11-04-08_2_engine_failure_with_emr_traj-mavros-rc-in.csv,45137,0.043,2026-01-29T01:54:16,carbonZ_2018-10-18-11-04-08_2_engine_failure_with_emr_traj-mavros-rc-in.csv,carbonZ_2018-10-18-11-04-08_2_engine_failure_with_emr_traj
carbonZ_2018-10-18-11-04-08_2_engine_failure_with_emr_traj/carbonZ_2018-10-18-11-04-08_2_engine_failure_with_emr_traj-mavros-rc-out.csv,/content/gdrive/MyDrive/datasets/ALFA/processed_csv/processed/carbonZ_2018-10-18-11-04-08_2_engine_failure_with_emr_traj/carbonZ_2018-10-18-11-04-08_2_engine_failure_with_emr_traj-mavros-rc-out.csv,30292,0.029,2026-01-29T01:54:16,carbonZ_2018-10-18-11-04-08_2_engine_failure_with_emr_traj-mavros-rc-out.csv,carbonZ_2018-10-18-11-04-08_2_engine_failure_with_emr_traj
carbonZ_2018-10-18-11-04-08_2_engine_failure_with_emr_traj/carbonZ_2018-10-18-11-04-08_2_engine_failure_with_emr_traj-mavros-setpoint_raw-local.csv,/content/gdrive/MyDrive/datasets/ALFA/processed_csv/processed/carbonZ_2018-10-18-11-04-08_2_engine_failure_with_emr_traj/carbonZ_2018-10-18-11-04-08_2_engine_failure_with_emr_traj-mavros-setpoint_raw-local.csv,723312,0.69,2026-01-29T01:54:16,carbonZ_2018-10-18-11-04-08_2_engine_failure_with_emr_traj-mavros-setpoint_raw-local.csv,carbonZ_2018-10-18-11-04-08_2_engine_failure_with_emr_traj
carbonZ_2018-10-18-11-04-08_2_engine_failure_with_emr_traj/carbonZ_2018-10-18-11-04-08_2_engine_failure_with_emr_traj-mavros-setpoint_raw-target_global.csv,/content/gdrive/MyDrive/datasets/ALFA/processed_csv/processed/carbonZ_2018-10-18-11-04-08_2_engine_failure_with_emr_traj/carbonZ_2018-10-18-11-04-08_2_engine_failure_with_emr_traj-mavros-setpoint_raw-target_global.csv,415065,0.396,2026-01-29T01:54:16,carbonZ_2018-10-18-11-04-08_2_engine_failure_with_emr_traj-mavros-setpoint_raw-target_global.csv,carbonZ_2018-10-18-11-04-08_2_engine_failure_with_emr_traj
carbonZ_2018-10-18-11-04-08_2_engine_failure_with_emr_traj/carbonZ_2018-10-18-11-04-08_2_engine_failure_with_emr_traj-mavros-state.csv,/content/gdrive/MyDrive/datasets/ALFA/processed_csv/processed/carbonZ_2018-10-18-11-04-08_2_engine_failure_with_emr_traj/carbonZ_2018-10-18-11-04-08_2_engine_failure_with_emr_traj-mavros-state.csv,7216,0.007,2026-01-29T01:54:16,carbonZ_2018-10-18-11-04-08_2_engine_failure_with_emr_traj-mavros-state.csv,carbonZ_2018-10-18-11-04-08_2_engine_failure_with_emr_traj
carbonZ_2018-10-18-11-04-08_2_engine_failure_with_emr_traj/carbonZ_2018-10-18-11-04-08_2_engine_failure_with_emr_traj-mavros-time_reference.csv,/content/gdrive/MyDrive/datasets/ALFA/processed_csv/processed/carbonZ_2018-10-18-11-04-08_2_engine_failure_with_emr_traj/carbonZ_2018-10-18-11-04-08_2_engine_failure_with_emr_traj-mavros-time_reference.csv,17452,0.017,2026-01-29T01:54:16,carbonZ_2018-10-18-11-04-08_2_engine_failure_with_emr_traj-mavros-time_reference.csv,carbonZ_2018-10-18-11-04-08_2_engine_failure_with_emr_traj
carbonZ_2018-10-18-11-04-08_2_engine_failure_with_emr_traj/carbonZ_2018-10-18-11-04-08_2_engine_failure_with_emr_traj-mavros-vfr_hud.csv,/content/gdrive/MyDrive/datasets/ALFA/processed_csv/processed/carbonZ_2018-10-18-11-04-08_2_engine_failure_with_emr_traj/carbonZ_2018-10-18-11-04-08_2_engine_failure_with_emr_traj-mavros-vfr_hud.csv,32423,0.031,2026-01-29T01:54:16,carbonZ_2018-10-18-11-04-08_2_engine_failure_with_emr_traj-mavros-vfr_hud.csv,carbonZ_2018-10-18-11-04-08_2_engine_failure_with_emr_traj
carbonZ_2018-10-18-11-04-08_2_engine_failure_with_emr_traj/carbonZ_2018-10-18-11-04-08_2_engine_failure_with_emr_traj-mavros-wind_estimation.csv,/content/gdrive/MyDrive/datasets/ALFA/processed_csv/processed/carbonZ_2018-10-18-11-04-08_2_engine_failure_with_emr_traj/carbonZ_2018-10-18-11-04-08_2_engine_failure_with_emr_traj-mavros-wind_estimation.csv,22922,0.022,2026-01-29T01:54:16,carbonZ_2018-10-18-11-04-08_2_engine_failure_with_emr_traj-mavros-wind_estimation.csv,carbonZ_2018-10-18-11-04-08_2_engine_failure_with_emr_traj
carbonZ_2018-10-18-11-04-35_engine_failure_with_emr_traj/carbonZ_2018-10-18-11-04-35_engine_failure_with_emr_traj-diagnostics.csv,/content/gdrive/MyDrive/datasets/ALFA/processed_csv/processed/carbonZ_2018-10-18-11-04-35_engine_failure_with_emr_traj/carbonZ_2018-10-18-11-04-35_engine_failure_with_emr_traj-diagnostics.csv,114919,0.11,2026-01-29T01:54:16,carbonZ_2018-10-18-11-04-35_engine_failure_with_emr_traj-diagnostics.csv,carbonZ_2018-10-18-11-04-35_engine_failure_with_emr_traj
carbonZ_2018-10-18-11-04-35_engine_failure_with_emr_traj/carbonZ_2018-10-18-11-04-35_engine_failure_with_emr_traj-emergency_responder-traj_file.csv,/content/gdrive/MyDrive/datasets/ALFA/processed_csv/processed/carbonZ_2018-10-18-11-04-35_engine_failure_with_emr_traj/carbonZ_2018-10-18-11-04-35_engine_failure_with_emr_traj-emergency_responder-traj_file.csv,63,0.0,2026-01-29T01:54:16,carbonZ_2018-10-18-11-04-35_engine_failure_with_emr_traj-emergency_responder-traj_file.csv,carbonZ_2018-10-18-11-04-35_engine_failure_with_emr_traj
carbonZ_2018-10-18-11-04-35_engine_failure_with_emr_traj/carbonZ_2018-10-18-11-04-35_engine_failure_with_emr_traj-failure_status-engines.csv,/content/gdrive/MyDrive/datasets/ALFA/processed_csv/processed/carbonZ_2018-10-18-11-04-35_engine_failure_with_emr_traj/carbonZ_2018-10-18-11-04-35_engine_failure_with_emr_traj-failure_status-engines.csv,369,0.0,2026-01-29T01:54:16,carbonZ_2018-10-18-11-04-35_engine_failure_with_emr_traj-failure_status-engines.csv,carbonZ_2018-10-18-11-04-35_engine_failure_with_emr_traj
carbonZ_2018-10-18-11-04-35_engine_failure_with_emr_traj/carbonZ_2018-10-18-11-04-35_engine_failure_with_emr_traj-mavctrl-path_dev.csv,/content/gdrive/MyDrive/datasets/ALFA/processed_csv/processed/carbonZ_2018-10-18-11-04-35_engine_failure_with_emr_traj/carbonZ_2018-10-18-11-04-35_engine_failure_with_emr_traj-mavctrl-path_dev.csv,286761,0.273,2026-01-29T01:54:16,carbonZ_2018-10-18-11-04-35_engine_failure_with_emr_traj-mavctrl-path_dev.csv,carbonZ_2018-10-18-11-04-35_engine_failure_with_emr_traj
carbonZ_2018-10-18-11-04-35_engine_failure_with_emr_traj/carbonZ_2018-10-18-11-04-35_engine_failure_with_emr_traj-mavctrl-rpy.csv,/content/gdrive/MyDrive/datasets/ALFA/processed_csv/processed/carbonZ_2018-10-18-11-04-35_engine_failure_with_emr_traj/carbonZ_2018-10-18-11-04-35_engine_failure_with_emr_traj-mavctrl-rpy.csv,360931,0.344,2026-01-29T01:54:16,carbonZ_2018-10-18-11-04-35_engine_failure_with_emr_traj-mavctrl-rpy.csv,carbonZ_2018-10-18-11-04-35_engine_failure_with_emr_traj
carbonZ_2018-10-18-11-04-35_engine_failure_with_emr_traj/carbonZ_2018-10-18-11-04-35_engine_failure_with_emr_traj-mavlink-from.csv,/content/gdrive/MyDrive/datasets/ALFA/processed_csv/processed/carbonZ_2018-10-18-11-04-35_engine_failure_with_emr_traj/carbonZ_2018-10-18-11-04-35_engine_failure_with_emr_traj-mavlink-from.csv,2891184,2.757,2026-01-29T01:54:16,carbonZ_2018-10-18-11-04-35_engine_failure_with_emr_traj-mavlink-from.csv,carbonZ_2018-10-18-11-04-35_engine_failure_with_emr_traj
carbonZ_2018-10-18-11-04-35_engine_failure_with_emr_traj/carbonZ_2018-10-18-11-04-35_engine_failure_with_emr_traj-mavros-battery.csv,/content/gdrive/MyDrive/datasets/ALFA/processed_csv/processed/carbonZ_2018-10-18-11-04-35_engine_failure_with_emr_traj/carbonZ_2018-10-18-11-04-35_engine_failure_with_emr_traj-mavros-battery.csv,239221,0.228,2026-01-29T01:54:16,carbonZ_2018-10-18-11-04-35_engine_failure_with_emr_traj-mavros-battery.csv,carbonZ_2018-10-18-11-04-35_engine_failure_with_emr_traj
carbonZ_2018-10-18-11-04-35_engine_failure_with_emr_traj/carbonZ_2018-10-18-11-04-35_engine_failure_with_emr_traj-mavros-global_position-compass_hdg.csv,/content/gdrive/MyDrive/datasets/ALFA/processed_csv/processed/carbonZ_2018-10-18-11-04-35_engine_failure_with_emr_traj/carbonZ_2018-10-18-11-04-35_engine_failure_with_emr_traj-mavros-global_position-compass_hdg.csv,11997,0.011,2026-01-29T01:54:16,carbonZ_2018-10-18-11-04-35_engine_failure_with_emr_traj-mavros-global_position-compass_hdg.csv,carbonZ_2018-10-18-11-04-35_engine_failure_with_emr_traj
carbonZ_2018-10-18-11-04-35_engine_failure_with_emr_traj/carbonZ_2018-10-18-11-04-35_engine_failure_with_emr_traj-mavros-global_position-global.csv,/content/gdrive/MyDrive/datasets/ALFA/processed_csv/processed/carbonZ_2018-10-18-11-04-35_engine_failure_with_emr_traj/carbonZ_2018-10-18-11-04-35_engine_failure_with_emr_traj-mavros-global_position-global.csv,74739,0.071,2026-01-29T01:54:16,carbonZ_2018-10-18-11-04-35_engine_failure_with_emr_traj-mavros-global_position-global.csv,carbonZ_2018-10-18-11-04-35_engine_failure_with_emr_traj
carbonZ_2018-10-18-11-04-35_engine_failure_with_emr_traj/carbonZ_2018-10-18-11-04-35_engine_failure_with_emr_traj-mavros-global_position-local.csv,/content/gdrive/MyDrive/datasets/ALFA/processed_csv/processed/carbonZ_2018-10-18-11-04-35_engine_failure_with_emr_traj/carbonZ_2018-10-18-11-04-35_engine_failure_with_emr_traj-mavros-global_position-local.csv,236849,0.226,2026-01-29T01:54:16,carbonZ_2018-10-18-11-04-35_engine_failure_with_emr_traj-mavros-global_position-local.csv,carbonZ_2018-10-18-11-04-35_engine_failure_with_emr_traj
carbonZ_2018-10-18-11-04-35_engine_failure_with_emr_traj/carbonZ_2018-10-18-11-04-35_engine_failure_with_emr_traj-mavros-global_position-raw-fix.csv,/content/gdrive/MyDrive/datasets/ALFA/processed_csv/processed/carbonZ_2018-10-18-11-04-35_engine_failure_with_emr_traj/carbonZ_2018-10-18-11-04-35_engine_failure_with_emr_traj-mavros-global_position-raw-fix.csv,90827,0.087,2026-01-29T01:54:16,carbonZ_2018-10-18-11-04-35_engine_failure_with_emr_traj-mavros-global_position-raw-fix.csv,carbonZ_2018-10-18-11-04-35_engine_failure_with_emr_traj
carbonZ_2018-10-18-11-04-35_engine_failure_with_emr_traj/carbonZ_2018-10-18-11-04-35_engine_failure_with_emr_traj-mavros-global_position-raw-gps_vel.csv,/content/gdrive/MyDrive/datasets/ALFA/processed_csv/processed/carbonZ_2018-10-18-11-04-35_engine_failure_with_emr_traj/carbonZ_2018-10-18-11-04-35_engine_failure_with_emr_traj-mavros-global_position-raw-gps_vel.csv,51467,0.049,2026-01-29T01:54:16,carbonZ_2018-10-18-11-04-35_engine_failure_with_emr_traj-mavros-global_position-raw-gps_vel.csv,carbonZ_2018-10-18-11-04-35_engine_failure_with_emr_traj
carbonZ_2018-10-18-11-04-35_engine_failure_with_emr_traj/carbonZ_2018-10-18-11-04-35_engine_failure_with_emr_traj-mavros-global_position-rel_alt.csv,/content/gdrive/MyDrive/datasets/ALFA/processed_csv/processed/carbonZ_2018-10-18-11-04-35_engine_failure_with_emr_traj/carbonZ_2018-10-18-11-04-35_engine_failure_with_emr_traj-mavros-global_position-rel_alt.csv,12140,0.012,2026-01-29T01:54:16,carbonZ_2018-10-18-11-04-35_engine_failure_with_emr_traj-mavros-global_position-rel_alt.csv,carbonZ_2018-10-18-11-04-35_engine_failure_with_emr_traj
carbonZ_2018-10-18-11-04-35_engine_failure_with_emr_traj/carbonZ_2018-10-18-11-04-35_engine_failure_with_emr_traj-mavros-imu-atm_pressure.csv,/content/gdrive/MyDrive/datasets/ALFA/processed_csv/processed/carbonZ_2018-10-18-11-04-35_engine_failure_with_emr_traj/carbonZ_2018-10-18-11-04-35_engine_failure_with_emr_traj-mavros-imu-atm_pressure.csv,79621,0.076,2026-01-29T01:54:16,carbonZ_2018-10-18-11-04-35_engine_failure_with_emr_traj-mavros-imu-atm_pressure.csv,carbonZ_2018-10-18-11-04-35_engine_failure_with_emr_traj
carbonZ_2018-10-18-11-04-35_engine_failure_with_emr_traj/carbonZ_2018-10-18-11-04-35_engine_failure_with_emr_traj-mavros-imu-data.csv,/content/gdrive/MyDrive/datasets/ALFA/processed_csv/processed/carbonZ_2018-10-18-11-04-35_engine_failure_with_emr_traj/carbonZ_2018-10-18-11-04-35_engine_failure_with_emr_traj-mavros-imu-data.csv,99504,0.095,2026-01-29T01:54:16,carbonZ_2018-10-18-11-04-35_engine_failure_with_emr_traj-mavros-imu-data.csv,carbonZ_2018-10-18-11-04-35_engine_failure_with_emr_traj
carbonZ_2018-10-18-11-04-35_engine_failure_with_emr_traj/carbonZ_2018-10-18-11-04-35_engine_failure_with_emr_traj-mavros-imu-data_raw.csv,/content/gdrive/MyDrive/datasets/ALFA/processed_csv/processed/carbonZ_2018-10-18-11-04-35_engine_failure_with_emr_traj/carbonZ_2018-10-18-11-04-35_engine_failure_with_emr_traj-mavros-imu-data_raw.csv,306872,0.293,2026-01-29T01:54:16,carbonZ_2018-10-18-11-04-35_engine_failure_with_emr_traj-mavros-imu-data_raw.csv,carbonZ_2018-10-18-11-04-35_engine_failure_with_emr_traj
carbonZ_2018-10-18-11-04-35_engine_failure_with_emr_traj/carbonZ_2018-10-18-11-04-35_engine_failure_with_emr_traj-mavros-imu-mag.csv,/content/gdrive/MyDrive/datasets/ALFA/processed_csv/processed/carbonZ_2018-10-18-11-04-35_engine_failure_with_emr_traj/carbonZ_2018-10-18-11-04-35_engine_failure_with_emr_traj-mavros-imu-mag.csv,131963,0.126,2026-01-29T01:54:16,carbonZ_2018-10-18-11-04-35_engine_failure_with_emr_traj-mavros-imu-mag.csv,carbonZ_2018-10-18-11-04-35_engine_failure_with_emr_traj
carbonZ_2018-10-18-11-04-35_engine_failure_with_emr_traj/carbonZ_2018-10-18-11-04-35_engine_failure_with_emr_traj-mavros-imu-temperature.csv,/content/gdrive/MyDrive/datasets/ALFA/processed_csv/processed/carbonZ_2018-10-18-11-04-35_engine_failure_with_emr_traj/carbonZ_2018-10-18-11-04-35_engine_failure_with_emr_traj-mavros-imu-temperature.csv,70964,0.068,2026-01-29T01:54:16,carbonZ_2018-10-18-11-04-35_engine_failure_with_emr_traj-mavros-imu-temperature.csv,carbonZ_2018-10-18-11-04-35_engine_failure_with_emr_traj
carbonZ_2018-10-18-11-04-35_engine_failure_with_emr_traj/carbonZ_2018-10-18-11-04-35_engine_failure_with_emr_traj-mavros-local_position-odom.csv,/content/gdrive/MyDrive/datasets/ALFA/processed_csv/processed/carbonZ_2018-10-18-11-04-35_engine_failure_with_emr_traj/carbonZ_2018-10-18-11-04-35_engine_failure_with_emr_traj-mavros-local_position-odom.csv,261465,0.249,2026-01-29T01:54:16,carbonZ_2018-10-18-11-04-35_engine_failure_with_emr_traj-mavros-local_position-odom.csv,carbonZ_2018-10-18-11-04-35_engine_failure_with_emr_traj
carbonZ_2018-10-18-11-04-35_engine_failure_with_emr_traj/carbonZ_2018-10-18-11-04-35_engine_failure_with_emr_traj-mavros-local_position-pose.csv,/content/gdrive/MyDrive/datasets/ALFA/processed_csv/processed/carbonZ_2018-10-18-11-04-35_engine_failure_with_emr_traj/carbonZ_2018-10-18-11-04-35_engine_failure_with_emr_traj-mavros-local_position-pose.csv,70146,0.067,2026-01-29T01:54:16,carbonZ_2018-10-18-11-04-35_engine_failure_with_emr_traj-mavros-local_position-pose.csv,carbonZ_2018-10-18-11-04-35_engine_failure_with_emr_traj
carbonZ_2018-10-18-11-04-35_engine_failure_with_emr_traj/carbonZ_2018-10-18-11-04-35_engine_failure_with_emr_traj-mavros-local_position-velocity.csv,/content/gdrive/MyDrive/datasets/ALFA/processed_csv/processed/carbonZ_2018-10-18-11-04-35_engine_failure_with_emr_traj/carbonZ_2018-10-18-11-04-35_engine_failure_with_emr_traj-mavros-local_position-velocity.csv,63483,0.061,2026-01-29T01:54:16,carbonZ_2018-10-18-11-04-35_engine_failure_with_emr_traj-mavros-local_position-velocity.csv,carbonZ_2018-10-18-11-04-35_engine_failure_with_emr_traj
carbonZ_2018-10-18-11-04-35_engine_failure_with_emr_traj/carbonZ_2018-10-18-11-04-35_engine_failure_with_emr_traj-mavros-nav_info-airspeed.csv,/content/gdrive/MyDrive/datasets/ALFA/processed_csv/processed/carbonZ_2018-10-18-11-04-35_engine_failure_with_emr_traj/carbonZ_2018-10-18-11-04-35_engine_failure_with_emr_traj-mavros-nav_info-airspeed.csv,124306,0.119,2026-01-29T01:54:16,carbonZ_2018-10-18-11-04-35_engine_failure_with_emr_traj-mavros-nav_info-airspeed.csv,carbonZ_2018-10-18-11-04-35_engine_failure_with_emr_traj
carbonZ_2018-10-18-11-04-35_engine_failure_with_emr_traj/carbonZ_2018-10-18-11-04-35_engine_failure_with_emr_traj-mavros-nav_info-errors.csv,/content/gdrive/MyDrive/datasets/ALFA/processed_csv/processed/carbonZ_2018-10-18-11-04-35_engine_failure_with_emr_traj/carbonZ_2018-10-18-11-04-35_engine_failure_with_emr_traj-mavros-nav_info-errors.csv,203798,0.194,2026-01-29T01:54:16,carbonZ_2018-10-18-11-04-35_engine_failure_with_emr_traj-mavros-nav_info-errors.csv,carbonZ_2018-10-18-11-04-35_engine_failure_with_emr_traj
carbonZ_2018-10-18-11-04-35_engine_failure_with_emr_traj/carbonZ_2018-10-18-11-04-35_engine_failure_with_emr_traj-mavros-nav_info-pitch.csv,/content/gdrive/MyDrive/datasets/ALFA/processed_csv/processed/carbonZ_2018-10-18-11-04-35_engine_failure_with_emr_traj/carbonZ_2018-10-18-11-04-35_engine_failure_with_emr_traj-mavros-nav_info-pitch.csv,165770,0.158,2026-01-29T01:54:16,carbonZ_2018-10-18-11-04-35_engine_failure_with_emr_traj-mavros-nav_info-pitch.csv,carbonZ_2018-10-18-11-04-35_engine_failure_with_emr_traj
carbonZ_2018-10-18-11-04-35_engine_failure_with_emr_traj/carbonZ_2018-10-18-11-04-35_engine_failure_with_emr_traj-mavros-nav_info-roll.csv,/content/gdrive/MyDrive/datasets/ALFA/processed_csv/processed/carbonZ_2018-10-18-11-04-35_engine_failure_with_emr_traj/carbonZ_2018-10-18-11-04-35_engine_failure_with_emr_traj-mavros-nav_info-roll.csv,163559,0.156,2026-01-29T01:54:16,carbonZ_2018-10-18-11-04-35_engine_failure_with_emr_traj-mavros-nav_info-roll.csv,carbonZ_2018-10-18-11-04-35_engine_failure_with_emr_traj
carbonZ_2018-10-18-11-04-35_engine_failure_with_emr_traj/carbonZ_2018-10-18-11-04-35_engine_failure_with_emr_traj-mavros-nav_info-velocity.csv,/content/gdrive/MyDrive/datasets/ALFA/processed_csv/processed/carbonZ_2018-10-18-11-04-35_engine_failure_with_emr_traj/carbonZ_2018-10-18-11-04-35_engine_failure_with_emr_traj-mavros-nav_info-velocity.csv,292823,0.279,2026-01-29T01:54:16,carbonZ_2018-10-18-11-04-35_engine_failure_with_emr_traj-mavros-nav_info-velocity.csv,carbonZ_2018-10-18-11-04-35_engine_failure_with_emr_traj
carbonZ_2018-10-18-11-04-35_engine_failure_with_emr_traj/carbonZ_2018-10-18-11-04-35_engine_failure_with_emr_traj-mavros-nav_info-yaw.csv,/content/gdrive/MyDrive/datasets/ALFA/processed_csv/processed/carbonZ_2018-10-18-11-04-35_engine_failure_with_emr_traj/carbonZ_2018-10-18-11-04-35_engine_failure_with_emr_traj-mavros-nav_info-yaw.csv,147085,0.14,2026-01-29T01:54:16,carbonZ_2018-10-18-11-04-35_engine_failure_with_emr_traj-mavros-nav_info-yaw.csv,carbonZ_2018-10-18-11-04-35_engine_failure_with_emr_traj
carbonZ_2018-10-18-11-04-35_engine_failure_with_emr_traj/carbonZ_2018-10-18-11-04-35_engine_failure_with_emr_traj-mavros-rc-in.csv,/content/gdrive/MyDrive/datasets/ALFA/processed_csv/processed/carbonZ_2018-10-18-11-04-35_engine_failure_with_emr_traj/carbonZ_2018-10-18-11-04-35_engine_failure_with_emr_traj-mavros-rc-in.csv,41866,0.04,2026-01-29T01:54:16,carbonZ_2018-10-18-11-04-35_engine_failure_with_emr_traj-mavros-rc-in.csv,carbonZ_2018-10-18-11-04-35_engine_failure_with_emr_traj
carbonZ_2018-10-18-11-04-35_engine_failure_with_emr_traj/carbonZ_2018-10-18-11-04-35_engine_failure_with_emr_traj-mavros-rc-out.csv,/content/gdrive/MyDrive/datasets/ALFA/processed_csv/processed/carbonZ_2018-10-18-11-04-35_engine_failure_with_emr_traj/carbonZ_2018-10-18-11-04-35_engine_failure_with_emr_traj-mavros-rc-out.csv,27987,0.027,2026-01-29T01:54:16,carbonZ_2018-10-18-11-04-35_engine_failure_with_emr_traj-mavros-rc-out.csv,carbonZ_2018-10-18-11-04-35_engine_failure_with_emr_traj
carbonZ_2018-10-18-11-04-35_engine_failure_with_emr_traj/carbonZ_2018-10-18-11-04-35_engine_failure_with_emr_traj-mavros-setpoint_raw-local.csv,/content/gdrive/MyDrive/datasets/ALFA/processed_csv/processed/carbonZ_2018-10-18-11-04-35_engine_failure_with_emr_traj/carbonZ_2018-10-18-11-04-35_engine_failure_with_emr_traj-mavros-setpoint_raw-local.csv,684009,0.652,2026-01-29T01:54:16,carbonZ_2018-10-18-11-04-35_engine_failure_with_emr_traj-mavros-setpoint_raw-local.csv,carbonZ_2018-10-18-11-04-35_engine_failure_with_emr_traj
carbonZ_2018-10-18-11-04-35_engine_failure_with_emr_traj/carbonZ_2018-10-18-11-04-35_engine_failure_with_emr_traj-mavros-setpoint_raw-target_global.csv,/content/gdrive/MyDrive/datasets/ALFA/processed_csv/processed/carbonZ_2018-10-18-11-04-35_engine_failure_with_emr_traj/carbonZ_2018-10-18-11-04-35_engine_failure_with_emr_traj-mavros-setpoint_raw-target_global.csv,403604,0.385,2026-01-29T01:54:16,carbonZ_2018-10-18-11-04-35_engine_failure_with_emr_traj-mavros-setpoint_raw-target_global.csv,carbonZ_2018-10-18-11-04-35_engine_failure_with_emr_traj
carbonZ_2018-10-18-11-04-35_engine_failure_with_emr_traj/carbonZ_2018-10-18-11-04-35_engine_failure_with_emr_traj-mavros-state.csv,/content/gdrive/MyDrive/datasets/ALFA/processed_csv/processed/carbonZ_2018-10-18-11-04-35_engine_failure_with_emr_traj/carbonZ_2018-10-18-11-04-35_engine_failure_with_emr_traj-mavros-state.csv,6736,0.006,2026-01-29T01:54:16,carbonZ_2018-10-18-11-04-35_engine_failure_with_emr_traj-mavros-state.csv,carbonZ_2018-10-18-11-04-35_engine_failure_with_emr_traj
carbonZ_2018-10-18-11-04-35_engine_failure_with_emr_traj/carbonZ_2018-10-18-11-04-35_engine_failure_with_emr_traj-mavros-time_reference.csv,/content/gdrive/MyDrive/datasets/ALFA/processed_csv/processed/carbonZ_2018-10-18-11-04-35_engine_failure_with_emr_traj/carbonZ_2018-10-18-11-04-35_engine_failure_with_emr_traj-mavros-time_reference.csv,16100,0.015,2026-01-29T01:54:16,carbonZ_2018-10-18-11-04-35_engine_failure_with_emr_traj-mavros-time_reference.csv,carbonZ_2018-10-18-11-04-35_engine_failure_with_emr_traj
carbonZ_2018-10-18-11-04-35_engine_failure_with_emr_traj/carbonZ_2018-10-18-11-04-35_engine_failure_with_emr_traj-mavros-vfr_hud.csv,/content/gdrive/MyDrive/datasets/ALFA/processed_csv/processed/carbonZ_2018-10-18-11-04-35_engine_failure_with_emr_traj/carbonZ_2018-10-18-11-04-35_engine_failure_with_emr_traj-mavros-vfr_hud.csv,30287,0.029,2026-01-29T01:54:16,carbonZ_2018-10-18-11-04-35_engine_failure_with_emr_traj-mavros-vfr_hud.csv,carbonZ_2018-10-18-11-04-35_engine_failure_with_emr_traj
carbonZ_2018-10-18-11-04-35_engine_failure_with_emr_traj/carbonZ_2018-10-18-11-04-35_engine_failure_with_emr_traj-mavros-wind_estimation.csv,/content/gdrive/MyDrive/datasets/ALFA/processed_csv/processed/carbonZ_2018-10-18-11-04-35_engine_failure_with_emr_traj/carbonZ_2018-10-18-11-04-35_engine_failure_with_emr_traj-mavros-wind_estimation.csv,21070,0.02,2026-01-29T01:54:16,carbonZ_2018-10-18-11-04-35_engine_failure_with_emr_traj-mavros-wind_estimation.csv,carbonZ_2018-10-18-11-04-35_engine_failure_with_emr_traj
carbonZ_2018-10-18-11-06-06_engine_failure_with_emr_traj/carbonZ_2018-10-18-11-06-06_engine_failure_with_emr_traj-diagnostics.csv,/content/gdrive/MyDrive/datasets/ALFA/processed_csv/processed/carbonZ_2018-10-18-11-06-06_engine_failure_with_emr_traj/carbonZ_2018-10-18-11-06-06_engine_failure_with_emr_traj-diagnostics.csv,122931,0.117,2026-01-29T01:54:16,carbonZ_2018-10-18-11-06-06_engine_failure_with_emr_traj-diagnostics.csv,carbonZ_2018-10-18-11-06-06_engine_failure_with_emr_traj
carbonZ_2018-10-18-11-06-06_engine_failure_with_emr_traj/carbonZ_2018-10-18-11-06-06_engine_failure_with_emr_traj-emergency_responder-traj_file.csv,/content/gdrive/MyDrive/datasets/ALFA/processed_csv/processed/carbonZ_2018-10-18-11-06-06_engine_failure_with_emr_traj/carbonZ_2018-10-18-11-06-06_engine_failure_with_emr_traj-emergency_responder-traj_file.csv,63,0.0,2026-01-29T01:54:16,carbonZ_2018-10-18-11-06-06_engine_failure_with_emr_traj-emergency_responder-traj_file.csv,carbonZ_2018-10-18-11-06-06_engine_failure_with_emr_traj
carbonZ_2018-10-18-11-06-06_engine_failure_with_emr_traj/carbonZ_2018-10-18-11-06-06_engine_failure_with_emr_traj-failure_status-engines.csv,/content/gdrive/MyDrive/datasets/ALFA/processed_csv/processed/carbonZ_2018-10-18-11-06-06_engine_failure_with_emr_traj/carbonZ_2018-10-18-11-06-06_engine_failure_with_emr_traj-failure_status-engines.csv,633,0.001,2026-01-29T01:54:16,carbonZ_2018-10-18-11-06-06_engine_failure_with_emr_traj-failure_status-engines.csv,carbonZ_2018-10-18-11-06-06_engine_failure_with_emr_traj
carbonZ_2018-10-18-11-06-06_engine_failure_with_emr_traj/carbonZ_2018-10-18-11-06-06_engine_failure_with_emr_traj-mavctrl-path_dev.csv,/content/gdrive/MyDrive/datasets/ALFA/processed_csv/processed/carbonZ_2018-10-18-11-06-06_engine_failure_with_emr_traj/carbonZ_2018-10-18-11-06-06_engine_failure_with_emr_traj-mavctrl-path_dev.csv,303879,0.29,2026-01-29T01:54:16,carbonZ_2018-10-18-11-06-06_engine_failure_with_emr_traj-mavctrl-path_dev.csv,carbonZ_2018-10-18-11-06-06_engine_failure_with_emr_traj
carbonZ_2018-10-18-11-06-06_engine_failure_with_emr_traj/carbonZ_2018-10-18-11-06-06_engine_failure_with_emr_traj-mavctrl-rpy.csv,/content/gdrive/MyDrive/datasets/ALFA/processed_csv/processed/carbonZ_2018-10-18-11-06-06_engine_failure_with_emr_traj/carbonZ_2018-10-18-11-06-06_engine_failure_with_emr_traj-mavctrl-rpy.csv,381211,0.364,2026-01-29T01:54:16,carbonZ_2018-10-18-11-06-06_engine_failure_with_emr_traj-mavctrl-rpy.csv,carbonZ_2018-10-18-11-06-06_engine_failure_with_emr_traj
carbonZ_2018-10-18-11-06-06_engine_failure_with_emr_traj/carbonZ_2018-10-18-11-06-06_engine_failure_with_emr_traj-mavlink-from.csv,/content/gdrive/MyDrive/datasets/ALFA/processed_csv/processed/carbonZ_2018-10-18-11-06-06_engine_failure_with_emr_traj/carbonZ_2018-10-18-11-06-06_engine_failure_with_emr_traj-mavlink-from.csv,3135934,2.991,2026-01-29T01:54:16,carbonZ_2018-10-18-11-06-06_engine_failure_with_emr_traj-mavlink-from.csv,carbonZ_2018-10-18-11-06-06_engine_failure_with_emr_traj
carbonZ_2018-10-18-11-06-06_engine_failure_with_emr_traj/carbonZ_2018-10-18-11-06-06_engine_failure_with_emr_traj-mavros-battery.csv,/content/gdrive/MyDrive/datasets/ALFA/processed_csv/processed/carbonZ_2018-10-18-11-06-06_engine_failure_with_emr_traj/carbonZ_2018-10-18-11-06-06_engine_failure_with_emr_traj-mavros-battery.csv,258267,0.246,2026-01-29T01:54:16,carbonZ_2018-10-18-11-06-06_engine_failure_with_emr_traj-mavros-battery.csv,carbonZ_2018-10-18-11-06-06_engine_failure_with_emr_traj
carbonZ_2018-10-18-11-06-06_engine_failure_with_emr_traj/carbonZ_2018-10-18-11-06-06_engine_failure_with_emr_traj-mavros-global_position-compass_hdg.csv,/content/gdrive/MyDrive/datasets/ALFA/processed_csv/processed/carbonZ_2018-10-18-11-06-06_engine_failure_with_emr_traj/carbonZ_2018-10-18-11-06-06_engine_failure_with_emr_traj-mavros-global_position-compass_hdg.csv,12851,0.012,2026-01-29T01:54:16,carbonZ_2018-10-18-11-06-06_engine_failure_with_emr_traj-mavros-global_position-compass_hdg.csv,carbonZ_2018-10-18-11-06-06_engine_failure_with_emr_traj
carbonZ_2018-10-18-11-06-06_engine_failure_with_emr_traj/carbonZ_2018-10-18-11-06-06_engine_failure_with_emr_traj-mavros-global_position-global.csv,/content/gdrive/MyDrive/datasets/ALFA/processed_csv/processed/carbonZ_2018-10-18-11-06-06_engine_failure_with_emr_traj/carbonZ_2018-10-18-11-06-06_engine_failure_with_emr_traj-mavros-global_position-global.csv,80758,0.077,2026-01-29T01:54:17,carbonZ_2018-10-18-11-06-06_engine_failure_with_emr_traj-mavros-global_position-global.csv,carbonZ_2018-10-18-11-06-06_engine_failure_with_emr_traj
carbonZ_2018-10-18-11-06-06_engine_failure_with_emr_traj/carbonZ_2018-10-18-11-06-06_engine_failure_with_emr_traj-mavros-global_position-local.csv,/content/gdrive/MyDrive/datasets/ALFA/processed_csv/processed/carbonZ_2018-10-18-11-06-06_engine_failure_with_emr_traj/carbonZ_2018-10-18-11-06-06_engine_failure_with_emr_traj-mavros-global_position-local.csv,254710,0.243,2026-01-29T01:54:17,carbonZ_2018-10-18-11-06-06_engine_failure_with_emr_traj-mavros-global_position-local.csv,carbonZ_2018-10-18-11-06-06_engine_failure_with_emr_traj
carbonZ_2018-10-18-11-06-06_engine_failure_with_emr_traj/carbonZ_2018-10-18-11-06-06_engine_failure_with_emr_traj-mavros-global_position-raw-fix.csv,/content/gdrive/MyDrive/datasets/ALFA/processed_csv/processed/carbonZ_2018-10-18-11-06-06_engine_failure_with_emr_traj/carbonZ_2018-10-18-11-06-06_engine_failure_with_emr_traj-mavros-global_position-raw-fix.csv,96850,0.092,2026-01-29T01:54:17,carbonZ_2018-10-18-11-06-06_engine_failure_with_emr_traj-mavros-global_position-raw-fix.csv,carbonZ_2018-10-18-11-06-06_engine_failure_with_emr_traj
carbonZ_2018-10-18-11-06-06_engine_failure_with_emr_traj/carbonZ_2018-10-18-11-06-06_engine_failure_with_emr_traj-mavros-global_position-raw-gps_vel.csv,/content/gdrive/MyDrive/datasets/ALFA/processed_csv/processed/carbonZ_2018-10-18-11-06-06_engine_failure_with_emr_traj/carbonZ_2018-10-18-11-06-06_engine_failure_with_emr_traj-mavros-global_position-raw-gps_vel.csv,54996,0.052,2026-01-29T01:54:17,carbonZ_2018-10-18-11-06-06_engine_failure_with_emr_traj-mavros-global_position-raw-gps_vel.csv,carbonZ_2018-10-18-11-06-06_engine_failure_with_emr_traj
carbonZ_2018-10-18-11-06-06_engine_failure_with_emr_traj/carbonZ_2018-10-18-11-06-06_engine_failure_with_emr_traj-mavros-global_position-rel_alt.csv,/content/gdrive/MyDrive/datasets/ALFA/processed_csv/processed/carbonZ_2018-10-18-11-06-06_engine_failure_with_emr_traj/carbonZ_2018-10-18-11-06-06_engine_failure_with_emr_traj-mavros-global_position-rel_alt.csv,13048,0.012,2026-01-29T01:54:17,carbonZ_2018-10-18-11-06-06_engine_failure_with_emr_traj-mavros-global_position-rel_alt.csv,carbonZ_2018-10-18-11-06-06_engine_failure_with_emr_traj
carbonZ_2018-10-18-11-06-06_engine_failure_with_emr_traj/carbonZ_2018-10-18-11-06-06_engine_failure_with_emr_traj-mavros-imu-atm_pressure.csv,/content/gdrive/MyDrive/datasets/ALFA/processed_csv/processed/carbonZ_2018-10-18-11-06-06_engine_failure_with_emr_traj/carbonZ_2018-10-18-11-06-06_engine_failure_with_emr_traj-mavros-imu-atm_pressure.csv,84969,0.081,2026-01-29T01:54:17,carbonZ_2018-10-18-11-06-06_engine_failure_with_emr_traj-mavros-imu-atm_pressure.csv,carbonZ_2018-10-18-11-06-06_engine_failure_with_emr_traj
carbonZ_2018-10-18-11-06-06_engine_failure_with_emr_traj/carbonZ_2018-10-18-11-06-06_engine_failure_with_emr_traj-mavros-imu-data.csv,/content/gdrive/MyDrive/datasets/ALFA/processed_csv/processed/carbonZ_2018-10-18-11-06-06_engine_failure_with_emr_traj/carbonZ_2018-10-18-11-06-06_engine_failure_with_emr_traj-mavros-imu-data.csv,109377,0.104,2026-01-29T01:54:17,carbonZ_2018-10-18-11-06-06_engine_failure_with_emr_traj-mavros-imu-data.csv,carbonZ_2018-10-18-11-06-06_engine_failure_with_emr_traj
carbonZ_2018-10-18-11-06-06_engine_failure_with_emr_traj/carbonZ_2018-10-18-11-06-06_engine_failure_with_emr_traj-mavros-imu-data_raw.csv,/content/gdrive/MyDrive/datasets/ALFA/processed_csv/processed/carbonZ_2018-10-18-11-06-06_engine_failure_with_emr_traj/carbonZ_2018-10-18-11-06-06_engine_failure_with_emr_traj-mavros-imu-data_raw.csv,327457,0.312,2026-01-29T01:54:17,carbonZ_2018-10-18-11-06-06_engine_failure_with_emr_traj-mavros-imu-data_raw.csv,carbonZ_2018-10-18-11-06-06_engine_failure_with_emr_traj
carbonZ_2018-10-18-11-06-06_engine_failure_with_emr_traj/carbonZ_2018-10-18-11-06-06_engine_failure_with_emr_traj-mavros-imu-mag.csv,/content/gdrive/MyDrive/datasets/ALFA/processed_csv/processed/carbonZ_2018-10-18-11-06-06_engine_failure_with_emr_traj/carbonZ_2018-10-18-11-06-06_engine_failure_with_emr_traj-mavros-imu-mag.csv,141069,0.135,2026-01-29T01:54:17,carbonZ_2018-10-18-11-06-06_engine_failure_with_emr_traj-mavros-imu-mag.csv,carbonZ_2018-10-18-11-06-06_engine_failure_with_emr_traj
carbonZ_2018-10-18-11-06-06_engine_failure_with_emr_traj/carbonZ_2018-10-18-11-06-06_engine_failure_with_emr_traj-mavros-imu-temperature.csv,/content/gdrive/MyDrive/datasets/ALFA/processed_csv/processed/carbonZ_2018-10-18-11-06-06_engine_failure_with_emr_traj/carbonZ_2018-10-18-11-06-06_engine_failure_with_emr_traj-mavros-imu-temperature.csv,75688,0.072,2026-01-29T01:54:17,carbonZ_2018-10-18-11-06-06_engine_failure_with_emr_traj-mavros-imu-temperature.csv,carbonZ_2018-10-18-11-06-06_engine_failure_with_emr_traj
carbonZ_2018-10-18-11-06-06_engine_failure_with_emr_traj/carbonZ_2018-10-18-11-06-06_engine_failure_with_emr_traj-mavros-local_position-odom.csv,/content/gdrive/MyDrive/datasets/ALFA/processed_csv/processed/carbonZ_2018-10-18-11-06-06_engine_failure_with_emr_traj/carbonZ_2018-10-18-11-06-06_engine_failure_with_emr_traj-mavros-local_position-odom.csv,281116,0.268,2026-01-29T01:54:17,carbonZ_2018-10-18-11-06-06_engine_failure_with_emr_traj-mavros-local_position-odom.csv,carbonZ_2018-10-18-11-06-06_engine_failure_with_emr_traj
carbonZ_2018-10-18-11-06-06_engine_failure_with_emr_traj/carbonZ_2018-10-18-11-06-06_engine_failure_with_emr_traj-mavros-local_position-pose.csv,/content/gdrive/MyDrive/datasets/ALFA/processed_csv/processed/carbonZ_2018-10-18-11-06-06_engine_failure_with_emr_traj/carbonZ_2018-10-18-11-06-06_engine_failure_with_emr_traj-mavros-local_position-pose.csv,75680,0.072,2026-01-29T01:54:17,carbonZ_2018-10-18-11-06-06_engine_failure_with_emr_traj-mavros-local_position-pose.csv,carbonZ_2018-10-18-11-06-06_engine_failure_with_emr_traj
carbonZ_2018-10-18-11-06-06_engine_failure_with_emr_traj/carbonZ_2018-10-18-11-06-06_engine_failure_with_emr_traj-mavros-local_position-velocity.csv,/content/gdrive/MyDrive/datasets/ALFA/processed_csv/processed/carbonZ_2018-10-18-11-06-06_engine_failure_with_emr_traj/carbonZ_2018-10-18-11-06-06_engine_failure_with_emr_traj-mavros-local_position-velocity.csv,68643,0.065,2026-01-29T01:54:17,carbonZ_2018-10-18-11-06-06_engine_failure_with_emr_traj-mavros-local_position-velocity.csv,carbonZ_2018-10-18-11-06-06_engine_failure_with_emr_traj
carbonZ_2018-10-18-11-06-06_engine_failure_with_emr_traj/carbonZ_2018-10-18-11-06-06_engine_failure_with_emr_traj-mavros-nav_info-airspeed.csv,/content/gdrive/MyDrive/datasets/ALFA/processed_csv/processed/carbonZ_2018-10-18-11-06-06_engine_failure_with_emr_traj/carbonZ_2018-10-18-11-06-06_engine_failure_with_emr_traj-mavros-nav_info-airspeed.csv,135177,0.129,2026-01-29T01:54:17,carbonZ_2018-10-18-11-06-06_engine_failure_with_emr_traj-mavros-nav_info-airspeed.csv,carbonZ_2018-10-18-11-06-06_engine_failure_with_emr_traj
carbonZ_2018-10-18-11-06-06_engine_failure_with_emr_traj/carbonZ_2018-10-18-11-06-06_engine_failure_with_emr_traj-mavros-nav_info-errors.csv,/content/gdrive/MyDrive/datasets/ALFA/processed_csv/processed/carbonZ_2018-10-18-11-06-06_engine_failure_with_emr_traj/carbonZ_2018-10-18-11-06-06_engine_failure_with_emr_traj-mavros-nav_info-errors.csv,222421,0.212,2026-01-29T01:54:17,carbonZ_2018-10-18-11-06-06_engine_failure_with_emr_traj-mavros-nav_info-errors.csv,carbonZ_2018-10-18-11-06-06_engine_failure_with_emr_traj
carbonZ_2018-10-18-11-06-06_engine_failure_with_emr_traj/carbonZ_2018-10-18-11-06-06_engine_failure_with_emr_traj-mavros-nav_info-pitch.csv,/content/gdrive/MyDrive/datasets/ALFA/processed_csv/processed/carbonZ_2018-10-18-11-06-06_engine_failure_with_emr_traj/carbonZ_2018-10-18-11-06-06_engine_failure_with_emr_traj-mavros-nav_info-pitch.csv,181313,0.173,2026-01-29T01:54:17,carbonZ_2018-10-18-11-06-06_engine_failure_with_emr_traj-mavros-nav_info-pitch.csv,carbonZ_2018-10-18-11-06-06_engine_failure_with_emr_traj
carbonZ_2018-10-18-11-06-06_engine_failure_with_emr_traj/carbonZ_2018-10-18-11-06-06_engine_failure_with_emr_traj-mavros-nav_info-roll.csv,/content/gdrive/MyDrive/datasets/ALFA/processed_csv/processed/carbonZ_2018-10-18-11-06-06_engine_failure_with_emr_traj/carbonZ_2018-10-18-11-06-06_engine_failure_with_emr_traj-mavros-nav_info-roll.csv,179091,0.171,2026-01-29T01:54:17,carbonZ_2018-10-18-11-06-06_engine_failure_with_emr_traj-mavros-nav_info-roll.csv,carbonZ_2018-10-18-11-06-06_engine_failure_with_emr_traj
carbonZ_2018-10-18-11-06-06_engine_failure_with_emr_traj/carbonZ_2018-10-18-11-06-06_engine_failure_with_emr_traj-mavros-nav_info-velocity.csv,/content/gdrive/MyDrive/datasets/ALFA/processed_csv/processed/carbonZ_2018-10-18-11-06-06_engine_failure_with_emr_traj/carbonZ_2018-10-18-11-06-06_engine_failure_with_emr_traj-mavros-nav_info-velocity.csv,319852,0.305,2026-01-29T01:54:17,carbonZ_2018-10-18-11-06-06_engine_failure_with_emr_traj-mavros-nav_info-velocity.csv,carbonZ_2018-10-18-11-06-06_engine_failure_with_emr_traj
carbonZ_2018-10-18-11-06-06_engine_failure_with_emr_traj/carbonZ_2018-10-18-11-06-06_engine_failure_with_emr_traj-mavros-nav_info-yaw.csv,/content/gdrive/MyDrive/datasets/ALFA/processed_csv/processed/carbonZ_2018-10-18-11-06-06_engine_failure_with_emr_traj/carbonZ_2018-10-18-11-06-06_engine_failure_with_emr_traj-mavros-nav_info-yaw.csv,160861,0.153,2026-01-29T01:54:17,carbonZ_2018-10-18-11-06-06_engine_failure_with_emr_traj-mavros-nav_info-yaw.csv,carbonZ_2018-10-18-11-06-06_engine_failure_with_emr_traj
carbonZ_2018-10-18-11-06-06_engine_failure_with_emr_traj/carbonZ_2018-10-18-11-06-06_engine_failure_with_emr_traj-mavros-rc-in.csv,/content/gdrive/MyDrive/datasets/ALFA/processed_csv/processed/carbonZ_2018-10-18-11-06-06_engine_failure_with_emr_traj/carbonZ_2018-10-18-11-06-06_engine_failure_with_emr_traj-mavros-rc-in.csv,46033,0.044,2026-01-29T01:54:17,carbonZ_2018-10-18-11-06-06_engine_failure_with_emr_traj-mavros-rc-in.csv,carbonZ_2018-10-18-11-06-06_engine_failure_with_emr_traj
carbonZ_2018-10-18-11-06-06_engine_failure_with_emr_traj/carbonZ_2018-10-18-11-06-06_engine_failure_with_emr_traj-mavros-rc-out.csv,/content/gdrive/MyDrive/datasets/ALFA/processed_csv/processed/carbonZ_2018-10-18-11-06-06_engine_failure_with_emr_traj/carbonZ_2018-10-18-11-06-06_engine_failure_with_emr_traj-mavros-rc-out.csv,30894,0.029,2026-01-29T01:54:17,carbonZ_2018-10-18-11-06-06_engine_failure_with_emr_traj-mavros-rc-out.csv,carbonZ_2018-10-18-11-06-06_engine_failure_with_emr_traj
carbonZ_2018-10-18-11-06-06_engine_failure_with_emr_traj/carbonZ_2018-10-18-11-06-06_engine_failure_with_emr_traj-mavros-setpoint_raw-local.csv,/content/gdrive/MyDrive/datasets/ALFA/processed_csv/processed/carbonZ_2018-10-18-11-06-06_engine_failure_with_emr_traj/carbonZ_2018-10-18-11-06-06_engine_failure_with_emr_traj-mavros-setpoint_raw-local.csv,720515,0.687,2026-01-29T01:54:17,carbonZ_2018-10-18-11-06-06_engine_failure_with_emr_traj-mavros-setpoint_raw-local.csv,carbonZ_2018-10-18-11-06-06_engine_failure_with_emr_traj
carbonZ_2018-10-18-11-06-06_engine_failure_with_emr_traj/carbonZ_2018-10-18-11-06-06_engine_failure_with_emr_traj-mavros-setpoint_raw-target_global.csv,/content/gdrive/MyDrive/datasets/ALFA/processed_csv/processed/carbonZ_2018-10-18-11-06-06_engine_failure_with_emr_traj/carbonZ_2018-10-18-11-06-06_engine_failure_with_emr_traj-mavros-setpoint_raw-target_global.csv,440388,0.42,2026-01-29T01:54:17,carbonZ_2018-10-18-11-06-06_engine_failure_with_emr_traj-mavros-setpoint_raw-target_global.csv,carbonZ_2018-10-18-11-06-06_engine_failure_with_emr_traj
carbonZ_2018-10-18-11-06-06_engine_failure_with_emr_traj/carbonZ_2018-10-18-11-06-06_engine_failure_with_emr_traj-mavros-state.csv,/content/gdrive/MyDrive/datasets/ALFA/processed_csv/processed/carbonZ_2018-10-18-11-06-06_engine_failure_with_emr_traj/carbonZ_2018-10-18-11-06-06_engine_failure_with_emr_traj-mavros-state.csv,7156,0.007,2026-01-29T01:54:17,carbonZ_2018-10-18-11-06-06_engine_failure_with_emr_traj-mavros-state.csv,carbonZ_2018-10-18-11-06-06_engine_failure_with_emr_traj
carbonZ_2018-10-18-11-06-06_engine_failure_with_emr_traj/carbonZ_2018-10-18-11-06-06_engine_failure_with_emr_traj-mavros-time_reference.csv,/content/gdrive/MyDrive/datasets/ALFA/processed_csv/processed/carbonZ_2018-10-18-11-06-06_engine_failure_with_emr_traj/carbonZ_2018-10-18-11-06-06_engine_failure_with_emr_traj-mavros-time_reference.csv,17711,0.017,2026-01-29T01:54:17,carbonZ_2018-10-18-11-06-06_engine_failure_with_emr_traj-mavros-time_reference.csv,carbonZ_2018-10-18-11-06-06_engine_failure_with_emr_traj
carbonZ_2018-10-18-11-06-06_engine_failure_with_emr_traj/carbonZ_2018-10-18-11-06-06_engine_failure_with_emr_traj-mavros-vfr_hud.csv,/content/gdrive/MyDrive/datasets/ALFA/processed_csv/processed/carbonZ_2018-10-18-11-06-06_engine_failure_with_emr_traj/carbonZ_2018-10-18-11-06-06_engine_failure_with_emr_traj-mavros-vfr_hud.csv,33351,0.032,2026-01-29T01:54:17,carbonZ_2018-10-18-11-06-06_engine_failure_with_emr_traj-mavros-vfr_hud.csv,carbonZ_2018-10-18-11-06-06_engine_failure_with_emr_traj
carbonZ_2018-10-18-11-06-06_engine_failure_with_emr_traj/carbonZ_2018-10-18-11-06-06_engine_failure_with_emr_traj-mavros-wind_estimation.csv,/content/gdrive/MyDrive/datasets/ALFA/processed_csv/processed/carbonZ_2018-10-18-11-06-06_engine_failure_with_emr_traj/carbonZ_2018-10-18-11-06-06_engine_failure_with_emr_traj-mavros-wind_estimation.csv,23118,0.022,2026-01-29T01:54:17,carbonZ_2018-10-18-11-06-06_engine_failure_with_emr_traj-mavros-wind_estimation.csv,carbonZ_2018-10-18-11-06-06_engine_failure_with_emr_traj
carbonZ_2018-10-18-11-08-24_no_failure/carbonZ_2018-10-18-11-08-24_no_failure-diagnostics.csv,/content/gdrive/MyDrive/datasets/ALFA/processed_csv/processed/carbonZ_2018-10-18-11-08-24_no_failure/carbonZ_2018-10-18-11-08-24_no_failure-diagnostics.csv,29782,0.028,2026-01-29T01:54:17,carbonZ_2018-10-18-11-08-24_no_failure-diagnostics.csv,carbonZ_2018-10-18-11-08-24_no_failure
carbonZ_2018-10-18-11-08-24_no_failure/carbonZ_2018-10-18-11-08-24_no_failure-mavctrl-path_dev.csv,/content/gdrive/MyDrive/datasets/ALFA/processed_csv/processed/carbonZ_2018-10-18-11-08-24_no_failure/carbonZ_2018-10-18-11-08-24_no_failure-mavctrl-path_dev.csv,70015,0.067,2026-01-29T01:54:17,carbonZ_2018-10-18-11-08-24_no_failure-mavctrl-path_dev.csv,carbonZ_2018-10-18-11-08-24_no_failure
carbonZ_2018-10-18-11-08-24_no_failure/carbonZ_2018-10-18-11-08-24_no_failure-mavctrl-rpy.csv,/content/gdrive/MyDrive/datasets/ALFA/processed_csv/processed/carbonZ_2018-10-18-11-08-24_no_failure/carbonZ_2018-10-18-11-08-24_no_failure-mavctrl-rpy.csv,86819,0.083,2026-01-29T01:54:17,carbonZ_2018-10-18-11-08-24_no_failure-mavctrl-rpy.csv,carbonZ_2018-10-18-11-08-24_no_failure
carbonZ_2018-10-18-11-08-24_no_failure/carbonZ_2018-10-18-11-08-24_no_failure-mavlink-from.csv,/content/gdrive/MyDrive/datasets/ALFA/processed_csv/processed/carbonZ_2018-10-18-11-08-24_no_failure/carbonZ_2018-10-18-11-08-24_no_failure-mavlink-from.csv,702479,0.67,2026-01-29T01:54:17,carbonZ_2018-10-18-11-08-24_no_failure-mavlink-from.csv,carbonZ_2018-10-18-11-08-24_no_failure
carbonZ_2018-10-18-11-08-24_no_failure/carbonZ_2018-10-18-11-08-24_no_failure-mavros-battery.csv,/content/gdrive/MyDrive/datasets/ALFA/processed_csv/processed/carbonZ_2018-10-18-11-08-24_no_failure/carbonZ_2018-10-18-11-08-24_no_failure-mavros-battery.csv,58934,0.056,2026-01-29T01:54:17,carbonZ_2018-10-18-11-08-24_no_failure-mavros-battery.csv,carbonZ_2018-10-18-11-08-24_no_failure
carbonZ_2018-10-18-11-08-24_no_failure/carbonZ_2018-10-18-11-08-24_no_failure-mavros-global_position-compass_hdg.csv,/content/gdrive/MyDrive/datasets/ALFA/processed_csv/processed/carbonZ_2018-10-18-11-08-24_no_failure/carbonZ_2018-10-18-11-08-24_no_failure-mavros-global_position-compass_hdg.csv,2979,0.003,2026-01-29T01:54:17,carbonZ_2018-10-18-11-08-24_no_failure-mavros-global_position-compass_hdg.csv,carbonZ_2018-10-18-11-08-24_no_failure
carbonZ_2018-10-18-11-08-24_no_failure/carbonZ_2018-10-18-11-08-24_no_failure-mavros-global_position-global.csv,/content/gdrive/MyDrive/datasets/ALFA/processed_csv/processed/carbonZ_2018-10-18-11-08-24_no_failure/carbonZ_2018-10-18-11-08-24_no_failure-mavros-global_position-global.csv,18462,0.018,2026-01-29T01:54:17,carbonZ_2018-10-18-11-08-24_no_failure-mavros-global_position-global.csv,carbonZ_2018-10-18-11-08-24_no_failure
carbonZ_2018-10-18-11-08-24_no_failure/carbonZ_2018-10-18-11-08-24_no_failure-mavros-global_position-local.csv,/content/gdrive/MyDrive/datasets/ALFA/processed_csv/processed/carbonZ_2018-10-18-11-08-24_no_failure/carbonZ_2018-10-18-11-08-24_no_failure-mavros-global_position-local.csv,59421,0.057,2026-01-29T01:54:17,carbonZ_2018-10-18-11-08-24_no_failure-mavros-global_position-local.csv,carbonZ_2018-10-18-11-08-24_no_failure
carbonZ_2018-10-18-11-08-24_no_failure/carbonZ_2018-10-18-11-08-24_no_failure-mavros-global_position-raw-fix.csv,/content/gdrive/MyDrive/datasets/ALFA/processed_csv/processed/carbonZ_2018-10-18-11-08-24_no_failure/carbonZ_2018-10-18-11-08-24_no_failure-mavros-global_position-raw-fix.csv,22082,0.021,2026-01-29T01:54:17,carbonZ_2018-10-18-11-08-24_no_failure-mavros-global_position-raw-fix.csv,carbonZ_2018-10-18-11-08-24_no_failure
carbonZ_2018-10-18-11-08-24_no_failure/carbonZ_2018-10-18-11-08-24_no_failure-mavros-global_position-raw-gps_vel.csv,/content/gdrive/MyDrive/datasets/ALFA/processed_csv/processed/carbonZ_2018-10-18-11-08-24_no_failure/carbonZ_2018-10-18-11-08-24_no_failure-mavros-global_position-raw-gps_vel.csv,12573,0.012,2026-01-29T01:54:17,carbonZ_2018-10-18-11-08-24_no_failure-mavros-global_position-raw-gps_vel.csv,carbonZ_2018-10-18-11-08-24_no_failure
carbonZ_2018-10-18-11-08-24_no_failure/carbonZ_2018-10-18-11-08-24_no_failure-mavros-global_position-rel_alt.csv,/content/gdrive/MyDrive/datasets/ALFA/processed_csv/processed/carbonZ_2018-10-18-11-08-24_no_failure/carbonZ_2018-10-18-11-08-24_no_failure-mavros-global_position-rel_alt.csv,2979,0.003,2026-01-29T01:54:17,carbonZ_2018-10-18-11-08-24_no_failure-mavros-global_position-rel_alt.csv,carbonZ_2018-10-18-11-08-24_no_failure
carbonZ_2018-10-18-11-08-24_no_failure/carbonZ_2018-10-18-11-08-24_no_failure-mavros-imu-atm_pressure.csv,/content/gdrive/MyDrive/datasets/ALFA/processed_csv/processed/carbonZ_2018-10-18-11-08-24_no_failure/carbonZ_2018-10-18-11-08-24_no_failure-mavros-imu-atm_pressure.csv,19332,0.018,2026-01-29T01:54:17,carbonZ_2018-10-18-11-08-24_no_failure-mavros-imu-atm_pressure.csv,carbonZ_2018-10-18-11-08-24_no_failure
carbonZ_2018-10-18-11-08-24_no_failure/carbonZ_2018-10-18-11-08-24_no_failure-mavros-imu-data.csv,/content/gdrive/MyDrive/datasets/ALFA/processed_csv/processed/carbonZ_2018-10-18-11-08-24_no_failure/carbonZ_2018-10-18-11-08-24_no_failure-mavros-imu-data.csv,25166,0.024,2026-01-29T01:54:17,carbonZ_2018-10-18-11-08-24_no_failure-mavros-imu-data.csv,carbonZ_2018-10-18-11-08-24_no_failure
carbonZ_2018-10-18-11-08-24_no_failure/carbonZ_2018-10-18-11-08-24_no_failure-mavros-imu-data_raw.csv,/content/gdrive/MyDrive/datasets/ALFA/processed_csv/processed/carbonZ_2018-10-18-11-08-24_no_failure/carbonZ_2018-10-18-11-08-24_no_failure-mavros-imu-data_raw.csv,75158,0.072,2026-01-29T01:54:17,carbonZ_2018-10-18-11-08-24_no_failure-mavros-imu-data_raw.csv,carbonZ_2018-10-18-11-08-24_no_failure
carbonZ_2018-10-18-11-08-24_no_failure/carbonZ_2018-10-18-11-08-24_no_failure-mavros-imu-mag.csv,/content/gdrive/MyDrive/datasets/ALFA/processed_csv/processed/carbonZ_2018-10-18-11-08-24_no_failure/carbonZ_2018-10-18-11-08-24_no_failure-mavros-imu-mag.csv,32276,0.031,2026-01-29T01:54:17,carbonZ_2018-10-18-11-08-24_no_failure-mavros-imu-mag.csv,carbonZ_2018-10-18-11-08-24_no_failure
carbonZ_2018-10-18-11-08-24_no_failure/carbonZ_2018-10-18-11-08-24_no_failure-mavros-imu-temperature.csv,/content/gdrive/MyDrive/datasets/ALFA/processed_csv/processed/carbonZ_2018-10-18-11-08-24_no_failure/carbonZ_2018-10-18-11-08-24_no_failure-mavros-imu-temperature.csv,17225,0.016,2026-01-29T01:54:17,carbonZ_2018-10-18-11-08-24_no_failure-mavros-imu-temperature.csv,carbonZ_2018-10-18-11-08-24_no_failure
carbonZ_2018-10-18-11-08-24_no_failure/carbonZ_2018-10-18-11-08-24_no_failure-mavros-local_position-odom.csv,/content/gdrive/MyDrive/datasets/ALFA/processed_csv/processed/carbonZ_2018-10-18-11-08-24_no_failure/carbonZ_2018-10-18-11-08-24_no_failure-mavros-local_position-odom.csv,65677,0.063,2026-01-29T01:54:17,carbonZ_2018-10-18-11-08-24_no_failure-mavros-local_position-odom.csv,carbonZ_2018-10-18-11-08-24_no_failure
carbonZ_2018-10-18-11-08-24_no_failure/carbonZ_2018-10-18-11-08-24_no_failure-mavros-local_position-pose.csv,/content/gdrive/MyDrive/datasets/ALFA/processed_csv/processed/carbonZ_2018-10-18-11-08-24_no_failure/carbonZ_2018-10-18-11-08-24_no_failure-mavros-local_position-pose.csv,17423,0.017,2026-01-29T01:54:17,carbonZ_2018-10-18-11-08-24_no_failure-mavros-local_position-pose.csv,carbonZ_2018-10-18-11-08-24_no_failure
carbonZ_2018-10-18-11-08-24_no_failure/carbonZ_2018-10-18-11-08-24_no_failure-mavros-local_position-velocity.csv,/content/gdrive/MyDrive/datasets/ALFA/processed_csv/processed/carbonZ_2018-10-18-11-08-24_no_failure/carbonZ_2018-10-18-11-08-24_no_failure-mavros-local_position-velocity.csv,15736,0.015,2026-01-29T01:54:17,carbonZ_2018-10-18-11-08-24_no_failure-mavros-local_position-velocity.csv,carbonZ_2018-10-18-11-08-24_no_failure
carbonZ_2018-10-18-11-08-24_no_failure/carbonZ_2018-10-18-11-08-24_no_failure-mavros-nav_info-airspeed.csv,/content/gdrive/MyDrive/datasets/ALFA/processed_csv/processed/carbonZ_2018-10-18-11-08-24_no_failure/carbonZ_2018-10-18-11-08-24_no_failure-mavros-nav_info-airspeed.csv,28269,0.027,2026-01-29T01:54:17,carbonZ_2018-10-18-11-08-24_no_failure-mavros-nav_info-airspeed.csv,carbonZ_2018-10-18-11-08-24_no_failure
carbonZ_2018-10-18-11-08-24_no_failure/carbonZ_2018-10-18-11-08-24_no_failure-mavros-nav_info-errors.csv,/content/gdrive/MyDrive/datasets/ALFA/processed_csv/processed/carbonZ_2018-10-18-11-08-24_no_failure/carbonZ_2018-10-18-11-08-24_no_failure-mavros-nav_info-errors.csv,48435,0.046,2026-01-29T01:54:17,carbonZ_2018-10-18-11-08-24_no_failure-mavros-nav_info-errors.csv,carbonZ_2018-10-18-11-08-24_no_failure
carbonZ_2018-10-18-11-08-24_no_failure/carbonZ_2018-10-18-11-08-24_no_failure-mavros-nav_info-pitch.csv,/content/gdrive/MyDrive/datasets/ALFA/processed_csv/processed/carbonZ_2018-10-18-11-08-24_no_failure/carbonZ_2018-10-18-11-08-24_no_failure-mavros-nav_info-pitch.csv,39538,0.038,2026-01-29T01:54:17,carbonZ_2018-10-18-11-08-24_no_failure-mavros-nav_info-pitch.csv,carbonZ_2018-10-18-11-08-24_no_failure
carbonZ_2018-10-18-11-08-24_no_failure/carbonZ_2018-10-18-11-08-24_no_failure-mavros-nav_info-roll.csv,/content/gdrive/MyDrive/datasets/ALFA/processed_csv/processed/carbonZ_2018-10-18-11-08-24_no_failure/carbonZ_2018-10-18-11-08-24_no_failure-mavros-nav_info-roll.csv,38790,0.037,2026-01-29T01:54:17,carbonZ_2018-10-18-11-08-24_no_failure-mavros-nav_info-roll.csv,carbonZ_2018-10-18-11-08-24_no_failure
carbonZ_2018-10-18-11-08-24_no_failure/carbonZ_2018-10-18-11-08-24_no_failure-mavros-nav_info-velocity.csv,/content/gdrive/MyDrive/datasets/ALFA/processed_csv/processed/carbonZ_2018-10-18-11-08-24_no_failure/carbonZ_2018-10-18-11-08-24_no_failure-mavros-nav_info-velocity.csv,66475,0.063,2026-01-29T01:54:17,carbonZ_2018-10-18-11-08-24_no_failure-mavros-nav_info-velocity.csv,carbonZ_2018-10-18-11-08-24_no_failure
carbonZ_2018-10-18-11-08-24_no_failure/carbonZ_2018-10-18-11-08-24_no_failure-mavros-nav_info-yaw.csv,/content/gdrive/MyDrive/datasets/ALFA/processed_csv/processed/carbonZ_2018-10-18-11-08-24_no_failure/carbonZ_2018-10-18-11-08-24_no_failure-mavros-nav_info-yaw.csv,35267,0.034,2026-01-29T01:54:17,carbonZ_2018-10-18-11-08-24_no_failure-mavros-nav_info-yaw.csv,carbonZ_2018-10-18-11-08-24_no_failure
carbonZ_2018-10-18-11-08-24_no_failure/carbonZ_2018-10-18-11-08-24_no_failure-mavros-rc-in.csv,/content/gdrive/MyDrive/datasets/ALFA/processed_csv/processed/carbonZ_2018-10-18-11-08-24_no_failure/carbonZ_2018-10-18-11-08-24_no_failure-mavros-rc-in.csv,10577,0.01,2026-01-29T01:54:17,carbonZ_2018-10-18-11-08-24_no_failure-mavros-rc-in.csv,carbonZ_2018-10-18-11-08-24_no_failure
carbonZ_2018-10-18-11-08-24_no_failure/carbonZ_2018-10-18-11-08-24_no_failure-mavros-rc-out.csv,/content/gdrive/MyDrive/datasets/ALFA/processed_csv/processed/carbonZ_2018-10-18-11-08-24_no_failure/carbonZ_2018-10-18-11-08-24_no_failure-mavros-rc-out.csv,7072,0.007,2026-01-29T01:54:17,carbonZ_2018-10-18-11-08-24_no_failure-mavros-rc-out.csv,carbonZ_2018-10-18-11-08-24_no_failure
carbonZ_2018-10-18-11-08-24_no_failure/carbonZ_2018-10-18-11-08-24_no_failure-mavros-setpoint_raw-local.csv,/content/gdrive/MyDrive/datasets/ALFA/processed_csv/processed/carbonZ_2018-10-18-11-08-24_no_failure/carbonZ_2018-10-18-11-08-24_no_failure-mavros-setpoint_raw-local.csv,137113,0.131,2026-01-29T01:54:17,carbonZ_2018-10-18-11-08-24_no_failure-mavros-setpoint_raw-local.csv,carbonZ_2018-10-18-11-08-24_no_failure
carbonZ_2018-10-18-11-08-24_no_failure/carbonZ_2018-10-18-11-08-24_no_failure-mavros-setpoint_raw-target_global.csv,/content/gdrive/MyDrive/datasets/ALFA/processed_csv/processed/carbonZ_2018-10-18-11-08-24_no_failure/carbonZ_2018-10-18-11-08-24_no_failure-mavros-setpoint_raw-target_global.csv,92282,0.088,2026-01-29T01:54:17,carbonZ_2018-10-18-11-08-24_no_failure-mavros-setpoint_raw-target_global.csv,carbonZ_2018-10-18-11-08-24_no_failure
carbonZ_2018-10-18-11-08-24_no_failure/carbonZ_2018-10-18-11-08-24_no_failure-mavros-state.csv,/content/gdrive/MyDrive/datasets/ALFA/processed_csv/processed/carbonZ_2018-10-18-11-08-24_no_failure/carbonZ_2018-10-18-11-08-24_no_failure-mavros-state.csv,1756,0.002,2026-01-29T01:54:17,carbonZ_2018-10-18-11-08-24_no_failure-mavros-state.csv,carbonZ_2018-10-18-11-08-24_no_failure
carbonZ_2018-10-18-11-08-24_no_failure/carbonZ_2018-10-18-11-08-24_no_failure-mavros-time_reference.csv,/content/gdrive/MyDrive/datasets/ALFA/processed_csv/processed/carbonZ_2018-10-18-11-08-24_no_failure/carbonZ_2018-10-18-11-08-24_no_failure-mavros-time_reference.csv,4012,0.004,2026-01-29T01:54:17,carbonZ_2018-10-18-11-08-24_no_failure-mavros-time_reference.csv,carbonZ_2018-10-18-11-08-24_no_failure
carbonZ_2018-10-18-11-08-24_no_failure/carbonZ_2018-10-18-11-08-24_no_failure-mavros-vfr_hud.csv,/content/gdrive/MyDrive/datasets/ALFA/processed_csv/processed/carbonZ_2018-10-18-11-08-24_no_failure/carbonZ_2018-10-18-11-08-24_no_failure-mavros-vfr_hud.csv,7615,0.007,2026-01-29T01:54:17,carbonZ_2018-10-18-11-08-24_no_failure-mavros-vfr_hud.csv,carbonZ_2018-10-18-11-08-24_no_failure
carbonZ_2018-10-18-11-08-24_no_failure/carbonZ_2018-10-18-11-08-24_no_failure-mavros-wind_estimation.csv,/content/gdrive/MyDrive/datasets/ALFA/processed_csv/processed/carbonZ_2018-10-18-11-08-24_no_failure/carbonZ_2018-10-18-11-08-24_no_failure-mavros-wind_estimation.csv,5395,0.005,2026-01-29T01:54:17,carbonZ_2018-10-18-11-08-24_no_failure-mavros-wind_estimation.csv,carbonZ_2018-10-18-11-08-24_no_failure
