time_s,x_m,y_m,z_m,vx_mps,vy_mps,vz_mps,wx_rps,wy_rps,wz_rps,voltage_v,current_a,battery_pct,battery_status,battery_health,battery_present,speed_mps,power_w
0.0,62.3529930115,65.115737915,82.3936538696,20.2901541401,1.68562009719,1.29739602495,-0.0905872732401,-0.0343389809132,-0.0360608175397,0.0,0.00999999977648,-0.00999999977648,2,0,1,20.401345705286797,0.0
0.23623132705688477,57.6761741638,65.0166702271,83.4189529419,19.9467334669,1.66362204874,1.31411413704,-0.0479733981192,0.0289776027203,0.0133441770449,0.0,0.00999999977648,-0.00999999977648,2,0,1,20.05908049452344,0.0
0.4604461193084717,53.0398597717,64.9235839844,84.4914550781,19.5303073168,1.53577631315,0.921271201468,0.443806290627,-0.0658158883452,-0.0271305367351,0.0,0.00999999977648,-0.00999999977648,2,0,1,19.61224753564309,0.0
0.7130095958709717,48.5162734985,64.87915802,85.5254592896,19.0271621127,1.19350847423,0.355700033409,0.443806290627,-0.0658158883452,-0.0271305367351,0.0,0.00999999977648,-0.00999999977648,2,0,1,19.067875682802015,0.0
0.9703056812286377,43.7893600464,64.9374313354,86.418838501,18.4005977579,1.22914434461,-0.186875117305,0.630246520042,0.0198097769171,-0.156521528959,0.0,0.00999999977648,-0.00999999977648,2,0,1,18.44255177510393,0.0
1.2549657821655273,38.7868347168,65.1921920776,87.0790328979,17.7485689934,1.2882157308,-0.302843031692,0.446696698666,0.120574966073,-0.241822481155,0.0,0.00999999977648,-0.00999999977648,2,0,1,17.797834558855886,0.0
1.4989392757415771,34.632068634,65.6259460449,87.4303131104,17.3057016527,0.0452907414706,-0.55405844467,0.446696698666,0.120574966073,-0.241822481155,0.0,0.00999999977648,-0.00999999977648,2,0,1,17.31462796896418,0.0
1.731081247329712,30.6046714783,66.193107605,87.4321975708,16.9993736265,0.436936085713,-1.22725513436,-0.0887274295092,0.190919563174,-0.248395815492,0.0,0.00999999977648,-0.00999999977648,2,0,1,17.04921616969985,0.0
1.9596147537231445,26.9707164764,66.7489471436,87.0263442993,16.8300071868,0.518937126286,-1.68670648338,-0.000493957661092,0.00995251256973,-0.198972657323,0.0,0.00999999977648,-0.00999999977648,2,0,1,16.92227574559207,0.0
2.2315378189086914,22.4842128754,67.6312866211,86.1767883301,16.6983375,-1.00054926071,-2.07260686015,-0.000493957661092,0.00995251256973,-0.198972657323,0.0,0.00999999977648,-0.00999999977648,2,0,1,16.85619391451565,0.0
2.4766697883605957,18.74908638,68.6140060425,85.2645263672,16.8159137415,-0.646868651144,-1.60494014372,-0.149172827601,0.107060208917,-0.323924958706,0.0,0.00999999977648,-0.00999999977648,2,0,1,16.904710197998824,0.0
2.7273550033569336,14.7750816345,69.8992004395,84.0680999756,17.0230734317,1.12881811941,-1.61210680376,-0.05569332093,-0.00496588647366,-0.497261226177,0.0,0.00999999977648,-0.00999999977648,2,0,1,17.136456686097276,0.0
2.9628002643585205,11.1948184967,71.2902755737,82.7492294312,17.307111455,-0.0386724184084,-1.2954372112,-0.05569332093,-0.00496588647366,-0.497261226177,0.0,0.00999999977648,-0.00999999977648,2,0,1,17.355568559972312,0.0
3.183553457260132,8.28642749786,72.6786575317,81.5847854614,17.4568469272,1.46543616941,-1.26761962062,0.00839432142675,-0.0875575467944,-0.188467770815,0.0,0.00999999977648,-0.00999999977648,2,0,1,17.564050424343694,0.0
3.447498321533203,4.29104328156,74.9806518555,79.8436203003,17.8501483397,0.781230403621,-1.09733419021,0.0835575386882,-0.0799403563142,-0.139427810907,0.0,0.00999999977648,-0.00999999977648,2,0,1,17.90090106720442,0.0
3.708282947540283,0.959516406059,77.1977615356,78.2431335449,18.214221972,-0.143434529258,-0.972990325586,0.0835575386882,-0.0799403563142,-0.139427810907,0.0,0.00999999977648,-0.00999999977648,2,0,1,18.240755622592914,0.0
3.9521920680999756,-2.57455158234,79.8208618164,76.4460144043,18.5293250962,0.901194947586,-0.657601637175,-0.265597522259,-0.121065869927,-0.269413709641,0.0,0.00999999977648,-0.00999999977648,2,0,1,18.562879107709477,0.0
4.170261859893799,-5.49868249893,82.2552642822,75.0236053467,18.6920554696,2.34149735363,-0.299304219595,-0.198544517159,0.00366319902241,-0.238887533545,0.0,0.00999999977648,-0.00999999977648,2,0,1,18.84051831960912,0.0
4.450241804122925,-9.16615104675,85.5786895752,73.2276229858,19.1299666914,1.64895068678,-0.323922079746,-0.198544517159,0.00366319902241,-0.238887533545,0.0,0.00999999977648,-0.00999999977648,2,0,1,19.203634799049183,0.0
4.663896083831787,-11.9834938049,88.3013916016,71.7922210693,19.3507783233,1.91148716292,0.0901435573284,-0.260483205318,-0.1803201437,0.0479447543621,0.0,0.00999999977648,-0.00999999977648,2,0,1,19.44516728527767,0.0
4.939607620239258,-15.3222560883,91.6997070312,70.2115859985,19.621276851,1.58757694893,0.194479183331,-0.190338298678,-0.0499005317688,-0.0561743713915,0.0,0.00999999977648,-0.00999999977648,2,0,1,19.686358931633638,0.0
5.170459032058716,-18.4023208618,94.8988952637,68.7061462402,19.8711966818,1.4294193911,-0.0650574310564,-0.190338298678,-0.0499005317688,-0.0561743713915,0.0,0.00999999977648,-0.00999999977648,2,0,1,19.922648665068802,0.0
5.457620143890381,-22.2927055359,98.963760376,66.7953948975,20.1254848251,1.90661012549,0.214083465445,-0.423378139734,0.0012254435569,-0.0916032493114,0.0,0.00999999977648,-0.00999999977648,2,0,1,20.216729046661538,0.0
5.670852422714233,-24.6358585358,101.402397156,65.6639480591,20.1811087272,2.77052077116,0.559281130467,0.0458085238934,-0.0486971251667,-0.0971358716488,0.0,0.00999999977648,-0.00999999977648,2,0,1,20.378069834638254,0.0
5.926097631454468,-28.2934093475,105.23714447,63.9327659607,20.4008724335,2.77101988925,0.938805490781,0.0458085238934,-0.0486971251667,-0.0971358716488,0.0,0.00999999977648,-0.00999999977648,2,0,1,20.609597352303606,0.0
6.207167625427246,-31.7832145691,108.885414124,62.3938407898,20.7031486863,2.10506965435,0.834154928567,0.0062222443521,0.00695806276053,0.128010958433,0.0,0.00999999977648,-0.00999999977648,2,0,1,20.826605537666556,0.0
6.429468870162964,-35.0802993774,112.276252747,61.000087738,20.889780236,2.34148199909,0.917560377009,0.0062222443521,0.00695806276053,0.128010958433,0.0,0.00999999977648,-0.00999999977648,2,0,1,21.040612474590553,0.0
6.662663459777832,-38.1820755005,115.361167908,59.7071914673,21.0516031359,2.50837925116,1.26374830953,-0.537854194641,-0.0107858013362,-0.0649505108595,0.0,0.00999999977648,-0.00999999977648,2,0,1,21.23815012775182,0.0
6.911949157714844,-41.9802513123,118.993499756,58.2086982727,21.1800286541,3.31829503569,1.2419167309,0.084912635386,-0.0620909184217,0.0307709425688,0.0,0.00999999977648,-0.00999999977648,2,0,1,21.47433474869178,0.0
7.177916049957275,-45.8878746033,122.65057373,56.7262954712,21.4758920586,2.9302219986,0.941859161464,0.327718049288,0.156661659479,0.197361811996,0.0,0.00999999977648,-0.00999999977648,2,0,1,21.69532759268114,0.0
7.424588918685913,-49.524105072,126.064735413,55.1975860596,21.7195772975,3.01867418609,0.316088241498,0.327718049288,0.156661659479,0.197361811996,0.0,0.00999999977648,-0.00999999977648,2,0,1,21.93062570015404,0.0
7.684840679168701,-53.8138389587,130.080825806,53.3298225403,22.1653362424,1.21175229801,0.989781462977,0.0290741659701,0.0563018992543,0.177518770099,0.0,0.00999999977648,-0.00999999977648,2,0,1,22.220489232121697,0.0
7.93491530418396,-57.4996376038,133.558364868,51.8156852722,22.3500360911,0.468366888363,0.869923036626,0.177754312754,-0.123558521271,0.0373717136681,0.0,0.00999999977648,-0.00999999977648,2,0,1,22.371862839407008,0.0
8.203713178634644,-61.5215759277,137.46333313,50.3158531189,22.4695430918,0.224146919049,1.68253374793,0.177754312754,-0.123558521271,0.0373717136681,0.0,0.00999999977648,-0.00999999977648,2,0,1,22.53356448519629,0.0
8.424439191818237,-64.9264755249,140.878479004,49.1985435486,22.67800532,-0.727576205238,0.906438119522,0.173592075706,-0.0832224190235,-0.0400564484298,0.0,0.00999999977648,-0.00999999977648,2,0,1,22.707772292607203,0.0
8.683456420898438,-69.2108917236,145.378326416,47.9723014832,22.9095475789,-0.367361421017,1.38886261505,0.341868489981,-0.16494370997,-0.199887871742,0.0,0.00999999977648,-0.00999999977648,2,0,1,22.954547785722507,0.0
8.931604146957397,-72.6806182861,149.370880127,47.3398513794,23.0220759765,0.733132500556,0.809746789102,0.294688075781,-0.391976118088,-0.171379476786,0.0,0.00999999977648,-0.00999999977648,2,0,1,23.047975082283713,0.0
9.160942316055298,-76.0071640015,153.667282104,47.1323547363,22.8775953026,-0.103014089117,2.69076211262,0.294688075781,-0.391976118088,-0.171379476786,0.0,0.00999999977648,-0.00999999977648,2,0,1,23.035519952430278,0.0
9.429243326187134,-79.2715377808,158.577758789,47.279838562,22.9490468807,-0.217132978611,0.692732268641,0.374932080507,-0.167053222656,-0.0679777935147,0.0,0.00999999977648,-0.00999999977648,2,0,1,22.96052650657174,0.0
9.65759539604187,-81.6743774414,162.933837891,47.5405540466,22.8343650957,-1.57203950778,1.83563454318,0.374932080507,-0.167053222656,-0.0679777935147,0.0,0.00999999977648,-0.00999999977648,2,0,1,22.96190522830933,0.0
9.92613172531128,-84.2781677246,168.70614624,47.8564682007,22.8783798337,-2.0919586015,1.36697164634,0.282483667135,-0.147989615798,-0.157127574086,0.0,0.00999999977648,-0.00999999977648,2,0,1,23.014455589636224,0.0
10.16697645187378,-86.1525878906,173.876678467,48.0749130249,22.7502045029,-3.60080753077,2.11291811282,0.282483667135,-0.147989615798,-0.157127574086,0.0,0.00999999977648,-0.00999999977648,2,0,1,23.13011117026687,0.0
10.437052965164185,-87.631149292,179.679916382,48.2813491821,23.1432671766,-1.40491413721,2.27782772678,0.193997099996,-0.305501252413,-0.356194257736,0.0,0.00999999977648,-0.00999999977648,2,0,1,23.29749124891586,0.0
10.67119312286377,-88.4487304687,185.239501953,48.4919128418,23.478515403,-1.12881366175,1.74168183873,-0.0785998553038,-0.193818345666,-0.190114632249,0.0,0.00999999977648,-0.00999999977648,2,0,1,23.57007342880424,0.0
10.93079423904419,-88.861869812,191.399917603,48.6180801392,23.5004938729,-2.83944055989,2.86486542165,-0.0785998553038,-0.193818345666,-0.190114632249,0.0,0.00999999977648,-0.00999999977648,2,0,1,23.844141604333856,0.0
11.181420803070068,-88.7691268921,197.142364502,48.6984367371,23.8932892625,-2.01987234961,2.56946505017,-0.0640550106764,-0.122682899237,-0.289609879255,0.0,0.00999999977648,-0.00999999977648,2,0,1,24.115789573104628,0.0
11.434064865112305,-87.9257736206,203.357971191,48.9765777588,23.6284543365,-3.83045156143,5.02664622675,-0.0640550106764,-0.122682899237,-0.289609879255,0.0,0.00999999977648,-0.00999999977648,2,0,1,24.45901440748231,0.0
11.666173458099365,-86.5383071899,209.075714111,49.2834472656,24.5261851164,-1.89462406491,2.76034160467,0.165969133377,-0.137993752956,-0.282749176025,0.0,0.00999999977648,-0.00999999977648,2,0,1,24.75364301442778,0.0
11.865256071090698,-84.998374939,213.835327148,49.475112915,24.4957116857,-3.40565805098,3.9519548375,0.165969133377,-0.137993752956,-0.282749176025,0.0,0.00999999977648,-0.00999999977648,2,0,1,25.045086240354298,0.0
12.143142223358154,-82.5364151001,219.816070557,49.6189727783,25.1687820549,-1.63095231029,2.50790428681,-0.126227930188,-0.197247669101,-0.27820405364,0.0,0.00999999977648,-0.00999999977648,2,0,1,25.345949962021475,0.0
12.372887134552002,-79.7655715942,225.209701538,49.7265319824,25.0138907713,-3.10835567108,4.31301840756,-0.126227930188,-0.197247669101,-0.27820405364,0.0,0.00999999977648,-0.00999999977648,2,0,1,25.572616883698352,0.0
12.670873641967773,-75.4816131592,231.550567627,50.0306587219,25.4759393011,-1.3799726254,3.41427339454,-0.0928632766008,-0.2798833251,-0.399253845215,0.0,0.00999999977648,-0.00999999977648,2,0,1,25.740727855537585,0.0
12.893925189971924,-71.9109573364,235.772018433,50.3396072388,25.6613920027,-0.163127916521,2.4135744137,0.176609203219,-0.354694336653,-0.300211519003,0.0,0.00999999977648,-0.00999999977648,2,0,1,25.77516230179456,0.0
13.1176176071167,-67.9263763428,239.725997925,50.6381454468,25.4929884735,-1.92663215917,3.53615044265,0.176609203219,-0.354694336653,-0.300211519003,0.0,0.00999999977648,-0.00999999977648,2,0,1,25.809082369193323,0.0
13.363855361938477,-63.1492385864,243.591079712,50.9430656433,25.630709793,-0.925360018196,3.2370069722,-0.105661302805,-0.504971027374,-0.233513116837,0.0,0.00999999977648,-0.00999999977648,2,0,1,25.85087599665306,0.0
13.648275136947632,-56.4384384155,247.394882202,51.6446914673,25.6676806817,-0.866331268098,4.16386933756,-0.364893853664,-0.32091075182,-0.224326223135,0.0,0.00999999977648,-0.00999999977648,2,0,1,26.01765111043024,0.0
13.86258864402771,-51.6066818237,249.208847046,52.3456077576,25.1256541149,-2.32080952712,6.25746077902,-0.364893853664,-0.32091075182,-0.224326223135,0.0,0.00999999977648,-0.00999999977648,2,0,1,25.996931875968286,0.0
14.179938077926636,-43.6507759094,251.233551025,53.4301948547,25.0456805719,-3.02172361342,5.24028158343,0.0881039127707,-0.342734068632,-0.0865939185023,0.0,0.00999999977648,-0.00999999977648,2,0,1,25.765819994309997,0.0
14.34843134880066,-39.1483879089,251.977554321,53.9944381714,25.1421558319,-3.07396970968,3.89116992169,-0.103253528476,-0.16532330215,-0.201850712299,0.0,0.00999999977648,-0.00999999977648,2,0,1,25.626519330783847,0.0
14.58078408241272,-33.6262664795,252.598144531,54.6599235535,24.5291447931,-4.49706262011,5.05085523836,-0.103253528476,-0.16532330215,-0.201850712299,0.0,0.00999999977648,-0.00999999977648,2,0,1,25.444324615303195,0.0
14.835309267044067,-27.0895786285,252.845428467,55.3315544128,24.8020339782,-2.68193472768,3.89798466931,0.0110293962061,-0.153828203678,-0.303264290094,0.0,0.00999999977648,-0.00999999977648,2,0,1,25.24931578917534,0.0
15.06984543800354,-21.0792617798,252.661453247,55.7269172668,24.8299394026,-2.00013926752,3.21221080265,0.0288302432746,-0.238230705261,-0.192003875971,0.0,0.00999999977648,-0.00999999977648,2,0,1,25.116622903306983,0.0
15.319650888442993,-14.6338272095,251.920013428,55.9994087219,24.3698575608,-3.8476487025,4.62616711824,0.0288302432746,-0.238230705261,-0.192003875971,0.0,0.00999999977648,-0.00999999977648,2,0,1,25.10170871230514,0.0
15.583255290985107,-8.72435092926,250.753311157,56.0886421204,24.6234397507,-3.45312615742,3.56895356957,0.0285893194377,-0.101980410516,-0.301368772984,0.0,0.00999999977648,-0.00999999977648,2,0,1,25.119221624030423,0.0
15.793732166290283,-3.37459468842,249.321517944,56.0054244995,24.2508748451,-4.97760214782,4.61043502599,0.0285893194377,-0.101980410516,-0.301368772984,0.0,0.00999999977648,-0.00999999977648,2,0,1,25.18208817837714,0.0
16.03383469581604,1.810557127,247.509307861,55.8240203857,24.8611108378,-3.28028375427,3.17897515885,-0.0584740750492,-0.208675324917,-0.323213219643,0.0,0.00999999977648,-0.00999999977648,2,0,1,25.27728182891684,0.0
16.258718967437744,7.78786754608,244.830780029,55.5595436096,25.1288858943,-3.04634331791,3.00402774796,-0.27743512392,-0.259486794472,-0.177942588925,0.0,0.00999999977648,-0.00999999977648,2,0,1,25.49049424020331,0.0
16.524298906326294,13.5541782379,241.552536011,55.3179092407,25.2036234292,-3.67434953619,2.54124540182,-0.640858113766,-0.0513660162687,-0.176329478621,0.0,0.00999999977648,-0.00999999977648,2,0,1,25.596511611297547,0.0
16.768945693969727,18.263256073,238.520584106,55.1243438721,24.9575169801,-4.47963523505,3.32224035188,-0.640858113766,-0.0513660162687,-0.176329478621,0.0,0.00999999977648,-0.00999999977648,2,0,1,25.57307307710086,0.0
17.013597011566162,23.5797958374,234.789291382,55.0210723877,25.0089327709,-3.75774371517,2.59138256493,-0.893544375896,-0.146989107132,-0.276354521513,0.0,0.00999999977648,-0.00999999977648,2,0,1,25.422089209310055,0.0
17.26526641845703,28.4199409485,231.198760986,55.0791740417,25.0124248975,-2.72356345719,1.0125614245,-0.705126881599,-0.111180387437,-0.0171216633171,0.0,0.00999999977648,-0.00999999977648,2,0,1,25.180636961697456,0.0
17.5345938205719,34.0002174377,227.033996582,55.2848892212,24.6224810082,-2.75292569008,0.4653489983,-0.675038993359,-0.0246761888266,0.0148338610306,0.0,0.00999999977648,-0.00999999977648,2,0,1,24.780268774662048,0.0
17.79719305038452,39.1335639954,223.355407715,55.5209922791,24.2669719655,-2.1692263822,0.327201963493,-0.675038993359,-0.0246761888266,0.0148338610306,0.0,0.00999999977648,-0.00999999977648,2,0,1,24.36592975029907,0.0
17.989081382751465,43.1066513062,220.66255188,55.6287879944,24.0057512583,-1.8194782416,0.263324133227,-0.458242893219,0.100775562227,0.0679386034608,0.0,0.00999999977648,-0.00999999977648,2,0,1,24.076044819408512,0.0
18.211432218551636,47.5202445984,217.847885132,55.6209754944,23.7878568129,-0.944498123717,-0.00735821480918,-0.458242893219,0.100775562227,0.0679386034608,0.0,0.00999999977648,-0.00999999977648,2,0,1,23.80660123999356,0.0
18.465272903442383,52.7555656433,214.752243042,55.4586029053,23.5142384314,-0.839727217681,0.0688089026011,-0.130636572838,-0.0669195652008,0.150080934167,0.0,0.00999999977648,-0.00999999977648,2,0,1,23.52932819852535,0.0
18.719432830810547,57.671421051,212.138916016,55.251499176,23.2324655315,-1.47294996681,-0.328361103138,-0.154962539673,-0.121139764786,0.243729323149,0.0,0.00999999977648,-0.00999999977648,2,0,1,23.281427303563568,0.0
18.995248079299927,63.4935035706,209.470718384,54.975818634,23.0091975405,-0.00825593362546,0.113460595757,-0.154962539673,-0.121139764786,0.243729323149,0.0,0.00999999977648,-0.00999999977648,2,0,1,23.00947876256611,0.0
19.2269229888916,68.5309829712,207.512573242,54.6458816528,22.8649241222,-0.522233320612,-0.238932237066,-0.151883497834,-0.0418419353664,0.108306109905,0.0,0.00999999977648,-0.00999999977648,2,0,1,22.872135260378084,0.0
19.458967685699463,73.1748275757,205.979293823,54.2714576721,22.7645949174,0.525395914588,0.557842797381,-0.151883497834,-0.0418419353664,0.108306109905,0.0,0.00999999977648,-0.00999999977648,2,0,1,22.777489133066656,0.0
19.682453393936157,77.9175491333,204.699661255,53.9538993835,22.7236323191,0.73564326643,0.677630878562,0.0254228189588,-0.0601289384067,0.219611644745,0.0,0.00999999977648,-0.00999999977648,2,0,1,22.74563299617468,0.0
19.943466663360596,83.9975891113,203.434799194,53.6211090088,22.6891067506,-0.742369851232,0.872794794633,0.159279122949,-0.225985601544,0.325691401958,0.0,0.00999999977648,-0.00999999977648,2,0,1,22.718020355869022,0.0
20.178372621536255,88.8223342896,202.746932983,53.4540519714,22.5869836051,0.145511083344,1.85447146847,0.159279122949,-0.225985601544,0.325691401958,0.0,0.00999999977648,-0.00999999977648,2,0,1,22.663452214519335,0.0
20.44719171524048,94.9487457275,202.205413818,53.3888130188,22.4723881593,-0.827065589077,1.74191116072,0.321402877569,-0.117941342294,0.194185182452,0.0,0.00999999977648,-0.00999999977648,2,0,1,22.55496667172716,0.0
20.662803411483765,99.7434844971,202.002609253,53.4378318787,22.3699738147,-0.726430284186,1.65880150516,0.304582834244,0.0270653385669,-0.0914339274168,0.0,0.00999999977648,-0.00999999977648,2,0,1,22.443151558140567,0.0
20.942951202392578,105.761985779,201.908676147,53.5088195801,22.2093253162,-0.264935684593,1.67586401084,0.304582834244,0.0270653385669,-0.0914339274168,0.0,0.00999999977648,-0.00999999977648,2,0,1,22.274039644855662,0.0
21.177369832992554,110.473098755,201.8306427,53.5142669678,22.0498863689,0.814588983363,1.47134268567,0.57299810648,0.0909604430199,0.0733653903008,0.0,0.00999999977648,-0.00999999977648,2,0,1,22.113929849574294,0.0
21.42590856552124,115.574157715,201.672363281,53.4075164795,21.9061848338,-0.72563200695,1.188819384,0.192428395152,0.0488849543035,0.19931216538,0.0,0.00999999977648,-0.00999999977648,2,0,1,21.950416107898583,0.0
21.647138118743896,120.64339447,201.465652466,53.2415390015,21.7714729474,-0.833151029809,1.2345558069,0.192428395152,0.0488849543035,0.19931216538,0.0,0.00999999977648,-0.00999999977648,2,0,1,21.82235786935482,0.0
21.886847972869873,125.722488403,201.240371704,53.0416679382,21.6210780072,-1.7564245151,0.72462839514,0.118225231767,0.0235770903528,-0.0629996359348,0.0,0.00999999977648,-0.00999999977648,2,0,1,21.70440341455427,0.0
22.13364052772522,130.79473877,200.967880249,52.7467384338,21.5313463307,-2.1504468688,0.439312190288,0.118225231767,0.0235770903528,-0.0629996359348,0.0,0.00999999977648,-0.00999999977648,2,0,1,21.642927060557582,0.0
22.385618209838867,136.241210938,200.523345947,52.3369865417,21.5988702813,-0.990254420279,1.00311359744,0.528846383095,0.151967152953,-0.204389214516,0.0,0.00999999977648,-0.00999999977648,2,0,1,21.644815502440196,0.0
22.62480092048645,141.292480469,199.886306763,51.9043540955,21.6899096938,-0.65378292124,1.3737736825,0.499446570873,0.00472994334996,-0.144907951355,0.0,0.00999999977648,-0.00999999977648,2,0,1,21.74320281752516,0.0
22.900519847869873,146.778930664,198.843841553,51.4622077942,21.7660634836,-1.99320698312,2.15210177719,0.499446570873,0.00472994334996,-0.144907951355,0.0,0.00999999977648,-0.00999999977648,2,0,1,21.96283077631497,0.0
23.135558366775513,151.878814697,197.488082886,51.0775184631,21.9851675385,-1.85826161898,2.67677388288,0.395297020674,-0.225890085101,-0.107623793185,0.0,0.00999999977648,-0.00999999977648,2,0,1,22.22534243516974,0.0
23.364232778549194,156.937835693,195.691513062,50.7848396301,22.2536694717,-2.34674897819,2.66852080858,-0.123350255191,-0.285524874926,-0.142766237259,0.0,0.00999999977648,-0.00999999977648,2,0,1,22.535617121084854,0.0
23.605393171310425,161.93536377,193.415420532,50.6260375977,22.1578950067,-3.71623991726,3.8823369868,-0.123350255191,-0.285524874926,-0.142766237259,0.0,0.00999999977648,-0.00999999977648,2,0,1,22.80033532055291,0.0
23.8198459148407,166.026657104,191.225845337,50.5097503662,22.7687437864,-2.71703005297,2.39093373692,-0.247633516788,-0.212002933025,-0.229212224483,0.0,0.00999999977648,-0.00999999977648,2,0,1,23.05459845787415,0.0
24.062418937683105,170.840637207,188.346282959,50.2921142578,23.2025890856,-1.61193580276,1.91787153153,0.274651587009,0.00220556184649,-0.279366523027,0.0,0.00999999977648,-0.00999999977648,2,0,1,23.337452914122334,0.0
24.32007932662964,176.382034302,184.678314209,49.7597389221,23.6512444556,-1.90416046327,1.55146837544,0.216003790498,-0.129049554467,-0.244959667325,0.0,0.00999999977648,-0.00999999977648,2,0,1,23.778440770757467,0.0
24.62032961845398,181.751953125,180.58895874,48.9811019897,23.8798658106,-3.83454621949,2.45466173831,0.216003790498,-0.129049554467,-0.244959667325,0.0,0.00999999977648,-0.00999999977648,2,0,1,24.310020569534508,0.0
24.80824613571167,185.40802002,177.305130005,48.3663978577,24.6229722135,-2.66882056992,1.7132861271,0.385040521622,-0.210194185376,-0.186911717057,0.0,0.00999999977648,-0.00999999977648,2,0,1,24.826371325961723,0.0
25.0596821308136,189.820510864,172.474807739,47.5534439087,24.9634843894,-4.41789412079,3.8428361814,0.385040521622,-0.210194185376,-0.186911717057,0.0,0.00999999977648,-0.00999999977648,2,0,1,25.640997079665315,0.0
25.300163984298706,193.551589966,167.436859131,46.8347015381,26.1592069962,-2.85915350217,1.68297785289,-0.143110871315,-0.297120124102,-0.338361114264,0.0,0.00999999977648,-0.00999999977648,2,0,1,26.36875582715893,0.0
25.546589136123657,196.599609375,162.367996216,46.2438087463,26.897043369,-2.07458193396,1.03019837733,-0.233713179827,-0.390059858561,-0.300988614559,0.0,0.00999999977648,-0.00999999977648,2,0,1,26.9965949869837,0.0
25.787142753601074,199.426452637,156.500213623,45.7194442749,27.1384951631,-3.61734891208,2.88919978921,-0.233713179827,-0.390059858561,-0.300988614559,0.0,0.00999999977648,-0.00999999977648,2,0,1,27.53053955685031,0.0
26.018653869628906,201.809143066,150.229202271,45.2537994385,27.8368868504,-2.1118171147,1.53405736724,-0.102911509573,-0.347842484713,-0.271915018559,0.0,0.00999999977648,-0.00999999977648,2,0,1,27.958994492897908,0.0
26.27025556564331,203.839233398,143.157974243,44.860206604,28.2804849805,-1.56759652777,0.965969416493,0.135970249772,-0.400850445032,-0.284275233746,0.0,0.00999999977648,-0.00999999977648,2,0,1,28.34036496800566,0.0
26.52022933959961,205.116149902,135.860687256,44.7510757446,28.6891363341,-0.929802833448,0.245459832474,0.125269591808,-0.401230871677,-0.224346920848,0.0,0.00999999977648,-0.00999999977648,2,0,1,28.705249126858714,0.0
26.809601068496704,205.573532104,128.436691284,44.8936347961,28.6338715251,-2.60580663303,3.06559694291,0.125269591808,-0.401230871677,-0.224346920848,0.0,0.00999999977648,-0.00999999977648,2,0,1,28.91516403794132,0.0
27.025824546813965,205.332702637,122.072280884,45.1702537537,28.9471536107,-1.74033017535,1.01407985997,-0.00104290619493,-0.306548595428,-0.254678934813,0.0,0.00999999977648,-0.00999999977648,2,0,1,29.017146814307786,0.0
27.269898891448975,204.449737549,114.586761475,45.548866272,29.0347883838,-1.1158452117,-0.0622589555581,-0.205755770206,-0.1564450562,-0.265664100647,0.0,0.00999999977648,-0.00999999977648,2,0,1,29.056288875320405,0.0
27.514326095581055,203.010055542,107.238342285,46.0209159851,28.7518652104,-2.41892021802,2.26935230359,-0.205755770206,-0.1564450562,-0.265664100647,0.0,0.00999999977648,-0.00999999977648,2,0,1,28.942544600915188,0.0
27.760809421539307,201.12562561,100.663162231,46.7285041809,28.6871377435,-0.114468205096,1.0008613278,-0.64339363575,-0.376139074564,-0.225719943643,0.0,0.00999999977648,-0.00999999977648,2,0,1,28.704820122794807,0.0
28.04185914993286,198.453720093,93.2872238159,47.9038276672,28.1554993044,0.366767916811,0.00772920952515,-0.651112377644,-0.249149754643,-0.150687083602,0.0,0.00999999977648,-0.00999999977648,2,0,1,28.157889117005034,0.0
28.264755725860596,196.246887207,87.7253646851,48.9793128967,27.5370643084,1.41419555183,-0.357028281422,-0.657069206238,-0.0488505065441,-0.165645390749,0.0,0.00999999977648,-0.00999999977648,2,0,1,27.575665521932706,0.0
28.52572798728943,193.612625122,81.3680038452,50.4100532532,26.7223720082,1.24002529143,0.723826162013,-0.657069206238,-0.0488505065441,-0.165645390749,0.0,0.00999999977648,-0.00999999977648,2,0,1,26.760918384480593,0.0
28.75307583808899,191.483596802,76.2199935913,51.8178482056,25.9419111165,1.41561806816,0.926250748076,-0.78721177578,0.042091473937,-0.00779761141166,0.0,0.00999999977648,-0.00999999977648,2,0,1,25.997012661834795,0.0
29.033050298690796,189.036224365,69.8845977783,53.6839828491,24.9414192546,1.94837475117,1.10183829262,-0.78721177578,0.042091473937,-0.00779761141166,0.0,0.00999999977648,-0.00999999977648,2,0,1,25.041657417747174,0.0
29.29563808441162,186.956802368,64.1330490112,55.3484344482,23.9070758461,3.33096439852,1.37491169657,-0.244720190763,0.0445288382471,-0.0780863910913,0.0,0.00999999977648,-0.00999999977648,2,0,1,24.177137578893632,0.0
29.500402450561523,185.444900513,59.7789344788,56.4274330139,23.2493079862,2.98883194936,2.68179170136,-0.440002650023,0.260109901428,0.120589800179,0.0,0.00999999977648,-0.00999999977648,2,0,1,23.593546680992702,0.0
29.744582414627075,183.595809937,54.192024231,57.4838409424,22.5676188868,3.82478461169,1.29948454384,-0.440002650023,0.260109901428,0.120589800179,0.0,0.00999999977648,-0.00999999977648,2,0,1,22.92629624743935,0.0
29.983083963394165,181.992141724,49.0593719482,58.0876121521,21.94494988,3.43241808603,3.43801958313,-0.29750046134,0.155608087778,0.0779029503465,0.0,0.00999999977648,-0.00999999977648,2,0,1,22.476260761234357,0.0
30.257484197616577,180.426010132,43.5198783875,58.4740562439,21.5448815573,4.46299860775,2.8058746433,-0.29750046134,0.155608087778,0.0779029503465,0.0,0.00999999977648,-0.00999999977648,2,0,1,22.18046912048476,0.0
30.493197679519653,179.13067627,38.4218864441,58.5713272095,21.4584931335,3.4565898703,3.07928183659,0.0596588440239,0.212640196085,0.248974755406,0.0,0.00999999977648,-0.00999999977648,2,0,1,21.95215063999608,0.0
30.74675464630127,177.845550537,33.0509719849,58.2753868103,21.5042586871,2.73544773367,2.76824272977,-0.033575117588,0.147956341505,0.242891043425,0.0,0.00999999977648,-0.00999999977648,2,0,1,21.853580571528333,0.0
31.04217553138733,176.564056396,27.1737785339,57.5960121155,21.4999123147,3.76681705822,2.36840515052,-0.033575117588,0.147956341505,0.242891043425,0.0,0.00999999977648,-0.00999999977648,2,0,1,21.955511454914816,0.0
31.245363235473633,175.800430298,22.9286766052,57.0227622986,21.8491318475,1.88669646899,2.79128003826,0.0615648180246,0.0338649898767,0.268962681293,0.0,0.00999999977648,-0.00999999977648,2,0,1,22.107361450601175,0.0
31.453847646713257,175.089920044,17.7864284515,56.2844085693,22.0877609859,1.83389787277,2.6615391253,-0.133929640055,0.0295433141291,0.0817559659481,0.0,0.00999999977648,-0.00999999977648,2,0,1,22.322996154044805,0.0
31.729774713516235,174.529953003,12.1437702179,55.3050842285,22.2834203643,2.78347287531,2.39675207932,-0.133929640055,0.0295433141291,0.0817559659481,0.0,0.00999999977648,-0.00999999977648,2,0,1,22.58413082032185,0.0
31.960508584976196,174.152038574,6.89398670197,54.2710952759,22.5020057907,3.47363898564,2.23958975249,0.256635338068,-0.0736270397902,0.0617706365883,0.0,0.00999999977648,-0.00999999977648,2,0,1,22.878422031834116,0.0
32.24415373802185,173.864517212,1.14955973625,53.2433547974,22.9220582261,2.95959207017,1.41268780982,0.722067892551,-0.0461921617389,0.116899132729,0.0,0.00999999977648,-0.00999999977648,2,0,1,23.155466425674646,0.0
32.465704679489136,173.599151611,-4.20939588547,52.3761367798,23.0490339351,2.82358097704,1.57911924941,0.722067892551,-0.0461921617389,0.116899132729,0.0,0.00999999977648,-0.00999999977648,2,0,1,23.274969226169787,0.0
32.72221755981445,173.232055664,-9.58135223389,51.528793335,23.1374250662,2.33149460385,1.58949284145,0.722067892551,-0.0461921617389,0.116899132729,0.0,0.00999999977648,-0.00999999977648,2,0,1,23.308856541555667,0.0
33.00649833679199,172.544616699,-15.8255176544,50.4945602417,23.2892947801,0.700272848132,-0.0190073020386,0.706129074097,-0.12672662735,-0.0602291561663,0.0,0.00999999977648,-0.00999999977648,2,0,1,23.29982821167905,0.0
33.258780002593994,171.604476929,-21.0700283051,49.6042785645,23.2624846676,0.433791800189,-0.677130393082,0.60122025013,-0.214605987072,-0.161834537983,0.0,0.00999999977648,-0.00999999977648,2,0,1,23.276380169722948,0.0
33.484108448028564,170.098419189,-26.7752780914,48.6931838989,23.2689485018,0.0245642521408,-1.31655047381,0.258933156729,-0.229899659753,-0.259734511375,0.0,0.00999999977648,-0.00999999977648,2,0,1,23.306176712021923,0.0
33.72023391723633,168.24822998,-31.9660358429,47.8753547668,23.3337832358,-1.43051586177,-0.158115511363,0.258933156729,-0.229899659753,-0.259734511375,0.0,0.00999999977648,-0.00999999977648,2,0,1,23.378126876227917,0.0
33.94188594818115,166.131622314,-36.5847053528,47.1443557739,23.4069283909,0.196961283654,-1.19630234313,0.391380757093,-0.357033371925,-0.366048783064,0.0,0.00999999977648,-0.00999999977648,2,0,1,23.438306887233928,0.0
34.21885633468628,162.923690796,-41.7969398499,46.4681053162,23.498627146,-1.62071766897,1.33134444152,0.391380757093,-0.357033371925,-0.366048783064,0.0,0.00999999977648,-0.00999999977648,2,0,1,23.592046997477897,0.0
34.428056478500366,159.65234375,-45.9326782227,46.0318565369,23.748388154,0.329907520748,-1.06000512632,-0.0171896778047,-0.425593823195,-0.388963490725,0.0,0.00999999977648,-0.00999999977648,2,0,1,23.774322067161417,0.0
34.708516120910645,154.843078613,-50.7151641846,45.5905342102,23.8310840681,-1.71892156858,1.90067329065,-0.0171896778047,-0.425593823195,-0.388963490725,0.0,0.00999999977648,-0.00999999977648,2,0,1,23.96847550799945,0.0
34.91938352584839,150.591949463,-53.9904670715,45.3345909119,24.1460185992,0.502290467905,-0.0919992349119,-0.108544833958,-0.480059862137,-0.315084129572,0.0,0.00999999977648,-0.00999999977648,2,0,1,24.151417634712146,0.0
35.17034339904785,145.592224121,-57.1271858215,45.0903244019,24.2761328446,0.933555916628,-0.663272674697,0.0522473976016,-0.360275000334,-0.233915939927,0.0,0.00999999977648,-0.00999999977648,2,0,1,24.303129082057268,0.0
35.41199207305908,140.220443726,-59.7050857544,44.9571609497,24.2786167141,-0.634696995479,2.00123579548,0.0522473976016,-0.360275000334,-0.233915939927,0.0,0.00999999977648,-0.00999999977648,2,0,1,24.369222690421545,0.0
35.679975509643555,133.662017822,-61.8956413269,45.0296974182,24.3843085709,-0.262181603929,0.0485613034932,0.017672766,-0.413172721863,-0.213324680924,0.0,0.00999999977648,-0.00999999977648,2,0,1,24.385766378658328,0.0
35.889458417892456,128.844070435,-62.9578742981,45.1343727112,24.2884956715,-1.69634494281,1.51063944258,0.017672766,-0.413172721863,-0.213324680924,0.0,0.00999999977648,-0.00999999977648,2,0,1,24.39447969674594,0.0
36.11942458152771,123.010101318,-63.7061462402,45.3447952271,24.3418782411,-0.86638327361,-0.438006125326,-0.253618150949,-0.334023088217,-0.191118001938,0.0,0.00999999977648,-0.00999999977648,2,0,1,24.36122955942807,0.0
36.36188077926636,117.144950867,-63.916179657,45.6633415222,24.2275952134,-2.20600919717,1.04392458851,-0.253618150949,-0.334023088217,-0.191118001938,0.0,0.00999999977648,-0.00999999977648,2,0,1,24.350207903606428,0.0
36.62891983985901,110.912628174,-63.6770019531,46.0270423889,24.2847522327,0.105636834857,-0.0475467989263,-0.281414538622,-0.228893116117,-0.389461964369,0.0,0.00999999977648,-0.00999999977648,2,0,1,24.285028532875852,0.0
36.87605118751526,105.162086487,-63.0382537842,46.458946228,24.0439036601,1.82981753974,-0.3138563324,-0.626630485058,-0.148239642382,-0.276542901993,0.0,0.00999999977648,-0.00999999977648,2,0,1,24.115473066939778,0.0
37.11970043182373,99.5349273682,-62.0632743835,47.0282478333,23.7790958274,0.961612695561,0.67158475458,-0.626630485058,-0.148239642382,-0.276542901993,0.0,0.00999999977648,-0.00999999977648,2,0,1,23.808005448325996,0.0
37.36782455444336,94.1452102661,-60.8546142578,47.7780761719,23.2816683216,1.66902015367,1.04935819836,-0.520130693913,-0.211368918419,-0.111532986164,0.0,0.00999999977648,-0.00999999977648,2,0,1,23.364992204980833,0.0
37.62433338165283,88.0494308472,-59.2346687317,49.0864448547,22.6554300976,1.9464974075,1.59237182013,-0.878889143467,-0.0169458799064,-0.0848523527384,0.0,0.00999999977648,-0.00999999977648,2,0,1,22.794582976623815,0.0
37.85966372489929,83.0094070435,-57.8654670715,50.433807373,22.096895614,1.97622823912,1.54298938026,-0.878889143467,-0.0169458799064,-0.0848523527384,0.0,0.00999999977648,-0.00999999977648,2,0,1,22.238684539709244,0.0
38.11462211608887,78.1324615479,-56.5983390808,51.7494773865,21.42491194,2.38485371867,2.30750075718,-0.492791563272,-0.0633813291788,-0.0546479299664,0.0,0.00999999977648,-0.00999999977648,2,0,1,21.68038142285774,0.0
38.34758996963501,73.753326416,-55.5441932678,52.9459228516,20.8298975695,2.7408807985,2.11895860482,-0.492791563272,-0.0633813291788,-0.0546479299664,0.0,0.00999999977648,-0.00999999977648,2,0,1,21.116037646215464,0.0
38.59727334976196,68.6569976807,-54.4219474792,54.1795120239,20.1929763427,2.6836908097,1.80268325272,-0.257805734873,0.104860283434,0.0286746043712,0.0,0.00999999977648,-0.00999999977648,2,0,1,20.450138308787725,0.0
38.85732173919678,63.6785736084,-53.4279556274,55.126625061,19.5367638297,2.88302628256,2.03811417956,-0.156733810902,0.177426323295,0.0347016975284,0.0,0.00999999977648,-0.00999999977648,2,0,1,19.853233764108293,0.0
39.09352469444275,59.193397522,-52.6146316528,55.7053260803,18.9991274336,3.34348380823,2.25387569956,-0.132911652327,0.175270110369,0.0329389832914,0.0,0.00999999977648,-0.00999999977648,2,0,1,19.422298599371167,0.0
39.35126566886902,54.3262367249,-51.8113136292,56.0533828735,18.6424207487,3.93069104742,1.39691448228,-0.132911652327,0.175270110369,0.0329389832914,0.0,0.00999999977648,-0.00999999977648,2,0,1,19.103443499867545,0.0
39.63613510131836,49.1637229919,-51.0387611389,56.1681442261,18.4465574648,3.58364550486,1.79067578599,0.149354055524,0.202798575163,0.196967884898,0.0,0.00999999977648,-0.00999999977648,2,0,1,18.876559993208584,0.0
39.84403920173645,45.49061203,-50.5489082336,56.0579528809,18.3466331785,3.99827859538,0.98576632824,0.149354055524,0.202798575163,0.196967884898,0.0,0.00999999977648,-0.00999999977648,2,0,1,18.80310921009083,0.0
40.06575870513916,41.1125183105,-50.0296134949,55.6777534485,18.4198190404,3.60865830653,1.10791027727,0.0715634524822,0.148795455694,-0.0201850701123,0.0,0.00999999977648,-0.00999999977648,2,0,1,18.80264910689052,0.0
40.36251616477966,36.040184021,-49.4913711548,54.9282608032,18.4887323843,4.05938049273,0.295663237867,0.0715634524822,0.148795455694,-0.0201850701123,0.0,0.00999999977648,-0.00999999977648,2,0,1,18.931434491692553,0.0
40.554924964904785,32.4234428406,-49.1565818787,54.3148574829,18.6316100044,3.94787987173,0.821801351621,0.109533585608,0.0298809148371,0.0770377069712,0.0,0.00999999977648,-0.00999999977648,2,0,1,19.06300092585622,0.0
40.83107542991638,27.2979869843,-48.7549667358,53.4386291504,18.7628651748,4.28662586409,0.551715317731,0.109533585608,0.0298809148371,0.0770377069712,0.0,0.00999999977648,-0.00999999977648,2,0,1,19.254211504453437,0.0
41.061208963394165,22.8664569855,-48.4714317322,52.5946044922,19.0347622812,3.92826935346,0.550101653448,-0.0105798412114,-0.0150025747716,0.0542592741549,0.0,0.00999999977648,-0.00999999977648,2,0,1,19.44366444485847,0.0
41.32072448730469,18.3885555267,-48.2511978149,51.7845001221,19.2050818369,3.95994281402,0.624494987641,-0.118757590652,-0.0742341205478,0.029217178002,0.0,0.00999999977648,-0.00999999977648,2,0,1,19.619029268593376,0.0
41.566526889801025,13.4897022247,-48.0714683533,51.0111122131,19.3310822472,4.16279816643,0.985154120073,-0.118757590652,-0.0742341205478,0.029217178002,0.0,0.00999999977648,-0.00999999977648,2,0,1,19.798741325214106,0.0
41.82340860366821,8.55344772339,-47.9488677979,50.2846412659,19.6663878834,3.26519264337,0.437969476955,-0.0158296264708,-0.0618365481496,0.20692692697,0.0,0.00999999977648,-0.00999999977648,2,0,1,19.940414053910818,0.0
42.08528208732605,3.92346119881,-47.9453239441,49.7291183472,19.7366245486,3.6351815253,1.08039030556,-0.0158296264708,-0.0618365481496,0.20692692697,0.0,0.00999999977648,-0.00999999977648,2,0,1,20.097664951596503,0.0
42.32156825065613,-0.738143146038,-48.0305252075,49.299446106,19.8169934108,3.77492079163,0.847076337412,0.0540761575103,-0.0739377140999,-0.078336507082,0.0,0.00999999977648,-0.00999999977648,2,0,1,20.191106783635572,0.0
42.58557200431824,-6.21958351135,-48.2020797729,49.0010414124,19.7736956081,4.18710861693,0.624650060991,0.0192047860473,-0.114745289087,0.0236084312201,0.0,0.00999999977648,-0.00999999977648,2,0,1,20.221797750706013,0.0
42.826411724090576,-10.4848566055,-48.3606796265,48.8673667908,19.6934070692,4.28849739506,0.847187671696,0.0192047860473,-0.114745289087,0.0236084312201,0.0,0.00999999977648,-0.00999999977648,2,0,1,20.17273454075393,0.0
43.06615853309631,-15.5087795258,-48.5623168945,48.7569770813,19.7119162216,3.75631221998,0.154293893026,0.134508982301,-0.0834014713764,0.08672183007,0.0,0.00999999977648,-0.00999999977648,2,0,1,20.067220266563414,0.0
43.3583664894104,-20.4980602264,-48.7879943848,48.7067108154,19.6331542987,3.3279223322,-0.206589160003,0.0112512577325,-0.0288410186768,0.0353422760963,0.0,0.00999999977648,-0.00999999977648,2,0,1,19.91427864238995,0.0
43.55265736579895,-24.7242050171,-48.9928665161,48.6579475403,19.4761979849,3.27490476421,-0.209529110692,0.0112512577325,-0.0288410186768,0.0353422760963,0.0,0.00999999977648,-0.00999999977648,2,0,1,19.75072635651397,0.0
43.8353111743927,-30.0273227692,-49.2273216248,48.6136169434,19.2383391063,3.29433042084,-0.526552014967,0.221648916602,-0.0259055327624,-0.0124027328566,0.0,0.00999999977648,-0.00999999977648,2,0,1,19.525459316367684,0.0
44.0866219997406,-34.8685302734,-49.3981895447,48.607257843,19.0509684118,3.29851832587,-0.589529518785,0.105739146471,0.00886518508196,-0.115441709757,0.0,0.00999999977648,-0.00999999977648,2,0,1,19.34340108737397,0.0
44.35092735290527,-39.749797821,-49.4910736084,48.598110199,18.9071869329,3.01504286964,-0.559356498384,0.105739146471,0.00886518508196,-0.115441709757,0.0,0.00999999977648,-0.00999999977648,2,0,1,19.15424446209445,0.0
44.558343172073364,-43.8377494812,-49.5316810608,48.5808334351,18.8063875993,2.78618549912,-0.825902939848,-0.104382798076,0.0201339386404,-0.044112958014,0.0,0.00999999977648,-0.00999999977648,2,0,1,19.029586433673774,0.0
44.87290930747986,-49.3799438477,-49.5742073059,48.5377731323,18.663122836,2.59783975332,-0.806922776521,-0.104382798076,0.0201339386404,-0.044112958014,0.0,0.00999999977648,-0.00999999977648,2,0,1,18.860330053920656,0.0
45.10078263282776,-53.804889679,-49.5578384399,48.469291687,18.4191434434,3.38093993286,-0.773664629595,-0.0193585492671,0.0375902168453,-0.0671517550945,0.0,0.00999999977648,-0.00999999977648,2,0,1,18.74284282005371,0.0
45.32749605178833,-57.4817581177,-49.5074501038,48.3525619507,18.4733817409,2.57612427455,-0.798061141022,-0.00264267250896,-0.0120232887566,0.146342203021,0.0,0.00999999977648,-0.00999999977648,2,0,1,18.669203271906184,0.0
45.537880420684814,-61.5004959106,-49.4361763,48.3233795166,18.409315235,2.54774729409,-0.338076345672,-0.00264267250896,-0.0120232887566,0.146342203021,0.0,0.00999999977648,-0.00999999977648,2,0,1,18.587850852415645,0.0
45.75993633270264,-65.8809585571,-49.3879966736,48.3565673828,18.4382622478,1.87819706503,-0.312667756409,-0.202664777637,-0.0405269525945,0.112942002714,0.0,0.00999999977648,-0.00999999977648,2,0,1,18.536313011481866,0.0
46.02051329612732,-70.2447280884,-49.3694496155,48.4261703491,18.3623025973,2.12303597707,-0.248554825014,-0.0606086924672,0.0315475389361,-0.101105295122,0.0,0.00999999977648,-0.00999999977648,2,0,1,18.486298113353623,0.0
46.25384163856506,-74.6048355103,-49.3519058228,48.480014801,18.2893493964,2.41340275757,-0.318811232099,0.0330826304853,0.0577196627855,-0.024833612144,0.0,0.00999999977648,-0.00999999977648,2,0,1,18.450649170572724,0.0
46.536431312561035,-79.6780853271,-49.3219070435,48.463722229,18.2814003215,2.43991730471,-0.268125696658,-0.0866964831948,0.0204106140882,0.0105385379866,0.0,0.00999999977648,-0.00999999977648,2,0,1,18.44545162249957,0.0
46.80996322631836,-84.4153366089,-49.2961044312,48.443157196,18.3142859161,2.51628830139,-0.237095697574,-0.0866964831948,0.0204106140882,0.0105385379866,0.0,0.00999999977648,-0.00999999977648,2,0,1,18.48786060641358,0.0
47.042834520339966,-89.1493530273,-49.3231811523,48.4061203003,18.4228581716,2.32899792017,-0.257827497404,-0.0601276308298,0.0705442354083,0.116550408304,0.0,0.00999999977648,-0.00999999977648,2,0,1,18.57127915738339,0.0
47.27371072769165,-93.1731033325,-49.4084892273,48.3278579712,18.4229268509,2.92527767352,-0.000904525887709,0.0227074306458,0.00306383892894,-0.119273483753,0.0,0.00999999977648,-0.00999999977648,2,0,1,18.65372574149663,0.0
47.51354265213013,-97.5852508545,-49.5323104858,48.2442626953,18.495327873,3.03617693461,0.0144015172383,0.0227074306458,0.00306383892894,-0.119273483753,0.0,0.00999999977648,-0.00999999977648,2,0,1,18.742884807620392,0.0
47.758347272872925,-102.036369324,-49.67212677,48.1776351929,18.5591607276,3.12431390022,-0.219567820331,-0.0747669786215,-0.0433175973594,0.109022408724,0.0,0.00999999977648,-0.00999999977648,2,0,1,18.82158320353851,0.0
48.02661442756653,-107.212219238,-49.8854522705,48.1594581604,18.6751257806,2.72133745031,-0.170028199531,0.0291116125882,-0.0507079511881,0.111187376082,0.0,0.00999999977648,-0.00999999977648,2,0,1,18.87312666275321,0.0
48.27975654602051,-111.6641922,-50.1408653259,48.2351341248,18.6623754699,2.96517643751,0.00902601873541,0.0291116125882,-0.0507079511881,0.111187376082,0.0,0.00999999977648,-0.00999999977648,2,0,1,18.89647085976913,0.0
48.521148681640625,-116.480079651,-50.4827308655,48.2999687195,18.6814753084,2.88283138171,-0.467626929677,0.175095960498,-0.00541887059808,-0.0531265251338,0.0,0.00999999977648,-0.00999999977648,2,0,1,18.90838204128238,0.0
48.7771999835968,-120.922897339,-50.7741737366,48.3040771484,18.548079368,3.42842185933,-0.966286486483,0.133395045996,-0.00528213195503,-0.0438663028181,0.0,0.00999999977648,-0.00999999977648,2,0,1,18.887007022318777,0.0
49.02374291419983,-125.290626526,-50.9931106567,48.327960968,18.5217560745,3.22181320228,-0.791313438359,0.133395045996,-0.00528213195503,-0.0438663028181,0.0,0.00999999977648,-0.00999999977648,2,0,1,18.81652745198728,0.0
49.26751112937927,-130.064254761,-51.1718597412,48.386631012,18.4481312016,3.10555673876,-0.943388922117,-0.177921488881,-0.0142460707575,-0.036008156836,0.0,0.00999999977648,-0.00999999977648,2,0,1,18.73147111541104,0.0
49.568702697753906,-135.559341431,-51.3172149658,48.5193328857,18.3942400635,3.15211889868,-0.798610078367,0.0779348835349,-0.0367025360465,-0.0130573967472,0.0,0.00999999977648,-0.00999999977648,2,0,1,18.67944589976784,0.0
49.76126480102539,-138.827545166,-51.3716545105,48.6071586609,18.3834359073,3.0292584487,-0.896830898708,0.0779348835349,-0.0367025360465,-0.0130573967472,0.0,0.00999999977648,-0.00999999977648,2,0,1,18.652920097606827,0.0
50.01348376274109,-143.573608398,-51.4247245789,48.7696418762,18.3593440552,3.1000252989,-0.490396832828,0.0159621164203,-0.00226458348334,-0.0751320570707,0.0,0.00999999977648,-0.00999999977648,2,0,1,18.6256854919403,0.0
50.2956120967865,-148.301895142,-51.4380607605,48.9800605774,18.2497666094,3.27562167632,-0.388051398821,0.00520825199783,0.0257096663117,-0.0286848135293,0.0,0.00999999977648,-0.00999999977648,2,0,1,18.545464743491213,0.0
50.514628171920776,-152.619781494,-51.4088859558,49.1956481934,18.2038898603,3.01667689319,-0.304080459972,0.00520825199783,0.0257096663117,-0.0286848135293,0.0,0.00999999977648,-0.00999999977648,2,0,1,18.454658231730445,0.0
50.766021490097046,-156.930679321,-51.3151054382,49.3976249695,18.0594239638,3.2599795843,-0.445614181188,0.108105272055,0.018951004371,-0.0922818332911,0.0,0.00999999977648,-0.00999999977648,2,0,1,18.356710838077785,0.0
50.99391770362854,-161.582427979,-51.1069602966,49.5786209106,17.962430773,3.17811266079,-0.552827590043,-0.0349577516317,0.0197225231677,-0.0215985924006,0.0,0.00999999977648,-0.00999999977648,2,0,1,18.249792812626776,0.0
51.25171637535095,-165.866973877,-50.8229560852,49.7028274536,17.9301315257,2.8151479778,-0.572765234495,-0.0349577516317,0.0197225231677,-0.0215985924006,0.0,0.00999999977648,-0.00999999977648,2,0,1,18.15881974908222,0.0
51.49439597129822,-170.122024536,-50.4712677002,49.7989616394,17.9259865233,2.42394290401,-0.624713161268,0.146171048284,0.0333418473601,-0.0178722515702,0.0,0.00999999977648,-0.00999999977648,2,0,1,18.099910457493845,0.0
51.71888589859009,-174.024658203,-50.0695266724,49.8663597107,17.9228928552,1.98637858135,-0.566314594377,0.146171048284,0.0333418473601,-0.0178722515702,0.0,0.00999999977648,-0.00999999977648,2,0,1,18.041521565190383,0.0
51.96240782737732,-178.612472534,-49.4501152039,49.9686431885,17.8602571,2.06689411548,-0.483536158168,0.23266300559,0.0108746849,-0.120685242116,0.0,0.00999999977648,-0.00999999977648,2,0,1,17.985956804656293,0.0
52.222546339035034,-183.133987427,-48.6347198486,50.0393714905,17.8030632901,2.04142797404,-0.644727339805,0.301967859268,0.0168748013675,-0.164512649179,0.0,0.00999999977648,-0.00999999977648,2,0,1,17.93131796681971,0.0
52.4826283454895,-187.278060913,-47.68699646,50.0062408447,17.8624353391,1.07871221432,-0.703709357575,0.301967859268,0.0168748013675,-0.164512649179,0.0,0.00999999977648,-0.00999999977648,2,0,1,17.90880853504192,0.0
52.70864939689636,-191.345733643,-46.5031433105,49.8854980469,17.7818447099,1.8339064984,-0.986475022647,0.143958508968,-0.0831601992249,-0.240985065699,0.0,0.00999999977648,-0.00999999977648,2,0,1,17.903361340881737,0.0
52.94436073303223,-195.342056274,-45.0219650269,49.7195320129,17.9303072297,0.65220297607,-0.464237688562,0.143958508968,-0.0831601992249,-0.240985065699,0.0,0.00999999977648,-0.00999999977648,2,0,1,17.948169898485695,0.0
53.19076943397522,-199.204864502,-43.2437057495,49.5287971497,18.0089494839,0.982969828548,-0.615273194268,0.0170809365809,-0.135269701481,-0.249818906188,0.0,0.00999999977648,-0.00999999977648,2,0,1,18.046247596137057,0.0
53.445401668548584,-203.318939209,-40.9542884827,49.2574310303,18.0721725242,1.36803394543,-1.04928142911,0.34097507596,-0.185559421778,-0.331605345011,0.0,0.00999999977648,-0.00999999977648,2,0,1,18.15422617843496,0.0
53.68869376182556,-206.645126343,-38.7015533447,48.9537506104,18.2612737702,-0.019774264575,-0.366090834112,0.34097507596,-0.185559421778,-0.331605345011,0.0,0.00999999977648,-0.00999999977648,2,0,1,18.264953688157952,0.0
53.94209170341492,-210.582077026,-35.3918075562,48.5145874023,18.442634445,-0.00341478743605,-0.643029266231,0.00977170653641,-0.277868896723,-0.234652712941,0.0,0.00999999977648,-0.00999999977648,2,0,1,18.45384143125499,0.0
54.220046281814575,-213.848800659,-31.7718925476,48.2063903809,18.6920147472,-0.24564889375,-0.3384417745,0.0397018529475,-0.308283060789,-0.241352140903,0.0,0.00999999977648,-0.00999999977648,2,0,1,18.696692261554436,0.0
54.465747356414795,-216.661895752,-27.6590442657,47.9838447571,18.8944711995,-1.78593716332,1.59052243748,0.0397018529475,-0.308283060789,-0.241352140903,0.0,0.00999999977648,-0.00999999977648,2,0,1,19.045219218591047,0.0
54.68704295158386,-218.677230835,-23.8798160553,47.8556632996,19.3361296161,-0.0194559850171,0.26031428285,-0.261187821627,-0.286767929792,-0.359422236681,0.0,0.00999999977648,-0.00999999977648,2,0,1,19.337891575656023,0.0
54.95298147201538,-220.593383789,-19.1816997528,47.8088302612,19.558688186,0.636475017993,-0.117373465661,0.0735120549798,-0.292770475149,-0.237673684955,0.0,0.00999999977648,-0.00999999977648,2,0,1,19.569393463675528,0.0
55.20155930519104,-221.937347412,-14.582824707,47.8477401733,19.6239861252,-0.689865619108,1.29617375218,0.0735120549798,-0.292770475149,-0.237673684955,0.0,0.00999999977648,-0.00999999977648,2,0,1,19.67884174463298,0.0
55.447022438049316,-222.889785767,-9.47910118103,48.0365943909,19.7191977499,-0.455480067742,0.937392121274,-0.217837065458,-0.276195317507,-0.215999186039,0.0,0.00999999977648,-0.00999999977648,2,0,1,19.746719372614734,0.0
55.68922519683838,-223.30140686,-4.7814207077,48.4158439636,19.5466835353,-1.44462796373,2.43072776758,-0.217837065458,-0.276195317507,-0.215999186039,0.0,0.00999999977648,-0.00999999977648,2,0,1,19.7501449276415,0.0
55.960503816604614,-223.359786987,0.739375889301,48.993976593,19.5925841439,-0.500622796596,1.04623460071,-0.353410899639,-0.13588064909,-0.229086071253,0.0,0.00999999977648,-0.00999999977648,2,0,1,19.626884201523076,0.0
56.1960711479187,-223.18119812,5.02871608734,49.4290046692,19.4199856,0.0283053705589,0.788366008598,-0.310105711222,-0.0714603364468,-0.194644644856,0.0,0.00999999977648,-0.00999999977648,2,0,1,19.436001720048356,0.0
56.428112506866455,-222.81072998,9.60680961609,49.9700737,19.1401182882,-0.668089931939,1.22108600724,-0.310105711222,-0.0714603364468,-0.194644644856,0.0,0.00999999977648,-0.00999999977648,2,0,1,19.190662398169682,0.0
56.70964980125427,-222.262298584,14.4360704422,50.6220397949,18.8722871948,-0.227073015014,0.866104420512,-0.417603820562,-0.0406633280218,-0.0519481487572,0.0,0.00999999977648,-0.00999999977648,2,0,1,18.893515368622907,0.0
56.92345333099365,-221.683074951,18.8280715942,51.2482223511,18.5327703724,-0.497723243863,0.80505115438,-0.417603820562,-0.0406633280218,-0.0519481487572,0.0,0.00999999977648,-0.00999999977648,2,0,1,18.556923599151812,0.0
57.23086190223694,-220.90914917,24.1865367889,52.0107765198,18.1210817049,-0.0760020446734,0.936090096192,-0.156099647284,0.0418405085802,-0.105964131653,0.0,0.00999999977648,-0.00999999977648,2,0,1,18.145402809930808,0.0
57.408367395401,-220.422592163,27.3551311493,52.4568099976,17.8639647024,0.287802693125,1.10283748279,-0.202742770314,0.0783897638321,-0.0487272813916,0.0,0.00999999977648,-0.00999999977648,2,0,1,17.900288148301126,0.0
57.64772891998291,-219.832672119,31.1768379211,52.9314651489,17.609964278,0.319396319635,0.760872529733,-0.202742770314,0.0783897638321,-0.0487272813916,0.0,0.00999999977648,-0.00999999977648,2,0,1,17.629287645504416,0.0
57.886812686920166,-219.171173096,35.6270561218,53.4032745361,17.3124653455,0.706577432849,0.99983891218,-0.376401752234,0.126683950424,-0.0550292059779,0.0,0.00999999977648,-0.00999999977648,2,0,1,17.355701825569003,0.0
58.14347839355469,-218.624343872,39.6729507446,53.7289772034,17.1285552111,0.99679532903,0.536380508976,-0.376401752234,0.126683950424,-0.0550292059779,0.0,0.00999999977648,-0.00999999977648,2,0,1,17.16591706254246,0.0
58.415953159332275,-218.070983887,44.3743247986,53.9362640381,16.9290247995,1.32163324896,0.665550516231,-0.29506739974,0.10722412169,0.0496725700796,0.0,0.00999999977648,-0.00999999977648,2,0,1,16.993573861801345,0.0
58.65728974342346,-217.670471191,48.3695068359,53.896156311,16.8994551548,0.991881521197,0.627762548042,-0.107265025377,0.0920790731907,0.155520826578,0.0,0.00999999977648,-0.00999999977648,2,0,1,16.940174122420125,0.0
58.901623487472534,-217.341445923,52.6590156555,53.6567192078,16.8797365862,1.58655439824,0.175611042581,-0.107265025377,0.0920790731907,0.155520826578,0.0,0.00999999977648,-0.00999999977648,2,0,1,16.9550435362564,0.0
59.14028739929199,-217.155410767,56.651348114,53.3394966125,17.0028727821,1.11094167437,0.476693861978,-0.104370571673,0.0505601838231,0.102827452123,0.0,0.00999999977648,-0.00999999977648,2,0,1,17.045794533731083,0.0
59.357131481170654,-217.094818115,59.9752655029,53.0186729431,17.1030044801,1.10945388232,0.619589249917,0.0590482018888,0.00236042030156,0.0558451414108,0.0,0.00999999977648,-0.00999999977648,2,0,1,17.150146967356527,0.0
59.63612675666809,-217.142608643,64.6591567993,52.5604705811,17.2323869726,1.64607965072,0.757106219683,0.0590482018888,0.00236042030156,0.0558451414108,0.0,0.00999999977648,-0.00999999977648,2,0,1,17.32737570487324,0.0
59.860044956207275,-217.273422241,68.641998291,52.1612319946,17.4166077091,1.21529031066,0.595495211434,0.044563729316,0.0385387428105,0.125521406531,0.0,0.00999999977648,-0.00999999977648,2,0,1,17.469108997848355,0.0
60.108986139297485,-217.472473145,72.7137527466,51.7072410583,17.6145421733,0.673736654366,0.430380299188,0.230794921517,-0.0809920802712,0.128594502807,0.0,0.00999999977648,-0.00999999977648,2,0,1,17.63267547073698,0.0
60.361422538757324,-217.727645874,76.811164856,51.2582054138,17.7555295217,0.901552977504,0.423049288306,0.230794921517,-0.0809920802712,0.128594502807,0.0,0.00999999977648,-0.00999999977648,2,0,1,17.783436030968335,0.0
60.6033148765564,-218.061447144,81.2581100464,50.7746200562,17.9375500273,0.449023376404,0.260713838436,0.000599617138505,-0.0315162502229,0.00672024302185,0.0,0.00999999977648,-0.00999999977648,2,0,1,17.945063239788247,0.0
60.885666608810425,-218.470855713,86.0838546753,50.2486152649,18.1053754822,0.519460611765,0.325061685232,0.000599617138505,-0.0315162502229,0.00672024302185,0.0,0.00999999977648,-0.00999999977648,2,0,1,18.115742484861887,0.0
61.11968111991882,-218.811981201,90.267074585,49.8383026123,18.173648836,1.32168449674,0.286458223196,0.229364722967,-0.0463342741132,-0.115308657289,0.0,0.00999999977648,-0.00999999977648,2,0,1,18.22389695528384,0.0
61.36340522766113,-219.060211182,94.1290512085,49.5283813477,18.2597639344,1.03177797078,0.614693890825,0.229364722967,-0.0463342741132,-0.115308657289,0.0,0.00999999977648,-0.00999999977648,2,0,1,18.299218379494228,0.0
61.62017273902893,-219.241500854,99.0720367432,49.3013496399,18.3313563539,1.06014602888,0.335165086289,0.0327394604683,-0.0942478477955,0.0445442162454,0.0,0.00999999977648,-0.00999999977648,2,0,1,18.36504481375657,0.0
61.91723942756653,-219.310501099,104.066375732,49.2556304932,18.3663259732,0.221504540816,0.335277042277,-0.0414611510932,-0.0491372793913,0.0776958763599,0.0,0.00999999977648,-0.00999999977648,2,0,1,18.370721398750813,0.0
62.12615728378296,-219.33291626,107.991981506,49.2964286804,18.3306159568,0.161750467831,0.713202082103,-0.0414611510932,-0.0491372793913,0.0776958763599,0.0,0.00999999977648,-0.00999999977648,2,0,1,18.345198330338388,0.0
62.36640763282776,-219.350418091,111.890602112,49.3725814819,18.2817526318,0.340082978098,0.243673573449,0.215785562992,0.0232701208442,-0.153441682458,0.0,0.00999999977648,-0.00999999977648,2,0,1,18.286539107570782,0.0
62.62306022644043,-219.342758179,116.814094543,49.3878631592,18.1730773639,0.142049529824,0.0514625500495,0.215785562992,0.0232701208442,-0.153441682458,0.0,0.00999999977648,-0.00999999977648,2,0,1,18.17370538270265,0.0
62.878549575805664,-219.303543091,121.019233704,49.3775863647,18.0046130199,1.2105247176,0.142087562388,-0.0725357234478,-0.0212055351585,-0.0828888490796,0.0,0.00999999977648,-0.00999999977648,2,0,1,18.045820817121577,0.0
63.120566606521606,-219.217132568,125.532089233,49.3620071411,17.8482450105,1.08936735101,-0.0387726147619,0.293336689472,-0.0498340800405,-0.0275588165969,0.0,0.00999999977648,-0.00999999977648,2,0,1,17.881500901656445,0.0
63.38776731491089,-219.057723999,130.041488647,49.3346786499,17.7002229979,0.774019736919,-0.052524177431,0.293336689472,-0.0498340800405,-0.0275588165969,0.0,0.00999999977648,-0.00999999977648,2,0,1,17.717216472057427,0.0
63.61819124221802,-218.882537842,133.832351685,49.3188781738,17.5737837824,0.10160694198,-0.347668446102,-0.171169757843,5.13717532158e-05,-0.0109848920256,0.0,0.00999999977648,-0.00999999977648,2,0,1,17.57751614277793,0.0
63.8594274520874,-218.683105469,137.940826416,49.3486824036,17.4532235998,-0.00504537555757,-0.249660582947,-0.171169757843,5.13717532158e-05,-0.0109848920256,0.0,0.00999999977648,-0.00999999977648,2,0,1,17.45500987931854,0.0
64.07434701919556,-218.478469849,141.669464111,49.3945007324,17.3207395134,0.556902057625,-0.369387132043,0.122727587819,-0.0189893264323,-0.0792119652033,0.0,0.00999999977648,-0.00999999977648,2,0,1,17.333626396290015,0.0
64.30657744407654,-218.212493896,145.725067139,49.4430084229,17.1705926556,0.325860473674,-0.292049294118,0.122727587819,-0.0189893264323,-0.0792119652033,0.0,0.00999999977648,-0.00999999977648,2,0,1,17.17616749985405,0.0
64.56793117523193,-217.883117676,149.738967896,49.5253868103,17.0021184472,0.430069527614,-0.151846803405,0.0698819309473,-0.0164336040616,-0.0906634628773,0.0,0.00999999977648,-0.00999999977648,2,0,1,17.008234739175755,0.0
64.81468224525452,-217.406723022,154.000350952,49.6791877747,16.8319325551,0.425997351988,-0.0814005933054,0.312365353107,0.00375282205641,-0.0851870030165,0.0,0.00999999977648,-0.00999999977648,2,0,1,16.83751921572553,0.0
65.08415961265564,-216.77557373,158.224716187,49.8329963684,16.6935934808,0.462042884065,0.0627127458478,0.202582553029,-0.00872423872352,-0.152910172939,0.0,0.00999999977648,-0.00999999977648,2,0,1,16.700104185825165,0.0
65.27787804603577,-216.087692261,161.748809814,49.9650840759,16.6040685907,-0.235814736892,0.242616332796,0.202582553029,-0.00872423872352,-0.152910172939,0.0,0.00999999977648,-0.00999999977648,2,0,1,16.60751531806444,0.0
65.53979086875916,-215.151062012,165.54536438,50.0721626282,16.548383592,-0.0294325980316,0.334031151965,0.28717237711,-0.0180500522256,-0.151071205735,0.0,0.00999999977648,-0.00999999977648,2,0,1,16.55178064729849,0.0
65.81852316856384,-213.814361572,169.926727295,50.0940132141,16.5211389516,-1.11595851118,0.013780614215,0.28717237711,-0.0180500522256,-0.151071205735,0.0,0.00999999977648,-0.00999999977648,2,0,1,16.55879179052862,0.0
66.03707003593445,-212.593093872,173.342712402,49.9444541931,16.646911902,-0.592975436482,-0.15261086789,-0.0218720398843,0.00680290907621,-0.334627270699,0.0,0.00999999977648,-0.00999999977648,2,0,1,16.65816874143789,0.0
66.28975105285645,-210.926239014,177.335586548,49.594417572,16.835151081,0.232900697402,-0.357444802526,0.131388261914,-0.111183166504,-0.297827720642,0.0,0.00999999977648,-0.00999999977648,2,0,1,16.84055585311241,0.0
66.54123425483704,-208.961654663,181.224639893,49.1457366943,17.0567982527,-1.01757621123,0.0899707207769,0.131388261914,-0.111183166504,-0.297827720642,0.0,0.00999999977648,-0.00999999977648,2,0,1,17.087361490574487,0.0
66.78562235832214,-206.815353394,184.742462158,48.6855659485,17.3407532831,-0.665853520876,-0.25045235107,0.359058767557,-0.132693275809,-0.228171989322,0.0,0.00999999977648,-0.00999999977648,2,0,1,17.35533957365176,0.0
67.09445428848267,-203.651428223,188.900924683,48.1187705994,17.6910437334,-0.895684905861,-0.310556068497,0.0049964543432,-0.217682659626,-0.207379668951,0.0,0.00999999977648,-0.00999999977648,2,0,1,17.71642528557437,0.0
67.26545476913452,-201.501312256,191.233932495,47.7961349487,17.8621645815,-1.89517466764,0.565425952863,0.0049964543432,-0.217682659626,-0.207379668951,0.0,0.00999999977648,-0.00999999977648,2,0,1,17.971319291182507,0.0
67.59936022758484,-197.129455566,195.047943115,47.2352676392,18.4365049818,-2.07761417384,0.47494936042,-0.068844601512,-0.265311121941,-0.263190448284,0.0,0.00999999977648,-0.00999999977648,2,0,1,18.559277289114476,0.0
67.78543305397034,-194.381851196,197.008453369,46.9388122559,18.6008229071,-3.07281166053,1.44913718783,-0.068844601512,-0.265311121941,-0.263190448284,0.0,0.00999999977648,-0.00999999977648,2,0,1,18.908537302275313,0.0
67.98627305030823,-190.735061646,199.188796997,46.6413955688,19.2729324652,-2.03791378138,0.801541316796,-0.046205766499,-0.275684058666,-0.312358319759,0.0,0.00999999977648,-0.00999999977648,2,0,1,19.39694529741809,0.0
68.24062490463257,-186.442825317,201.241333008,46.4026107788,19.9233765781,-1.11857100751,0.393495331172,0.18991266191,-0.254420369864,-0.321936488152,0.0,0.00999999977648,-0.00999999977648,2,0,1,19.95863156499663,0.0
68.50137662887573,-181.423370361,203.043197632,46.2343788147,20.2886885892,-2.58518195795,2.13363224639,0.18991266191,-0.254420369864,-0.321936488152,0.0,0.00999999977648,-0.00999999977648,2,0,1,20.5637165169159,0.0
68.74895548820496,-176.109939575,204.314498901,46.251663208,21.0161214689,-1.43716462807,1.92093427009,-0.15677267313,-0.308691561222,-0.331587165594,0.0,0.00999999977648,-0.00999999977648,2,0,1,21.152607220712564,0.0
68.98525285720825,-171.011734009,204.945983887,46.4162254333,21.0660015143,-2.79462080675,3.58992370498,-0.15677267313,-0.308691561222,-0.331587165594,0.0,0.00999999977648,-0.00999999977648,2,0,1,21.551656025966714,0.0
69.23821234703064,-165.347488403,205.087432861,46.7716903687,21.6585973241,-1.64448282323,2.17669160551,-0.325490385294,-0.341068595648,-0.206181779504,0.0,0.00999999977648,-0.00999999977648,2,0,1,21.829730830885385,0.0
69.47506165504456,-160.551803589,204.818313599,47.2282447815,21.7995510344,-1.26676351579,1.71120307854,-0.357869029045,-0.24271799624,-0.256993860006,0.0,0.00999999977648,-0.00999999977648,2,0,1,21.903272154688477,0.0
69.7318046092987,-154.98614502,204.094467163,47.9842605591,21.4840939348,-2.17160977668,3.44472566661,-0.357869029045,-0.24271799624,-0.256993860006,0.0,0.00999999977648,-0.00999999977648,2,0,1,21.866602757165644,0.0
69.99662184715271,-149.564346313,203.00843811,49.0122566223,21.4124663612,-1.67424874288,2.42513290314,-0.351902753115,-0.203813418746,-0.0818119049072,0.0,0.00999999977648,-0.00999999977648,2,0,1,21.614302998719367,0.0
70.1687707901001,-146.318984985,202.24760437,49.7475128174,21.2200756886,-1.90694816155,1.69528089908,-0.825784862041,0.044159181416,-0.0873067528009,0.0,0.00999999977648,-0.00999999977648,2,0,1,21.372927755633697,0.0
70.42021584510803,-140.78302002,200.935455322,51.0679626465,20.6973756268,-1.95347950865,1.70840612302,-0.825784862041,0.044159181416,-0.0873067528009,0.0,0.00999999977648,-0.00999999977648,2,0,1,20.859436509856693,0.0
70.67669582366943,-136.127258301,199.889053345,52.0943489075,20.3031320482,-1.24354915255,1.09266016318,-0.609074473381,0.113584019244,-0.138843014836,0.0,0.00999999977648,-0.00999999977648,2,0,1,20.370505435399835,0.0
70.91849851608276,-131.168701172,198.8699646,53.0154380798,19.8351356769,-0.267202165154,1.39774876686,-0.239958941936,0.0856881588697,0.000233577098697,0.0,0.00999999977648,-0.00999999977648,2,0,1,19.886118422994286,0.0
71.18242359161377,-126.263366699,197.97769165,53.8339385986,19.4393271046,0.331946530505,1.20772343402,-0.239958941936,0.0856881588697,0.000233577098697,0.0,0.00999999977648,-0.00999999977648,2,0,1,19.479636102140912,0.0
71.42655611038208,-121.775260925,197.30859375,54.5154380798,19.0863986846,-0.138104714555,1.58504571421,0.217905387282,0.0939043536782,0.138762906194,0.0,0.00999999977648,-0.00999999977648,2,0,1,19.152599238114348,0.0
71.67621326446533,-117.332817078,196.76751709,55.0431556702,18.8440842028,0.507713620327,0.858463029036,0.217905387282,0.0939043536782,0.138762906194,0.0,0.00999999977648,-0.00999999977648,2,0,1,18.870459489230882,0.0
71.90546870231628,-112.9012146,196.317611694,55.3864936829,18.6074180542,0.66774396172,1.53345277225,0.0472133979201,0.158642560244,0.0267830546945,0.0,0.00999999977648,-0.00999999977648,2,0,1,18.682434692697385,0.0
72.12351965904236,-109.229759216,196.005935669,55.5703277588,18.5146646674,1.0886740596,1.07062784449,0.0472133979201,0.158642560244,0.0267830546945,0.0,0.00999999977648,-0.00999999977648,2,0,1,18.5775203656385,0.0
72.39796376228333,-103.736198425,195.651077271,55.6800308228,18.4264565587,1.18792199421,1.68051807467,-0.00027987267822,0.140760093927,0.16599200666,0.0,0.00999999977648,-0.00999999977648,2,0,1,18.541024809143604,0.0
72.65168857574463,-99.4139633179,195.484771729,55.6009864807,18.4290227717,0.753843197087,1.74158897205,-0.19343842566,0.160616666079,0.0640229731798,0.0,0.00999999977648,-0.00999999977648,2,0,1,18.526475434717682,0.0
72.88045763969421,-95.0530319214,195.384292603,55.3787117004,18.5212909151,0.613956910723,2.31491819051,0.367974728346,0.0711894035339,0.213512301445,0.0,0.00999999977648,-0.00999999977648,2,0,1,18.675492134847328,0.0
73.16258311271667,-90.2756652832,195.355743408,55.110118866,18.6906795131,1.04778008118,2.10805792188,0.367974728346,0.0711894035339,0.213512301445,0.0,0.00999999977648,-0.00999999977648,2,0,1,18.83834525540751,0.0
73.36242055892944,-86.5919647217,195.399185181,54.8255653381,18.8103483998,-0.180996783636,2.24605941898,-0.102311141789,0.0866053029895,0.12236622721,0.0,0.00999999977648,-0.00999999977648,2,0,1,18.944834379617408,0.0
73.59415102005005,-82.1191558838,195.536056519,54.3987960815,19.0130974385,0.214623426074,2.32471008489,-0.102311141789,0.0866053029895,0.12236622721,0.0,0.00999999977648,-0.00999999977648,2,0,1,19.155892419819658,0.0
73.82737684249878,-78.0141143799,195.718139648,53.9849586487,19.1609025921,0.45499564003,2.25804085425,-0.0802747532725,-0.00549359247088,-0.0519986487925,0.0,0.00999999977648,-0.00999999977648,2,0,1,19.298858973417392,0.0
74.059485912323,-73.1595001221,195.916717529,53.2811050415,19.4502793839,-0.360655652721,1.03133718488,-0.0343763902783,-0.0673550739884,0.308303236961,0.0,0.00999999977648,-0.00999999977648,2,0,1,19.48094189202671,0.0
74.31004786491394,-68.6346969604,196.090896606,52.4532928467,19.6750331722,-0.187556706634,1.05389220845,-0.0343763902783,-0.0673550739884,0.308303236961,0.0,0.00999999977648,-0.00999999977648,2,0,1,19.704131461000898,0.0
74.55502319335938,-64.0441894531,196.350234985,51.6843414307,19.7284883301,-2.43254523785,1.11646107947,0.0466801896691,-0.101492390037,0.398710995913,0.0,0.00999999977648,-0.00999999977648,2,0,1,19.909219308326733,0.0
74.82705163955688,-58.6457977295,196.841217041,50.9306945801,19.8623014087,-3.07358451951,1.17806552417,-0.125911131501,-0.0715349838138,-0.0485885329545,0.0,0.00999999977648,-0.00999999977648,2,0,1,20.13320087387635,0.0
75.04934096336365,-54.371421814,197.352310181,50.4751052856,20.0142793091,-2.82935281746,1.76851718351,-0.125911131501,-0.0715349838138,-0.0485885329545,0.0,0.00999999977648,-0.00999999977648,2,0,1,20.290496954404727,0.0
75.27820825576782,-49.6469078064,197.956924438,50.0488357544,20.3343560908,-1.40429080922,1.23685209841,0.390157699585,-0.105070412159,-0.126246333122,0.0,0.00999999977648,-0.00999999977648,2,0,1,20.420280933857303,0.0
75.51677012443542,-44.8818092346,198.510650635,49.7198066711,20.3879313982,-1.71879087095,1.85870568582,0.390157699585,-0.105070412159,-0.126246333122,0.0,0.00999999977648,-0.00999999977648,2,0,1,20.54450718762244,0.0
75.75964426994324,-40.0759124756,198.946350098,49.5301208496,20.4641245608,-1.77082428238,1.56852389276,0.1827082932,-0.149348571897,0.110933065414,0.0,0.00999999977648,-0.00999999977648,2,0,1,20.60039999323225,0.0
76.02010011672974,-34.8791313171,199.270446777,49.521068573,20.3640263818,-2.07721123081,2.24362664828,0.1827082932,-0.149348571897,0.110933065414,0.0,0.00999999977648,-0.00999999977648,2,0,1,20.592285873912147,0.0
76.25894951820374,-30.057964325,199.477371216,49.6257362366,20.2472604202,-2.99296511247,1.76551009556,0.126240476966,-0.033712439239,-0.0875519886613,0.0,0.00999999977648,-0.00999999977648,2,0,1,20.543281641095813,0.0
76.56164288520813,-24.4410457611,199.606964111,49.7810592651,20.2810835275,-2.2014168079,1.58661877865,-0.0554745979607,-0.0027680080384,-0.152674511075,0.0,0.00999999977648,-0.00999999977648,2,0,1,20.46181673655351,0.0
76.80711555480957,-19.7073326111,199.612487793,49.937625885,20.1253698607,-2.57225197838,1.72350485805,-0.0554745979607,-0.0027680080384,-0.152674511075,0.0,0.00999999977648,-0.00999999977648,2,0,1,20.362157578851356,0.0
77.0147078037262,-14.9643106461,199.519119263,50.0883636475,19.9704530265,-2.92601810562,1.65079975827,-0.0554745979607,-0.0027680080384,-0.152674511075,0.0,0.00999999977648,-0.00999999977648,2,0,1,20.251067030652074,0.0
77.2800772190094,-10.205198288,199.363067627,50.1879959106,19.9483459609,-2.48330034259,1.30845821718,-0.145856738091,-0.0267023798078,-0.0280553624034,0.0,0.00999999977648,-0.00999999977648,2,0,1,20.144859147518726,0.0
77.52005314826965,-5.06274652481,199.158981323,50.2624664307,19.8238792031,-2.48550964135,1.15720057627,-0.24077065289,0.0194613039494,-0.0418764427304,0.0,0.00999999977648,-0.00999999977648,2,0,1,20.0125724985586,0.0
77.77402544021606,-0.394094645977,198.964706421,50.339214325,19.7706914939,-2.30878617152,1.15986108095,-0.161390587687,0.0232626777142,-0.0329674184322,0.0,0.00999999977648,-0.00999999977648,2,0,1,19.93880672106218,0.0
77.98185443878174,3.92122340202,198.790802002,50.4244728088,19.6925972954,-2.28804179978,1.09666264071,-0.161390587687,0.0232626777142,-0.0329674184322,0.0,0.00999999977648,-0.00999999977648,2,0,1,19.855381952102178,0.0
78.23170900344849,9.00594520569,198.609100342,50.5563926697,19.6256506039,-2.19653429446,1.35308931405,-0.112119175494,0.0225431136787,0.00913315080106,0.0,0.00999999977648,-0.00999999977648,2,0,1,19.794488506271023,0.0
78.47443342208862,13.2384729385,198.476867676,50.6937866211,19.5012046177,-2.58986064892,1.48194065745,-0.131115466356,0.0354294553399,0.117828302085,0.0,0.00999999977648,-0.00999999977648,2,0,1,19.728165343853732,0.0
78.73437666893005,18.2723464966,198.366348267,50.8390197754,19.4264011306,-2.40532576133,1.23917323765,-0.131115466356,0.0354294553399,0.117828302085,0.0,0.00999999977648,-0.00999999977648,2,0,1,19.613928806284648,0.0
78.9700038433075,22.8770465851,198.308303833,50.9260787964,19.2882438296,-2.73966184514,1.2486569212,-0.13163729012,0.0439671091735,0.0126802716404,0.0,0.00999999977648,-0.00999999977648,2,0,1,19.521814494628284,0.0
79.25546956062317,28.2183952332,198.29234314,50.9542922974,19.2647416612,-2.47956277247,0.850077234086,-0.13163729012,0.0439671091735,0.0126802716404,0.0,0.00999999977648,-0.00999999977648,2,0,1,19.442251261603047,0.0
79.45643329620361,32.0131568909,198.313110352,50.8522148132,19.3168192983,-2.02058639921,0.138315926877,0.244366288185,0.0784186944366,-0.0636245235801,0.0,0.00999999977648,-0.00999999977648,2,0,1,19.42270342911809,0.0
79.72455477714539,37.3743057251,198.348937988,50.3185691833,19.3902665007,-1.87247478817,-0.696377313275,0.244366288185,0.0784186944366,-0.0636245235801,0.0,0.00999999977648,-0.00999999977648,2,0,1,19.492909946002033,0.0
79.95669460296631,41.9684944153,198.415634155,49.8040351868,19.5429900161,-1.22930070902,-0.153090349722,-0.0584192872047,0.00624858029187,-0.0148910582066,0.0,0.00999999977648,-0.00999999977648,2,0,1,19.58221324717304,0.0
80.21609115600586,46.5716590881,198.524551392,49.3828697205,19.6092416069,-1.36384592672,0.121271384026,0.230087280273,-0.0856563821435,0.0552760735154,0.0,0.00999999977648,-0.00999999977648,2,0,1,19.65698702391067,0.0
80.47053360939026,51.6360473633,198.664871216,49.1657829285,19.6859332817,-1.41027832515,1.04856584163,0.230087280273,-0.0856563821435,0.0552760735154,0.0,0.00999999977648,-0.00999999977648,2,0,1,19.764218791800623,0.0
80.77446007728577,57.4966125488,198.834762573,49.0881347656,19.6452675509,-2.44746220856,0.95872575211,0.134469866753,-0.0265417136252,0.160268440843,0.0,0.00999999977648,-0.00999999977648,2,0,1,19.820337118135324,0.0
80.96302318572998,60.9848175049,198.943466187,49.0681838989,19.6266874024,-2.65227462461,0.712764341013,-0.0741837024689,-0.0119275022298,-0.0711055845022,0.0,0.00999999977648,-0.00999999977648,2,0,1,19.817907358792873,0.0
81.19739055633545,65.6624755859,199.100906372,49.059173584,19.6230414634,-2.61769546797,0.84403435763,-0.0741837024689,-0.0119275022298,-0.0711055845022,0.0,0.00999999977648,-0.00999999977648,2,0,1,19.81485502935124,0.0
81.4744644165039,71.1122970581,199.280014038,49.0763473511,19.6752992194,-2.02045031318,0.832825654764,-0.0409956872463,-0.0225029420108,-0.0736492499709,0.0,0.00999999977648,-0.00999999977648,2,0,1,19.796293021982287,0.0
81.70598554611206,75.7834014893,199.401672363,49.1550445557,19.6392274318,-2.12080384994,0.952400230071,0.176131904125,-0.0403209254146,0.102730438113,0.0,0.00999999977648,-0.00999999977648,2,0,1,19.776352780179796,0.0
81.92510986328125,79.9797668457,199.483810425,49.2745018005,19.564491037,-2.17632151457,1.04720554871,0.176131904125,-0.0403209254146,0.102730438113,0.0,0.00999999977648,-0.00999999977648,2,0,1,19.712998867064407,0.0
82.17121839523315,84.5991516113,199.551605225,49.4232292175,19.3746895879,-2.87676338849,0.952059366916,-0.00866737216711,0.0173436757177,0.0080188754946,0.0,0.00999999977648,-0.00999999977648,2,0,1,19.610221346506258,0.0
82.424959897995,89.2027816772,199.601501465,49.5531387329,19.3703900368,-2.36640049816,1.08057776928,-0.0876459106803,0.0072270296514,-0.0740893706679,0.0,0.00999999977648,-0.00999999977648,2,0,1,19.544296094024844,0.0
82.66946005821228,94.1579360962,199.634963989,49.6825027466,19.3572771803,-1.93932194342,0.993188360761,-0.0292948409915,0.0366901122034,-0.110722735524,0.0,0.00999999977648,-0.00999999977648,2,0,1,19.47951674336775,0.0
82.9094750881195,98.731552124,199.634536743,49.7424964905,19.3037767761,-2.05753575515,0.652321859752,-0.0292948409915,0.0366901122034,-0.110722735524,0.0,0.00999999977648,-0.00999999977648,2,0,1,19.424077198516503,0.0
83.1608316898346,103.314064026,199.612091064,49.7126541138,19.2806110925,-1.81660204993,0.546284378854,-0.0856923311949,0.021598784253,-0.00822320766747,0.0,0.00999999977648,-0.00999999977648,2,0,1,19.37370469813721,0.0
83.41424703598022,108.637199402,199.57019043,49.6175994873,19.2793357477,-1.7450133147,0.516578415233,0.0325405038893,0.0538882166147,-0.0340412966907,0.0,0.00999999977648,-0.00999999977648,2,0,1,19.36503838364665,0.0
83.66614651679993,113.172637939,199.542434692,49.51146698,19.2863664839,-1.756462747,0.522869337959,0.0325405038893,0.0538882166147,-0.0340412966907,0.0,0.00999999977648,-0.00999999977648,2,0,1,19.373241491229024,0.0
83.91779065132141,117.748901367,199.508529663,49.4418563843,19.3784888902,-1.18350620848,0.676555873729,0.0803328156471,0.00727142952383,-0.105615377426,0.0,0.00999999977648,-0.00999999977648,2,0,1,19.42638016881665,0.0
84.14062929153442,122.35748291,199.444168091,49.3582344055,19.4242056486,-1.36587701143,0.399614255903,0.0803328156471,0.00727142952383,-0.105615377426,0.0,0.00999999977648,-0.00999999977648,2,0,1,19.476269577179764,0.0
84.37497329711914,126.599136353,199.327285767,49.217666626,19.4914849561,-1.10523815868,0.320377635762,0.108648568392,0.0124218352139,-0.00597877148539,0.0,0.00999999977648,-0.00999999977648,2,0,1,19.525423913727746,0.0
84.61457252502441,131.606842041,199.081222534,49.0978546143,19.5315729621,-1.79500107469,0.72447321731,0.653670012951,-0.0101604014635,0.0651364997029,0.0,0.00999999977648,-0.00999999977648,2,0,1,19.627257390541693,0.0
84.86192226409912,135.871887207,198.747589111,49.0799980164,19.5753653711,-2.22340492033,1.24785312182,0.653670012951,-0.0101604014635,0.0651364997029,0.0,0.00999999977648,-0.00999999977648,2,0,1,19.740709112527963,0.0
85.14385104179382,141.327087402,198.173904419,49.1436004639,19.733531601,-1.95633511472,1.29685345654,0.0186379514635,0.0215470921248,-0.260088741779,0.0,0.00999999977648,-0.00999999977648,2,0,1,19.872628045039537,0.0
85.3658356666565,146.006103516,197.510726929,49.1186676025,19.9821376456,-0.608833424343,1.31377658048,0.560949146748,-0.0603604987264,-0.302193284035,0.0,0.00999999977648,-0.00999999977648,2,0,1,20.03453298506655,0.0
85.62525582313538,150.725311279,196.543273926,49.0241546631,20.107028567,-1.95462881643,1.69298356623,0.560949146748,-0.0603604987264,-0.302193284035,0.0,0.00999999977648,-0.00999999977648,2,0,1,20.272626000587525,0.0
85.92263126373291,156.59274292,194.812393188,48.8429679871,20.4379462301,-2.14054819186,1.68420214078,0.534541010857,-0.143367111683,0.00835574325174,0.0,0.00999999977648,-0.00999999977648,2,0,1,20.61863549115561,0.0
86.11650586128235,160.501068115,193.361694336,48.6495819092,20.8206446559,-1.70692627648,1.25089859151,0.0850806683302,-0.152644202113,-0.424988925457,0.0,0.00999999977648,-0.00999999977648,2,0,1,20.92791409784637,0.0
86.40505003929138,166.294631958,190.647232056,48.2459068298,21.0120464343,-3.73222823049,2.67204684199,0.0850806683302,-0.152644202113,-0.424988925457,0.0,0.00999999977648,-0.00999999977648,2,0,1,21.507567441424765,0.0
86.63487195968628,170.419631958,188.156646729,47.9126205444,21.8864385713,-1.4395202223,1.95318327233,0.151675611734,-0.348977416754,-0.267051815987,0.0,0.00999999977648,-0.00999999977648,2,0,1,22.020520809031943,0.0
86.85581636428833,174.713729858,184.879241943,47.5486717224,22.5034565697,-1.80509650574,1.43868473716,0.0554891787469,-0.365829110146,-0.16409830749,0.0,0.00999999977648,-0.00999999977648,2,0,1,22.621532767528066,0.0
87.12159824371338,178.732009888,181.10345459,47.2118797302,22.7366479901,-3.35200495003,3.238750763,0.0554891787469,-0.365829110146,-0.16409830749,0.0,0.00999999977648,-0.00999999977648,2,0,1,23.209493865993224,0.0
87.35765743255615,182.541366577,176.804550171,46.8867530823,23.7341972073,-1.44473856229,0.802198620667,0.0240780804306,-0.314097166061,-0.463018208742,0.0,0.00999999977648,-0.00999999977648,2,0,1,23.791656294074503,0.0
87.59532618522644,186.011062622,172.035263062,46.5756149292,24.014886382,-3.12868080491,2.80756546801,0.0240780804306,-0.314097166061,-0.463018208742,0.0,0.00999999977648,-0.00999999977648,2,0,1,24.380029437565153,0.0
87.80911564826965,188.769683838,167.275680542,46.3586578369,24.802434807,-0.978974618627,0.938680035164,0.0167268756777,-0.437062501907,-0.242282927036,0.0,0.00999999977648,-0.00999999977648,2,0,1,24.839490410791775,0.0
88.0704448223114,191.265579224,161.680328369,46.2107048035,24.9294450359,-2.5637736106,3.15155896006,0.0167268756777,-0.437062501907,-0.242282927036,0.0,0.00999999977648,-0.00999999977648,2,0,1,25.258315240789567,0.0
88.31456899642944,193.328887939,155.293533325,46.167804718,25.5087205125,-1.81065687582,0.957920727182,-0.05059819296,-0.377270936966,-0.28081202507,0.0,0.00999999977648,-0.00999999977648,2,0,1,25.590836497198705,0.0
88.53659081459045,194.565307617,149.707107544,46.2053184509,25.7738631007,-0.971959422878,0.388896265936,-0.0617150813341,-0.331258356571,-0.325164854527,0.0,0.00999999977648,-0.00999999977648,2,0,1,25.79511512978776,0.0
88.76457166671753,195.370956421,143.54649353,46.3961982727,25.9263692849,0.707299232927,0.105708704289,-0.366689950228,-0.330480992794,-0.362559556961,0.0,0.00999999977648,-0.00999999977648,2,0,1,25.93623085245942,0.0
89.03382349014282,195.563446045,137.330749512,46.8587036133,25.8971657797,1.3247457293,0.417584458218,-0.29834240675,-0.345114469528,-0.206547141075,0.0,0.00999999977648,-0.00999999977648,2,0,1,25.934388819640777,0.0
89.2602789402008,195.002685547,130.692642212,47.7939834595,25.6387682927,0.107929186523,3.08936412556,-0.29834240675,-0.345114469528,-0.206547141075,0.0,0.00999999977648,-0.00999999977648,2,0,1,25.824450797187524,0.0
89.52493071556091,193.948257446,124.23764801,48.9040908813,25.434890604,0.495294676717,1.68336201623,-0.440950900316,-0.137751743197,-0.241196125746,0.0,0.00999999977648,-0.00999999977648,2,0,1,25.49534633088787,0.0
89.76549744606018,192.706481934,118.401130676,49.9589881897,25.0025523401,1.60610994317,1.24732992569,-0.398998379707,-0.0713900774717,-0.148012444377,0.0,0.00999999977648,-0.00999999977648,2,0,1,25.085115997589313,0.0
90.05899262428284,191.189865112,112.18938446,51.0833702087,24.5404817007,0.904594024752,1.24928840309,-0.398998379707,-0.0713900774717,-0.148012444377,0.0,0.00999999977648,-0.00999999977648,2,0,1,24.588905098969,0.0
90.30605602264404,189.606536865,106.125793457,52.156578064,23.9565647384,2.02651547,1.19348217941,-0.48246589303,-0.0103203542531,-0.175304323435,0.0,0.00999999977648,-0.00999999977648,2,0,1,24.07172945028813,0.0
90.52810764312744,188.264053345,101.148536682,53.0491752625,23.410155993,2.63661355718,2.10128169635,-0.565584242344,0.111761413515,-0.109816931188,0.0,0.00999999977648,-0.00999999977648,2,0,1,23.651691682285957,0.0
90.73603320121765,186.940200806,96.2476119995,53.8851737976,23.0174013063,2.63955824734,1.39182768157,-0.565584242344,0.111761413515,-0.109816931188,0.0,0.00999999977648,-0.00999999977648,2,0,1,23.21002401833195,0.0
90.98287534713745,185.422332764,90.5095291138,54.6511535645,22.4780174856,3.07197320453,2.01484886449,-0.346050053835,0.126528576016,-0.0164973028004,0.0,0.00999999977648,-0.00999999977648,2,0,1,22.776257493254377,0.0
91.26690077781677,184.002731323,84.8191146851,55.2496643066,22.1218370531,3.49126712585,1.27729962946,-0.346050053835,0.126528576016,-0.0164973028004,0.0,0.00999999977648,-0.00999999977648,2,0,1,22.432033235785106,0.0
91.50560688972473,182.71812439,79.2467880249,55.6266555786,21.7890170888,3.54467725433,2.09321468872,-0.0923549607396,0.117832101882,0.0320481210947,0.0,0.00999999977648,-0.00999999977648,2,0,1,22.17447970678131,0.0
91.7455358505249,181.625305176,74.0785751343,55.7990112305,21.5448734084,3.63358151354,2.58179065296,-0.08720895648,0.153558790684,0.0620120614767,0.0,0.00999999977648,-0.00999999977648,2,0,1,22.00113923812203,0.0
91.97474527359009,180.697280884,69.3513565063,55.7601509094,21.4581715887,4.16401360991,1.87669662103,-0.08720895648,0.153558790684,0.0620120614767,0.0,0.00999999977648,-0.00999999977648,2,0,1,21.938872520733444,0.0
92.22689604759216,179.714797974,63.8735237122,55.5045967102,21.5052898426,3.82339349175,2.12144904626,-0.00264929141849,0.112719722092,0.132861614227,0.0,0.00999999977648,-0.00999999977648,2,0,1,21.945304168839137,0.0
92.48694920539856,178.810745239,58.3187141418,54.9709854126,21.6794802514,3.29246013327,2.07520025019,-0.161460995674,0.0603964775801,0.0741536766291,0.0,0.00999999977648,-0.00999999977648,2,0,1,22.02604398838801,0.0
92.73084115982056,178.088546753,53.1702308655,54.3522911072,21.7774065526,3.85311089006,1.94759016908,-0.161460995674,0.0603964775801,0.0741536766291,0.0,0.00999999977648,-0.00999999977648,2,0,1,22.201238865320587,0.0
92.97897219657898,177.480484009,47.9917221069,53.7024269104,21.9583797601,3.81693027739,2.17890420449,0.0860637128353,0.0595140568912,0.114959172904,0.0,0.00999999977648,-0.00999999977648,2,0,1,22.393905911286897,0.0
93.22483515739441,176.9087677,42.3125610352,52.8890151978,22.3310900102,3.25734940178,1.77060570918,-0.0855769664049,-0.0420162081718,0.182328164577,0.0,0.00999999977648,-0.00999999977648,2,0,1,22.636761048045535,0.0
93.4656183719635,176.478347778,36.9809036255,52.1102409363,22.512214168,3.75467905101,2.24412003589,-0.0855769664049,-0.0420162081718,0.182328164577,0.0,0.00999999977648,-0.00999999977648,2,0,1,22.933239549995463,0.0
93.74409317970276,176.146530151,30.6734676361,51.2646064758,22.9944341192,2.41746119119,2.03637487979,-0.143288120627,-0.0840853527188,0.0929504260421,0.0,0.00999999977648,-0.00999999977648,2,0,1,23.21066439644024,0.0
93.95922422409058,176.036437988,25.6718959808,50.6941413879,23.0764857272,2.90305702992,2.86444160391,-0.143288120627,-0.0840853527188,0.0929504260421,0.0,0.00999999977648,-0.00999999977648,2,0,1,23.43409821902357,0.0
94.21483898162842,176.081954956,19.6931324005,50.2034645081,23.4045249963,2.22217466079,2.43190947046,0.060963306576,-0.147134140134,0.204665496945,0.0,0.00999999977648,-0.00999999977648,2,0,1,23.635228668197854,0.0
94.46544408798218,176.259262085,14.6261472702,49.8969802856,23.5659983889,1.66988899463,1.62427692387,0.206827789545,-0.120860628784,0.0156887061894,0.0,0.00999999977648,-0.00999999977648,2,0,1,23.68085903943183,0.0
94.71577501296997,176.582641602,8.64625644684,49.6429634094,23.4793342818,1.93521872918,2.32926184717,0.206827789545,-0.120860628784,0.0156887061894,0.0,0.00999999977648,-0.00999999977648,2,0,1,23.673818251371273,0.0
94.96703505516052,176.937042236,2.68148994446,49.4604415894,23.395767942,2.31253375649,1.20603471582,0.295142024755,-0.0723267644644,-0.038689173758,0.0,0.00999999977648,-0.00999999977648,2,0,1,23.54069433357019,0.0
95.22653269767761,177.198455811,-3.22453808784,49.2950973511,23.1411951153,2.51139516349,0.230090745711,0.844444870949,-0.0489548742771,-0.111715950072,0.0,0.00999999977648,-0.00999999977648,2,0,1,23.2782078086533,0.0
95.48291730880737,177.201980591,-9.08164978027,49.1423416138,22.9286674358,1.59403922754,-0.577320812857,0.614249169827,-0.0623714998364,-0.0058762091212,0.0,0.00999999977648,-0.00999999977648,2,0,1,22.991260312592903,0.0
95.72367858886719,176.891281128,-14.397977829,48.9873313904,22.75528382,0.416328288943,-0.148681442243,0.614249169827,-0.0623714998364,-0.0058762091212,0.0,0.00999999977648,-0.00999999977648,2,0,1,22.759577701358943,0.0
95.96439552307129,176.251098633,-19.6871871948,48.7701339722,22.5966761202,0.389325364189,-0.915226214414,0.413264125586,-0.121853686869,-0.306374043226,0.0,0.00999999977648,-0.00999999977648,2,0,1,22.618553997635846,0.0
96.21391534805298,175.25440979,-24.8997135162,48.4417724609,22.5224168926,-1.1531326712,-0.237447344825,0.413264125586,-0.121853686869,-0.306374043226,0.0,0.00999999977648,-0.00999999977648,2,0,1,22.553167380282243,0.0
96.46574759483337,173.710449219,-30.4219169617,47.9861450195,22.5588678301,-0.911322393549,-0.277111340956,0.153362900019,-0.217382505536,-0.282670378685,0.0,0.00999999977648,-0.00999999977648,2,0,1,22.57896846572471,0.0
96.74326872825623,171.655593872,-35.8576393127,47.4375038147,22.6718644324,0.597547056912,-1.39319757374,-0.163224861026,-0.259767889977,-0.370577931404,0.0,0.00999999977648,-0.00999999977648,2,0,1,22.722488833880487,0.0
96.99642014503479,169.017623901,-41.1578674316,46.8162918091,22.9005752541,-1.13589073661,0.12274855878,-0.163224861026,-0.259767889977,-0.370577931404,0.0,0.00999999977648,-0.00999999977648,2,0,1,22.929057153378466,0.0
97.24905109405518,166.08706665,-45.8238067627,46.2023544312,23.0209815237,1.21672049894,-1.77397169044,0.00340959988534,-0.366615504026,-0.298304826021,0.0,0.00999999977648,-0.00999999977648,2,0,1,23.121266718014397,0.0
97.44823789596558,162.916427612,-49.8511352539,45.6791267395,23.2771231293,-0.259655426635,0.525378423258,0.00340959988534,-0.366615504026,-0.298304826021,0.0,0.00999999977648,-0.00999999977648,2,0,1,23.284499234572323,0.0
97.69429874420166,158.867858887,-53.8426475525,45.339302063,23.4323995215,0.409423640229,-0.111935724261,-0.118524581194,-0.435833930969,-0.186505585909,0.0,0.00999999977648,-0.00999999977648,2,0,1,23.436243399033422,0.0
97.95436143875122,153.937805176,-57.562587738,45.2436256409,23.3833478283,-1.27206261187,2.51642032298,-0.118524581194,-0.435833930969,-0.186505585909,0.0,0.00999999977648,-0.00999999977648,2,0,1,23.55273806141627,0.0
98.20204663276672,148.688247681,-60.6569099426,45.326675415,23.5768195363,-0.528550773966,0.573481900522,-0.0657253488898,-0.335548877716,-0.224842607975,0.0,0.00999999977648,-0.00999999977648,2,0,1,23.589715277174157,0.0
98.46835947036743,143.097183228,-63.1538505554,45.626285553,23.5565685025,0.483267141979,0.093301325759,0.199690431356,-0.361451148987,-0.316615641117,0.0,0.00999999977648,-0.00999999977648,2,0,1,23.561709867513436,0.0
98.69717025756836,138.177001953,-64.6822662354,46.0793800354,23.4003956635,-0.976805475717,2.17770053887,0.199690431356,-0.361451148987,-0.316615641117,0.0,0.00999999977648,-0.00999999977648,2,0,1,23.521799373830543,0.0
98.92164063453674,132.663345337,-65.7272109985,46.7216835022,23.4364475456,-0.492338944108,1.37040251862,0.112896561623,-0.351928979158,-0.191924989223,0.0,0.00999999977648,-0.00999999977648,2,0,1,23.48164121726984,0.0
99.18074464797974,127.214958191,-66.1465911865,47.4682731628,23.1892840803,-1.95263127826,3.00999802335,0.112896561623,-0.351928979158,-0.191924989223,0.0,0.00999999977648,-0.00999999977648,2,0,1,23.465203028447576,0.0
99.42240858078003,121.188339233,-66.1259307861,48.2943000793,23.2410278993,-0.969416751804,1.34666666491,-0.227419272065,-0.160925239325,-0.287791579962,0.0,0.00999999977648,-0.00999999977648,2,0,1,23.30018578812407,0.0
99.66502141952515,115.670425415,-65.7658081055,48.9709663391,23.040163106,0.578271202608,1.02237066581,-0.529396414757,-0.157701641321,-0.307758808136,0.0,0.00999999977648,-0.00999999977648,2,0,1,23.070083556700833,0.0
99.92312288284302,110.281585693,-65.1784896851,49.5693359375,22.6543795586,1.91358421598,0.572572526779,-0.380971461535,-0.108526006341,-0.343621432781,0.0,0.00999999977648,-0.00999999977648,2,0,1,22.7422636743835,0.0
100.21139597892761,103.652915955,-64.1562957764,50.2264022827,22.2001450981,2.03307167303,0.364121091427,-0.292033970356,-0.0955199450254,-0.123288318515,0.0,0.00999999977648,-0.00999999977648,2,0,1,22.296017738008562,0.0
100.43025517463684,98.9200286865,-63.1976165771,50.7568511963,21.8890307341,1.44372626725,1.10016885322,-0.292033970356,-0.0955199450254,-0.123288318515,0.0,0.00999999977648,-0.00999999977648,2,0,1,21.964161343395688,0.0
100.67817497253418,93.4931945801,-61.9057998657,51.5020751953,21.4535065635,1.66892558316,1.06754685478,-0.497423619032,0.00112598575652,-0.127389982343,0.0,0.00999999977648,-0.00999999977648,2,0,1,21.544788529001956,0.0
100.89113736152649,89.4418869019,-60.8721466064,52.0887069702,21.0577322518,2.29193350562,1.34512837513,-0.418558001518,0.0479535236955,-0.152559310198,0.0,0.00999999977648,-0.00999999977648,2,0,1,21.224759530516742,0.0
101.12779450416565,84.6348648071,-59.6153793335,52.7789573669,20.6911634727,2.19775134173,1.26182853987,-0.418558001518,0.0479535236955,-0.152559310198,0.0,0.00999999977648,-0.00999999977648,2,0,1,20.845780582125037,0.0
101.37732148170471,79.9052276611,-58.3906288147,53.4426078796,20.3581840336,2.25315489215,1.04445110845,-0.418558001518,0.0479535236955,-0.152559310198,0.0,0.00999999977648,-0.00999999977648,2,0,1,20.50910144867122,0.0
101.62927627563477,74.8809509277,-57.1226463318,54.0387039185,19.7866841177,3.33262143737,1.98297152104,-0.0746444910765,0.111332885921,-0.0685811340809,0.0,0.00999999977648,-0.00999999977648,2,0,1,20.163120048041055,0.0
101.92248868942261,69.1613388062,-55.7323608398,54.6226997375,19.4158181147,3.27094480623,1.88527560145,-0.276828736067,0.14239962399,0.10250133276,0.0,0.00999999977648,-0.00999999977648,2,0,1,19.779467563155947,0.0
102.07858657836914,66.1335296631,-55.0363464355,54.7925872803,19.2425454719,3.53995674156,1.47688742623,-0.276828736067,0.14239962399,0.10250133276,0.0,0.00999999977648,-0.00999999977648,2,0,1,19.621112263070398,0.0
102.3652548789978,60.8548240662,-53.9271850586,54.9035873413,19.040312774,3.44183054317,1.71307881495,-0.289097815752,0.113608516753,0.0494121536613,0.0,0.00999999977648,-0.00999999977648,2,0,1,19.42458100052292,0.0
102.60341334342957,56.7396430969,-53.1492385864,54.8280410767,18.8757378667,3.79945992312,2.16747659474,-0.0819704160094,0.0993156135082,0.0466269254684,0.0,0.00999999977648,-0.00999999977648,2,0,1,19.375947215775362,0.0
102.80494451522827,52.6306724548,-52.4592132568,54.6387443542,18.7874572801,4.33207947599,1.53236544545,-0.0819704160094,0.0993156135082,0.0466269254684,0.0,0.00999999977648,-0.00999999977648,2,0,1,19.341241105375982,0.0
103.0537965297699,47.7927856445,-51.7276535034,54.1733207703,18.8120689996,4.51890337037,1.58629162832,0.0802476927638,0.0667891353369,-0.00394685100764,0.0,0.00999999977648,-0.00999999977648,2,0,1,19.41212891072308,0.0
103.33967542648315,43.2809524536,-51.1263313293,53.7718238831,18.9358030485,4.393722499,1.89704011267,0.0492561683059,0.0498556345701,0.136502444744,0.0,0.00999999977648,-0.00999999977648,2,0,1,19.53121080934,0.0
103.55389094352722,38.3433265686,-50.535068512,53.333152771,19.18828576,3.89330105589,1.93848405694,-0.0737879797816,0.0259476508945,0.186043173075,0.0,0.00999999977648,-0.00999999977648,2,0,1,19.675005056116845,0.0
103.83963632583618,33.3805809021,-50.026008606,52.8637161255,19.2736471644,4.34934112744,1.89598537075,-0.0737879797816,0.0259476508945,0.186043173075,0.0,0.00999999977648,-0.00999999977648,2,0,1,19.849055488529505,0.0
104.05645203590393,29.1216526031,-49.6779937744,52.4471626282,19.5891196688,3.73247575926,2.10467642184,0.239789292216,-0.0476328358054,0.0289557334036,0.0,0.00999999977648,-0.00999999977648,2,0,1,20.052297811789042,0.0
104.32967138290405,23.6498699188,-49.3132019043,52.0032463074,19.7324744346,4.02472167674,2.33852068305,0.239789292216,-0.0476328358054,0.0289557334036,0.0,0.00999999977648,-0.00999999977648,2,0,1,20.27406251525372,0.0
104.56047940254211,19.2871894836,-49.0703125,51.636844635,19.9477344332,3.91387165994,2.02111566641,-0.0804926753044,-0.021715959534,0.0683993771672,0.0,0.00999999977648,-0.00999999977648,2,0,1,20.42829921762853,0.0
104.76083970069885,14.9085388184,-48.8811836243,51.2294387817,20.0573185291,4.23976810441,2.02221015909,-0.0804926753044,-0.021715959534,0.0683993771672,0.0,0.00999999977648,-0.00999999977648,2,0,1,20.600024128249885,0.0
105.0402946472168,9.32050323486,-48.734703064,50.7227706909,20.238444991,4.39806479395,2.29059634221,-0.166251271963,-0.0422982648015,-0.0304443761706,0.0,0.00999999977648,-0.00999999977648,2,0,1,20.83709339587605,0.0
105.26807427406311,4.84771203995,-48.6936950684,50.3446083069,20.3580572214,4.7516716402,1.69835658052,0.0640059188008,-0.0327929668128,0.00722063239664,0.0,0.00999999977648,-0.00999999977648,2,0,1,20.974110047405425,0.0
105.51695966720581,-0.460994780064,-48.6844787598,49.8572502136,20.4527732709,4.88090557826,1.75291459165,0.0640059188008,-0.0327929668128,0.00722063239664,0.0,0.00999999977648,-0.00999999977648,2,0,1,21.100044627923197,0.0
105.76254677772522,-5.39665555954,-48.6861877441,49.4925804138,20.6908852261,4.50438629155,1.48280323995,0.143691956997,-0.0813172385097,0.145452991128,0.0,0.00999999977648,-0.00999999977648,2,0,1,21.22736283082647,0.0
106.00993847846985,-10.3542833328,-48.7132568359,49.3218612671,20.929002899,3.95060340234,1.55151857957,-0.0257953349501,-0.0422217547894,0.0520429834723,0.0,0.00999999977648,-0.00999999977648,2,0,1,21.355037801223432,0.0
106.25250840187073,-14.9425029755,-48.7821159363,49.239730835,20.9418936264,4.1224670481,1.82667258809,-0.0257953349501,-0.0422217547894,0.0520429834723,0.0,0.00999999977648,-0.00999999977648,2,0,1,21.4218200899504,0.0
106.4712507724762,-19.9608535767,-48.8954391479,49.263381958,20.8824327511,4.42012993282,2.41882162495,-0.0353893376887,-0.05890417099,-0.125357165933,0.0,0.00999999977648,-0.00999999977648,2,0,1,21.481718839062925,0.0
106.7186553478241,-25.3512325287,-48.9848976135,49.5295448303,20.9139973523,4.28942334028,2.43942098043,0.149337559938,-0.115452669561,0.185887008905,0.0,0.00999999977648,-0.00999999977648,2,0,1,21.488257550669676,0.0
106.95613169670105,-29.9173145294,-49.0143623352,49.8746376038,20.8597746315,4.20905268373,2.34522607621,0.149337559938,-0.115452669561,0.185887008905,0.0,0.00999999977648,-0.00999999977648,2,0,1,21.409026309477994,0.0
107.20816230773926,-34.8957939148,-49.0410995483,50.1889152527,21.0625636099,2.59291377095,1.65175557396,-0.16588139534,0.0606915540993,0.037019636482,0.0,0.00999999977648,-0.00999999977648,2,0,1,21.285748380566133,0.0
107.44634819030762,-39.8522186279,-49.0797233582,50.4339523315,20.7540777905,3.31523254582,2.16033845234,0.338746517897,-0.0174415055662,-0.168972864747,0.0,0.00999999977648,-0.00999999977648,2,0,1,21.127933500360328,0.0
107.68350768089294,-45.1531105042,-49.0368766785,50.7148780823,20.6031401922,2.836185692,2.1517250696,0.338746517897,-0.0174415055662,-0.168972864747,0.0,0.00999999977648,-0.00999999977648,2,0,1,20.908449388562936,0.0
107.9646623134613,-50.7824935913,-48.8818740845,51.0685386658,20.4844619992,2.26945703878,2.20476027186,-0.250475049019,-0.0512784421444,0.252381265163,0.0,0.00999999977648,-0.00999999977648,2,0,1,20.72738735354529,0.0
108.17437958717346,-55.212688446,-48.7772216797,51.3781661987,20.4237253564,0.851348602666,2.09460210266,-0.309729456902,0.128430530429,-0.035032235086,0.0,0.00999999977648,-0.00999999977648,2,0,1,20.548496534914307,0.0
108.45306134223938,-60.3592567444,-48.7436065674,51.5513458252,20.2655863794,1.10929179984,1.18298153442,-0.309729456902,0.128430530429,-0.035032235086,0.0,0.00999999977648,-0.00999999977648,2,0,1,20.330370505942426,0.0
108.66524314880371,-64.7237854004,-48.781375885,51.5168457031,19.8504408742,3.42610252421,1.76790255635,0.24135825038,0.107789449394,-0.247097328305,0.0,0.00999999977648,-0.00999999977648,2,0,1,20.221366443820187,0.0
108.94321393966675,-69.8399887085,-48.8371887207,51.2838287354,19.7874233274,3.43752711065,1.10584235757,0.24135825038,0.107789449394,-0.247097328305,0.0,0.00999999977648,-0.00999999977648,2,0,1,20.11421392682258,0.0
109.16696739196777,-74.5447235107,-48.868309021,50.9487380981,19.8161408203,3.22122862236,0.84097701024,0.215041130781,0.0561065897346,0.249839916825,0.0,0.00999999977648,-0.00999999977648,2,0,1,20.093854612274455,0.0
109.45605421066284,-79.9769210815,-48.9030265808,50.4619522095,19.828126931,3.21515175711,0.415304022679,0.215041130781,0.0561065897346,0.249839916825,0.0,0.00999999977648,-0.00999999977648,2,0,1,20.091398553718165,0.0
109.71088719367981,-85.0395050049,-48.9443740845,49.916847229,19.9715189442,2.21253227747,0.118522461425,0.179133087397,-0.0122260656208,0.0541936606169,0.0,0.00999999977648,-0.00999999977648,2,0,1,20.094051746505688,0.0
109.96735143661499,-90.1410827637,-49.0168800354,49.3273544312,20.0323014024,2.08170279021,0.131908805117,-0.157483577728,0.00693966913968,-0.0443829894066,0.0,0.00999999977648,-0.00999999977648,2,0,1,20.140605400936504,0.0
110.16217112541199,-93.6602859497,-49.0864105225,48.9386444092,19.9622054531,2.72659969328,-0.0756349346389,0.0291673280299,-0.0489071011543,-0.0878250971437,0.0,0.00999999977648,-0.00999999977648,2,0,1,20.14769746354426,0.0
110.43991303443909,-99.5183792114,-49.142616272,48.3032798767,19.9858084469,2.27497757229,0.146788880181,0.0291673280299,-0.0489071011543,-0.0878250971437,0.0,0.00999999977648,-0.00999999977648,2,0,1,20.11540725926141,0.0
110.66962385177612,-103.843635559,-49.0847434998,47.884979248,20.0279960162,1.82813730903,-0.758554630737,-0.0463300198317,-0.0887941122055,0.224099814892,0.0,0.00999999977648,-0.00999999977648,2,0,1,20.125558764253057,0.0
110.92949199676514,-108.566490173,-49.0084114075,47.5249862671,20.1081845201,1.40864304897,-0.345465922541,-0.410682886839,-0.0169106312096,-0.0519131757319,0.0,0.00999999977648,-0.00999999977648,2,0,1,20.160424267297497,0.0
111.1815390586853,-113.713783264,-48.9794845581,47.279914856,20.1992401695,1.54584828162,-0.0289878845264,-0.410682886839,-0.0169106312096,-0.0519131757319,0.0,0.00999999977648,-0.00999999977648,2,0,1,20.2583264519155,0.0
111.43692946434021,-118.865577698,-48.9707374573,47.1309623718,20.0790526727,3.09772561363,0.414036047554,0.037630263716,-0.0600163415074,-0.124996706843,0.0,0.00999999977648,-0.00999999977648,2,0,1,20.32081903022303,0.0
111.66569566726685,-123.674339294,-48.9733428955,47.1712722778,20.1910113785,2.56212918613,0.775076975913,-0.135558247566,-0.123357817531,0.233502030373,0.0,0.00999999977648,-0.00999999977648,2,0,1,20.367675144005172,0.0
111.94083523750305,-129.252502441,-49.0770111084,47.4997596741,20.0765665777,2.94810991434,1.55708865074,-0.135558247566,-0.123357817531,0.233502030373,0.0,0.00999999977648,-0.00999999977648,2,0,1,20.351520893587136,0.0
112.17640447616577,-133.618392944,-49.2377853394,47.8609657288,20.1133584361,2.17394379804,1.61536196564,0.0164158996195,-0.0590068995953,-0.0704941526055,0.0,0.00999999977648,-0.00999999977648,2,0,1,20.29489131520807,0.0
112.4155752658844,-137.944076538,-49.4216384888,48.3235816956,20.0396871688,1.40208952078,1.30778091987,0.108404017985,-0.0132342148572,0.284983098507,0.0,0.00999999977648,-0.00999999977648,2,0,1,20.131199859472474,0.0
112.63893985748291,-142.986343384,-49.7185935974,48.8323516846,19.7763212737,1.85461887282,1.09135836612,0.108404017985,-0.0132342148572,0.284983098507,0.0,0.00999999977648,-0.00999999977648,2,0,1,19.893052992623314,0.0
112.86861515045166,-146.825714111,-50.0115394592,49.1624641418,19.4187402721,3.08083441745,1.25321999465,0.342616528273,0.0476256422698,-0.184275180101,0.0,0.00999999977648,-0.00999999977648,2,0,1,19.701511993195176,0.0
113.12758231163025,-151.70640564,-50.3758201599,49.4705505371,19.2136801511,2.9515061376,0.582482719448,0.342616528273,0.0476256422698,-0.184275180101,0.0,0.00999999977648,-0.00999999977648,2,0,1,19.447780838633495,0.0
113.36538577079773,-156.224151611,-50.6269378662,49.6206016541,18.9630071954,3.04567457933,0.027829097389,0.523697912693,0.0294329822063,0.0284330658615,0.0,0.00999999977648,-0.00999999977648,2,0,1,19.2060550346663,0.0
113.62067246437073,-161.068908691,-50.7765617371,49.7614555359,18.877342893,1.98395275439,-0.0174416307728,0.27534481883,0.0230258181691,0.112847596407,0.0,0.00999999977648,-0.00999999977648,2,0,1,18.98131837997649,0.0
113.88239049911499,-166.216293335,-50.7929954529,49.9685401917,18.705588553,1.48076214048,0.254449406621,-0.0912858396769,0.0484837889671,-0.109805293381,0.0,0.00999999977648,-0.00999999977648,2,0,1,18.765831826256285,0.0
114.10102939605713,-170.255401611,-50.7101593018,50.0983085632,18.6193288441,0.937939968827,-0.114520012,-0.0912858396769,0.0484837889671,-0.109805293381,0.0,0.00999999977648,-0.00999999977648,2,0,1,18.64328975323309,0.0
114.34367537498474,-174.637924194,-50.4911727905,50.0956344604,18.4609621007,1.62352760576,-0.0894314299697,0.257771670818,0.0222076047212,-0.235008537769,0.0,0.00999999977648,-0.00999999977648,2,0,1,18.532429995842776,0.0
114.57451677322388,-178.618301392,-50.1425132751,49.9744796753,18.4605552066,0.84686568756,-0.408857185221,0.257771670818,0.0222076047212,-0.235008537769,0.0,0.00999999977648,-0.00999999977648,2,0,1,18.48449199265697,0.0
114.82250881195068,-182.885299683,-49.5485725403,49.7769813538,18.4183454357,1.37988453796,-0.141063539803,0.288866460323,-0.0324311852455,-0.255273491144,0.0,0.00999999977648,-0.00999999977648,2,0,1,18.470501586289796,0.0
115.0806348323822,-187.53062439,-48.5319519043,49.5371437073,18.4782265784,1.03101410859,-0.122897182979,0.236452534795,-0.0599695257843,-0.128183737397,0.0,0.00999999977648,-0.00999999977648,2,0,1,18.507375591703543,0.0
115.35499811172485,-192.477813721,-47.0580749512,49.1808357239,18.6410681931,-0.325262645125,0.195921401816,0.236452534795,-0.0599695257843,-0.128183737397,0.0,0.00999999977648,-0.00999999977648,2,0,1,18.644935086071172,0.0
115.59556484222412,-196.647964478,-45.5122718811,48.7603302002,18.8084727362,-0.123749756334,-0.0351892264009,0.233665362,-0.0822998210788,-0.377560228109,0.0,0.00999999977648,-0.00999999977648,2,0,1,18.80891275306008,0.0
115.80614280700684,-200.389343262,-43.7562637329,48.3204345703,18.8779671092,-1.5852516895,0.778768474506,0.233665362,-0.0822998210788,-0.377560228109,0.0,0.00999999977648,-0.00999999977648,2,0,1,18.96040994894319,0.0
116.01380896568298,-203.970596313,-41.605381012,47.8501358032,19.1228079142,0.609035929501,-0.00225689632995,0.263968974352,-0.295408189297,-0.242199167609,0.0,0.00999999977648,-0.00999999977648,2,0,1,19.132504080239844,0.0
116.25482249259949,-207.643463135,-38.8099632263,47.2989997864,19.3483800998,-0.00950829518383,-1.23312466709,-0.278361320496,-0.312380701303,-0.143622770905,0.0,0.00999999977648,-0.00999999977648,2,0,1,19.387637796766263,0.0
116.52659010887146,-211.377410889,-35.4038314819,46.6433868408,19.5912769161,-1.40937745033,0.164191597346,-0.278361320496,-0.312380701303,-0.143622770905,0.0,0.00999999977648,-0.00999999977648,2,0,1,19.642592366626417,0.0
116.75660705566406,-214.289978027,-32.1625938416,46.1569023132,19.8688937637,-0.472274382885,-0.262300077049,0.237239018083,-0.283832997084,-0.452144861221,0.0,0.00999999977648,-0.00999999977648,2,0,1,19.87623666130855,0.0
117.04443645477295,-217.483596802,-27.4931049347,45.7718963623,20.2096696742,-0.504715039926,0.66122777611,0.032277956605,-0.325170099735,-0.241327017546,0.0,0.00999999977648,-0.00999999977648,2,0,1,20.226781943346946,0.0
117.26989483833313,-219.700210571,-23.0949363708,45.6138038635,20.2680281497,-2.05569980664,2.53313069877,0.032277956605,-0.325170099735,-0.241327017546,0.0,0.00999999977648,-0.00999999977648,2,0,1,20.52889714302993,0.0
117.53260540962219,-221.414093018,-18.3783435822,45.5907516479,20.7555857405,-0.670072773791,1.38397350102,-0.118438221514,-0.381568878889,-0.248802900314,0.0,0.00999999977648,-0.00999999977648,2,0,1,20.812465485976148,0.0
117.79303741455078,-222.862930298,-12.646695137,45.682182312,20.9880503837,0.069615110007,0.053787555157,-0.132051572204,-0.285345703363,-0.363822549582,0.0,0.00999999977648,-0.00999999977648,2,0,1,20.98823475839168,0.0
118.02729535102844,-223.640869141,-7.636323452,45.8603630066,20.8483304598,-1.2858417681,2.10339975247,-0.132051572204,-0.285345703363,-0.363822549582,0.0,0.00999999977648,-0.00999999977648,2,0,1,20.993583842029114,0.0
118.26278924942017,-223.802276611,-2.62233662605,46.3207817078,20.9031704175,-0.364238479378,1.60484587824,-0.146727204323,-0.366071939468,-0.0854243114591,0.0,0.00999999977648,-0.00999999977648,2,0,1,20.96784999626358,0.0
118.51223611831665,-223.529098511,2.77871918678,46.9928741455,20.7744959206,-0.353685763854,0.715216010218,-0.641997754574,-0.0823823586106,-0.291389584541,0.0,0.00999999977648,-0.00999999977648,2,0,1,20.789812608964304,0.0
118.7528007030487,-223.108230591,7.26616621017,47.5762176514,20.4638980061,-1.0805709575,1.25216026961,-0.641997754574,-0.0823823586106,-0.291389584541,0.0,0.00999999977648,-0.00999999977648,2,0,1,20.530627378115987,0.0
119.02486634254456,-222.360977173,12.7963123322,48.4676246643,20.0633842086,-0.143173541566,1.16362268592,-0.429786354303,-0.140787780285,-0.0892940312624,0.0,0.00999999977648,-0.00999999977648,2,0,1,20.097609368282885,0.0
119.2639434337616,-221.607315063,17.4019470215,49.3320045471,19.6274984367,-0.182174254618,0.714827496174,-0.441584467888,0.0124560529366,-0.0547870434821,0.0,0.00999999977648,-0.00999999977648,2,0,1,19.641355877102605,0.0
119.5127682685852,-220.793334961,22.2867984772,50.2312088013,19.1411262915,-0.243114008026,0.758436344678,-0.441584467888,0.0124560529366,-0.0547870434821,0.0,0.00999999977648,-0.00999999977648,2,0,1,19.15768894770399,0.0
119.77795910835266,-220.05279541,26.6807384491,51.0641136169,18.683410967,0.317285626649,0.810349189928,-0.154012605548,0.0327810645103,0.0533942580223,0.0,0.00999999977648,-0.00999999977648,2,0,1,18.70366759061738,0.0
119.95849013328552,-219.445343018,30.2295570374,51.6443328857,18.3321135603,0.379811869902,0.137730202034,-0.154012605548,0.0327810645103,0.0533942580223,0.0,0.00999999977648,-0.00999999977648,2,0,1,18.336564952378783,0.0
120.25970721244812,-218.69203186,34.8540496826,52.2074546814,17.9050961138,-0.205281505315,-0.112052824704,-0.335007607937,0.0932349711657,0.117931887507,0.0,0.00999999977648,-0.00999999977648,2,0,1,17.906623444311446,0.0
120.4625313282013,-218.0806427,39.0631561279,52.5332221985,17.5721560951,0.232019876157,-0.822215760477,-0.335007607937,0.0932349711657,0.117931887507,0.0,0.00999999977648,-0.00999999977648,2,0,1,17.5929116922205,0.0
120.74634575843811,-217.475341797,43.8799133301,52.6888046265,17.3086998227,0.202404040393,-0.681526018067,-0.0115256216377,0.115351706743,0.0415820665658,0.0,0.00999999977648,-0.00999999977648,2,0,1,17.32329456717759,0.0
120.96222472190857,-217.123428345,47.2663421631,52.6780166626,17.1597301265,0.654647753222,-1.08185663645,-0.0115256216377,0.115351706743,0.0415820665658,0.0,0.00999999977648,-0.00999999977648,2,0,1,17.206258032382905,0.0
121.24398279190063,-216.748519897,52.3743782043,52.5395851135,17.1031776137,0.764018943659,-0.58604395569,-0.152647569776,0.0654069855809,0.0705348327756,0.0,0.00999999977648,-0.00999999977648,2,0,1,17.130261438461453,0.0
121.45079398155212,-216.604141235,55.76745224,52.3916435242,17.1007465332,0.880219277738,-0.17206315301,0.218232795596,0.0847462788224,0.0569219142199,0.0,0.00999999977648,-0.00999999977648,2,0,1,17.12424958058826,0.0
121.71375632286072,-216.517684937,60.4940299988,52.1228179932,17.1643219176,1.08939099624,-0.0920544458444,0.375187277794,0.0352065302432,0.0609404928982,0.0,0.00999999977648,-0.00999999977648,2,0,1,17.199104443391587,0.0
121.96084856987,-216.511413574,64.5491790771,51.8784370422,17.2257884957,1.33553776463,-0.0468323191034,0.375187277794,0.0352065302432,0.0609404928982,0.0,0.00999999977648,-0.00999999977648,2,0,1,17.277547386288834,0.0
122.2734637260437,-216.562911987,69.6050415039,51.5341873169,17.3980989693,0.66669273922,0.126785701186,0.0184694603086,0.0488068014383,0.0958708673716,0.0,0.00999999977648,-0.00999999977648,2,0,1,17.41132968983448,0.0
122.47753858566284,-216.679153442,73.3303985596,51.2366142273,17.5307412305,1.02830819688,0.15201980773,0.0184694603086,0.0488068014383,0.0958708673716,0.0,0.00999999977648,-0.00999999977648,2,0,1,17.561532275415647,0.0
122.7183187007904,-216.898330688,77.4347991943,50.8858375549,17.6419746403,1.63994443235,0.379316067016,-0.0273183360696,0.0207018479705,-0.082729563117,0.0,0.00999999977648,-0.00999999977648,2,0,1,17.72209264248668,0.0
122.96240997314453,-217.189147949,81.5615310669,50.5700378418,17.7841742022,1.79735304964,0.937446763226,-0.0273183360696,0.0207018479705,-0.082729563117,0.0,0.00999999977648,-0.00999999977648,2,0,1,17.899333408625278,0.0
123.17154121398926,-217.446365356,85.0282821655,50.4275131226,17.8524996341,2.24217016575,1.10737894659,0.267044991255,-0.0404113717377,0.07948654145,0.0,0.00999999977648,-0.00999999977648,2,0,1,18.026795565742425,0.0
123.44471478462219,-217.797561646,89.8831787109,50.400592804,18.0556125215,1.53637837585,1.10615771338,0.0828125551343,-0.0674001052976,0.176244586706,0.0,0.00999999977648,-0.00999999977648,2,0,1,18.154591345640284,0.0
123.71556854248047,-218.175247192,94.4670410156,50.4086647034,18.1243735998,1.7882473702,1.38285479796,0.0828125551343,-0.0674001052976,0.176244586706,0.0,0.00999999977648,-0.00999999977648,2,0,1,18.26480315892825,0.0
123.93507313728333,-218.545654297,98.338394165,50.4602165222,18.1551110038,1.69807990257,1.17392984444,0.0574481859803,0.0186093728989,-0.195791900158,0.0,0.00999999977648,-0.00999999977648,2,0,1,18.27210010358631,0.0
124.1662609577179,-218.902267456,102.199821472,50.4436149597,18.1402514859,1.56473539343,1.06495664228,0.0574481859803,0.0186093728989,-0.195791900158,0.0,0.00999999977648,-0.00999999977648,2,0,1,18.238729491746017,0.0
124.43349313735962,-219.252807617,107.072921753,50.4221420288,17.9154058515,2.51458552641,0.797968076789,0.226072207093,-0.0514140538871,-0.0989551767707,0.0,0.00999999977648,-0.00999999977648,2,0,1,18.108607352448875,0.0
124.6673858165741,-219.452041626,111.266929626,50.3974609375,17.8115406755,2.56396801385,0.332068610601,-0.062324270606,-0.0199343748391,0.0060091977939,0.0,0.00999999977648,-0.00999999977648,2,0,1,17.99819943142045,0.0
124.92281293869019,-219.587387085,115.792007446,50.3663139343,17.7157839742,2.33115056451,0.550024117862,-0.062324270606,-0.0199343748391,0.0060091977939,0.0,0.00999999977648,-0.00999999977648,2,0,1,17.87696258610972,0.0
125.14185953140259,-219.669281006,119.600852966,50.366569519,17.6808243591,1.95760470188,0.374234634181,-0.152867242694,-0.00153285264969,-0.0755795016885,0.0,0.00999999977648,-0.00999999977648,2,0,1,17.792802414110803,0.0
125.38542795181274,-219.707977295,123.744400024,50.3844604492,17.5563536328,2.05291783703,0.592119410655,-0.0982196033001,-0.0020492170006,-0.00571150192991,0.0,0.00999999977648,-0.00999999977648,2,0,1,17.68588787485661,0.0
125.6329894065857,-219.689285278,127.874343872,50.4417953491,17.4522470761,1.88664755796,0.726875778465,-0.0982196033001,-0.0020492170006,-0.00571150192991,0.0,0.00999999977648,-0.00999999977648,2,0,1,17.568970243315817,0.0
125.88163709640503,-219.65953064,132.327301025,50.4974212646,17.3708447648,1.51047424745,0.603386449602,-0.104073561728,0.0157084390521,-0.0160339064896,0.0,0.00999999977648,-0.00999999977648,2,0,1,17.446829382513965,0.0
126.11846256256104,-219.651092529,136.409713745,50.5918045044,17.3014355554,1.58987734623,1.14692832452,-0.104073561728,0.0157084390521,-0.0160339064896,0.0,0.00999999977648,-0.00999999977648,2,0,1,17.412145957213344,0.0
126.3758795261383,-219.657150269,140.493972778,50.7593765259,17.1308419931,2.01867081452,0.915176207518,0.415909230709,0.0381804145873,-0.141093686223,0.0,0.00999999977648,-0.00999999977648,2,0,1,17.273630965745454,0.0
126.61776900291443,-219.572265625,144.876159668,50.8238067627,17.047795397,1.49666900047,0.407144327212,0.415909230709,0.0381804145873,-0.141093686223,0.0,0.00999999977648,-0.00999999977648,2,0,1,17.118209967695897,0.0
126.87616610527039,-219.347702026,149.189025879,50.7261009216,16.9990162941,1.15924080194,0.0450302188045,-0.061417773366,0.00144654326141,0.0749518126249,0.0,0.00999999977648,-0.00999999977648,2,0,1,17.038556920249007,0.0
127.11687874794006,-218.998199463,153.133773804,50.5354118347,16.9473906826,0.330733419995,-0.3792054972,-0.061417773366,0.00144654326141,0.0749518126249,0.0,0.00999999977648,-0.00999999977648,2,0,1,16.95485866508139,0.0
127.36970376968384,-218.523071289,156.774093628,50.2049255371,16.9967850709,-0.504050914162,-0.783811091963,0.114165820181,0.00255678407848,0.110908746719,0.0,0.00999999977648,-0.00999999977648,2,0,1,17.02231270710067,0.0
127.5938789844513,-217.828491211,160.72668457,49.761505127,16.9958805208,-1.90243560748,-0.629961202387,0.302092880011,-0.13597472012,0.0936750546098,0.0,0.00999999977648,-0.00999999977648,2,0,1,17.113622265155602,0.0
127.8440489768982,-216.840316772,165.010116577,49.5273513794,17.098656048,-1.99340518035,0.794825726517,0.302092880011,-0.13597472012,0.0936750546098,0.0,0.00999999977648,-0.00999999977648,2,0,1,17.23280159452857,0.0
128.05124258995056,-216.036224365,168.350387573,49.4500617981,17.3174884978,-0.0963597274982,1.42587425286,0.783511221409,0.143712177873,-0.934096395969,0.0,0.00999999977648,-0.00999999977648,2,0,1,17.376357801722655,0.0
128.28722429275513,-214.864593506,172.340301514,49.1960372925,17.4834885187,-1.57274457183,1.14740197442,0.783511221409,0.143712177873,-0.934096395969,0.0,0.00999999977648,-0.00999999977648,2,0,1,17.591544206312257,0.0
128.5150511264801,-213.427383423,175.935287476,48.8177947998,17.8849918819,-0.710925228062,1.51888539876,0.507962822914,-0.17963668704,0.26763805747,0.0,0.00999999977648,-0.00999999977648,2,0,1,17.963445163723193,0.0
128.7902386188507,-211.284042358,180.098770142,48.4606933594,18.116557209,-3.52069703206,1.37573014354,0.072348639369,-0.121484577656,-0.078189432621,0.0,0.00999999977648,-0.00999999977648,2,0,1,18.50669030719352,0.0
129.03982758522034,-208.70652771,184.22883606,48.2685699463,18.2890863536,-4.54140815836,2.05426072483,0.072348639369,-0.121484577656,-0.078189432621,0.0,0.00999999977648,-0.00999999977648,2,0,1,18.956135018400655,0.0
129.23800826072693,-206.290634155,187.67565918,48.0486335754,19.1824070575,-0.981126157923,2.44331731909,0.45324704051,-0.220960915089,-0.760543882847,0.0,0.00999999977648,-0.00999999977648,2,0,1,19.362260936655918,0.0
129.44584012031555,-203.797073364,190.655960083,47.7881088257,19.3059949387,-2.58590522845,3.65190608136,0.45324704051,-0.220960915089,-0.760543882847,0.0,0.00999999977648,-0.00999999977648,2,0,1,19.817789090882695,0.0
129.6805009841919,-200.328170776,193.876419067,47.4569702148,20.3161851565,-0.679573040256,2.12285451387,0.223834261298,-0.561596155167,-0.145398363471,0.0,0.00999999977648,-0.00999999977648,2,0,1,20.438094581376514,0.0
129.9230740070343,-196.182037354,196.66986084,47.2257423401,20.4150554122,-2.25499697231,5.30940427668,0.223834261298,-0.561596155167,-0.145398363471,0.0,0.00999999977648,-0.00999999977648,2,0,1,21.21436477016344,0.0
130.16514778137207,-191.457824707,198.886871338,47.1857757568,21.441212511,-2.5554878997,2.92711099214,0.0357919074595,-0.407836467028,-0.175789803267,0.0,0.00999999977648,-0.00999999977648,2,0,1,21.790458717238675,0.0
130.43070721626282,-186.415817261,200.482437134,47.274597168,21.2481199032,-4.47167511118,5.92008219301,0.0357919074595,-0.407836467028,-0.175789803267,0.0,0.00999999977648,-0.00999999977648,2,0,1,22.50612918501768,0.0
130.65866827964783,-181.000900269,201.362960815,47.4126548767,22.4568481453,-3.37608032641,5.92373129371,0.332307130098,-0.37547275424,-0.359405964613,0.0,0.00999999977648,-0.00999999977648,2,0,1,23.469097541906375,0.0
130.98935174942017,-172.821899414,201.371154785,47.6757240295,23.4759515062,-3.94594697335,6.39196536599,-0.436019539833,-0.462580233812,-0.0391099900007,0.0,0.00999999977648,-0.00999999977648,2,0,1,24.648489160148532,0.0
131.15297150611877,-168.871658325,200.969894409,47.8746299744,24.1876510585,-4.8408848918,3.42191962357,-1.01960074902,-0.19392696023,-0.202904060483,0.0,0.00999999977648,-0.00999999977648,2,0,1,24.90353718196648,0.0
131.42110395431519,-162.038223267,200.014816284,48.3181381226,23.937702769,-5.65827584346,4.16749633474,-1.01960074902,-0.19392696023,-0.202904060483,0.0,0.00999999977648,-0.00999999977648,2,0,1,24.94790021380045,0.0
131.68081140518188,-156.17805481,199.076507568,48.8302612305,24.3367026417,-4.12925997344,2.04233043554,-0.779900729656,-0.100376695395,-0.23759816587,0.0,0.00999999977648,-0.00999999977648,2,0,1,24.76887153276698,0.0
131.90535831451416,-150.906997681,198.189224243,49.4456672668,24.1198433072,-3.99104902665,0.820960000987,-0.645016252995,-0.0841106027365,0.105683982372,0.0,0.00999999977648,-0.00999999977648,2,0,1,24.461588027358832,0.0
132.1848120689392,-143.923675537,197.120956421,50.4812660217,23.5185504201,-3.27287248373,1.54738690445,-0.645016252995,-0.0841106027365,0.105683982372,0.0,0.00999999977648,-0.00999999977648,2,0,1,23.79555240774221,0.0
132.37709546089172,-139.828704834,196.612670898,51.1650085449,23.1079234076,-3.48297041011,0.158100829333,-0.447748482227,0.0299449749291,-0.0746742635965,0.0,0.00999999977648,-0.00999999977648,2,0,1,23.369471602101868,0.0
132.6411657333374,-134.035552979,196.038757324,52.1418991089,22.619651234,-2.37436915297,0.745647587415,-0.0662066042423,0.0159265771508,0.0705182626843,0.0,0.00999999977648,-0.00999999977648,2,0,1,22.756147326535547,0.0
132.87490439414978,-128.402816772,195.686035156,53.2039833069,22.064525802,-1.54006607733,1.07259168055,-0.0662066042423,0.0159265771508,0.0705182626843,0.0,0.00999999977648,-0.00999999977648,2,0,1,22.14419913437493,0.0
133.1238522529602,-123.393081665,195.521560669,54.0810699463,21.4749725268,-1.86830655301,0.970603843067,0.0285686329007,0.101582504809,0.0867479741573,0.0,0.00999999977648,-0.00999999977648,2,0,1,21.577930536152238,0.0
133.3637499809265,-118.412017822,195.416290283,54.6671333313,21.009225429,-1.51252566273,0.670201497216,0.332971304655,0.157893240452,0.0442010201514,0.0,0.00999999977648,-0.00999999977648,2,0,1,21.07426053397432,0.0
133.62582683563232,-113.509887695,195.30758667,54.9033241272,20.6339320198,-1.1030035068,-0.144794750237,0.332971304655,0.157893240452,0.0442010201514,0.0,0.00999999977648,-0.00999999977648,2,0,1,20.66389926546868,0.0
133.85747480392456,-108.685943604,195.221435547,54.9745788574,20.2345253601,-1.95774360284,0.35426923209,0.0456450432539,0.142555207014,0.263650864363,0.0,0.00999999977648,-0.00999999977648,2,0,1,20.332099823967926,0.0
134.1249749660492,-103.166137695,195.223892212,54.9006729126,19.8798006979,-2.53257790694,0.675427435011,-0.0915649980307,0.183362811804,0.0122888125479,0.0,0.00999999977648,-0.00999999977648,2,0,1,20.051848514860453,0.0
134.36455845832825,-98.8272476196,195.320999146,54.6932525635,19.8251779488,-2.07611512261,0.0278889875106,-0.0915649980307,0.183362811804,0.0122888125479,0.0,0.00999999977648,-0.00999999977648,2,0,1,19.93360761376475,0.0
134.6226987838745,-93.3813247681,195.530853271,54.2524375916,19.8462586118,-1.31834579732,0.431187605451,-0.00327421212569,0.108800649643,0.0179440733045,0.0,0.00999999977648,-0.00999999977648,2,0,1,19.894671127687722,0.0
134.87141394615173,-88.7796020508,195.751052856,53.7363548279,19.8454094461,-1.53179024896,0.671764560572,0.344489902258,0.0691802576184,0.135860458016,0.0,0.00999999977648,-0.00999999977648,2,0,1,19.915770762764986,0.0
135.13096237182617,-83.7525558472,196.038818359,53.1093711853,19.9295121765,-1.28706807789,0.620166269134,0.344489902258,0.0691802576184,0.135860458016,0.0,0.00999999977648,-0.00999999977648,2,0,1,19.980655795838054,0.0
135.36374711990356,-79.4794387817,196.334960938,52.5621643066,19.9220370691,-2.17167490025,0.562592945,-0.232322871685,0.0227778255939,0.061116848141,0.0,0.00999999977648,-0.00999999977648,2,0,1,20.04794861517592,0.0
135.64223051071167,-73.6689605713,196.79637146,51.6798171997,20.0914194257,-1.94624248188,-0.00709196864904,-0.232322871685,0.0227778255939,0.061116848141,0.0,0.00999999977648,-0.00999999977648,2,0,1,20.185466173306207,0.0
135.87326455116272,-69.3770523071,197.151321411,50.9493980408,20.1772133609,-2.41995644576,-0.0774708226665,0.460174709558,-0.0476674847305,0.0850857049227,0.0,0.00999999977648,-0.00999999977648,2,0,1,20.321961764037976,0.0
136.15783190727234,-63.4539031982,197.603225708,49.9872093201,20.2811200205,-3.15432494617,0.371148462216,0.211895957589,-0.114989340305,0.0411714427173,0.0,0.00999999977648,-0.00999999977648,2,0,1,20.52830597816005,0.0
136.3489465713501,-59.8456382751,197.828536987,49.5388183594,20.4052463227,-3.37653796618,1.0502564734,0.211895957589,-0.114989340305,0.0411714427173,0.0,0.00999999977648,-0.00999999977648,2,0,1,20.70937287285724,0.0
136.5621998310089,-55.3887329102,198.033935547,49.1105232239,20.7033785032,-2.63414829157,1.06087142433,-0.0966017469764,-0.0328829586506,-0.183651998639,0.0,0.00999999977648,-0.00999999977648,2,0,1,20.897226295556667,0.0
136.79502940177917,-50.8554458618,198.161026001,48.7403945923,20.8224435887,-2.93384378557,1.45135082791,-0.0966017469764,-0.0328829586506,-0.183651998639,0.0,0.00999999977648,-0.00999999977648,2,0,1,21.078140705204444,0.0
137.0379285812378,-45.4463768005,198.197937012,48.3723068237,21.1103069843,-1.967247289,1.01784287927,0.0157048627734,-0.0790072456002,-0.114072538912,0.0,0.00999999977648,-0.00999999977648,2,0,1,21.22618964850601,0.0
137.26203417778015,-40.8326377869,198.17350769,48.1638336182,21.1465455912,-2.09207556584,1.6445973452,0.0157048627734,-0.0790072456002,-0.114072538912,0.0,0.00999999977648,-0.00999999977648,2,0,1,21.313326137459722,0.0
137.50213813781738,-35.8088188171,198.124588013,48.073387146,21.1910442878,-1.95805441244,1.1767313575,-0.124789945781,-0.0958760231733,-0.0539422407746,0.0,0.00999999977648,-0.00999999977648,2,0,1,21.31382255198022,0.0
137.74482083320618,-30.7760944366,198.075164795,48.1608657837,21.1624812083,-1.73570313302,0.984479089226,-0.133836850524,-0.0918790400028,-0.0344891324639,0.0,0.00999999977648,-0.00999999977648,2,0,1,21.25635141163105,0.0
138.05872654914856,-25.3676261902,198.026641846,48.4431686401,21.0761138124,-1.38023349372,1.17974030664,0.151372268796,-0.074947707355,-0.0962151437998,0.0,0.00999999977648,-0.00999999977648,2,0,1,21.154181740770206,0.0
138.26322317123413,-20.0355014801,197.946838379,48.8497505188,20.8822037264,-1.51801745984,1.27562845508,0.151372268796,-0.074947707355,-0.0962151437998,0.0,0.00999999977648,-0.00999999977648,2,0,1,20.976130182535172,0.0
138.52080011367798,-15.1312465668,197.849395752,49.1658592224,20.762861168,-1.0976476289,0.831897877248,-0.257383018732,0.056123226881,-0.0439730249345,0.0,0.00999999977648,-0.00999999977648,2,0,1,20.80849077364915,0.0
138.7641785144806,-9.85550117493,197.724533081,49.5171546936,20.5678300866,-1.10530549367,1.04549991909,0.143278300762,0.00464928895235,0.0290882959962,0.0,0.00999999977648,-0.00999999977648,2,0,1,20.624024941470626,0.0
139.00503611564636,-5.05100822449,197.604995728,49.8547325134,20.3760427658,-1.05522037689,1.0504860804,-0.284469783306,0.0169520061463,-0.0633829683065,0.0,0.00999999977648,-0.00999999977648,2,0,1,20.430372728920748,0.0
139.25632452964783,0.137961745262,197.490875244,50.1872825623,20.174924817,-1.00025287973,0.792366224853,-0.284469783306,0.0169520061463,-0.0633829683065,0.0,0.00999999977648,-0.00999999977648,2,0,1,20.215240325786347,0.0
139.55465030670166,5.69950056076,197.392486572,50.4493713379,20.0093176196,-0.69035168713,0.749478000486,-0.0816149041057,0.0227497406304,0.0320478305221,0.0,0.00999999977648,-0.00999999977648,2,0,1,20.035246300636555,0.0
139.76289343833923,10.0283002853,197.350769043,50.6141777039,19.8837751154,-0.458614549472,0.573692435116,-0.0816149041057,0.0227497406304,0.0320478305221,0.0,0.00999999977648,-0.00999999977648,2,0,1,19.89733557929043,0.0
140.0120940208435,15.100025177,197.394546509,50.7868728638,19.720796217,-0.821085424323,0.913825174117,-0.138858944178,0.0532861463726,0.00732527021319,0.0,0.00999999977648,-0.00999999977648,2,0,1,19.759024802740825,0.0
140.272855758667,19.6504745483,197.520523071,50.8733520508,19.6333186544,-0.133979502536,0.827280308479,0.205275118351,0.0536776520312,-0.11142925173,0.0,0.00999999977648,-0.00999999977648,2,0,1,19.651197027181524,0.0
140.5235402584076,24.6682052612,197.708831787,50.8486061096,19.593071312,0.0989726165945,0.771070657828,0.205275118351,0.0536776520312,-0.11142925173,0.0,0.00999999977648,-0.00999999977648,2,0,1,19.608487676904513,0.0
140.78154110908508,29.2908287048,197.9246521,50.9062156677,19.5637678411,0.284725182611,1.56025416602,0.016976993531,0.0504939109087,-0.0537262372673,0.0,0.00999999977648,-0.00999999977648,2,0,1,19.627951335599295,0.0
141.02259421348572,34.2758979797,198.145355225,51.0013275146,19.5406589901,0.196697223396,1.28967386577,0.016976993531,0.0504939109087,-0.0537262372673,0.0,0.00999999977648,-0.00999999977648,2,0,1,19.584159472520586,0.0
141.27455615997314,38.9128646851,198.321502686,51.1018791199,19.5261056707,-0.293769426161,1.8676892701,0.156676024199,0.0156207624823,0.171899437904,0.0,0.00999999977648,-0.00999999977648,2,0,1,19.617425069277985,0.0
141.4976761341095,43.1902809143,198.494506836,51.2219238281,19.4633128594,-1.59519300353,1.7618601269,0.0344964750111,0.0362150669098,0.0688038989902,0.0,0.00999999977648,-0.00999999977648,2,0,1,19.607889720420104,0.0
141.72752571105957,47.8406639099,198.708480835,51.2729530334,19.4938470036,-1.51014979495,1.27227998521,0.0344964750111,0.0362150669098,0.0688038989902,0.0,0.00999999977648,-0.00999999977648,2,0,1,19.593604052438085,0.0
141.96989679336548,52.486076355,198.949493408,51.1966896057,19.5216260238,-1.60572705211,1.13386221926,0.218785956502,0.0521062687039,-0.0578484460711,0.0,0.00999999977648,-0.00999999977648,2,0,1,19.62034366445319,0.0
142.16536259651184,56.3699302673,199.157455444,51.0189056396,19.589049461,-1.55816146372,0.582760983852,0.218785956502,0.0521062687039,-0.0578484460711,0.0,0.00999999977648,-0.00999999977648,2,0,1,19.659560938556755,0.0
142.37551975250244,60.6404685974,199.380462646,50.6366004944,19.7440769701,-0.86446137527,0.372476939993,0.269379615784,0.116019196808,-0.214930281043,0.0,0.00999999977648,-0.00999999977648,2,0,1,19.766502167591348,0.0
142.6470811367035,65.7114562988,199.576522827,50.0092582703,19.9686212763,-0.343238489023,0.272697922582,0.0249020438641,-0.0342157259583,0.00758125260472,0.0,0.00999999977648,-0.00999999977648,2,0,1,19.97343266676082,0.0
142.86814880371094,69.5580978394,199.652618408,49.5430793762,20.1548910367,-0.640799522935,0.483708590991,0.0249020438641,-0.0342157259583,0.00758125260472,0.0,0.00999999977648,-0.00999999977648,2,0,1,20.17087580475479,0.0
143.11814641952515,75.1792221069,199.643859863,49.0864982605,20.3837871419,-1.38669480536,1.14046046693,-0.102662585676,-0.108532100916,0.137079283595,0.0,0.00999999977648,-0.00999999977648,2,0,1,20.462706341198626,0.0
143.35708117485046,79.6667785645,199.578445435,48.948589325,20.5114639387,-1.49934109146,1.64397950524,-0.102662585676,-0.108532100916,0.137079283595,0.0,0.00999999977648,-0.00999999977648,2,0,1,20.631792099349493,0.0
143.6418421268463,85.7565765381,199.468399048,48.8713378906,20.7376485019,-1.77386888179,1.30684604779,0.0972530692816,-0.0820964574814,-0.130607619882,0.0,0.00999999977648,-0.00999999977648,2,0,1,20.854364598106617,0.0
143.86700534820557,89.8441467285,199.411987305,48.9238128662,20.9000562675,-0.92520127983,1.2667216809,-0.192307531834,0.0174948312342,-0.0731422975659,0.0,0.00999999977648,-0.00999999977648,2,0,1,20.958839023422247,0.0
144.10938215255737,95.2101974487,199.356903076,48.9804153442,20.9749161016,-0.920592643865,0.99199947596,-0.192307531834,0.0174948312342,-0.0731422975659,0.0,0.00999999977648,-0.00999999977648,2,0,1,21.018531329410298,0.0
144.3618106842041,100.149230957,199.334075928,48.93309021,20.9679132204,-1.15541574863,0.381191253353,-0.260851055384,-0.0347099304199,0.173171982169,0.0,0.00999999977648,-0.00999999977648,2,0,1,21.00318254793878,0.0
144.55693101882935,104.656959534,199.365646362,48.8591575623,20.9383249586,-0.964332877352,0.433568992591,-0.260851055384,-0.0347099304199,0.173171982169,0.0,0.00999999977648,-0.00999999977648,2,0,1,20.965003506835146,0.0
144.8593521118164,110.788513184,199.452545166,48.7377357483,20.8313835326,-1.61996485081,-0.0830453739029,0.0413277447224,-0.0517456233501,0.0508609898388,0.0,0.00999999977648,-0.00999999977648,2,0,1,20.89444238390355,0.0
145.08276057243347,114.865707397,199.519317627,48.6798248291,20.6220408681,-2.87115715435,-0.331933591126,0.110339038074,-0.0500783026218,0.250527590513,0.0,0.00999999977648,-0.00999999977648,2,0,1,20.82359942179737,0.0
145.34727025032043,120.555366516,199.640884399,48.6756362915,20.5369463338,-2.78572151522,-0.21423958961,0.110339038074,-0.0500783026218,0.250527590513,0.0,0.00999999977648,-0.00999999977648,2,0,1,20.72612621016038,0.0
145.55142092704773,124.624328613,199.727539062,48.7176589966,20.2905180977,-3.92187798165,0.407727446765,0.212932258844,-0.0444641560316,0.00713200448081,0.0,0.00999999977648,-0.00999999977648,2,0,1,20.670086919190442,0.0
145.8830270767212,131.499053955,199.750869751,49.0252990723,20.1667001811,-4.48333085102,1.07929346935,0.212932258844,-0.0444641560316,0.00713200448081,0.0,0.00999999977648,-0.00999999977648,2,0,1,20.687216490071062,0.0
146.08206939697266,135.135772705,199.639190674,49.252872467,20.350403339,-3.47144427836,1.89519808471,0.471411734819,0.0130652952939,-0.156558483839,0.0,0.00999999977648,-0.00999999977648,2,0,1,20.731175008137605,0.0
146.31285047531128,140.397125244,199.265823364,49.5948562622,20.2438856827,-4.37840736724,2.16445879513,0.471411734819,0.0130652952939,-0.156558483839,0.0,0.00999999977648,-0.00999999977648,2,0,1,20.824750670381224,0.0
146.55601167678833,144.903457642,198.752166748,49.8047027588,20.4842798143,-3.16551799139,2.47239501399,0.496875762939,0.051759455353,-0.226704880595,0.0,0.00999999977648,-0.00999999977648,2,0,1,20.874361326027554,0.0
146.82644748687744,150.637023926,197.859313965,49.7585792542,20.8060172482,-2.17330931523,2.37232244567,0.464414596558,-0.0784505680203,-0.330116868019,0.0,0.00999999977648,-0.00999999977648,2,0,1,21.05330237512137,0.0
147.0507776737213,155.149536133,196.834182739,49.5477409363,20.853990748,-3.63175592442,3.03705673422,0.464414596558,-0.0784505680203,-0.330116868019,0.0,0.00999999977648,-0.00999999977648,2,0,1,21.384627535196877,0.0
147.32227540016174,160.899902344,194.976837158,49.2161712646,21.4676647917,-3.13495421105,3.03929447496,0.150206536055,-0.242723360658,-0.186280533671,0.0,0.00999999977648,-0.00999999977648,2,0,1,21.90721069464797,0.0
147.57755136489868,165.809112549,192.903625488,48.8706321716,22.0937360298,-2.62207884336,2.3163329554,-0.0807220265269,-0.267472565174,-0.292607367039,0.0,0.00999999977648,-0.00999999977648,2,0,1,22.369038145963067,0.0
147.82465815544128,171.034561157,190.160263062,48.4801330566,22.2124765317,-4.09569150924,3.59028922744,-0.0807220265269,-0.267472565174,-0.292607367039,0.0,0.00999999977648,-0.00999999977648,2,0,1,22.870482709091547,0.0
148.05696654319763,175.694671631,187.24256897,48.0435638428,23.0908912862,-2.45690827087,2.62818927555,0.350679844618,-0.237313300371,-0.404060006142,0.0,0.00999999977648,-0.00999999977648,2,0,1,23.369489457638835,0.0
148.32002687454224,180.262741089,183.784744263,47.626701355,23.1995329362,-4.06090943962,4.2405179177,0.350679844618,-0.237313300371,-0.404060006142,0.0,0.00999999977648,-0.00999999977648,2,0,1,23.930969603109652,0.0
148.55851030349731,184.945144653,179.419586182,47.2494506836,24.2793884469,-1.63772252041,3.05587007765,0.0712317749858,-0.370847970247,-0.281502008438,0.0,0.00999999977648,-0.00999999977648,2,0,1,24.52568409526625,0.0
148.82455801963806,189.21434021,174.448516846,47.0223312378,24.8871125346,-1.46151235339,2.06143976468,-0.0256980899721,-0.353125691414,-0.187254846096,0.0,0.00999999977648,-0.00999999977648,2,0,1,25.01507390699376,0.0
149.1034231185913,193.087890625,169.013778687,46.9175605774,25.3216211169,-0.609095260822,0.472241320043,-0.215199351311,-0.331632733345,-0.293224275112,0.0,0.00999999977648,-0.00999999977648,2,0,1,25.333347684207624,0.0
149.31899309158325,196.264633179,163.692611694,46.919380188,25.3536467619,-2.08315327707,2.20245285378,-0.215199351311,-0.331632733345,-0.293224275112,0.0,0.00999999977648,-0.00999999977648,2,0,1,25.53424622494452,0.0
149.57584834098816,199.157241821,157.614196777,47.0461006165,25.5859210361,-1.50581176412,1.68915891011,0.283884167671,-0.347352921963,-0.241092383862,0.0,0.00999999977648,-0.00999999977648,2,0,1,25.685795338243096,0.0
149.83788084983826,201.430831909,151.346755981,47.2248458862,25.3755258005,-3.26019705793,3.09055529838,0.283884167671,-0.347352921963,-0.241092383862,0.0,0.00999999977648,-0.00999999977648,2,0,1,25.770093646720053,0.0
150.07690620422363,202.950088501,145.844848633,47.3258247375,25.7646554982,-1.73309564314,0.172227521827,0.0259723253548,-0.271678864956,-0.203098982573,0.0,0.00999999977648,-0.00999999977648,2,0,1,25.823453598782503,0.0
150.35619044303894,204.221740723,138.725585937,47.530632019,25.8102841838,-0.824231402718,-0.218091197168,-0.158513858914,-0.291909039021,-0.278250694275,0.0,0.00999999977648,-0.00999999977648,2,0,1,25.82436235077306,0.0
150.560555934906,204.667221069,133.09425354,47.8012809753,25.6569629892,-2.17782703215,1.21376944539,-0.158513858914,-0.291909039021,-0.278250694275,0.0,0.00999999977648,-0.00999999977648,2,0,1,25.777818307174567,0.0
150.8132712841034,204.654708862,126.4529953,48.0474662781,25.7290477091,0.159365324258,-0.993866576882,-0.0982641652226,-0.244355976582,-0.318240314722,0.0,0.00999999977648,-0.00999999977648,2,0,1,25.748729368579784,0.0
151.08322739601135,204.184616089,120.31968689,48.1664657593,25.6694702826,-1.41468823081,0.139934888309,-0.0982641652226,-0.244355976582,-0.318240314722,0.0,0.00999999977648,-0.00999999977648,2,0,1,25.708804506484597,0.0
151.33223700523376,203.156677246,113.746780396,48.2703399658,25.5601009501,0.58211729528,-1.38349046462,-0.549468755722,-0.271774888039,-0.220123797655,0.0,0.00999999977648,-0.00999999977648,2,0,1,25.604133787153618,0.0
151.5627121925354,201.761871338,107.825691223,48.4337539673,25.3781468316,-0.479339514534,-0.0667047803828,-0.549468755722,-0.271774888039,-0.220123797655,0.0,0.00999999977648,-0.00999999977648,2,0,1,25.382760931470177,0.0
151.83118319511414,199.870620728,101.574539185,48.7264709473,24.9579812244,1.51162835937,-1.24883050901,-0.575231254101,-0.130476891994,-0.213369116187,0.0,0.00999999977648,-0.00999999977648,2,0,1,25.034884156604136,0.0
152.0707550048828,197.898132324,95.9633636475,49.083984375,24.6633063256,0.890269115228,-0.503122645382,-0.575231254101,-0.130476891994,-0.213369116187,0.0,0.00999999977648,-0.00999999977648,2,0,1,24.684496964779452,0.0
152.31551432609558,195.829101563,90.4834060669,49.554058075,24.2200615935,2.25350162772,-0.725078833764,-0.697157680988,-0.0573703423142,-0.109466359019,0.0,0.00999999977648,-0.00999999977648,2,0,1,24.335476007143214,0.0
152.56381678581238,193.63911438,84.7769241333,50.1509246826,23.7935544655,3.02681939054,-0.277190701298,-0.594701886177,-0.00730734691024,-0.0611019730568,0.0,0.00999999977648,-0.00999999977648,2,0,1,23.986906937130307,0.0
152.83540630340576,191.491943359,79.0322418213,50.8139762878,23.4164768816,3.2776716243,-0.160579186284,-0.594701886177,-0.00730734691024,-0.0611019730568,0.0,0.00999999977648,-0.00999999977648,2,0,1,23.645301996344145,0.0
153.06822419166565,189.629959106,73.7628936768,51.4319076538,23.0390061308,3.75610701273,0.64796290367,-0.340840399265,0.00658764690161,0.0675559639931,0.0,0.00999999977648,-0.00999999977648,2,0,1,23.352173331633438,0.0
153.27833366394043,188.196548462,69.4305419922,51.9200210571,22.8833267284,3.23907071687,1.08758072924,-0.339689999819,0.0464199781418,0.152483195066,0.0,0.00999999977648,-0.00999999977648,2,0,1,23.137006139736506,0.0
153.51609635353088,186.476516724,63.7449150085,52.4785003662,22.5370405502,4.02698401366,0.84256311968,-0.339689999819,0.0464199781418,0.152483195066,0.0,0.00999999977648,-0.00999999977648,2,0,1,22.90948951020684,0.0
153.73132014274597,185.287460327,59.3677368164,52.8184242249,22.4695638325,3.40320725859,1.38786685564,-0.0903487205505,0.0814033299685,0.0914241224527,0.0,0.00999999977648,-0.00999999977648,2,0,1,22.768164020770225,0.0
153.95729112625122,184.09992981,54.5468063354,53.067817688,22.3371036231,3.53802397847,1.43951094298,-0.0313057862222,0.0568268969655,0.122212566435,0.0,0.00999999977648,-0.00999999977648,2,0,1,22.661332787289783,0.0
154.23564291000366,182.764877319,48.42578125,53.205997467,22.118115594,4.42573684252,1.01154188516,-0.0313057862222,0.0568268969655,0.122212566435,0.0,0.00999999977648,-0.00999999977648,2,0,1,22.579224987014456,0.0
154.45577001571655,181.844039917,43.5871925354,53.1834716797,22.2453240661,3.49509492652,1.34517297912,0.027064230293,0.0470345318317,0.22506429255,0.0,0.00999999977648,-0.00999999977648,2,0,1,22.5583603503213,0.0
154.72499823570251,180.921722412,37.8464317322,53.0335578918,22.3831853168,2.79489672187,1.45169515157,0.0888524651527,0.0322236306965,0.21312636137,0.0,0.00999999977648,-0.00999999977648,2,0,1,22.603668981499943,0.0
154.9620976448059,180.196350098,32.092212677,52.8260803223,22.5436544735,2.13205506311,1.63553157017,0.115533076227,-0.0098299253732,0.157942175865,0.0,0.00999999977648,-0.00999999977648,2,0,1,22.703237199344773,0.0
155.22731685638428,179.657745361,26.3267345428,52.6195373535,22.5665497042,2.79702704204,1.91945391458,0.115533076227,-0.0098299253732,0.157942175865,0.0,0.00999999977648,-0.00999999977648,2,0,1,22.820097045285074,0.0
155.45876932144165,179.299102783,20.9267482758,52.4243164063,22.7685004918,1.91470296339,1.74502696484,0.0176779441535,0.0215959474444,0.166522040963,0.0,0.00999999977648,-0.00999999977648,2,0,1,22.915405760996904,0.0
155.71745562553406,179.055587769,15.5025529861,52.1915588379,22.8830703063,1.51419536098,1.70559285554,0.204051911831,-0.0296679567546,0.112104132771,0.0,0.00999999977648,-0.00999999977648,2,0,1,22.996450622284108,0.0
155.9294731616974,178.91178894,10.5448656082,51.972743988,22.911886981,1.80806052679,1.77459260916,0.204051911831,-0.0296679567546,0.112104132771,0.0,0.00999999977648,-0.00999999977648,2,0,1,23.051525477224683,0.0
156.12802076339722,178.807846069,6.01315641403,51.8148765564,22.996360596,1.17801436209,1.6247528084,0.424261629581,-0.0359952710569,0.109801366925,0.0,0.00999999977648,-0.00999999977648,2,0,1,23.083763562013786,0.0
156.3884677886963,178.662796021,0.12051820755,51.6956367493,23.0228531727,0.628087687062,1.63032429701,0.613563120365,-0.0829904153943,0.0188002958894,0.0,0.00999999977648,-0.00999999977648,2,0,1,23.089049778363822,0.0
156.6051115989685,178.455337524,-4.86012411118,51.7675666809,22.9573781904,0.259094588447,2.48365619023,0.613563120365,-0.0829904153943,0.0188002958894,0.0,0.00999999977648,-0.00999999977648,2,0,1,23.092788732720955,0.0
156.8406162261963,178.143737793,-9.3799161911,51.9293060303,22.8837121242,1.29367782753,1.91022569536,0.637560427189,0.0205481275916,-0.208495914936,0.0,0.00999999977648,-0.00999999977648,2,0,1,22.999714022394155,0.0
157.0419807434082,177.576309204,-14.7321071625,51.966960907,22.8217514562,0.200356947368,1.42339692054,0.637560427189,0.0205481275916,-0.208495914936,0.0,0.00999999977648,-0.00999999977648,2,0,1,22.866974903303852,0.0
157.28853750228882,176.863922119,-19.6297130585,51.758354187,22.7835772296,0.0949205376985,0.85449331964,0.277027666569,0.00401630066335,-0.0504885651171,0.0,0.00999999977648,-0.00999999977648,2,0,1,22.799792984124526,0.0
157.5225338935852,175.790924072,-25.3958740234,51.3538322449,22.8136585677,0.439753834081,0.787614766937,0.206994697452,-0.0740226730704,-0.373399436474,0.0,0.00999999977648,-0.00999999977648,2,0,1,22.83148566561707,0.0
157.75286889076233,174.608398438,-30.2039146423,50.9666748047,22.8346477182,-0.793341363938,1.31504568873,0.206994697452,-0.0740226730704,-0.373399436474,0.0,0.00999999977648,-0.00999999977648,2,0,1,22.88623761341035,0.0
158.02851605415344,172.573638916,-36.239200592,50.4345664978,22.908453522,1.70584693446,1.32573791269,0.311283767223,-0.252168297768,-0.315131783485,0.0,0.00999999977648,-0.00999999977648,2,0,1,23.010100772195337,0.0
158.28330183029175,170.268554688,-41.24451828,49.9908752441,23.0606451897,1.65561305847,0.996368639028,0.187236845493,-0.344895839691,-0.163976460695,0.0,0.00999999977648,-0.00999999977648,2,0,1,23.14145979901546,0.0
158.48657131195068,167.674514771,-45.6360397339,49.6583595276,23.1067044839,0.233641320828,2.61283060752,0.187236845493,-0.344895839691,-0.163976460695,0.0,0.00999999977648,-0.00999999977648,2,0,1,23.255134146176754,0.0
158.7640905380249,163.842590332,-50.9034614563,49.2517852783,23.3146656065,1.38441684436,0.411802870073,-0.175809904933,-0.280673027039,-0.339099049568,0.0,0.00999999977648,-0.00999999977648,2,0,1,23.35936266137546,0.0
158.98431849479675,160.454040527,-54.7894554138,48.8971061707,23.3396002418,-0.130487013119,1.66613933234,-0.175809904933,-0.280673027039,-0.339099049568,0.0,0.00999999977648,-0.00999999977648,2,0,1,23.399358678869678,0.0
159.22417283058167,156.390762329,-58.6846580505,48.491481781,23.36110389,1.04806403036,-0.523026687721,0.135891094804,-0.366455256939,-0.139533981681,0.0,0.00999999977648,-0.00999999977648,2,0,1,23.390450403683463,0.0
159.46653938293457,151.964187622,-62.1685562134,48.1198043823,23.3490668414,-0.515555565738,1.2278463065,0.135891094804,-0.366455256939,-0.139533981681,0.0,0.00999999977648,-0.00999999977648,2,0,1,23.38701191811203,0.0
159.72733235359192,146.861816406,-65.3865814209,47.8473205566,23.3910338934,0.0394722467934,-0.498503033439,-0.0118404999375,-0.322105914354,-0.303839057684,0.0,0.00999999977648,-0.00999999977648,2,0,1,23.396378564530075,0.0
159.9574317932129,142.220199585,-67.7051391602,47.6374168396,23.3435024637,-1.3940453724,1.12295119511,-0.0118404999375,-0.322105914354,-0.303839057684,0.0,0.00999999977648,-0.00999999977648,2,0,1,23.412037270593874,0.0
160.28061890602112,134.72492981,-70.4473648071,47.4002418518,23.2816338484,-1.33885329267,1.33130064941,-0.0803867578506,-0.302756279707,-0.331776052713,0.0,0.00999999977648,-0.00999999977648,2,0,1,23.358068503396794,0.0
160.45842337608337,130.667694092,-71.4501113892,47.3186416626,23.3004988109,0.168610502642,-0.408375110493,0.0654243379831,-0.336569398642,-0.248706504703,0.0,0.00999999977648,-0.00999999977648,2,0,1,23.304687180248173,0.0
160.71484279632568,125.210678101,-72.314743042,47.2494316101,23.1559123003,0.302170196949,-1.05014025894,0.0684614852071,-0.330620408058,-0.255572080612,0.0,0.00999999977648,-0.00999999977648,2,0,1,23.181681902971484,0.0
160.97080302238464,119.201026917,-72.6220321655,47.2186965942,23.0214157128,0.390241393216,-1.12666014577,-0.175967380404,-0.300974071026,-0.272721618414,0.0,0.00999999977648,-0.00999999977648,2,0,1,23.052271750319974,0.0
161.22010898590088,113.235374451,-72.2598953247,47.2759246826,22.8575779385,-1.09077208704,0.881846405555,-0.175967380404,-0.300974071026,-0.272721618414,0.0,0.00999999977648,-0.00999999977648,2,0,1,22.900574360558245,0.0
161.47139286994934,107.867919922,-71.43409729,47.4109077454,22.6597364349,0.787197309784,-0.607176889742,-0.21549461782,-0.294778972864,-0.271394580603,0.0,0.00999999977648,-0.00999999977648,2,0,1,22.681534310515737,0.0
161.73849081993103,102.19682312,-70.1056594849,47.6646575928,22.3396161018,-0.300564564274,0.798144798427,-0.21549461782,-0.294778972864,-0.271394580603,0.0,0.00999999977648,-0.00999999977648,2,0,1,22.355890090809517,0.0
161.96384692192078,97.1405258179,-68.6127929688,48.0074310303,21.9372528069,1.52533957181,-0.470000674667,-0.545970022678,-0.101724535227,-0.29235586524,0.0,0.00999999977648,-0.00999999977648,2,0,1,21.995240897916048,0.0
162.22267174720764,91.8612136841,-66.8264465332,48.5037155151,21.5147668857,0.910064942047,0.12518440395,-0.545970022678,-0.101724535227,-0.29235586524,0.0,0.00999999977648,-0.00999999977648,2,0,1,21.534369818495932,0.0
162.48359417915344,86.7611312866,-64.9123687744,49.1373176575,20.7676721603,3.2581769165,0.877496479123,-0.263237833977,-0.166512876749,-0.11858792603,0.0,0.00999999977648,-0.00999999977648,2,0,1,21.04000769600112,0.0
162.725989818573,82.2340316772,-63.0989456177,49.9670333862,20.3364475187,3.03919732924,1.0645743065,-0.500612258911,-0.0232602246106,0.0270234011114,0.0,0.00999999977648,-0.00999999977648,2,0,1,20.58983090122303,0.0
163.0077121257782,77.4518585205,-61.1988525391,50.8759689331,19.8015081126,3.13019223308,0.990537376627,-0.500612258911,-0.0232602246106,0.0270234011114,0.0,0.00999999977648,-0.00999999977648,2,0,1,20.07184573585332,0.0
163.23733949661255,72.8163375854,-59.4650840759,51.7089500427,19.3074621044,3.07255154391,1.25205505498,-0.408582895994,0.0460133031011,0.0573960654438,0.0,0.00999999977648,-0.00999999977648,2,0,1,19.590464715353914,0.0
163.47801327705383,68.5165252686,-58.0094337463,52.3788719177,18.8469118499,3.66354032351,1.05474333158,-0.408582895994,0.0460133031011,0.0573960654438,0.0,0.00999999977648,-0.00999999977648,2,0,1,19.228627030430363,0.0
163.7080364227295,64.5785751343,-56.8078384399,52.9259490967,18.3675495728,4.03159693578,1.99253667008,-0.205034852028,0.116799876094,-0.0744748190045,0.0,0.00999999977648,-0.00999999977648,2,0,1,18.9100728064032,0.0
163.98179125785828,59.6422271729,-55.4223403931,53.4847373962,18.014363857,4.01758368893,1.92018926615,-0.0251219794154,0.0931119397283,0.240632742643,0.0,0.00999999977648,-0.00999999977648,2,0,1,18.55654630279519,0.0
164.21387910842896,55.762878418,-54.451133728,53.7688331604,17.7051158442,4.71085719672,1.46684357087,-0.0251219794154,0.0931119397283,0.240632742643,0.0,0.00999999977648,-0.00999999977648,2,0,1,18.379742453196485,0.0
164.460782289505,51.167755127,-53.4797782898,53.9272994995,17.6972875378,4.11706787434,1.63202888161,-0.17608474195,0.107723988593,0.0530423074961,0.0,0.00999999977648,-0.00999999977648,2,0,1,18.24301927718937,0.0
164.70042729377747,46.9421768188,-52.6958961487,53.8636627197,17.5221293535,4.6975149651,0.930683652322,-0.17608474195,0.107723988593,0.0530423074961,0.0,0.00999999977648,-0.00999999977648,2,0,1,18.164741561300126,0.0
164.96409940719604,42.3870201111,-51.9286384583,53.5960235596,17.4453417109,5.02959918249,1.18045381112,0.162344321609,0.08627717942,0.173289433122,0.0,0.00999999977648,-0.00999999977648,2,0,1,18.194237729203145,0.0
165.23992252349854,37.770275116,-51.2860221863,53.2560386658,17.8085790941,4.10559113062,1.62922411376,-0.177153587341,0.0590192750096,0.176367327571,0.0,0.00999999977648,-0.00999999977648,2,0,1,18.34818081160904,0.0
165.45038843154907,33.8122062683,-50.871673584,52.9445533752,17.8250174532,4.63626104792,1.45369702747,-0.177153587341,0.0590192750096,0.176367327571,0.0,0.00999999977648,-0.00999999977648,2,0,1,18.475372763736594,0.0
165.71349930763245,28.7622566223,-50.4408721924,52.4288406372,18.0406315872,4.53251540751,1.14367061853,0.0988643318415,0.00466417614371,0.0891697704792,0.0,0.00999999977648,-0.00999999977648,2,0,1,18.63641774773475,0.0
165.98395991325378,24.0701217651,-50.116481781,51.8483467102,18.1071653683,4.89910291425,0.874209811134,0.0988643318415,0.00466417614371,0.0891697704792,0.0,0.00999999977648,-0.00999999977648,2,0,1,18.778575287631877,0.0
166.2313814163208,19.6851959229,-49.864528656,51.2487411499,18.3938329598,4.3790564306,0.531978089956,0.21027392149,-0.0402115695179,0.0480153374374,0.0,0.00999999977648,-0.00999999977648,2,0,1,18.91539655581128,0.0
166.47562217712402,15.2541599274,-49.641544342,50.7130661011,18.6106879139,4.13152603846,0.519700451916,0.0579497218132,-0.0691697672009,0.107291951776,0.0,0.00999999977648,-0.00999999977648,2,0,1,19.070849498508927,0.0
166.75359201431274,10.0486955643,-49.4165344238,50.2401046753,18.7553325683,4.32306067864,1.28578307296,0.0579497218132,-0.0691697672009,0.107291951776,0.0,0.00999999977648,-0.00999999977648,2,0,1,19.290012739483828,0.0
166.92175674438477,6.6537938118,-49.3014640808,50.0581970215,19.1313512146,3.13607235387,1.16317790058,0.162981465459,-0.074288263917,0.16911418736,0.0,0.00999999977648,-0.00999999977648,2,0,1,19.421548134314172,0.0
167.17896032333374,1.69108581543,-49.1953086853,49.932849884,19.2189141865,3.34280766423,1.87049082488,0.162981465459,-0.074288263917,0.16911418736,0.0,0.00999999977648,-0.00999999977648,2,0,1,19.596932451637578,0.0
167.42206406593323,-2.92218565941,-49.1678657532,49.9509010315,19.426363445,2.90899015761,1.71989780356,0.176023602486,-0.0112266298383,-0.0298273768276,0.0,0.00999999977648,-0.00999999977648,2,0,1,19.71811017539446,0.0
167.70714735984802,-7.87449741364,-49.1930541992,49.9837608337,19.4332266347,3.10009626779,1.67260759964,0.176023602486,-0.0112266298383,-0.0298273768276,0.0,0.00999999977648,-0.00999999977648,2,0,1,19.749898999426616,0.0
167.885080575943,-11.6901960373,-49.2348709106,49.9651908875,19.332179282,3.80660876725,1.40614600091,-0.00835423823446,0.0200660675764,-0.134366035461,0.0,0.00999999977648,-0.00999999977648,2,0,1,19.753497732659138,0.0
168.1593577861786,-16.7071304321,-49.2985725403,49.8651504517,19.2576166037,4.388323341,1.25486279519,0.145115494728,-0.00188187882304,-0.023682884872,0.0,0.00999999977648,-0.00999999977648,2,0,1,19.79110556879073,0.0
168.38722395896912,-21.3276519775,-49.3544502258,49.8165130615,19.2415646902,4.32752833392,1.43025830187,0.145115494728,-0.00188187882304,-0.023682884872,0.0,0.00999999977648,-0.00999999977648,2,0,1,19.77399686502706,0.0
168.60697555541992,-25.5136642456,-49.3612632751,49.8280601501,19.2770754706,4.00644904853,1.51767657528,0.156933680177,-0.0418434143066,0.200013071299,0.0,0.00999999977648,-0.00999999977648,2,0,1,19.7474204610331,0.0
168.86258578300476,-30.091375351,-49.3335914612,49.8598403931,19.2335885981,3.9724280733,1.26765817132,0.156933680177,-0.0418434143066,0.200013071299,0.0,0.00999999977648,-0.00999999977648,2,0,1,19.68039817681082,0.0
169.09808373451233,-35.0718421936,-49.3220901489,49.8246879578,19.4600212349,2.17637324373,0.95513691174,-0.00920358113945,0.00603444781154,0.0448735356331,0.0,0.00999999977648,-0.00999999977648,2,0,1,19.604624798219195,0.0
169.36370849609375,-39.6682243347,-49.3161430359,49.8367919922,19.3857859618,2.11381845048,1.18276349846,-0.00920358113945,0.00603444781154,0.0448735356331,0.0,0.00999999977648,-0.00999999977648,2,0,1,19.536526182809496,0.0
169.5987513065338,-44.2379798889,-49.2928657532,49.9763221741,19.3422752635,2.04079072453,1.65738796666,0.14580604434,-0.0827008262277,-0.0234534218907,0.0,0.00999999977648,-0.00999999977648,2,0,1,19.52012740794386,0.0
169.82449960708618,-48.7743225098,-49.2299842834,50.233455658,19.2229211308,1.98342387092,1.53938961729,0.14580604434,-0.0827008262277,-0.0234534218907,0.0,0.00999999977648,-0.00999999977648,2,0,1,19.386190637835806,0.0
170.06153845787048,-53.306137085,-49.1695671082,50.5723342896,19.1487877268,1.85171032372,1.8982415025,-0.0448826439679,-0.0113984830678,-0.052374355495,0.0,0.00999999977648,-0.00999999977648,2,0,1,19.331534427738298,0.0
170.31976795196533,-57.7884674072,-49.1076049805,50.9274215698,19.0155544449,1.66439257602,1.91030468255,-0.0448826439679,-0.0113984830678,-0.052374355495,0.0,0.00999999977648,-0.00999999977648,2,0,1,19.183606998534948,0.0
170.573570728302,-62.5929870605,-48.9872436523,51.275642395,18.8860484053,1.89669869782,1.76299455624,0.0787739306688,0.0286307875067,0.0852326229215,0.0,0.00999999977648,-0.00999999977648,2,0,1,19.062750067159214,0.0
170.79904890060425,-67.0324935913,-48.8468093872,51.535610199,18.81763153,1.40581669248,1.47206965489,-0.180564060807,0.0513559244573,0.0525067895651,0.0,0.00999999977648,-0.00999999977648,2,0,1,18.92740251700041,0.0
171.06422352790833,-71.4766921997,-48.7296333313,51.6026191711,18.7759154984,1.43043790236,0.595104321913,-0.180564060807,0.0513559244573,0.0525067895651,0.0,0.00999999977648,-0.00999999977648,2,0,1,18.839726764194985,0.0
171.28206610679626,-75.9017181396,-48.6464805603,51.4293823242,18.7090002844,1.9195076484,1.01994132531,-0.0288053639233,0.120391756296,-0.135195612907,0.0,0.00999999977648,-0.00999999977648,2,0,1,18.83484753219469,0.0
171.57758140563965,-81.4907531738,-48.5797615051,51.1712875366,18.7206842415,2.52668648832,1.40311759359,-0.157386884093,0.0727446451783,-0.00888060498983,0.0,0.00999999977648,-0.00999999977648,2,0,1,18.942462935469795,0.0
171.79978370666504,-85.2188491821,-48.5633354187,51.0179100037,18.792810762,2.65836140966,1.37043975897,-0.157386884093,0.0727446451783,-0.00888060498983,0.0,0.00999999977648,-0.00999999977648,2,0,1,19.029312306378237,0.0
172.0712468624115,-90.452331543,-48.5684814453,50.6890296936,18.9650251442,2.3397867082,0.977754971559,0.166884794831,0.0506861433387,0.0690337643027,0.0,0.00999999977648,-0.00999999977648,2,0,1,19.13381261914143,0.0
172.23634505271912,-93.8465499878,-48.5846176147,50.414730072,19.0648635168,2.16671751564,0.919417348086,0.00730737298727,-0.0370709821582,0.0472582243383,0.0,0.00999999977648,-0.00999999977648,2,0,1,19.209607335048634,0.0
172.48119640350342,-98.4021606445,-48.6198883057,50.0793151855,19.1766292012,2.2625237312,1.13757947474,0.00730737298727,-0.0370709821582,0.0472582243383,0.0,0.00999999977648,-0.00999999977648,2,0,1,19.343117851471348,0.0
172.74096965789795,-103.364875793,-48.6891059875,49.7748718262,19.2751016688,2.41132423718,1.52101471813,0.00730737298727,-0.0370709821582,0.0472582243383,0.0,0.00999999977648,-0.00999999977648,2,0,1,19.484802146600217,0.0
172.98065757751465,-107.957725525,-48.791305542,49.637840271,19.4343329943,1.90694140166,1.64958974246,0.00704903621227,-0.0559843368828,0.00129025243223,0.0,0.00999999977648,-0.00999999977648,2,0,1,19.5972158931092,0.0
173.22066950798035,-112.595481873,-48.922908783,49.6131019592,19.4718123439,2.01660443154,1.99458266175,0.00704903621227,-0.0559843368828,0.00129025243223,0.0,0.00999999977648,-0.00999999977648,2,0,1,19.677310013920014,0.0
173.42746305465698,-116.472244263,-49.0603752136,49.6460647583,19.5669773023,1.80160855525,1.89337710504,0.029285043478,-0.060393743217,0.0551647767425,0.0,0.00999999977648,-0.00999999977648,2,0,1,19.740751530703257,0.0
173.7017171382904,-121.890083313,-49.2996673584,49.8195648193,19.5723251236,1.89275480645,1.81472529735,0.168693527579,0.00447340868413,-0.0193505398929,0.0,0.00999999977648,-0.00999999977648,2,0,1,19.747193709641007,0.0
173.91714477539062,-126.102775574,-49.5028343201,49.9779396057,19.5360988917,1.89821927738,1.70440520726,0.168693527579,0.00447340868413,-0.0193505398929,0.0,0.00999999977648,-0.00999999977648,2,0,1,19.701964202633047,0.0
174.16455245018005,-130.709365845,-49.7311820984,50.0091972351,19.4578602139,2.32966196735,0.72807621733,0.169608414173,0.0720464289188,-0.0513561815023,0.0,0.00999999977648,-0.00999999977648,2,0,1,19.610347879730007,0.0
174.38848423957825,-134.916900635,-49.9401817322,49.8380317688,19.4366963858,2.2815368429,0.429193831248,0.169608414173,0.0720464289188,-0.0513561815023,0.0,0.00999999977648,-0.00999999977648,2,0,1,19.574850806687195,0.0
174.64329600334167,-139.87399292,-50.1544532776,49.5293731689,19.2112984779,3.39412002568,-0.11604156783,0.0270425528288,0.049996457994,-0.12602289021,0.0,0.00999999977648,-0.00999999977648,2,0,1,19.50916465667224,0.0
174.86368036270142,-144.028076172,-50.280166626,49.1496696472,19.2574341028,2.9604132036,-0.644480248572,0.0330935008824,-0.0439770296216,0.104748442769,0.0,0.00999999977648,-0.00999999977648,2,0,1,19.494311204824168,0.0
175.17977619171143,-150.122375488,-50.4200668335,48.5619697571,19.2817500485,2.80719110966,-0.247792409151,0.0330935008824,-0.0439770296216,0.104748442769,0.0,0.00999999977648,-0.00999999977648,2,0,1,19.486600728116148,0.0
175.35711407661438,-153.180297852,-50.4674453735,48.3536758423,19.3235587658,2.36212126367,-0.438349898813,0.143587470055,-0.0883515551686,-0.00966071523726,0.0,0.00999999977648,-0.00999999977648,2,0,1,19.472331418538392,0.0
175.61621761322021,-158.516952515,-50.4941902161,48.1044540405,19.3226161994,2.22575075863,-0.511609963677,0.0857205092907,-0.0663647651672,-0.0656181499362,0.0,0.00999999977648,-0.00999999977648,2,0,1,19.457112015501963,0.0
175.8985743522644,-163.444274902,-50.4059295654,48.0459213257,19.2934358412,1.73888271459,0.222854520461,0.0857205092907,-0.0663647651672,-0.0656181499362,0.0,0.00999999977648,-0.00999999977648,2,0,1,19.37292037331725,0.0
176.12108707427979,-167.621673584,-50.2038345337,48.0731201172,19.2123814776,1.48293433647,-0.650803737412,0.441120684147,-0.038949072361,-0.0464167930186,0.0,0.00999999977648,-0.00999999977648,2,0,1,19.28051456242127,0.0
176.3605556488037,-172.534484863,-49.8447685242,48.0110168457,19.1475393484,1.4640688982,-0.999288357908,-0.0550540089607,0.0230798870325,-0.252961874008,0.0,0.00999999977648,-0.00999999977648,2,0,1,19.229413357132174,0.0
176.5917510986328,-176.651138306,-49.426399231,47.8725967407,19.1337898305,0.723806023711,-0.866479523428,-0.0550540089607,0.0230798870325,-0.252961874008,0.0,0.00999999977648,-0.00999999977648,2,0,1,19.167070595222043,0.0
176.82076501846313,-181.090072632,-48.7420005798,47.7274055481,18.9696627469,1.97860641812,-0.890521006949,0.110886268318,-0.0811861082911,-0.0662373527884,0.0,0.00999999977648,-0.00999999977648,2,0,1,19.093350040073343,0.0
177.0593945980072,-185.498886108,-47.7974205017,47.6242218018,19.0250713,1.06633036812,-0.321760505428,0.110886268318,-0.0811861082911,-0.0662373527884,0.0,0.00999999977648,-0.00999999977648,2,0,1,19.057647500332035,0.0
177.31461215019226,-190.224273682,-46.4878005981,47.5594787598,18.9979116877,0.904083010771,-1.02168085956,0.257222950459,-0.105883091688,-0.174662649632,0.0,0.00999999977648,-0.00999999977648,2,0,1,19.04683297461298,0.0
177.5640618801117,-194.15246582,-45.1717338562,47.4342079163,19.0484000036,-0.139191979532,-0.967951531268,0.257222950459,-0.105883091688,-0.174662649632,0.0,0.00999999977648,-0.00999999977648,2,0,1,19.073485451568587,0.0
177.821142911911,-199.089508057,-43.184879303,47.1102218628,19.125936886,0.0107963184685,-1.35020130652,0.283496201038,-0.083071924746,-0.299537986517,0.0,0.00999999977648,-0.00999999977648,2,0,1,19.173539628766417,0.0
178.0485236644745,-202.848724365,-41.2961082458,46.7986564636,19.1359492345,1.03467584363,-1.57995495809,0.242737814784,-0.225089207292,-0.31571611762,0.0,0.00999999977648,-0.00999999977648,2,0,1,19.228920013259863,0.0
178.32852125167847,-207.357559204,-38.3964385986,46.4148178101,19.3352848877,-0.792060309233,-0.219528050802,0.242737814784,-0.225089207292,-0.31571611762,0.0,0.00999999977648,-0.00999999977648,2,0,1,19.352746414580828,0.0
178.5504128932953,-210.648849487,-35.7331123352,46.0775680542,19.4741030569,-0.249034444665,-1.4707037682,0.0651871114969,-0.30536711216,-0.227686703205,0.0,0.00999999977648,-0.00999999977648,2,0,1,19.531146346264194,0.0
178.79555821418762,-214.028030396,-32.4317817688,45.6548652649,19.6375428879,-1.81546480934,0.0541172354605,0.0651871114969,-0.30536711216,-0.227686703205,0.0,0.00999999977648,-0.00999999977648,2,0,1,19.721357251042274,0.0
179.0416841506958,-217.281402588,-28.3990268707,45.1892051697,19.9001758172,0.289457573128,-1.57661507053,0.0796463936567,-0.353308320045,-0.443408846855,0.0,0.00999999977648,-0.00999999977648,2,0,1,19.964631184240172,0.0
179.27939200401306,-219.782089233,-24.2529067993,44.7984428406,20.0472363587,-1.45606306804,0.724567190318,0.0796463936567,-0.353308320045,-0.443408846855,0.0,0.00999999977648,-0.00999999977648,2,0,1,20.113100280488304,0.0
179.60122394561768,-221.984924316,-18.56158638,44.5001869202,20.1755786943,-0.206057871484,0.600129744814,-0.159443020821,-0.552863299847,-0.255989551544,0.0,0.00999999977648,-0.00999999977648,2,0,1,20.185554022788256,0.0
179.77540969848633,-222.792434692,-14.5466499329,44.5186653137,20.1083207527,0.424964151417,-1.44742597012,0.103062815964,-0.489215999842,-0.305027991533,0.0,0.00999999977648,-0.00999999977648,2,0,1,20.164825810366743,0.0
180.08232641220093,-222.994766235,-8.45638465881,44.8119125366,19.8859615532,-1.36959944798,1.96834777019,0.103062815964,-0.489215999842,-0.305027991533,0.0,0.00999999977648,-0.00999999977648,2,0,1,20.030019033632186,0.0
180.30316615104675,-222.489318848,-4.08419370651,45.2853736877,19.9603456486,-0.540151276917,-0.0126651586158,-0.410126626492,-0.346877247095,-0.149512261152,0.0,0.00999999977648,-0.00999999977648,2,0,1,19.967656903597447,0.0
180.54734992980957,-221.605789185,0.174552559853,45.9630355835,19.7889257454,-1.22861311371,1.26658853969,-0.410126626492,-0.346877247095,-0.149512261152,0.0,0.00999999977648,-0.00999999977648,2,0,1,19.86744369235784,0.0
180.79872131347656,-220.350723267,5.43477487564,46.997795105,19.4923799597,-0.515009532173,0.248969927822,-1.05605721474,0.00863985065371,-0.166459843516,0.0,0.00999999977648,-0.00999999977648,2,0,1,19.500771711306783,0.0
181.01776552200317,-219.575531006,8.74767112732,47.7241897583,19.1823072825,-0.550503763425,0.224045838726,-1.05605721474,0.00863985065371,-0.166459843516,0.0,0.00999999977648,-0.00999999977648,2,0,1,19.19151280153933,0.0
181.27032804489136,-218.462127686,13.7966775894,48.7547454834,18.5815316319,0.626513887168,-0.0825472829819,-0.381484389305,-0.0485275760293,-0.125024825335,0.0,0.00999999977648,-0.00999999977648,2,0,1,18.592273973133096,0.0
181.47667336463928,-217.70249939,17.6799488068,49.5568580627,18.1152314037,0.739408724969,0.142803902178,-0.631753146648,0.0132574960589,0.121810756624,0.0,0.00999999977648,-0.00999999977648,2,0,1,18.130877723558676,0.0
181.75409626960754,-217.075485229,22.1623096466,50.6625328064,17.5884319236,1.65883155841,1.32143523603,-0.631753146648,0.0132574960589,0.121810756624,0.0,0.00999999977648,-0.00999999977648,2,0,1,17.715836157328567,0.0
181.97689056396484,-216.784439087,26.1572761536,51.9256248474,17.0017382562,2.1678630007,2.36848084407,-0.00847783219069,0.0616105943918,0.0114531069994,0.0,0.00999999977648,-0.00999999977648,2,0,1,17.302266765683193,0.0
182.26524877548218,-216.656005859,30.6912384033,53.400970459,16.3498147264,2.87824563726,1.9450412769,-0.00847783219069,0.0616105943918,0.0114531069994,0.0,0.00999999977648,-0.00999999977648,2,0,1,16.7147816349738,0.0
182.4635534286499,-216.624786377,33.8596191406,54.2650260925,15.892345284,2.64806523047,2.45926262462,0.0848808512092,0.181228145957,0.13001434505,0.0,0.00999999977648,-0.00999999977648,2,0,1,16.29806309803573,0.0
182.71524024009705,-216.644760132,37.5813522339,55.185749054,15.5311726151,2.12422617807,2.99913054189,0.385628342628,0.17339245975,0.356122285128,0.0,0.00999999977648,-0.00999999977648,2,0,1,15.960089086935806,0.0
182.95896100997925,-216.721969604,41.2048454285,55.8986053467,15.1711406234,2.63652224867,1.60430390523,0.385628342628,0.17339245975,0.356122285128,0.0,0.00999999977648,-0.00999999977648,2,0,1,15.48187806446769,0.0
183.21962308883667,-216.848098755,45.3877067566,56.2922554016,14.9282601304,2.00071986567,1.56417256091,0.220570534468,0.227734565735,0.110040850937,0.0,0.00999999977648,-0.00999999977648,2,0,1,15.142736420544358,0.0
183.46064376831055,-216.999588013,48.9371795654,56.4284439087,14.7417964789,1.93514096846,1.81923189904,0.115703009069,0.219812303782,0.0304889734834,0.0,0.00999999977648,-0.00999999977648,2,0,1,14.97915013262119,0.0
183.72117042541504,-217.177337646,52.7344818115,56.4136009216,14.6888905609,1.78031502056,2.09585224032,0.259585469961,0.148792088032,0.0996878743172,0.0,0.00999999977648,-0.00999999977648,2,0,1,14.944083247084212,0.0
183.97322058677673,-217.334152222,56.2494277954,56.3269577026,14.7656860968,1.81500647225,1.64023603103,0.259585469961,0.148792088032,0.0996878743172,0.0,0.00999999977648,-0.00999999977648,2,0,1,14.966967249280371,0.0
184.1864902973175,-217.476013184,59.4578819275,56.0643577576,14.8864888648,1.13452670362,1.28493943428,-0.0474352799356,0.163404524326,0.0600339993834,0.0,0.00999999977648,-0.00999999977648,2,0,1,14.984851381071788,0.0
184.42900848388672,-217.644927979,62.9485740662,55.5496482849,15.0856905522,1.21418160091,0.747239295169,-0.0474352799356,0.163404524326,0.0600339993834,0.0,0.00999999977648,-0.00999999977648,2,0,1,15.152909389320897,0.0
184.65998888015747,-217.832321167,66.4544372559,54.9427032471,15.3145985297,1.26395701322,0.973029439435,0.0333423502743,0.0406505465508,-0.0887011438608,0.0,0.00999999977648,-0.00999999977648,2,0,1,15.397444649913979,0.0
184.91472101211548,-218.02406311,70.3182220459,54.2375335693,15.5969267277,1.49354595406,0.949369739041,0.0597194805741,0.011191512458,0.0154618658125,0.0,0.00999999977648,-0.00999999977648,2,0,1,15.69700945299895,0.0
185.17488837242126,-218.181838989,73.9694290161,53.5594329834,15.9141322701,1.49456802602,1.00519649855,0.0597194805741,0.011191512458,0.0154618658125,0.0,0.00999999977648,-0.00999999977648,2,0,1,16.01573474728327,0.0
185.38090753555298,-218.329696655,77.4071884155,52.9909362793,16.2608970069,0.888695853504,1.37994672075,0.00753148179501,-0.0616776198149,0.0995836630464,0.0,0.00999999977648,-0.00999999977648,2,0,1,16.343524856687228,0.0
185.63599157333374,-218.477783203,81.2117538452,52.475189209,16.5182178995,0.879557621942,1.56085934271,0.00753148179501,-0.0616776198149,0.0995836630464,0.0,0.00999999977648,-0.00999999977648,2,0,1,16.615096330548422,0.0
185.92125868797302,-218.655044556,86.0555496216,51.7528800964,16.8728503353,-0.0148557074527,0.951479388932,-0.185724020004,-0.0857119560242,0.140495583415,0.0,0.00999999977648,-0.00999999977648,2,0,1,16.89966307821075,0.0
186.1137924194336,-218.766433716,89.0027313232,51.2768325806,17.0361008801,0.0268404389717,1.13124825101,-0.185724020004,-0.0857119560242,0.140495583415,0.0,0.00999999977648,-0.00999999977648,2,0,1,17.07363980560447,0.0
186.35217237472534,-218.940811157,92.9860229492,50.6935577393,17.2508915418,-0.838864479867,0.643285126992,0.181002810597,-0.129862815142,0.101919829845,0.0,0.00999999977648,-0.00999999977648,2,0,1,17.283251093389186,0.0
186.58232617378235,-219.13710022,96.6691589355,50.2317733765,17.4454139322,-1.09895120017,0.643331180823,0.168041437864,-0.0727470293641,-0.0444748513401,0.0,0.00999999977648,-0.00999999977648,2,0,1,17.491827692221648,0.0
186.79280424118042,-219.371459961,100.403709412,49.9165306091,17.5841155642,-1.04653139873,1.21126224317,0.168041437864,-0.0727470293641,-0.0444748513401,0.0,0.00999999977648,-0.00999999977648,2,0,1,17.656825999182235,0.0
187.04172468185425,-219.649200439,104.876235962,49.6817626953,17.7891286503,0.00770526876057,1.24437898851,-0.14121966064,-0.0787546634674,-0.143850728869,0.0,0.00999999977648,-0.00999999977648,2,0,1,17.83260038735619,0.0
187.29399991035461,-219.889862061,109.039054871,49.5565338135,17.8425727618,-0.0342584425204,1.6539227308,-0.14121966064,-0.0787546634674,-0.143850728869,0.0,0.00999999977648,-0.00999999977648,2,0,1,17.91909698618957,0.0
187.52808547019958,-220.082687378,113.190841675,49.4748649597,17.9282407519,0.34400523033,1.02250475234,0.168942719698,-0.0577995590866,-0.0286820121109,0.0,0.00999999977648,-0.00999999977648,2,0,1,17.960670144099304,0.0
187.7782473564148,-220.234069824,117.365371704,49.3910102844,17.9372167787,0.265964525996,0.775468083544,-0.0707198157907,-0.057243578136,-0.0215461142361,0.0,0.00999999977648,-0.00999999977648,2,0,1,17.955941458017747,0.0
188.02334237098694,-220.351791382,121.895065308,49.35912323,17.9183411625,0.0502595334175,1.12220211683,-0.0707198157907,-0.057243578136,-0.0215461142361,0.0,0.00999999977648,-0.00999999977648,2,0,1,17.953518140672568,0.0
188.26572918891907,-220.402404785,126.084114075,49.347038269,17.8831164299,0.271990531987,0.341710788704,-0.0177220478654,-0.0216176267713,-0.00642092619091,0.0,0.00999999977648,-0.00999999977648,2,0,1,17.888448740960367,0.0
188.51064085960388,-220.427703857,130.255599976,49.3318328857,17.8453819896,0.231510243265,1.25075657853,-0.0177220478654,-0.0216176267713,-0.00642092619091,0.0,0.00999999977648,-0.00999999977648,2,0,1,17.89065810321724,0.0
188.78586506843567,-220.429580688,135.121276855,49.5464324951,17.7227484667,0.303166366096,1.57562761669,-0.039224691689,-0.0140648726374,-0.0814017131925,0.0,0.00999999977648,-0.00999999977648,2,0,1,17.79523322257748,0.0
189.00674700737,-220.377197266,138.916992188,49.794090271,17.6042558918,0.338695723268,1.37690302875,0.090212598443,-0.0366700515151,0.0256255660206,0.0,0.00999999977648,-0.00999999977648,2,0,1,17.661268421252082,0.0
189.26133394241333,-220.276275635,143.355804443,49.9407043457,17.4516883669,0.0693462436445,0.600566195006,0.179210811853,0.0500992387533,-0.0631870925426,0.0,0.00999999977648,-0.00999999977648,2,0,1,17.462156668392492,0.0
189.49250769615173,-220.120880127,147.09866333,49.9736747742,17.3021917264,-0.42884101778,0.87566131459,0.179210811853,0.0500992387533,-0.0631870925426,0.0,0.00999999977648,-0.00999999977648,2,0,1,17.329642982286295,0.0
189.70169591903687,-219.819076538,150.807937622,50.0750961304,17.1797985963,-0.662520232045,0.920416291215,0.184195920825,0.0162741169333,0.0897081494331,0.0,0.00999999977648,-0.00999999977648,2,0,1,17.217188475951417,0.0
190.0093855857849,-219.234710693,155.814926147,50.0698890686,17.0272391096,-1.4159794307,0.333815596959,0.184195920825,0.0162741169333,0.0897081494331,0.0,0.00999999977648,-0.00999999977648,2,0,1,17.08927448127715,0.0
190.20261478424072,-218.8099823,158.820877075,49.9438781738,16.9898768063,-1.54401114148,0.155359103541,0.23866006732,0.0555438064039,-0.1984718889,0.0,0.00999999977648,-0.00999999977648,2,0,1,17.060598487430564,0.0
190.47299575805664,-217.993148804,163.472839355,49.5966186523,17.0684578492,-0.833261077805,0.110021078665,0.227691829205,-0.0517181903124,-0.336422026157,0.0,0.00999999977648,-0.00999999977648,2,0,1,17.089139299901927,0.0
190.6774868965149,-217.218276978,166.76373291,49.2773742676,17.0612033436,-1.81890971294,0.490557757916,0.227691829205,-0.0517181903124,-0.336422026157,0.0,0.00999999977648,-0.00999999977648,2,0,1,17.164898455550116,0.0
190.9333221912384,-215.807876587,170.963043213,48.9433860779,17.1347849333,-2.51236019143,1.11004798212,0.722195804119,-0.147129908204,0.0319478623569,0.0,0.00999999977648,-0.00999999977648,2,0,1,17.353530331449434,0.0
191.20521116256714,-213.943450928,175.041412354,48.6221046448,17.2539285321,-3.50441391769,1.04492209009,-0.119344912469,-0.153478011489,-0.17655941844,0.0,0.00999999977648,-0.00999999977648,2,0,1,17.637200142643728,0.0
191.41718244552612,-211.84324646,178.785308838,48.2991409302,17.2309423869,-4.69447711468,1.77290443172,-0.119344912469,-0.153478011489,-0.17655941844,0.0,0.00999999977648,-0.00999999977648,2,0,1,17.946773555292154,0.0
191.65250086784363,-209.64616394,182.149902344,47.9949302673,17.9349280209,-3.25817321067,1.35740337833,-0.132002964616,-0.124767407775,-0.410159379244,0.0,0.00999999977648,-0.00999999977648,2,0,1,18.278946351392722,0.0
191.9203977584839,-206.471435547,186.28213501,47.6081695557,18.5113678066,-2.51297381651,1.54917152612,0.0612053126097,-0.243104413152,-0.341517031193,0.0,0.00999999977648,-0.00999999977648,2,0,1,18.74528495091586,0.0
192.16401600837708,-203.352890015,189.653579712,47.2703933716,18.5989783724,-3.97255501765,2.4319503183,0.0612053126097,-0.243104413152,-0.341517031193,0.0,0.00999999977648,-0.00999999977648,2,0,1,19.17335578911367,0.0
192.41684484481812,-199.828094482,192.78036499,46.9890937805,19.3638897444,-2.96261285679,1.68735084961,0.247292727232,-0.272596418858,-0.232786878943,0.0,0.00999999977648,-0.00999999977648,2,0,1,19.661751037539272,0.0
192.66228008270264,-195.610946655,195.859954834,46.7567329407,19.5365374172,-4.46900905542,3.16513906826,0.247292727232,-0.272596418858,-0.232786878943,0.0,0.00999999977648,-0.00999999977648,2,0,1,20.289564842857214,0.0
192.92431473731995,-191.054443359,198.568145752,46.5432014465,20.4727744402,-3.44370754979,2.92621277184,0.11920620501,-0.234732240438,-0.370633125305,0.0,0.00999999977648,-0.00999999977648,2,0,1,20.965598874200243,0.0
193.15788173675537,-186.407501221,200.725738525,46.3967247009,21.2683702086,-2.68467762759,2.52835761865,0.0692712217569,-0.308939874172,-0.25946316123,0.0,0.00999999977648,-0.00999999977648,2,0,1,21.585728098489795,0.0
193.3927037715912,-181.853591919,202.321411133,46.3594474792,21.3015027164,-3.99157672623,4.19632295906,0.0692712217569,-0.308939874172,-0.25946316123,0.0,0.00999999977648,-0.00999999977648,2,0,1,22.074778121532994,0.0
193.62454676628113,-176.622894287,203.592971802,46.4490470886,22.1400197864,-3.10714336247,2.84130833703,-0.0784205943346,-0.354544430971,-0.2153840065,0.0,0.00999999977648,-0.00999999977648,2,0,1,22.53681097855686,0.0
193.85860538482666,-171.685958862,204.327850342,46.634437561,22.0327299129,-4.34426283828,4.40306069783,-0.0784205943346,-0.354544430971,-0.2153840065,0.0,0.00999999977648,-0.00999999977648,2,0,1,22.884508964179986,0.0
194.14815139770508,-164.776565552,204.699478149,47.0436058044,22.5711184993,-3.84149443599,3.71374018347,-0.199814319611,-0.297915846109,-0.228373631835,0.0,0.00999999977648,-0.00999999977648,2,0,1,23.19492047758527,0.0
194.36662077903748,-159.675048828,204.541824341,47.4698143005,22.9002008653,-3.4185255647,2.47037283754,-0.350781321526,-0.220689669251,-0.140685066581,0.0,0.00999999977648,-0.00999999977648,2,0,1,23.285365761869617,0.0
194.613219499588,-154.134246826,204.035995483,48.0258827209,22.5706389625,-4.19969914648,3.5061215203,-0.350781321526,-0.220689669251,-0.140685066581,0.0,0.00999999977648,-0.00999999977648,2,0,1,23.224213747973874,0.0
194.86010098457336,-148.245925903,203.256210327,48.7849159241,22.5447247177,-3.95078154821,2.06348459182,-0.490796148777,-0.106657847762,-0.214676424861,0.0,0.00999999977648,-0.00999999977648,2,0,1,22.981106502934722,0.0
195.13192009925842,-142.458755493,202.341918945,49.613986969,22.4507133166,-2.73727227724,1.45048913207,-0.385473281145,-0.0174527280033,-0.198954939842,0.0,0.00999999977648,-0.00999999977648,2,0,1,22.663431043559147,0.0
195.37280130386353,-137.241729736,201.439834595,50.4153289795,22.0585347301,-2.91191267654,1.402248767,-0.385473281145,-0.0174527280033,-0.198954939842,0.0,0.00999999977648,-0.00999999977648,2,0,1,22.29404609933727,0.0
195.63989114761353,-131.679641724,200.46963501,51.2052192688,21.6513319659,-2.20489681892,0.735590021316,-0.437420636415,0.0345724970102,0.00763696664944,0.0,0.00999999977648,-0.00999999977648,2,0,1,21.775739678806467,0.0
195.91696667671204,-125.828575134,199.51423645,52.0040779114,21.1357305277,-1.86380066953,0.665827211071,0.00341053213924,0.029497385025,-0.0323481298983,0.0,0.00999999977648,-0.00999999977648,2,0,1,21.228193134374223,0.0
196.14470601081848,-120.929298401,198.783081055,52.6653785706,20.6914707764,-1.48983765731,0.669949657928,0.00341053213924,0.029497385025,-0.0323481298983,0.0,0.00999999977648,-0.00999999977648,2,0,1,20.75585246815731,0.0
196.36199831962585,-116.945808411,198.246185303,53.1715164185,20.3372067395,-1.44182454521,0.678972896517,0.0269572064281,0.134555637836,0.0831039473414,0.0,0.00999999977648,-0.00999999977648,2,0,1,20.399554901481036,0.0
196.65786600112915,-111.043426514,197.492126465,53.8203620911,19.9141912759,-0.840728886013,0.722597569057,0.11916847527,0.131632745266,-0.0211562626064,0.0,0.00999999977648,-0.00999999977648,2,0,1,19.94502410326233,0.0
196.85824275016785,-107.169868469,197.016952515,54.121887207,19.6005710655,-0.961258751496,1.15448461698,-0.144259780645,0.165638282895,0.0227045211941,0.0,0.00999999977648,-0.00999999977648,2,0,1,19.658057869786802,0.0
197.14748096466064,-101.424285889,196.387512207,54.3089408875,19.3355332019,-0.456851039315,0.076380167421,-0.144259780645,0.165638282895,0.0227045211941,0.0,0.00999999977648,-0.00999999977648,2,0,1,19.341080399085147,0.0
197.3497612476349,-97.6532058716,196.021209717,54.276889801,19.2094007882,0.0445079480219,0.635060325016,-0.14948824048,0.116640478373,-0.107812002301,0.0,0.00999999977648,-0.00999999977648,2,0,1,19.219946961829663,0.0
197.62483620643616,-92.3853530884,195.55796814,54.1158447266,19.0904188595,-0.0962161633934,1.27069804647,-0.335381358862,0.100721955299,0.179709583521,0.0,0.00999999977648,-0.00999999977648,2,0,1,19.132904204708552,0.0
197.8535463809967,-88.2538528442,195.301528931,53.9731292725,19.0802155895,0.44845347497,1.39776137542,-0.335381358862,0.100721955299,0.179709583521,0.0,0.00999999977648,-0.00999999977648,2,0,1,19.13660038574322,0.0
198.1195845603943,-83.0114440918,195.168518066,53.6887321472,19.0880868308,0.348841547632,1.22380743575,-0.0230754166842,0.106607280672,0.0749225541949,0.0,0.00999999977648,-0.00999999977648,2,0,1,19.130458800700826,0.0
198.38229060173035,-78.1808547974,195.170776367,53.2049560547,19.170348474,1.092956898,1.18313040241,0.304724484682,0.000316990539432,0.0259565580636,0.0,0.00999999977648,-0.00999999977648,2,0,1,19.237895231666762,0.0
198.61294841766357,-74.3852996826,195.246246338,52.9065170288,19.2714674453,1.29076283123,2.31461701006,0.304724484682,0.000316990539432,0.0259565580636,0.0,0.00999999977648,-0.00999999977648,2,0,1,19.45283984627956,0.0
198.845388174057,-69.7966995239,195.412094116,52.7479400635,19.420557438,0.405594527513,2.42958329051,-0.044017791748,0.0468077585101,0.21489135921,0.0,0.00999999977648,-0.00999999977648,2,0,1,19.576144489886943,0.0
199.09127593040466,-64.8600234985,195.661224365,52.4676170349,19.5194198164,-0.0484133529066,1.86020428425,-0.090450912714,0.00763882230967,0.0368262715638,0.0,0.00999999977648,-0.00999999977648,2,0,1,19.607918140403143,0.0
199.31517243385315,-60.30027771,195.961837769,52.0644607544,19.6068955803,0.149943359062,1.74101744013,-0.090450912714,0.00763882230967,0.0368262715638,0.0,0.00999999977648,-0.00999999977648,2,0,1,19.68461274789401,0.0
199.60789370536804,-55.3477020264,196.294021606,51.6187553406,19.6853590524,-0.0249601768656,1.64909500092,0.305758625269,-0.0236714817584,0.0882125198841,0.0,0.00999999977648,-0.00999999977648,2,0,1,19.754328597914814,0.0
199.827490568161,-51.1118888855,196.550338745,51.306137085,19.7370922954,-1.5294336368,1.60941982534,-0.474236279726,-0.076896160841,0.290150761604,0.0,0.00999999977648,-0.00999999977648,2,0,1,19.86157626425231,0.0
200.0780634880066,-46.1460227966,196.878387451,50.980178833,19.8068257584,-1.3287680664,1.73239302178,-0.474236279726,-0.076896160841,0.290150761604,0.0,0.00999999977648,-0.00999999977648,2,0,1,19.92679494499339,0.0
200.34934830665588,-40.7547836304,197.315505981,50.6119384766,19.7859461943,-2.25715004063,1.08816424014,0.236912116408,-0.00623291917145,-0.0238944496959,0.0,0.00999999977648,-0.00999999977648,2,0,1,19.94398391804331,0.0
200.55463767051697,-36.5141639709,197.685623169,50.2729110718,19.8308104874,-2.1628835422,1.14418222334,0.236912116408,-0.00623291917145,-0.0238944496959,0.0,0.00999999977648,-0.00999999977648,2,0,1,19.98119773097951,0.0
200.75771617889404,-32.6712799072,198.043273926,49.9829559326,19.8923494255,-1.78291190264,1.0326983005,-0.0520344749093,0.02088736929,-0.0659972056746,0.0,0.00999999977648,-0.00999999977648,2,0,1,19.998770119650388,0.0
201.0250928401947,-28.084936142,198.453460693,49.5738830566,19.8601933625,-1.84336863673,0.372107098492,-0.0520344749093,0.02088736929,-0.0659972056746,0.0,0.00999999977648,-0.00999999977648,2,0,1,19.94902884903215,0.0
201.24957942962646,-23.4594249725,198.832138062,49.0159492493,19.8201181344,-1.84364655684,0.536549325207,0.220437243581,0.104259505868,0.034958794713,0.0,0.00999999977648,-0.00999999977648,2,0,1,19.912910401709233,0.0
201.50927138328552,-18.0456447601,199.274688721,48.3060722351,19.8132722271,-1.77523585453,0.935476725452,-0.307958781719,0.165697112679,-0.101116299629,0.0,0.00999999977648,-0.00999999977648,2,0,1,19.91462616742387,0.0
201.7685534954071,-13.4400272369,199.650695801,47.6000022888,19.8754586696,-1.8722204861,0.317745761573,-0.307958781719,0.165697112679,-0.101116299629,0.0,0.00999999977648,-0.00999999977648,2,0,1,19.965971783125106,0.0
201.9875044822693,-9.25050354004,199.961959839,46.8473396301,20.020960786,-0.849994990533,1.45637827023,0.25293764472,0.15798895061,-0.0120592992753,0.0,0.00999999977648,-0.00999999977648,2,0,1,20.091849092218443,0.0
202.27482748031616,-3.84674596786,200.306793213,45.7581672668,20.2415299571,-1.02397825307,0.760607221917,0.25293764472,0.15798895061,-0.0120592992753,0.0,0.00999999977648,-0.00999999977648,2,0,1,20.281681138726377,0.0
202.46946835517883,0.0461568832398,200.54586792,44.8429718018,20.3404935468,-1.67733662484,1.83635649794,0.165147289634,0.138306543231,-0.00219474732876,0.0,0.00999999977648,-0.00999999977648,2,0,1,20.491982360620177,0.0
202.71862959861755,5.11476993561,200.841842651,43.5056190491,20.6892347781,-1.91960369736,1.27409652959,0.165147289634,0.138306543231,-0.00219474732876,0.0,0.00999999977648,-0.00999999977648,2,0,1,20.817123625154704,0.0
202.97325611114502,9.86119747162,201.065032959,42.1037597656,21.0614873932,-0.938517520854,2.14163209827,0.0945673882961,0.111514851451,-0.100135907531,0.0,0.00999999977648,-0.00999999977648,2,0,1,21.19088611632871,0.0
203.22788834571838,15.092880249,201.231704712,40.3990936279,21.4503339524,-1.5820245249,2.43058998206,0.17005982995,0.042381323874,0.0765356719494,0.0,0.00999999977648,-0.00999999977648,2,0,1,21.645493663295365,0.0
203.46399641036987,19.6142787933,201.330001831,38.8682899475,21.8531445971,-1.86378530149,2.37483217002,0.17005982995,0.042381323874,0.0765356719494,0.0,0.00999999977648,-0.00999999977648,2,0,1,22.060676604936052,0.0
203.70847725868225,25.0332984924,201.405975342,36.96717453,22.3300312906,-1.96740364899,2.2585285463,-0.179281011224,0.020790822804,-0.0981159210205,0.0,0.00999999977648,-0.00999999977648,2,0,1,22.530022764118243,0.0
203.93103504180908,30.1272659302,201.454727173,35.0969543457,22.7745712258,-2.1348881529,2.0120043473,-0.179281011224,0.020790822804,-0.0981159210205,0.0,0.00999999977648,-0.00999999977648,2,0,1,22.96273074871506,0.0
204.20098304748535,35.2656326294,201.49105835,33.1376152039,23.2398279132,-1.78749426904,1.7807009866,-0.176135331392,-0.0220283344388,-0.0338236615062,0.0,0.00999999977648,-0.00999999977648,2,0,1,23.37639050838856,0.0
204.43045282363892,40.503162384,201.508758545,31.1514377594,23.6072296641,-1.97537156254,2.04782599065,-0.176135331392,-0.0220283344388,-0.0338236615062,0.0,0.00999999977648,-0.00999999977648,2,0,1,23.778077645420296,0.0
204.67630004882812,45.3898582458,201.478607178,29.3797283173,23.9537945908,-2.06690174588,1.89002593812,0.127012401819,-0.0561016649008,0.0526550523937,0.0,0.00999999977648,-0.00999999977648,2,0,1,24.11697651390256,0.0
204.90293836593628,51.3162956238,201.382064819,27.3759746552,24.2057150241,-3.06915282696,1.74763914727,-0.167044192553,-0.0977829694748,0.085160985589,0.0,0.00999999977648,-0.00999999977648,2,0,1,24.462023250177975,0.0
205.1543951034546,56.86302948,201.281799316,25.5760498047,24.446990982,-3.08020682136,2.08804016599,-0.167044192553,-0.0977829694748,0.085160985589,0.0,0.00999999977648,-0.00999999977648,2,0,1,24.728585763668928,0.0
