flight,file,rows,cols,numeric_cols,null_ratio
processed_higienizado,_higienizacao_log.csv,,,,
processed_higienizado,higienizacao_log.csv,1591.0,6.0,4.0,0.180494
carbonZ_2018-07-18-12-10-11_no_ground_truth,carbonZ_2018-07-18-12-10-11_no_ground_truth-diagnostics.csv,156.0,122.0,35.0,0.008197
carbonZ_2018-07-18-12-10-11_no_ground_truth,carbonZ_2018-07-18-12-10-11_no_ground_truth-mavros-battery.csv,4171.0,16.0,16.0,0.375
carbonZ_2018-07-18-12-10-11_no_ground_truth,carbonZ_2018-07-18-12-10-11_no_ground_truth-mavctrl-rpy.csv,10275.0,4.0,4.0,0.0
carbonZ_2018-07-18-12-10-11_no_ground_truth,carbonZ_2018-07-18-12-10-11_no_ground_truth-mavctrl-path_dev.csv,10275.0,4.0,4.0,0.0
carbonZ_2018-07-18-12-10-11_no_ground_truth,carbonZ_2018-07-18-12-10-11_no_ground_truth-mavros-global_position-compass_hdg.csv,838.0,2.0,2.0,0.0
carbonZ_2018-07-18-12-10-11_no_ground_truth,carbonZ_2018-07-18-12-10-11_no_ground_truth-mavros-global_position-global.csv,838.0,19.0,18.0,0.0
carbonZ_2018-07-18-12-10-11_no_ground_truth,carbonZ_2018-07-18-12-10-11_no_ground_truth-mavros-global_position-local.csv,838.0,90.0,88.0,0.0
carbonZ_2018-07-18-12-10-11_no_ground_truth,carbonZ_2018-07-18-12-10-11_no_ground_truth-mavros-global_position-raw-fix.csv,1028.0,19.0,18.0,0.0
carbonZ_2018-07-18-12-10-11_no_ground_truth,carbonZ_2018-07-18-12-10-11_no_ground_truth-mavros-global_position-raw-gps_vel.csv,1028.0,10.0,9.0,0.0
carbonZ_2018-07-18-12-10-11_no_ground_truth,carbonZ_2018-07-18-12-10-11_no_ground_truth-mavros-global_position-rel_alt.csv,838.0,2.0,2.0,0.0
carbonZ_2018-07-18-12-10-11_no_ground_truth,carbonZ_2018-07-18-12-10-11_no_ground_truth-mavros-imu-atm_pressure.csv,2055.0,6.0,5.0,0.0
carbonZ_2018-07-18-12-10-11_no_ground_truth,carbonZ_2018-07-18-12-10-11_no_ground_truth-mavros-imu-data.csv,526.0,41.0,40.0,0.0
carbonZ_2018-07-18-12-10-11_no_ground_truth,carbonZ_2018-07-18-12-10-11_no_ground_truth-mavros-imu-data_raw.csv,2054.0,41.0,40.0,0.0
carbonZ_2018-07-18-12-10-11_no_ground_truth,carbonZ_2018-07-18-12-10-11_no_ground_truth-mavros-imu-mag.csv,2054.0,16.0,15.0,0.0
carbonZ_2018-07-18-12-10-11_no_ground_truth,carbonZ_2018-07-18-12-10-11_no_ground_truth-mavros-imu-temperature.csv,2055.0,6.0,5.0,0.0
carbonZ_2018-07-18-12-10-11_no_ground_truth,carbonZ_2018-07-18-12-10-11_no_ground_truth-mavros-local_position-odom.csv,838.0,90.0,88.0,0.0
carbonZ_2018-07-18-12-10-11_no_ground_truth,carbonZ_2018-07-18-12-10-11_no_ground_truth-mavros-local_position-pose.csv,838.0,11.0,10.0,0.0
carbonZ_2018-07-18-12-10-11_no_ground_truth,carbonZ_2018-07-18-12-10-11_no_ground_truth-mavros-nav_info-airspeed.csv,3885.0,6.0,5.0,0.0
carbonZ_2018-07-18-12-10-11_no_ground_truth,carbonZ_2018-07-18-12-10-11_no_ground_truth-mavros-local_position-velocity.csv,838.0,10.0,9.0,0.0
carbonZ_2018-07-18-12-10-11_no_ground_truth,carbonZ_2018-07-18-12-10-11_no_ground_truth-mavros-nav_info-errors.csv,3956.0,8.0,7.0,0.0
carbonZ_2018-07-18-12-10-11_no_ground_truth,carbonZ_2018-07-18-12-10-11_no_ground_truth-mavros-nav_info-pitch.csv,3956.0,6.0,5.0,0.0
carbonZ_2018-07-18-12-10-11_no_ground_truth,carbonZ_2018-07-18-12-10-11_no_ground_truth-mavros-nav_info-roll.csv,3956.0,6.0,5.0,0.0
carbonZ_2018-07-18-12-10-11_no_ground_truth,carbonZ_2018-07-18-12-10-11_no_ground_truth-mavros-nav_info-velocity.csv,3885.0,11.0,10.0,0.0
carbonZ_2018-07-18-12-10-11_no_ground_truth,carbonZ_2018-07-18-12-10-11_no_ground_truth-mavros-nav_info-yaw.csv,3956.0,6.0,5.0,0.0
carbonZ_2018-07-18-12-10-11_no_ground_truth,carbonZ_2018-07-18-12-10-11_no_ground_truth-mavros-rc-in.csv,614.0,21.0,21.0,0.047619
carbonZ_2018-07-18-12-10-11_no_ground_truth,carbonZ_2018-07-18-12-10-11_no_ground_truth-mavros-rc-out.csv,614.0,12.0,12.0,0.083333
carbonZ_2018-07-18-12-10-11_no_ground_truth,carbonZ_2018-07-18-12-10-11_no_ground_truth-mavros-setpoint_raw-local.csv,10249.0,17.0,17.0,0.0
carbonZ_2018-07-18-12-10-11_no_ground_truth,carbonZ_2018-07-18-12-10-11_no_ground_truth-mavros-setpoint_raw-target_global.csv,3885.0,17.0,17.0,0.058824
carbonZ_2018-07-18-12-10-11_no_ground_truth,carbonZ_2018-07-18-12-10-11_no_ground_truth-mavros-state.csv,205.0,9.0,8.0,0.111111
carbonZ_2018-07-18-12-10-11_no_ground_truth,carbonZ_2018-07-18-12-10-11_no_ground_truth-mavros-time_reference.csv,437.0,6.0,5.0,0.166667
carbonZ_2018-07-18-12-10-11_no_ground_truth,carbonZ_2018-07-18-12-10-11_no_ground_truth-mavros-vfr_hud.csv,526.0,10.0,10.0,0.1
carbonZ_2018-07-18-12-10-11_no_ground_truth,carbonZ_2018-07-18-12-10-11_no_ground_truth-mavros-wind_estimation.csv,437.0,10.0,10.0,0.1
carbonZ_2018-07-18-15-53-31_1_engine_failure,carbonZ_2018-07-18-15-53-31_1_engine_failure-diagnostics.csv,99.0,122.0,35.0,0.008197
carbonZ_2018-07-18-15-53-31_1_engine_failure,carbonZ_2018-07-18-15-53-31_1_engine_failure-mavlink-from.csv,26183.0,21.0,17.0,0.132705
carbonZ_2018-07-18-15-53-31_1_engine_failure,carbonZ_2018-07-18-15-53-31_1_engine_failure-mavctrl-path_dev.csv,6619.0,4.0,4.0,0.0
carbonZ_2018-07-18-15-53-31_1_engine_failure,carbonZ_2018-07-18-15-53-31_1_engine_failure-failure_status-engines.csv,81.0,2.0,2.0,0.0
carbonZ_2018-07-18-15-53-31_1_engine_failure,carbonZ_2018-07-18-15-53-31_1_engine_failure-mavctrl-rpy.csv,6619.0,4.0,4.0,0.0
carbonZ_2018-07-18-15-53-31_1_engine_failure,carbonZ_2018-07-18-15-53-31_1_engine_failure-mavros-global_position-local.csv,544.0,90.0,88.0,0.0
carbonZ_2018-07-18-15-53-31_1_engine_failure,carbonZ_2018-07-18-15-53-31_1_engine_failure-mavros-global_position-compass_hdg.csv,544.0,2.0,2.0,0.0
carbonZ_2018-07-18-15-53-31_1_engine_failure,carbonZ_2018-07-18-15-53-31_1_engine_failure-mavros-battery.csv,2692.0,16.0,16.0,0.375
carbonZ_2018-07-18-15-53-31_1_engine_failure,carbonZ_2018-07-18-15-53-31_1_engine_failure-mavros-global_position-global.csv,544.0,19.0,18.0,0.0
carbonZ_2018-07-18-15-53-31_1_engine_failure,carbonZ_2018-07-18-15-53-31_1_engine_failure-mavros-global_position-raw-fix.csv,662.0,19.0,18.0,0.0
carbonZ_2018-07-18-15-53-31_1_engine_failure,carbonZ_2018-07-18-15-53-31_1_engine_failure-mavros-global_position-raw-gps_vel.csv,662.0,10.0,9.0,0.0
carbonZ_2018-07-18-15-53-31_1_engine_failure,carbonZ_2018-07-18-15-53-31_1_engine_failure-mavros-global_position-rel_alt.csv,544.0,2.0,2.0,0.0
carbonZ_2018-07-18-15-53-31_1_engine_failure,carbonZ_2018-07-18-15-53-31_1_engine_failure-mavros-imu-atm_pressure.csv,1323.0,6.0,5.0,0.0
carbonZ_2018-07-18-15-53-31_1_engine_failure,carbonZ_2018-07-18-15-53-31_1_engine_failure-mavros-imu-data.csv,328.0,41.0,40.0,0.0
carbonZ_2018-07-18-15-53-31_1_engine_failure,carbonZ_2018-07-18-15-53-31_1_engine_failure-mavros-imu-data_raw.csv,1324.0,41.0,40.0,0.0
carbonZ_2018-07-18-15-53-31_1_engine_failure,carbonZ_2018-07-18-15-53-31_1_engine_failure-mavros-imu-mag.csv,1324.0,16.0,15.0,0.0
carbonZ_2018-07-18-15-53-31_1_engine_failure,carbonZ_2018-07-18-15-53-31_1_engine_failure-mavros-imu-temperature.csv,1323.0,6.0,5.0,0.0
carbonZ_2018-07-18-15-53-31_1_engine_failure,carbonZ_2018-07-18-15-53-31_1_engine_failure-mavros-local_position-odom.csv,544.0,90.0,88.0,0.0
carbonZ_2018-07-18-15-53-31_1_engine_failure,carbonZ_2018-07-18-15-53-31_1_engine_failure-mavros-local_position-pose.csv,544.0,11.0,10.0,0.0
carbonZ_2018-07-18-15-53-31_1_engine_failure,carbonZ_2018-07-18-15-53-31_1_engine_failure-mavros-local_position-velocity.csv,544.0,10.0,9.0,0.0
carbonZ_2018-07-18-15-53-31_1_engine_failure,carbonZ_2018-07-18-15-53-31_1_engine_failure-mavros-nav_info-airspeed.csv,2471.0,6.0,5.0,0.0
carbonZ_2018-07-18-15-53-31_1_engine_failure,carbonZ_2018-07-18-15-53-31_1_engine_failure-mavros-nav_info-errors.csv,2531.0,8.0,7.0,0.0
carbonZ_2018-07-18-15-53-31_1_engine_failure,carbonZ_2018-07-18-15-53-31_1_engine_failure-mavros-nav_info-pitch.csv,2531.0,6.0,5.0,0.0
carbonZ_2018-07-18-15-53-31_1_engine_failure,carbonZ_2018-07-18-15-53-31_1_engine_failure-mavros-nav_info-roll.csv,2531.0,6.0,5.0,0.0
carbonZ_2018-07-18-15-53-31_1_engine_failure,carbonZ_2018-07-18-15-53-31_1_engine_failure-mavros-nav_info-velocity.csv,2471.0,11.0,10.0,0.0
carbonZ_2018-07-18-15-53-31_1_engine_failure,carbonZ_2018-07-18-15-53-31_1_engine_failure-mavros-nav_info-yaw.csv,2531.0,6.0,5.0,0.0
carbonZ_2018-07-18-15-53-31_1_engine_failure,carbonZ_2018-07-18-15-53-31_1_engine_failure-mavros-rc-in.csv,388.0,21.0,21.0,0.047619
carbonZ_2018-07-18-15-53-31_1_engine_failure,carbonZ_2018-07-18-15-53-31_1_engine_failure-mavros-rc-out.csv,388.0,12.0,12.0,0.083333
carbonZ_2018-07-18-15-53-31_1_engine_failure,carbonZ_2018-07-18-15-53-31_1_engine_failure-mavros-setpoint_raw-local.csv,6604.0,17.0,17.0,0.0
carbonZ_2018-07-18-15-53-31_1_engine_failure,carbonZ_2018-07-18-15-53-31_1_engine_failure-mavros-setpoint_raw-target_global.csv,2471.0,17.0,17.0,0.058824
carbonZ_2018-07-18-15-53-31_1_engine_failure,carbonZ_2018-07-18-15-53-31_1_engine_failure-mavros-state.csv,133.0,9.0,8.0,0.111111
carbonZ_2018-07-18-15-53-31_1_engine_failure,carbonZ_2018-07-18-15-53-31_1_engine_failure-mavros-time_reference.csv,270.0,6.0,5.0,0.166667
carbonZ_2018-07-18-15-53-31_1_engine_failure,carbonZ_2018-07-18-15-53-31_1_engine_failure-mavros-vfr_hud.csv,328.0,10.0,10.0,0.1
carbonZ_2018-07-18-15-53-31_1_engine_failure,carbonZ_2018-07-18-15-53-31_1_engine_failure-mavros-wind_estimation.csv,270.0,10.0,10.0,0.1
carbonZ_2018-07-18-15-53-31_2_engine_failure,carbonZ_2018-07-18-15-53-31_2_engine_failure-diagnostics.csv,66.0,122.0,35.0,0.008197
carbonZ_2018-07-18-15-53-31_2_engine_failure,carbonZ_2018-07-18-15-53-31_2_engine_failure-mavctrl-path_dev.csv,4439.0,4.0,4.0,0.0
carbonZ_2018-07-18-15-53-31_2_engine_failure,carbonZ_2018-07-18-15-53-31_2_engine_failure-mavros-global_position-compass_hdg.csv,366.0,2.0,2.0,0.0
carbonZ_2018-07-18-15-53-31_2_engine_failure,carbonZ_2018-07-18-15-53-31_2_engine_failure-failure_status-engines.csv,77.0,2.0,2.0,0.0
carbonZ_2018-07-18-15-53-31_2_engine_failure,carbonZ_2018-07-18-15-53-31_2_engine_failure-mavros-battery.csv,1800.0,16.0,16.0,0.375
carbonZ_2018-07-18-15-53-31_2_engine_failure,carbonZ_2018-07-18-15-53-31_2_engine_failure-mavctrl-rpy.csv,4439.0,4.0,4.0,0.0
carbonZ_2018-07-18-15-53-31_2_engine_failure,carbonZ_2018-07-18-15-53-31_2_engine_failure-mavros-global_position-global.csv,366.0,19.0,18.0,0.0
carbonZ_2018-07-18-15-53-31_2_engine_failure,carbonZ_2018-07-18-15-53-31_2_engine_failure-mavros-global_position-local.csv,366.0,90.0,88.0,0.0
carbonZ_2018-07-18-15-53-31_2_engine_failure,carbonZ_2018-07-18-15-53-31_2_engine_failure-mavros-global_position-raw-fix.csv,444.0,19.0,18.0,0.0
carbonZ_2018-07-18-15-53-31_2_engine_failure,carbonZ_2018-07-18-15-53-31_2_engine_failure-mavros-global_position-raw-gps_vel.csv,444.0,10.0,9.0,0.0
carbonZ_2018-07-18-15-53-31_2_engine_failure,carbonZ_2018-07-18-15-53-31_2_engine_failure-mavros-global_position-rel_alt.csv,366.0,2.0,2.0,0.0
carbonZ_2018-07-18-15-53-31_2_engine_failure,carbonZ_2018-07-18-15-53-31_2_engine_failure-mavros-imu-atm_pressure.csv,888.0,6.0,5.0,0.0
carbonZ_2018-07-18-15-53-31_2_engine_failure,carbonZ_2018-07-18-15-53-31_2_engine_failure-mavros-imu-data.csv,226.0,41.0,40.0,0.0
carbonZ_2018-07-18-15-53-31_2_engine_failure,carbonZ_2018-07-18-15-53-31_2_engine_failure-mavros-imu-data_raw.csv,889.0,41.0,40.0,0.0
carbonZ_2018-07-18-15-53-31_2_engine_failure,carbonZ_2018-07-18-15-53-31_2_engine_failure-mavros-imu-mag.csv,889.0,16.0,15.0,0.0
carbonZ_2018-07-18-15-53-31_2_engine_failure,carbonZ_2018-07-18-15-53-31_2_engine_failure-mavros-imu-temperature.csv,888.0,6.0,5.0,0.0
carbonZ_2018-07-18-15-53-31_2_engine_failure,carbonZ_2018-07-18-15-53-31_2_engine_failure-mavros-local_position-odom.csv,366.0,90.0,88.0,0.0
carbonZ_2018-07-18-15-53-31_2_engine_failure,carbonZ_2018-07-18-15-53-31_2_engine_failure-mavros-local_position-pose.csv,366.0,11.0,10.0,0.0
carbonZ_2018-07-18-15-53-31_2_engine_failure,carbonZ_2018-07-18-15-53-31_2_engine_failure-mavros-local_position-velocity.csv,366.0,10.0,9.0,0.0
carbonZ_2018-07-18-15-53-31_2_engine_failure,carbonZ_2018-07-18-15-53-31_2_engine_failure-mavros-nav_info-airspeed.csv,1655.0,6.0,5.0,0.0
carbonZ_2018-07-18-15-53-31_2_engine_failure,carbonZ_2018-07-18-15-53-31_2_engine_failure-mavros-nav_info-errors.csv,1698.0,8.0,7.0,0.0
carbonZ_2018-07-18-15-53-31_2_engine_failure,carbonZ_2018-07-18-15-53-31_2_engine_failure-mavros-nav_info-pitch.csv,1698.0,6.0,5.0,0.0
carbonZ_2018-07-18-15-53-31_2_engine_failure,carbonZ_2018-07-18-15-53-31_2_engine_failure-mavros-nav_info-roll.csv,1698.0,6.0,5.0,0.0
carbonZ_2018-07-18-15-53-31_2_engine_failure,carbonZ_2018-07-18-15-53-31_2_engine_failure-mavros-nav_info-velocity.csv,1655.0,11.0,10.0,0.0
carbonZ_2018-07-18-15-53-31_2_engine_failure,carbonZ_2018-07-18-15-53-31_2_engine_failure-mavros-nav_info-yaw.csv,1698.0,6.0,5.0,0.0
carbonZ_2018-07-18-15-53-31_2_engine_failure,carbonZ_2018-07-18-15-53-31_2_engine_failure-mavros-rc-in.csv,265.0,21.0,21.0,0.047619
carbonZ_2018-07-18-15-53-31_2_engine_failure,carbonZ_2018-07-18-15-53-31_2_engine_failure-mavros-rc-out.csv,265.0,12.0,12.0,0.083333
carbonZ_2018-07-18-15-53-31_2_engine_failure,carbonZ_2018-07-18-15-53-31_2_engine_failure-mavros-setpoint_raw-local.csv,4439.0,17.0,17.0,0.0
carbonZ_2018-07-18-15-53-31_2_engine_failure,carbonZ_2018-07-18-15-53-31_2_engine_failure-mavros-setpoint_raw-target_global.csv,1655.0,17.0,17.0,0.058824
carbonZ_2018-07-18-15-53-31_2_engine_failure,carbonZ_2018-07-18-15-53-31_2_engine_failure-mavros-state.csv,89.0,9.0,8.0,0.111111
carbonZ_2018-07-18-15-53-31_2_engine_failure,carbonZ_2018-07-18-15-53-31_2_engine_failure-mavros-time_reference.csv,187.0,6.0,5.0,0.166667
carbonZ_2018-07-18-15-53-31_2_engine_failure,carbonZ_2018-07-18-15-53-31_2_engine_failure-mavros-wind_estimation.csv,187.0,10.0,10.0,0.1
carbonZ_2018-07-18-15-53-31_2_engine_failure,carbonZ_2018-07-18-15-53-31_2_engine_failure-mavros-vfr_hud.csv,226.0,10.0,10.0,0.1
carbonZ_2018-07-18-16-22-01_engine_failure_with_emr_traj,carbonZ_2018-07-18-16-22-01_engine_failure_with_emr_traj-mavctrl-rpy.csv,6608.0,4.0,4.0,0.0
carbonZ_2018-07-18-16-22-01_engine_failure_with_emr_traj,carbonZ_2018-07-18-16-22-01_engine_failure_with_emr_traj-mavros-battery.csv,2697.0,16.0,16.0,0.375
carbonZ_2018-07-18-16-22-01_engine_failure_with_emr_traj,carbonZ_2018-07-18-16-22-01_engine_failure_with_emr_traj-failure_status-engines.csv,80.0,2.0,2.0,0.0
carbonZ_2018-07-18-16-22-01_engine_failure_with_emr_traj,carbonZ_2018-07-18-16-22-01_engine_failure_with_emr_traj-mavctrl-path_dev.csv,6608.0,4.0,4.0,0.0
carbonZ_2018-07-18-16-22-01_engine_failure_with_emr_traj,carbonZ_2018-07-18-16-22-01_engine_failure_with_emr_traj-diagnostics.csv,97.0,122.0,35.0,0.008197
carbonZ_2018-07-18-16-22-01_engine_failure_with_emr_traj,carbonZ_2018-07-18-16-22-01_engine_failure_with_emr_traj-emergency_responder-traj_file.csv,1.0,2.0,1.0,0.0
carbonZ_2018-07-18-16-22-01_engine_failure_with_emr_traj,carbonZ_2018-07-18-16-22-01_engine_failure_with_emr_traj-mavros-global_position-compass_hdg.csv,545.0,2.0,2.0,0.0
carbonZ_2018-07-18-16-22-01_engine_failure_with_emr_traj,carbonZ_2018-07-18-16-22-01_engine_failure_with_emr_traj-mavros-global_position-global.csv,545.0,19.0,18.0,0.0
carbonZ_2018-07-18-16-22-01_engine_failure_with_emr_traj,carbonZ_2018-07-18-16-22-01_engine_failure_with_emr_traj-mavros-global_position-local.csv,545.0,90.0,88.0,0.0
carbonZ_2018-07-18-16-22-01_engine_failure_with_emr_traj,carbonZ_2018-07-18-16-22-01_engine_failure_with_emr_traj-mavros-global_position-raw-fix.csv,663.0,19.0,18.0,0.0
carbonZ_2018-07-18-16-22-01_engine_failure_with_emr_traj,carbonZ_2018-07-18-16-22-01_engine_failure_with_emr_traj-mavros-global_position-raw-gps_vel.csv,663.0,10.0,9.0,0.0
carbonZ_2018-07-18-16-22-01_engine_failure_with_emr_traj,carbonZ_2018-07-18-16-22-01_engine_failure_with_emr_traj-mavros-global_position-rel_alt.csv,545.0,2.0,2.0,0.0
carbonZ_2018-07-18-16-22-01_engine_failure_with_emr_traj,carbonZ_2018-07-18-16-22-01_engine_failure_with_emr_traj-mavros-imu-atm_pressure.csv,1325.0,6.0,5.0,0.0
carbonZ_2018-07-18-16-22-01_engine_failure_with_emr_traj,carbonZ_2018-07-18-16-22-01_engine_failure_with_emr_traj-mavros-imu-data.csv,328.0,41.0,40.0,0.0
carbonZ_2018-07-18-16-22-01_engine_failure_with_emr_traj,carbonZ_2018-07-18-16-22-01_engine_failure_with_emr_traj-mavros-imu-data_raw.csv,1325.0,41.0,40.0,0.0
carbonZ_2018-07-18-16-22-01_engine_failure_with_emr_traj,carbonZ_2018-07-18-16-22-01_engine_failure_with_emr_traj-mavros-imu-mag.csv,1325.0,16.0,15.0,0.0
carbonZ_2018-07-18-16-22-01_engine_failure_with_emr_traj,carbonZ_2018-07-18-16-22-01_engine_failure_with_emr_traj-mavros-imu-temperature.csv,1325.0,6.0,5.0,0.0
carbonZ_2018-07-18-16-22-01_engine_failure_with_emr_traj,carbonZ_2018-07-18-16-22-01_engine_failure_with_emr_traj-mavros-local_position-odom.csv,545.0,90.0,88.0,0.0
carbonZ_2018-07-18-16-22-01_engine_failure_with_emr_traj,carbonZ_2018-07-18-16-22-01_engine_failure_with_emr_traj-mavros-local_position-pose.csv,545.0,11.0,10.0,0.0
carbonZ_2018-07-18-16-22-01_engine_failure_with_emr_traj,carbonZ_2018-07-18-16-22-01_engine_failure_with_emr_traj-mavros-local_position-velocity.csv,545.0,10.0,9.0,0.0
carbonZ_2018-07-18-16-22-01_engine_failure_with_emr_traj,carbonZ_2018-07-18-16-22-01_engine_failure_with_emr_traj-mavros-nav_info-airspeed.csv,2470.0,6.0,5.0,0.0
carbonZ_2018-07-18-16-22-01_engine_failure_with_emr_traj,carbonZ_2018-07-18-16-22-01_engine_failure_with_emr_traj-mavros-nav_info-errors.csv,2531.0,8.0,7.0,0.0
carbonZ_2018-07-18-16-22-01_engine_failure_with_emr_traj,carbonZ_2018-07-18-16-22-01_engine_failure_with_emr_traj-mavros-nav_info-pitch.csv,2531.0,6.0,5.0,0.0
carbonZ_2018-07-18-16-22-01_engine_failure_with_emr_traj,carbonZ_2018-07-18-16-22-01_engine_failure_with_emr_traj-mavros-nav_info-roll.csv,2531.0,6.0,5.0,0.0
carbonZ_2018-07-18-16-22-01_engine_failure_with_emr_traj,carbonZ_2018-07-18-16-22-01_engine_failure_with_emr_traj-mavros-nav_info-velocity.csv,2470.0,11.0,10.0,0.0
carbonZ_2018-07-18-16-22-01_engine_failure_with_emr_traj,carbonZ_2018-07-18-16-22-01_engine_failure_with_emr_traj-mavros-nav_info-yaw.csv,2531.0,6.0,5.0,0.0
carbonZ_2018-07-18-16-22-01_engine_failure_with_emr_traj,carbonZ_2018-07-18-16-22-01_engine_failure_with_emr_traj-mavros-rc-in.csv,390.0,21.0,21.0,0.047619
carbonZ_2018-07-18-16-22-01_engine_failure_with_emr_traj,carbonZ_2018-07-18-16-22-01_engine_failure_with_emr_traj-mavros-rc-out.csv,390.0,12.0,12.0,0.083333
carbonZ_2018-07-18-16-22-01_engine_failure_with_emr_traj,carbonZ_2018-07-18-16-22-01_engine_failure_with_emr_traj-mavros-setpoint_raw-local.csv,6486.0,17.0,17.0,0.0
carbonZ_2018-07-18-16-22-01_engine_failure_with_emr_traj,carbonZ_2018-07-18-16-22-01_engine_failure_with_emr_traj-mavros-setpoint_raw-target_global.csv,2470.0,17.0,17.0,0.058824
carbonZ_2018-07-18-16-22-01_engine_failure_with_emr_traj,carbonZ_2018-07-18-16-22-01_engine_failure_with_emr_traj-mavros-state.csv,133.0,9.0,8.0,0.111111
carbonZ_2018-07-18-16-22-01_engine_failure_with_emr_traj,carbonZ_2018-07-18-16-22-01_engine_failure_with_emr_traj-mavros-time_reference.csv,269.0,6.0,5.0,0.166667
carbonZ_2018-07-18-16-22-01_engine_failure_with_emr_traj,carbonZ_2018-07-18-16-22-01_engine_failure_with_emr_traj-mavros-vfr_hud.csv,328.0,10.0,10.0,0.1
carbonZ_2018-07-18-16-22-01_engine_failure_with_emr_traj,carbonZ_2018-07-18-16-22-01_engine_failure_with_emr_traj-mavros-wind_estimation.csv,269.0,10.0,10.0,0.1
carbonZ_2018-07-18-16-37-39_1_no_failure,carbonZ_2018-07-18-16-37-39_1_no_failure-mavros-global_position-raw-fix.csv,152.0,19.0,18.0,0.0
carbonZ_2018-07-18-16-37-39_1_no_failure,carbonZ_2018-07-18-16-37-39_1_no_failure-mavros-battery.csv,624.0,16.0,16.0,0.375
carbonZ_2018-07-18-16-37-39_1_no_failure,carbonZ_2018-07-18-16-37-39_1_no_failure-mavros-global_position-compass_hdg.csv,126.0,2.0,2.0,0.0
carbonZ_2018-07-18-16-37-39_1_no_failure,carbonZ_2018-07-18-16-37-39_1_no_failure-diagnostics.csv,22.0,122.0,35.0,0.008197
carbonZ_2018-07-18-16-37-39_1_no_failure,carbonZ_2018-07-18-16-37-39_1_no_failure-mavros-global_position-global.csv,126.0,19.0,18.0,0.0
carbonZ_2018-07-18-16-37-39_1_no_failure,carbonZ_2018-07-18-16-37-39_1_no_failure-mavros-global_position-local.csv,126.0,90.0,88.0,0.0
carbonZ_2018-07-18-16-37-39_1_no_failure,carbonZ_2018-07-18-16-37-39_1_no_failure-mavros-global_position-raw-gps_vel.csv,152.0,10.0,9.0,0.0
carbonZ_2018-07-18-16-37-39_1_no_failure,carbonZ_2018-07-18-16-37-39_1_no_failure-mavros-global_position-rel_alt.csv,126.0,2.0,2.0,0.0
carbonZ_2018-07-18-16-37-39_1_no_failure,carbonZ_2018-07-18-16-37-39_1_no_failure-mavros-imu-atm_pressure.csv,304.0,6.0,5.0,0.0
carbonZ_2018-07-18-16-37-39_1_no_failure,carbonZ_2018-07-18-16-37-39_1_no_failure-mavros-imu-data.csv,76.0,41.0,40.0,0.0
carbonZ_2018-07-18-16-37-39_1_no_failure,carbonZ_2018-07-18-16-37-39_1_no_failure-mavros-imu-data_raw.csv,304.0,41.0,40.0,0.0
carbonZ_2018-07-18-16-37-39_1_no_failure,carbonZ_2018-07-18-16-37-39_1_no_failure-mavros-imu-mag.csv,304.0,16.0,15.0,0.0
carbonZ_2018-07-18-16-37-39_1_no_failure,carbonZ_2018-07-18-16-37-39_1_no_failure-mavros-imu-temperature.csv,304.0,6.0,5.0,0.0
carbonZ_2018-07-18-16-37-39_1_no_failure,carbonZ_2018-07-18-16-37-39_1_no_failure-mavros-local_position-odom.csv,126.0,90.0,88.0,0.0
carbonZ_2018-07-18-16-37-39_1_no_failure,carbonZ_2018-07-18-16-37-39_1_no_failure-mavros-local_position-pose.csv,126.0,11.0,10.0,0.0
carbonZ_2018-07-18-16-37-39_1_no_failure,carbonZ_2018-07-18-16-37-39_1_no_failure-mavros-local_position-velocity.csv,126.0,10.0,9.0,0.0
carbonZ_2018-07-18-16-37-39_1_no_failure,carbonZ_2018-07-18-16-37-39_1_no_failure-mavros-nav_info-airspeed.csv,575.0,6.0,5.0,0.0
carbonZ_2018-07-18-16-37-39_1_no_failure,carbonZ_2018-07-18-16-37-39_1_no_failure-mavros-nav_info-errors.csv,590.0,8.0,7.0,0.0
carbonZ_2018-07-18-16-37-39_1_no_failure,carbonZ_2018-07-18-16-37-39_1_no_failure-mavros-nav_info-pitch.csv,590.0,6.0,5.0,0.0
carbonZ_2018-07-18-16-37-39_1_no_failure,carbonZ_2018-07-18-16-37-39_1_no_failure-mavros-nav_info-roll.csv,590.0,6.0,5.0,0.0
carbonZ_2018-07-18-16-37-39_1_no_failure,carbonZ_2018-07-18-16-37-39_1_no_failure-mavros-nav_info-velocity.csv,575.0,11.0,10.0,0.0
carbonZ_2018-07-18-16-37-39_1_no_failure,carbonZ_2018-07-18-16-37-39_1_no_failure-mavros-nav_info-yaw.csv,590.0,6.0,5.0,0.0
carbonZ_2018-07-18-16-37-39_1_no_failure,carbonZ_2018-07-18-16-37-39_1_no_failure-mavros-rc-in.csv,90.0,21.0,21.0,0.047619
carbonZ_2018-07-18-16-37-39_1_no_failure,carbonZ_2018-07-18-16-37-39_1_no_failure-mavros-rc-out.csv,90.0,12.0,12.0,0.083333
carbonZ_2018-07-18-16-37-39_1_no_failure,carbonZ_2018-07-18-16-37-39_1_no_failure-mavros-setpoint_raw-target_global.csv,575.0,17.0,17.0,0.058824
carbonZ_2018-07-18-16-37-39_1_no_failure,carbonZ_2018-07-18-16-37-39_1_no_failure-mavros-state.csv,30.0,9.0,8.0,0.111111
carbonZ_2018-07-18-16-37-39_1_no_failure,carbonZ_2018-07-18-16-37-39_1_no_failure-mavros-time_reference.csv,64.0,6.0,5.0,0.166667
carbonZ_2018-07-18-16-37-39_1_no_failure,carbonZ_2018-07-18-16-37-39_1_no_failure-mavros-vfr_hud.csv,76.0,10.0,10.0,0.1
carbonZ_2018-07-18-16-37-39_1_no_failure,carbonZ_2018-07-18-16-37-39_1_no_failure-mavros-wind_estimation.csv,64.0,10.0,10.0,0.1
carbonZ_2018-07-18-16-37-39_2_engine_failure_with_emr_traj,carbonZ_2018-07-18-16-37-39_2_engine_failure_with_emr_traj-diagnostics.csv,99.0,122.0,35.0,0.008197
carbonZ_2018-07-18-16-37-39_2_engine_failure_with_emr_traj,carbonZ_2018-07-18-16-37-39_2_engine_failure_with_emr_traj-emergency_responder-traj_file.csv,1.0,2.0,1.0,0.0
carbonZ_2018-07-18-16-37-39_2_engine_failure_with_emr_traj,carbonZ_2018-07-18-16-37-39_2_engine_failure_with_emr_traj-failure_status-engines.csv,83.0,2.0,2.0,0.0
carbonZ_2018-07-18-16-37-39_2_engine_failure_with_emr_traj,carbonZ_2018-07-18-16-37-39_2_engine_failure_with_emr_traj-mavctrl-rpy.csv,6517.0,4.0,4.0,0.0
carbonZ_2018-07-18-16-37-39_2_engine_failure_with_emr_traj,carbonZ_2018-07-18-16-37-39_2_engine_failure_with_emr_traj-mavctrl-path_dev.csv,6517.0,4.0,4.0,0.0
carbonZ_2018-07-18-16-37-39_2_engine_failure_with_emr_traj,carbonZ_2018-07-18-16-37-39_2_engine_failure_with_emr_traj-mavros-battery.csv,2659.0,16.0,16.0,0.375
carbonZ_2018-07-18-16-37-39_2_engine_failure_with_emr_traj,carbonZ_2018-07-18-16-37-39_2_engine_failure_with_emr_traj-mavros-global_position-compass_hdg.csv,538.0,2.0,2.0,0.0
carbonZ_2018-07-18-16-37-39_2_engine_failure_with_emr_traj,carbonZ_2018-07-18-16-37-39_2_engine_failure_with_emr_traj-mavros-global_position-global.csv,538.0,19.0,18.0,0.0
carbonZ_2018-07-18-16-37-39_2_engine_failure_with_emr_traj,carbonZ_2018-07-18-16-37-39_2_engine_failure_with_emr_traj-mavros-global_position-local.csv,538.0,90.0,88.0,0.0
carbonZ_2018-07-18-16-37-39_2_engine_failure_with_emr_traj,carbonZ_2018-07-18-16-37-39_2_engine_failure_with_emr_traj-mavros-global_position-raw-fix.csv,652.0,19.0,18.0,0.0
carbonZ_2018-07-18-16-37-39_2_engine_failure_with_emr_traj,carbonZ_2018-07-18-16-37-39_2_engine_failure_with_emr_traj-mavros-global_position-raw-gps_vel.csv,652.0,10.0,9.0,0.0
carbonZ_2018-07-18-16-37-39_2_engine_failure_with_emr_traj,carbonZ_2018-07-18-16-37-39_2_engine_failure_with_emr_traj-mavros-global_position-rel_alt.csv,538.0,2.0,2.0,0.0
carbonZ_2018-07-18-16-37-39_2_engine_failure_with_emr_traj,carbonZ_2018-07-18-16-37-39_2_engine_failure_with_emr_traj-mavros-imu-atm_pressure.csv,1304.0,6.0,5.0,0.0
carbonZ_2018-07-18-16-37-39_2_engine_failure_with_emr_traj,carbonZ_2018-07-18-16-37-39_2_engine_failure_with_emr_traj-mavros-imu-data.csv,318.0,41.0,40.0,0.0
carbonZ_2018-07-18-16-37-39_2_engine_failure_with_emr_traj,carbonZ_2018-07-18-16-37-39_2_engine_failure_with_emr_traj-mavros-imu-data_raw.csv,1304.0,41.0,40.0,0.0
carbonZ_2018-07-18-16-37-39_2_engine_failure_with_emr_traj,carbonZ_2018-07-18-16-37-39_2_engine_failure_with_emr_traj-mavros-imu-mag.csv,1304.0,16.0,15.0,0.0
carbonZ_2018-07-18-16-37-39_2_engine_failure_with_emr_traj,carbonZ_2018-07-18-16-37-39_2_engine_failure_with_emr_traj-mavros-imu-temperature.csv,1304.0,6.0,5.0,0.0
carbonZ_2018-07-18-16-37-39_2_engine_failure_with_emr_traj,carbonZ_2018-07-18-16-37-39_2_engine_failure_with_emr_traj-mavros-local_position-odom.csv,538.0,90.0,88.0,0.0
carbonZ_2018-07-18-16-37-39_2_engine_failure_with_emr_traj,carbonZ_2018-07-18-16-37-39_2_engine_failure_with_emr_traj-mavros-local_position-pose.csv,538.0,11.0,10.0,0.0
carbonZ_2018-07-18-16-37-39_2_engine_failure_with_emr_traj,carbonZ_2018-07-18-16-37-39_2_engine_failure_with_emr_traj-mavros-local_position-velocity.csv,538.0,10.0,9.0,0.0
carbonZ_2018-07-18-16-37-39_2_engine_failure_with_emr_traj,carbonZ_2018-07-18-16-37-39_2_engine_failure_with_emr_traj-mavros-nav_info-airspeed.csv,2437.0,6.0,5.0,0.0
carbonZ_2018-07-18-16-37-39_2_engine_failure_with_emr_traj,carbonZ_2018-07-18-16-37-39_2_engine_failure_with_emr_traj-mavros-nav_info-errors.csv,2504.0,8.0,7.0,0.0
carbonZ_2018-07-18-16-37-39_2_engine_failure_with_emr_traj,carbonZ_2018-07-18-16-37-39_2_engine_failure_with_emr_traj-mavros-nav_info-pitch.csv,2504.0,6.0,5.0,0.0
carbonZ_2018-07-18-16-37-39_2_engine_failure_with_emr_traj,carbonZ_2018-07-18-16-37-39_2_engine_failure_with_emr_traj-mavros-nav_info-roll.csv,2504.0,6.0,5.0,0.0
carbonZ_2018-07-18-16-37-39_2_engine_failure_with_emr_traj,carbonZ_2018-07-18-16-37-39_2_engine_failure_with_emr_traj-mavros-nav_info-velocity.csv,2437.0,11.0,10.0,0.0
carbonZ_2018-07-18-16-37-39_2_engine_failure_with_emr_traj,carbonZ_2018-07-18-16-37-39_2_engine_failure_with_emr_traj-mavros-nav_info-yaw.csv,2504.0,6.0,5.0,0.0
carbonZ_2018-07-18-16-37-39_2_engine_failure_with_emr_traj,carbonZ_2018-07-18-16-37-39_2_engine_failure_with_emr_traj-mavros-rc-in.csv,379.0,21.0,21.0,0.047619
carbonZ_2018-07-18-16-37-39_2_engine_failure_with_emr_traj,carbonZ_2018-07-18-16-37-39_2_engine_failure_with_emr_traj-mavros-rc-out.csv,379.0,12.0,12.0,0.083333
carbonZ_2018-07-18-16-37-39_2_engine_failure_with_emr_traj,carbonZ_2018-07-18-16-37-39_2_engine_failure_with_emr_traj-mavros-setpoint_raw-local.csv,6517.0,17.0,17.0,0.0
carbonZ_2018-07-18-16-37-39_2_engine_failure_with_emr_traj,carbonZ_2018-07-18-16-37-39_2_engine_failure_with_emr_traj-mavros-setpoint_raw-target_global.csv,2437.0,17.0,17.0,0.058824
carbonZ_2018-07-18-16-37-39_2_engine_failure_with_emr_traj,carbonZ_2018-07-18-16-37-39_2_engine_failure_with_emr_traj-mavros-state.csv,130.0,9.0,8.0,0.111111
carbonZ_2018-07-18-16-37-39_2_engine_failure_with_emr_traj,carbonZ_2018-07-18-16-37-39_2_engine_failure_with_emr_traj-mavros-time_reference.csv,263.0,6.0,5.0,0.166667
carbonZ_2018-07-18-16-37-39_2_engine_failure_with_emr_traj,carbonZ_2018-07-18-16-37-39_2_engine_failure_with_emr_traj-mavros-vfr_hud.csv,318.0,10.0,10.0,0.1
carbonZ_2018-07-18-16-37-39_2_engine_failure_with_emr_traj,carbonZ_2018-07-18-16-37-39_2_engine_failure_with_emr_traj-mavros-wind_estimation.csv,263.0,10.0,10.0,0.1
carbonZ_2018-07-30-16-29-45_engine_failure_with_emr_traj,carbonZ_2018-07-30-16-29-45_engine_failure_with_emr_traj-mavctrl-path_dev.csv,7116.0,4.0,4.0,0.0
carbonZ_2018-07-30-16-29-45_engine_failure_with_emr_traj,carbonZ_2018-07-30-16-29-45_engine_failure_with_emr_traj-diagnostics.csv,108.0,122.0,35.0,0.008197
carbonZ_2018-07-30-16-29-45_engine_failure_with_emr_traj,carbonZ_2018-07-30-16-29-45_engine_failure_with_emr_traj-mavros-battery.csv,2890.0,16.0,16.0,0.375
carbonZ_2018-07-30-16-29-45_engine_failure_with_emr_traj,carbonZ_2018-07-30-16-29-45_engine_failure_with_emr_traj-mavctrl-rpy.csv,7116.0,4.0,4.0,0.0
carbonZ_2018-07-30-16-29-45_engine_failure_with_emr_traj,carbonZ_2018-07-30-16-29-45_engine_failure_with_emr_traj-emergency_responder-traj_file.csv,1.0,2.0,1.0,0.0
carbonZ_2018-07-30-16-29-45_engine_failure_with_emr_traj,carbonZ_2018-07-30-16-29-45_engine_failure_with_emr_traj-failure_status-engines.csv,96.0,2.0,2.0,0.0
carbonZ_2018-07-30-16-29-45_engine_failure_with_emr_traj,carbonZ_2018-07-30-16-29-45_engine_failure_with_emr_traj-mavros-global_position-compass_hdg.csv,588.0,2.0,2.0,0.0
carbonZ_2018-07-30-16-29-45_engine_failure_with_emr_traj,carbonZ_2018-07-30-16-29-45_engine_failure_with_emr_traj-mavros-global_position-global.csv,588.0,19.0,18.0,0.0
carbonZ_2018-07-30-16-29-45_engine_failure_with_emr_traj,carbonZ_2018-07-30-16-29-45_engine_failure_with_emr_traj-mavros-global_position-local.csv,588.0,90.0,88.0,0.0
carbonZ_2018-07-30-16-29-45_engine_failure_with_emr_traj,carbonZ_2018-07-30-16-29-45_engine_failure_with_emr_traj-mavros-global_position-raw-fix.csv,712.0,19.0,18.0,0.0
carbonZ_2018-07-30-16-29-45_engine_failure_with_emr_traj,carbonZ_2018-07-30-16-29-45_engine_failure_with_emr_traj-mavros-global_position-raw-gps_vel.csv,712.0,10.0,9.0,0.0
carbonZ_2018-07-30-16-29-45_engine_failure_with_emr_traj,carbonZ_2018-07-30-16-29-45_engine_failure_with_emr_traj-mavros-global_position-rel_alt.csv,588.0,2.0,2.0,0.0
carbonZ_2018-07-30-16-29-45_engine_failure_with_emr_traj,carbonZ_2018-07-30-16-29-45_engine_failure_with_emr_traj-mavros-imu-atm_pressure.csv,1422.0,6.0,5.0,0.0
carbonZ_2018-07-30-16-29-45_engine_failure_with_emr_traj,carbonZ_2018-07-30-16-29-45_engine_failure_with_emr_traj-mavros-imu-data.csv,360.0,41.0,40.0,0.0
carbonZ_2018-07-30-16-29-45_engine_failure_with_emr_traj,carbonZ_2018-07-30-16-29-45_engine_failure_with_emr_traj-mavros-imu-data_raw.csv,1422.0,41.0,40.0,0.0
carbonZ_2018-07-30-16-29-45_engine_failure_with_emr_traj,carbonZ_2018-07-30-16-29-45_engine_failure_with_emr_traj-mavros-imu-mag.csv,1422.0,16.0,15.0,0.0
carbonZ_2018-07-30-16-29-45_engine_failure_with_emr_traj,carbonZ_2018-07-30-16-29-45_engine_failure_with_emr_traj-mavros-imu-temperature.csv,1422.0,6.0,5.0,0.0
carbonZ_2018-07-30-16-29-45_engine_failure_with_emr_traj,carbonZ_2018-07-30-16-29-45_engine_failure_with_emr_traj-mavros-local_position-odom.csv,588.0,90.0,88.0,0.0
carbonZ_2018-07-30-16-29-45_engine_failure_with_emr_traj,carbonZ_2018-07-30-16-29-45_engine_failure_with_emr_traj-mavros-local_position-pose.csv,588.0,11.0,10.0,0.0
carbonZ_2018-07-30-16-29-45_engine_failure_with_emr_traj,carbonZ_2018-07-30-16-29-45_engine_failure_with_emr_traj-mavros-local_position-velocity.csv,588.0,10.0,9.0,0.0
carbonZ_2018-07-30-16-29-45_engine_failure_with_emr_traj,carbonZ_2018-07-30-16-29-45_engine_failure_with_emr_traj-mavros-nav_info-airspeed.csv,2595.0,6.0,5.0,0.0
carbonZ_2018-07-30-16-29-45_engine_failure_with_emr_traj,carbonZ_2018-07-30-16-29-45_engine_failure_with_emr_traj-mavros-nav_info-errors.csv,2668.0,8.0,7.0,0.0
carbonZ_2018-07-30-16-29-45_engine_failure_with_emr_traj,carbonZ_2018-07-30-16-29-45_engine_failure_with_emr_traj-mavros-nav_info-pitch.csv,2668.0,6.0,5.0,0.0
carbonZ_2018-07-30-16-29-45_engine_failure_with_emr_traj,carbonZ_2018-07-30-16-29-45_engine_failure_with_emr_traj-mavros-nav_info-roll.csv,2668.0,6.0,5.0,0.0
carbonZ_2018-07-30-16-29-45_engine_failure_with_emr_traj,carbonZ_2018-07-30-16-29-45_engine_failure_with_emr_traj-mavros-nav_info-velocity.csv,2595.0,11.0,10.0,0.0
carbonZ_2018-07-30-16-29-45_engine_failure_with_emr_traj,carbonZ_2018-07-30-16-29-45_engine_failure_with_emr_traj-mavros-nav_info-yaw.csv,2668.0,6.0,5.0,0.0
carbonZ_2018-07-30-16-29-45_engine_failure_with_emr_traj,carbonZ_2018-07-30-16-29-45_engine_failure_with_emr_traj-mavros-rc-in.csv,425.0,21.0,21.0,0.047619
carbonZ_2018-07-30-16-29-45_engine_failure_with_emr_traj,carbonZ_2018-07-30-16-29-45_engine_failure_with_emr_traj-mavros-rc-out.csv,425.0,12.0,12.0,0.083333
carbonZ_2018-07-30-16-29-45_engine_failure_with_emr_traj,carbonZ_2018-07-30-16-29-45_engine_failure_with_emr_traj-mavros-setpoint_raw-local.csv,7095.0,17.0,17.0,0.0
carbonZ_2018-07-30-16-29-45_engine_failure_with_emr_traj,carbonZ_2018-07-30-16-29-45_engine_failure_with_emr_traj-mavros-setpoint_raw-target_global.csv,2595.0,17.0,17.0,0.058824
carbonZ_2018-07-30-16-29-45_engine_failure_with_emr_traj,carbonZ_2018-07-30-16-29-45_engine_failure_with_emr_traj-mavros-state.csv,142.0,9.0,8.0,0.111111
carbonZ_2018-07-30-16-29-45_engine_failure_with_emr_traj,carbonZ_2018-07-30-16-29-45_engine_failure_with_emr_traj-mavros-time_reference.csv,297.0,6.0,5.0,0.166667
carbonZ_2018-07-30-16-29-45_engine_failure_with_emr_traj,carbonZ_2018-07-30-16-29-45_engine_failure_with_emr_traj-mavros-vfr_hud.csv,360.0,10.0,10.0,0.1
carbonZ_2018-07-30-16-29-45_engine_failure_with_emr_traj,carbonZ_2018-07-30-16-29-45_engine_failure_with_emr_traj-mavros-wind_estimation.csv,297.0,10.0,10.0,0.1
carbonZ_2018-07-30-16-39-00_1_engine_failure,carbonZ_2018-07-30-16-39-00_1_engine_failure-failure_status-engines.csv,75.0,2.0,2.0,0.0
carbonZ_2018-07-30-16-39-00_1_engine_failure,carbonZ_2018-07-30-16-39-00_1_engine_failure-diagnostics.csv,102.0,122.0,32.0,0.008679
carbonZ_2018-07-30-16-39-00_1_engine_failure,carbonZ_2018-07-30-16-39-00_1_engine_failure-mavctrl-path_dev.csv,6580.0,4.0,4.0,0.0
carbonZ_2018-07-30-16-39-00_1_engine_failure,carbonZ_2018-07-30-16-39-00_1_engine_failure-mavctrl-rpy.csv,6580.0,4.0,4.0,0.0
carbonZ_2018-07-30-16-39-00_1_engine_failure,carbonZ_2018-07-30-16-39-00_1_engine_failure-mavros-battery.csv,2688.0,16.0,16.0,0.375
carbonZ_2018-07-30-16-39-00_1_engine_failure,carbonZ_2018-07-30-16-39-00_1_engine_failure-mavros-global_position-compass_hdg.csv,541.0,2.0,2.0,0.0
carbonZ_2018-07-30-16-39-00_1_engine_failure,carbonZ_2018-07-30-16-39-00_1_engine_failure-mavros-global_position-global.csv,541.0,19.0,18.0,0.0
carbonZ_2018-07-30-16-39-00_1_engine_failure,carbonZ_2018-07-30-16-39-00_1_engine_failure-mavros-global_position-local.csv,541.0,90.0,88.0,0.0
carbonZ_2018-07-30-16-39-00_1_engine_failure,carbonZ_2018-07-30-16-39-00_1_engine_failure-mavros-global_position-raw-fix.csv,658.0,19.0,18.0,0.0
carbonZ_2018-07-30-16-39-00_1_engine_failure,carbonZ_2018-07-30-16-39-00_1_engine_failure-mavros-global_position-raw-gps_vel.csv,658.0,10.0,9.0,0.0
carbonZ_2018-07-30-16-39-00_1_engine_failure,carbonZ_2018-07-30-16-39-00_1_engine_failure-mavros-global_position-rel_alt.csv,541.0,2.0,2.0,0.0
carbonZ_2018-07-30-16-39-00_1_engine_failure,carbonZ_2018-07-30-16-39-00_1_engine_failure-mavros-imu-atm_pressure.csv,1316.0,6.0,5.0,0.0
carbonZ_2018-07-30-16-39-00_1_engine_failure,carbonZ_2018-07-30-16-39-00_1_engine_failure-mavros-imu-data.csv,332.0,41.0,40.0,0.0
carbonZ_2018-07-30-16-39-00_1_engine_failure,carbonZ_2018-07-30-16-39-00_1_engine_failure-mavros-imu-data_raw.csv,1316.0,41.0,40.0,0.0
carbonZ_2018-07-30-16-39-00_1_engine_failure,carbonZ_2018-07-30-16-39-00_1_engine_failure-mavros-imu-mag.csv,1316.0,16.0,15.0,0.0
carbonZ_2018-07-30-16-39-00_1_engine_failure,carbonZ_2018-07-30-16-39-00_1_engine_failure-mavros-imu-temperature.csv,1316.0,6.0,5.0,0.0
carbonZ_2018-07-30-16-39-00_1_engine_failure,carbonZ_2018-07-30-16-39-00_1_engine_failure-mavros-local_position-odom.csv,541.0,90.0,88.0,0.0
carbonZ_2018-07-30-16-39-00_1_engine_failure,carbonZ_2018-07-30-16-39-00_1_engine_failure-mavros-local_position-pose.csv,541.0,11.0,10.0,0.0
carbonZ_2018-07-30-16-39-00_1_engine_failure,carbonZ_2018-07-30-16-39-00_1_engine_failure-mavros-local_position-velocity.csv,541.0,10.0,9.0,0.0
carbonZ_2018-07-30-16-39-00_1_engine_failure,carbonZ_2018-07-30-16-39-00_1_engine_failure-mavros-nav_info-airspeed.csv,2476.0,6.0,5.0,0.0
carbonZ_2018-07-30-16-39-00_1_engine_failure,carbonZ_2018-07-30-16-39-00_1_engine_failure-mavros-nav_info-errors.csv,2532.0,8.0,7.0,0.0
carbonZ_2018-07-30-16-39-00_1_engine_failure,carbonZ_2018-07-30-16-39-00_1_engine_failure-mavros-nav_info-pitch.csv,2532.0,6.0,5.0,0.0
carbonZ_2018-07-30-16-39-00_1_engine_failure,carbonZ_2018-07-30-16-39-00_1_engine_failure-mavros-nav_info-roll.csv,2532.0,6.0,5.0,0.0
carbonZ_2018-07-30-16-39-00_1_engine_failure,carbonZ_2018-07-30-16-39-00_1_engine_failure-mavros-nav_info-velocity.csv,2476.0,11.0,10.0,0.0
carbonZ_2018-07-30-16-39-00_1_engine_failure,carbonZ_2018-07-30-16-39-00_1_engine_failure-mavros-nav_info-yaw.csv,2532.0,6.0,5.0,0.0
carbonZ_2018-07-30-16-39-00_1_engine_failure,carbonZ_2018-07-30-16-39-00_1_engine_failure-mavros-rc-in.csv,392.0,21.0,21.0,0.047619
carbonZ_2018-07-30-16-39-00_1_engine_failure,carbonZ_2018-07-30-16-39-00_1_engine_failure-mavros-rc-out.csv,392.0,12.0,12.0,0.083333
carbonZ_2018-07-30-16-39-00_1_engine_failure,carbonZ_2018-07-30-16-39-00_1_engine_failure-mavros-setpoint_raw-local.csv,6574.0,17.0,17.0,0.0
carbonZ_2018-07-30-16-39-00_1_engine_failure,carbonZ_2018-07-30-16-39-00_1_engine_failure-mavros-setpoint_raw-target_global.csv,2476.0,17.0,17.0,0.058824
carbonZ_2018-07-30-16-39-00_1_engine_failure,carbonZ_2018-07-30-16-39-00_1_engine_failure-mavros-state.csv,131.0,9.0,8.0,0.111111
carbonZ_2018-07-30-16-39-00_1_engine_failure,carbonZ_2018-07-30-16-39-00_1_engine_failure-mavros-time_reference.csv,276.0,6.0,5.0,0.166667
carbonZ_2018-07-30-16-39-00_1_engine_failure,carbonZ_2018-07-30-16-39-00_1_engine_failure-mavros-vfr_hud.csv,332.0,10.0,10.0,0.1
carbonZ_2018-07-30-16-39-00_1_engine_failure,carbonZ_2018-07-30-16-39-00_1_engine_failure-mavros-wind_estimation.csv,276.0,10.0,10.0,0.1
carbonZ_2018-07-30-16-39-00_2_engine_failure,carbonZ_2018-07-30-16-39-00_2_engine_failure-mavros-global_position-compass_hdg.csv,437.0,2.0,2.0,0.0
carbonZ_2018-07-30-16-39-00_2_engine_failure,carbonZ_2018-07-30-16-39-00_2_engine_failure-mavctrl-path_dev.csv,5312.0,4.0,4.0,0.0
carbonZ_2018-07-30-16-39-00_2_engine_failure,carbonZ_2018-07-30-16-39-00_2_engine_failure-mavros-battery.csv,2154.0,16.0,16.0,0.375
carbonZ_2018-07-30-16-39-00_2_engine_failure,carbonZ_2018-07-30-16-39-00_2_engine_failure-mavctrl-rpy.csv,5312.0,4.0,4.0,0.0
carbonZ_2018-07-30-16-39-00_2_engine_failure,carbonZ_2018-07-30-16-39-00_2_engine_failure-failure_status-engines.csv,74.0,2.0,2.0,0.0
carbonZ_2018-07-30-16-39-00_2_engine_failure,carbonZ_2018-07-30-16-39-00_2_engine_failure-diagnostics.csv,80.0,122.0,35.0,0.008197
carbonZ_2018-07-30-16-39-00_2_engine_failure,carbonZ_2018-07-30-16-39-00_2_engine_failure-mavros-global_position-global.csv,437.0,19.0,18.0,0.0
carbonZ_2018-07-30-16-39-00_2_engine_failure,carbonZ_2018-07-30-16-39-00_2_engine_failure-mavros-global_position-local.csv,437.0,90.0,88.0,0.0
carbonZ_2018-07-30-16-39-00_2_engine_failure,carbonZ_2018-07-30-16-39-00_2_engine_failure-mavros-global_position-raw-fix.csv,531.0,19.0,18.0,0.0
carbonZ_2018-07-30-16-39-00_2_engine_failure,carbonZ_2018-07-30-16-39-00_2_engine_failure-mavros-global_position-raw-gps_vel.csv,531.0,10.0,9.0,0.0
carbonZ_2018-07-30-16-39-00_2_engine_failure,carbonZ_2018-07-30-16-39-00_2_engine_failure-mavros-global_position-rel_alt.csv,437.0,2.0,2.0,0.0
carbonZ_2018-07-30-16-39-00_2_engine_failure,carbonZ_2018-07-30-16-39-00_2_engine_failure-mavros-imu-atm_pressure.csv,1064.0,6.0,5.0,0.0
carbonZ_2018-07-30-16-39-00_2_engine_failure,carbonZ_2018-07-30-16-39-00_2_engine_failure-mavros-imu-data.csv,272.0,41.0,40.0,0.0
carbonZ_2018-07-30-16-39-00_2_engine_failure,carbonZ_2018-07-30-16-39-00_2_engine_failure-mavros-imu-data_raw.csv,1063.0,41.0,40.0,0.0
carbonZ_2018-07-30-16-39-00_2_engine_failure,carbonZ_2018-07-30-16-39-00_2_engine_failure-mavros-imu-mag.csv,1063.0,16.0,15.0,0.0
carbonZ_2018-07-30-16-39-00_2_engine_failure,carbonZ_2018-07-30-16-39-00_2_engine_failure-mavros-imu-temperature.csv,1064.0,6.0,5.0,0.0
carbonZ_2018-07-30-16-39-00_2_engine_failure,carbonZ_2018-07-30-16-39-00_2_engine_failure-mavros-local_position-odom.csv,437.0,90.0,88.0,0.0
carbonZ_2018-07-30-16-39-00_2_engine_failure,carbonZ_2018-07-30-16-39-00_2_engine_failure-mavros-local_position-pose.csv,437.0,11.0,10.0,0.0
carbonZ_2018-07-30-16-39-00_2_engine_failure,carbonZ_2018-07-30-16-39-00_2_engine_failure-mavros-local_position-velocity.csv,437.0,10.0,9.0,0.0
carbonZ_2018-07-30-16-39-00_2_engine_failure,carbonZ_2018-07-30-16-39-00_2_engine_failure-mavros-nav_info-airspeed.csv,1986.0,6.0,5.0,0.0
carbonZ_2018-07-30-16-39-00_2_engine_failure,carbonZ_2018-07-30-16-39-00_2_engine_failure-mavros-nav_info-errors.csv,2035.0,8.0,7.0,0.0
carbonZ_2018-07-30-16-39-00_2_engine_failure,carbonZ_2018-07-30-16-39-00_2_engine_failure-mavros-nav_info-pitch.csv,2035.0,6.0,5.0,0.0
carbonZ_2018-07-30-16-39-00_2_engine_failure,carbonZ_2018-07-30-16-39-00_2_engine_failure-mavros-nav_info-roll.csv,2035.0,6.0,5.0,0.0
carbonZ_2018-07-30-16-39-00_2_engine_failure,carbonZ_2018-07-30-16-39-00_2_engine_failure-mavros-nav_info-velocity.csv,1986.0,11.0,10.0,0.0
carbonZ_2018-07-30-16-39-00_2_engine_failure,carbonZ_2018-07-30-16-39-00_2_engine_failure-mavros-nav_info-yaw.csv,2035.0,6.0,5.0,0.0
carbonZ_2018-07-30-16-39-00_2_engine_failure,carbonZ_2018-07-30-16-39-00_2_engine_failure-mavros-rc-in.csv,319.0,21.0,21.0,0.047619
carbonZ_2018-07-30-16-39-00_2_engine_failure,carbonZ_2018-07-30-16-39-00_2_engine_failure-mavros-rc-out.csv,319.0,12.0,12.0,0.083333
carbonZ_2018-07-30-16-39-00_2_engine_failure,carbonZ_2018-07-30-16-39-00_2_engine_failure-mavros-setpoint_raw-local.csv,5299.0,17.0,17.0,0.0
carbonZ_2018-07-30-16-39-00_2_engine_failure,carbonZ_2018-07-30-16-39-00_2_engine_failure-mavros-setpoint_raw-target_global.csv,1986.0,17.0,17.0,0.058824
carbonZ_2018-07-30-16-39-00_2_engine_failure,carbonZ_2018-07-30-16-39-00_2_engine_failure-mavros-state.csv,106.0,9.0,8.0,0.111111
carbonZ_2018-07-30-16-39-00_2_engine_failure,carbonZ_2018-07-30-16-39-00_2_engine_failure-mavros-time_reference.csv,227.0,6.0,5.0,0.166667
carbonZ_2018-07-30-16-39-00_2_engine_failure,carbonZ_2018-07-30-16-39-00_2_engine_failure-mavros-vfr_hud.csv,272.0,10.0,10.0,0.1
carbonZ_2018-07-30-16-39-00_2_engine_failure,carbonZ_2018-07-30-16-39-00_2_engine_failure-mavros-wind_estimation.csv,227.0,10.0,10.0,0.1
carbonZ_2018-07-30-16-39-00_3_no_failure,carbonZ_2018-07-30-16-39-00_3_no_failure-diagnostics.csv,61.0,122.0,35.0,0.008197
carbonZ_2018-07-30-16-39-00_3_no_failure,carbonZ_2018-07-30-16-39-00_3_no_failure-mavros-battery.csv,1601.0,16.0,16.0,0.375
carbonZ_2018-07-30-16-39-00_3_no_failure,carbonZ_2018-07-30-16-39-00_3_no_failure-mavros-global_position-global.csv,324.0,19.0,18.0,0.0
carbonZ_2018-07-30-16-39-00_3_no_failure,carbonZ_2018-07-30-16-39-00_3_no_failure-mavctrl-path_dev.csv,3956.0,4.0,4.0,0.0
carbonZ_2018-07-30-16-39-00_3_no_failure,carbonZ_2018-07-30-16-39-00_3_no_failure-mavctrl-rpy.csv,3956.0,4.0,4.0,0.0
carbonZ_2018-07-30-16-39-00_3_no_failure,carbonZ_2018-07-30-16-39-00_3_no_failure-mavros-global_position-compass_hdg.csv,324.0,2.0,2.0,0.0
carbonZ_2018-07-30-16-39-00_3_no_failure,carbonZ_2018-07-30-16-39-00_3_no_failure-mavros-global_position-local.csv,324.0,90.0,88.0,0.0
carbonZ_2018-07-30-16-39-00_3_no_failure,carbonZ_2018-07-30-16-39-00_3_no_failure-mavros-global_position-raw-fix.csv,396.0,19.0,18.0,0.0
carbonZ_2018-07-30-16-39-00_3_no_failure,carbonZ_2018-07-30-16-39-00_3_no_failure-mavros-global_position-raw-gps_vel.csv,396.0,10.0,9.0,0.0
carbonZ_2018-07-30-16-39-00_3_no_failure,carbonZ_2018-07-30-16-39-00_3_no_failure-mavros-global_position-rel_alt.csv,324.0,2.0,2.0,0.0
carbonZ_2018-07-30-16-39-00_3_no_failure,carbonZ_2018-07-30-16-39-00_3_no_failure-mavros-imu-atm_pressure.csv,791.0,6.0,5.0,0.0
carbonZ_2018-07-30-16-39-00_3_no_failure,carbonZ_2018-07-30-16-39-00_3_no_failure-mavros-imu-data.csv,200.0,41.0,40.0,0.0
carbonZ_2018-07-30-16-39-00_3_no_failure,carbonZ_2018-07-30-16-39-00_3_no_failure-mavros-imu-data_raw.csv,792.0,41.0,40.0,0.0
carbonZ_2018-07-30-16-39-00_3_no_failure,carbonZ_2018-07-30-16-39-00_3_no_failure-mavros-imu-mag.csv,792.0,16.0,15.0,0.0
carbonZ_2018-07-30-16-39-00_3_no_failure,carbonZ_2018-07-30-16-39-00_3_no_failure-mavros-imu-temperature.csv,791.0,6.0,5.0,0.0
carbonZ_2018-07-30-16-39-00_3_no_failure,carbonZ_2018-07-30-16-39-00_3_no_failure-mavros-local_position-odom.csv,324.0,90.0,88.0,0.0
carbonZ_2018-07-30-16-39-00_3_no_failure,carbonZ_2018-07-30-16-39-00_3_no_failure-mavros-local_position-pose.csv,324.0,11.0,10.0,0.0
carbonZ_2018-07-30-16-39-00_3_no_failure,carbonZ_2018-07-30-16-39-00_3_no_failure-mavros-local_position-velocity.csv,324.0,10.0,9.0,0.0
carbonZ_2018-07-30-16-39-00_3_no_failure,carbonZ_2018-07-30-16-39-00_3_no_failure-mavros-nav_info-airspeed.csv,1465.0,6.0,5.0,0.0
carbonZ_2018-07-30-16-39-00_3_no_failure,carbonZ_2018-07-30-16-39-00_3_no_failure-mavros-nav_info-errors.csv,1508.0,8.0,7.0,0.0
carbonZ_2018-07-30-16-39-00_3_no_failure,carbonZ_2018-07-30-16-39-00_3_no_failure-mavros-nav_info-pitch.csv,1508.0,6.0,5.0,0.0
carbonZ_2018-07-30-16-39-00_3_no_failure,carbonZ_2018-07-30-16-39-00_3_no_failure-mavros-nav_info-roll.csv,1508.0,6.0,5.0,0.0
carbonZ_2018-07-30-16-39-00_3_no_failure,carbonZ_2018-07-30-16-39-00_3_no_failure-mavros-nav_info-velocity.csv,1465.0,11.0,10.0,0.0
carbonZ_2018-07-30-16-39-00_3_no_failure,carbonZ_2018-07-30-16-39-00_3_no_failure-mavros-rc-in.csv,236.0,21.0,21.0,0.047619
carbonZ_2018-07-30-16-39-00_3_no_failure,carbonZ_2018-07-30-16-39-00_3_no_failure-mavros-rc-out.csv,236.0,12.0,12.0,0.083333
carbonZ_2018-07-30-16-39-00_3_no_failure,carbonZ_2018-07-30-16-39-00_3_no_failure-mavros-setpoint_raw-local.csv,3948.0,17.0,17.0,0.0
carbonZ_2018-07-30-16-39-00_3_no_failure,carbonZ_2018-07-30-16-39-00_3_no_failure-mavros-nav_info-yaw.csv,1508.0,6.0,5.0,0.0
carbonZ_2018-07-30-16-39-00_3_no_failure,carbonZ_2018-07-30-16-39-00_3_no_failure-mavros-setpoint_raw-target_global.csv,1465.0,17.0,17.0,0.058824
carbonZ_2018-07-30-16-39-00_3_no_failure,carbonZ_2018-07-30-16-39-00_3_no_failure-mavros-state.csv,79.0,9.0,8.0,0.111111
carbonZ_2018-07-30-16-39-00_3_no_failure,carbonZ_2018-07-30-16-39-00_3_no_failure-mavros-time_reference.csv,168.0,6.0,5.0,0.166667
carbonZ_2018-07-30-16-39-00_3_no_failure,carbonZ_2018-07-30-16-39-00_3_no_failure-mavros-vfr_hud.csv,200.0,10.0,10.0,0.1
carbonZ_2018-07-30-16-39-00_3_no_failure,carbonZ_2018-07-30-16-39-00_3_no_failure-mavros-wind_estimation.csv,168.0,10.0,10.0,0.1
carbonZ_2018-07-30-17-10-45_engine_failure_with_emr_traj,carbonZ_2018-07-30-17-10-45_engine_failure_with_emr_traj-diagnostics.csv,102.0,122.0,35.0,0.008197
carbonZ_2018-07-30-17-10-45_engine_failure_with_emr_traj,carbonZ_2018-07-30-17-10-45_engine_failure_with_emr_traj-failure_status-engines.csv,80.0,2.0,2.0,0.0
carbonZ_2018-07-30-17-10-45_engine_failure_with_emr_traj,carbonZ_2018-07-30-17-10-45_engine_failure_with_emr_traj-emergency_responder-traj_file.csv,1.0,2.0,1.0,0.0
carbonZ_2018-07-30-17-10-45_engine_failure_with_emr_traj,carbonZ_2018-07-30-17-10-45_engine_failure_with_emr_traj-mavctrl-path_dev.csv,6657.0,4.0,4.0,0.0
carbonZ_2018-07-30-17-10-45_engine_failure_with_emr_traj,carbonZ_2018-07-30-17-10-45_engine_failure_with_emr_traj-mavctrl-rpy.csv,6657.0,4.0,4.0,0.0
carbonZ_2018-07-30-17-10-45_engine_failure_with_emr_traj,carbonZ_2018-07-30-17-10-45_engine_failure_with_emr_traj-mavros-battery.csv,2686.0,16.0,16.0,0.375
carbonZ_2018-07-30-17-10-45_engine_failure_with_emr_traj,carbonZ_2018-07-30-17-10-45_engine_failure_with_emr_traj-mavros-global_position-compass_hdg.csv,542.0,2.0,2.0,0.0
carbonZ_2018-07-30-17-10-45_engine_failure_with_emr_traj,carbonZ_2018-07-30-17-10-45_engine_failure_with_emr_traj-mavros-global_position-global.csv,542.0,19.0,18.0,0.0
carbonZ_2018-07-30-17-10-45_engine_failure_with_emr_traj,carbonZ_2018-07-30-17-10-45_engine_failure_with_emr_traj-mavros-global_position-local.csv,542.0,90.0,88.0,0.0
carbonZ_2018-07-30-17-10-45_engine_failure_with_emr_traj,carbonZ_2018-07-30-17-10-45_engine_failure_with_emr_traj-mavros-global_position-raw-fix.csv,666.0,19.0,18.0,0.0
carbonZ_2018-07-30-17-10-45_engine_failure_with_emr_traj,carbonZ_2018-07-30-17-10-45_engine_failure_with_emr_traj-mavros-global_position-raw-gps_vel.csv,666.0,10.0,9.0,0.0
carbonZ_2018-07-30-17-10-45_engine_failure_with_emr_traj,carbonZ_2018-07-30-17-10-45_engine_failure_with_emr_traj-mavros-global_position-rel_alt.csv,542.0,2.0,2.0,0.0
carbonZ_2018-07-30-17-10-45_engine_failure_with_emr_traj,carbonZ_2018-07-30-17-10-45_engine_failure_with_emr_traj-mavros-imu-atm_pressure.csv,1331.0,6.0,5.0,0.0
carbonZ_2018-07-30-17-10-45_engine_failure_with_emr_traj,carbonZ_2018-07-30-17-10-45_engine_failure_with_emr_traj-mavros-imu-data_raw.csv,1332.0,41.0,40.0,0.0
carbonZ_2018-07-30-17-10-45_engine_failure_with_emr_traj,carbonZ_2018-07-30-17-10-45_engine_failure_with_emr_traj-mavros-imu-data.csv,341.0,41.0,40.0,0.0
carbonZ_2018-07-30-17-10-45_engine_failure_with_emr_traj,carbonZ_2018-07-30-17-10-45_engine_failure_with_emr_traj-mavros-imu-mag.csv,1332.0,16.0,15.0,0.0
carbonZ_2018-07-30-17-10-45_engine_failure_with_emr_traj,carbonZ_2018-07-30-17-10-45_engine_failure_with_emr_traj-mavros-imu-temperature.csv,1331.0,6.0,5.0,0.0
carbonZ_2018-07-30-17-10-45_engine_failure_with_emr_traj,carbonZ_2018-07-30-17-10-45_engine_failure_with_emr_traj-mavros-local_position-odom.csv,542.0,90.0,88.0,0.0
carbonZ_2018-07-30-17-10-45_engine_failure_with_emr_traj,carbonZ_2018-07-30-17-10-45_engine_failure_with_emr_traj-mavros-local_position-pose.csv,542.0,11.0,10.0,0.0
carbonZ_2018-07-30-17-10-45_engine_failure_with_emr_traj,carbonZ_2018-07-30-17-10-45_engine_failure_with_emr_traj-mavros-local_position-velocity.csv,542.0,10.0,9.0,0.0
carbonZ_2018-07-30-17-10-45_engine_failure_with_emr_traj,carbonZ_2018-07-30-17-10-45_engine_failure_with_emr_traj-mavros-nav_info-airspeed.csv,2480.0,6.0,5.0,0.0
carbonZ_2018-07-30-17-10-45_engine_failure_with_emr_traj,carbonZ_2018-07-30-17-10-45_engine_failure_with_emr_traj-mavros-nav_info-errors.csv,2543.0,8.0,7.0,0.0
carbonZ_2018-07-30-17-10-45_engine_failure_with_emr_traj,carbonZ_2018-07-30-17-10-45_engine_failure_with_emr_traj-mavros-nav_info-pitch.csv,2543.0,6.0,5.0,0.0
carbonZ_2018-07-30-17-10-45_engine_failure_with_emr_traj,carbonZ_2018-07-30-17-10-45_engine_failure_with_emr_traj-mavros-nav_info-roll.csv,2543.0,6.0,5.0,0.0
carbonZ_2018-07-30-17-10-45_engine_failure_with_emr_traj,carbonZ_2018-07-30-17-10-45_engine_failure_with_emr_traj-mavros-nav_info-velocity.csv,2480.0,11.0,10.0,0.0
carbonZ_2018-07-30-17-10-45_engine_failure_with_emr_traj,carbonZ_2018-07-30-17-10-45_engine_failure_with_emr_traj-mavros-nav_info-yaw.csv,2543.0,6.0,5.0,0.0
carbonZ_2018-07-30-17-10-45_engine_failure_with_emr_traj,carbonZ_2018-07-30-17-10-45_engine_failure_with_emr_traj-mavros-rc-in.csv,398.0,21.0,21.0,0.047619
carbonZ_2018-07-30-17-10-45_engine_failure_with_emr_traj,carbonZ_2018-07-30-17-10-45_engine_failure_with_emr_traj-mavros-rc-out.csv,398.0,12.0,12.0,0.083333
carbonZ_2018-07-30-17-10-45_engine_failure_with_emr_traj,carbonZ_2018-07-30-17-10-45_engine_failure_with_emr_traj-mavros-setpoint_raw-local.csv,6646.0,17.0,17.0,0.0
carbonZ_2018-07-30-17-10-45_engine_failure_with_emr_traj,carbonZ_2018-07-30-17-10-45_engine_failure_with_emr_traj-mavros-setpoint_raw-target_global.csv,2480.0,17.0,17.0,0.058824
carbonZ_2018-07-30-17-10-45_engine_failure_with_emr_traj,carbonZ_2018-07-30-17-10-45_engine_failure_with_emr_traj-mavros-state.csv,133.0,9.0,8.0,0.111111
carbonZ_2018-07-30-17-10-45_engine_failure_with_emr_traj,carbonZ_2018-07-30-17-10-45_engine_failure_with_emr_traj-mavros-time_reference.csv,283.0,6.0,5.0,0.166667
carbonZ_2018-07-30-17-10-45_engine_failure_with_emr_traj,carbonZ_2018-07-30-17-10-45_engine_failure_with_emr_traj-mavros-vfr_hud.csv,341.0,10.0,10.0,0.1
carbonZ_2018-07-30-17-10-45_engine_failure_with_emr_traj,carbonZ_2018-07-30-17-10-45_engine_failure_with_emr_traj-mavros-wind_estimation.csv,283.0,10.0,10.0,0.1
carbonZ_2018-07-30-17-20-01_engine_failure_with_emr_traj,carbonZ_2018-07-30-17-20-01_engine_failure_with_emr_traj-mavctrl-rpy.csv,5292.0,4.0,4.0,0.0
carbonZ_2018-07-30-17-20-01_engine_failure_with_emr_traj,carbonZ_2018-07-30-17-20-01_engine_failure_with_emr_traj-failure_status-engines.csv,96.0,2.0,2.0,0.0
carbonZ_2018-07-30-17-20-01_engine_failure_with_emr_traj,carbonZ_2018-07-30-17-20-01_engine_failure_with_emr_traj-emergency_responder-traj_file.csv,1.0,2.0,1.0,0.0
carbonZ_2018-07-30-17-20-01_engine_failure_with_emr_traj,carbonZ_2018-07-30-17-20-01_engine_failure_with_emr_traj-mavctrl-path_dev.csv,5292.0,4.0,4.0,0.0
carbonZ_2018-07-30-17-20-01_engine_failure_with_emr_traj,carbonZ_2018-07-30-17-20-01_engine_failure_with_emr_traj-diagnostics.csv,85.0,122.0,35.0,0.008197
carbonZ_2018-07-30-17-20-01_engine_failure_with_emr_traj,carbonZ_2018-07-30-17-20-01_engine_failure_with_emr_traj-mavros-battery.csv,2152.0,16.0,16.0,0.375
carbonZ_2018-07-30-17-20-01_engine_failure_with_emr_traj,carbonZ_2018-07-30-17-20-01_engine_failure_with_emr_traj-mavros-global_position-compass_hdg.csv,433.0,2.0,2.0,0.0
carbonZ_2018-07-30-17-20-01_engine_failure_with_emr_traj,carbonZ_2018-07-30-17-20-01_engine_failure_with_emr_traj-mavros-global_position-global.csv,433.0,19.0,18.0,0.0
carbonZ_2018-07-30-17-20-01_engine_failure_with_emr_traj,carbonZ_2018-07-30-17-20-01_engine_failure_with_emr_traj-mavros-global_position-local.csv,433.0,90.0,88.0,0.0
carbonZ_2018-07-30-17-20-01_engine_failure_with_emr_traj,carbonZ_2018-07-30-17-20-01_engine_failure_with_emr_traj-mavros-global_position-raw-fix.csv,533.0,19.0,18.0,0.0
carbonZ_2018-07-30-17-20-01_engine_failure_with_emr_traj,carbonZ_2018-07-30-17-20-01_engine_failure_with_emr_traj-mavros-global_position-raw-gps_vel.csv,533.0,10.0,9.0,0.0
carbonZ_2018-07-30-17-20-01_engine_failure_with_emr_traj,carbonZ_2018-07-30-17-20-01_engine_failure_with_emr_traj-mavros-global_position-rel_alt.csv,433.0,2.0,2.0,0.0
carbonZ_2018-07-30-17-20-01_engine_failure_with_emr_traj,carbonZ_2018-07-30-17-20-01_engine_failure_with_emr_traj-mavros-imu-atm_pressure.csv,1066.0,6.0,5.0,0.0
carbonZ_2018-07-30-17-20-01_engine_failure_with_emr_traj,carbonZ_2018-07-30-17-20-01_engine_failure_with_emr_traj-mavros-imu-data_raw.csv,1066.0,41.0,40.0,0.0
carbonZ_2018-07-30-17-20-01_engine_failure_with_emr_traj,carbonZ_2018-07-30-17-20-01_engine_failure_with_emr_traj-mavros-imu-data.csv,264.0,41.0,40.0,0.0
carbonZ_2018-07-30-17-20-01_engine_failure_with_emr_traj,carbonZ_2018-07-30-17-20-01_engine_failure_with_emr_traj-mavros-imu-mag.csv,1066.0,16.0,15.0,0.0
carbonZ_2018-07-30-17-20-01_engine_failure_with_emr_traj,carbonZ_2018-07-30-17-20-01_engine_failure_with_emr_traj-mavros-imu-temperature.csv,1066.0,6.0,5.0,0.0
carbonZ_2018-07-30-17-20-01_engine_failure_with_emr_traj,carbonZ_2018-07-30-17-20-01_engine_failure_with_emr_traj-mavros-local_position-odom.csv,434.0,90.0,88.0,0.0
carbonZ_2018-07-30-17-20-01_engine_failure_with_emr_traj,carbonZ_2018-07-30-17-20-01_engine_failure_with_emr_traj-mavros-local_position-pose.csv,434.0,11.0,10.0,0.0
carbonZ_2018-07-30-17-20-01_engine_failure_with_emr_traj,carbonZ_2018-07-30-17-20-01_engine_failure_with_emr_traj-mavros-local_position-velocity.csv,434.0,10.0,9.0,0.0
carbonZ_2018-07-30-17-20-01_engine_failure_with_emr_traj,carbonZ_2018-07-30-17-20-01_engine_failure_with_emr_traj-mavros-nav_info-airspeed.csv,1995.0,6.0,5.0,0.0
carbonZ_2018-07-30-17-20-01_engine_failure_with_emr_traj,carbonZ_2018-07-30-17-20-01_engine_failure_with_emr_traj-mavros-nav_info-errors.csv,2030.0,8.0,7.0,0.0
carbonZ_2018-07-30-17-20-01_engine_failure_with_emr_traj,carbonZ_2018-07-30-17-20-01_engine_failure_with_emr_traj-mavros-nav_info-pitch.csv,2030.0,6.0,5.0,0.0
carbonZ_2018-07-30-17-20-01_engine_failure_with_emr_traj,carbonZ_2018-07-30-17-20-01_engine_failure_with_emr_traj-mavros-nav_info-roll.csv,2030.0,6.0,5.0,0.0
carbonZ_2018-07-30-17-20-01_engine_failure_with_emr_traj,carbonZ_2018-07-30-17-20-01_engine_failure_with_emr_traj-mavros-nav_info-velocity.csv,1995.0,11.0,10.0,0.0
carbonZ_2018-07-30-17-20-01_engine_failure_with_emr_traj,carbonZ_2018-07-30-17-20-01_engine_failure_with_emr_traj-mavros-nav_info-yaw.csv,2030.0,6.0,5.0,0.0
carbonZ_2018-07-30-17-20-01_engine_failure_with_emr_traj,carbonZ_2018-07-30-17-20-01_engine_failure_with_emr_traj-mavros-rc-in.csv,312.0,21.0,21.0,0.047619
carbonZ_2018-07-30-17-20-01_engine_failure_with_emr_traj,carbonZ_2018-07-30-17-20-01_engine_failure_with_emr_traj-mavros-rc-out.csv,312.0,12.0,12.0,0.083333
carbonZ_2018-07-30-17-20-01_engine_failure_with_emr_traj,carbonZ_2018-07-30-17-20-01_engine_failure_with_emr_traj-mavros-setpoint_raw-local.csv,5286.0,17.0,17.0,0.0
carbonZ_2018-07-30-17-20-01_engine_failure_with_emr_traj,carbonZ_2018-07-30-17-20-01_engine_failure_with_emr_traj-mavros-setpoint_raw-target_global.csv,1995.0,17.0,17.0,0.058824
carbonZ_2018-07-30-17-20-01_engine_failure_with_emr_traj,carbonZ_2018-07-30-17-20-01_engine_failure_with_emr_traj-mavros-state.csv,107.0,9.0,8.0,0.111111
carbonZ_2018-07-30-17-20-01_engine_failure_with_emr_traj,carbonZ_2018-07-30-17-20-01_engine_failure_with_emr_traj-mavros-time_reference.csv,222.0,6.0,5.0,0.166667
carbonZ_2018-07-30-17-20-01_engine_failure_with_emr_traj,carbonZ_2018-07-30-17-20-01_engine_failure_with_emr_traj-mavros-vfr_hud.csv,264.0,10.0,10.0,0.1
carbonZ_2018-07-30-17-20-01_engine_failure_with_emr_traj,carbonZ_2018-07-30-17-20-01_engine_failure_with_emr_traj-mavros-wind_estimation.csv,222.0,10.0,10.0,0.1
carbonZ_2018-07-30-17-36-35_engine_failure_with_emr_traj,carbonZ_2018-07-30-17-36-35_engine_failure_with_emr_traj-diagnostics.csv,117.0,122.0,35.0,0.008197
carbonZ_2018-07-30-17-36-35_engine_failure_with_emr_traj,carbonZ_2018-07-30-17-36-35_engine_failure_with_emr_traj-mavctrl-rpy.csv,7728.0,4.0,4.0,0.0
carbonZ_2018-07-30-17-36-35_engine_failure_with_emr_traj,carbonZ_2018-07-30-17-36-35_engine_failure_with_emr_traj-failure_status-engines.csv,118.0,2.0,2.0,0.0
carbonZ_2018-07-30-17-36-35_engine_failure_with_emr_traj,carbonZ_2018-07-30-17-36-35_engine_failure_with_emr_traj-mavctrl-path_dev.csv,7728.0,4.0,4.0,0.0
carbonZ_2018-07-30-17-36-35_engine_failure_with_emr_traj,carbonZ_2018-07-30-17-36-35_engine_failure_with_emr_traj-mavros-battery.csv,3175.0,16.0,16.0,0.375
carbonZ_2018-07-30-17-36-35_engine_failure_with_emr_traj,carbonZ_2018-07-30-17-36-35_engine_failure_with_emr_traj-emergency_responder-traj_file.csv,1.0,2.0,1.0,0.0
carbonZ_2018-07-30-17-36-35_engine_failure_with_emr_traj,carbonZ_2018-07-30-17-36-35_engine_failure_with_emr_traj-mavros-global_position-compass_hdg.csv,641.0,2.0,2.0,0.0
carbonZ_2018-07-30-17-36-35_engine_failure_with_emr_traj,carbonZ_2018-07-30-17-36-35_engine_failure_with_emr_traj-mavros-global_position-global.csv,641.0,19.0,18.0,0.0
carbonZ_2018-07-30-17-36-35_engine_failure_with_emr_traj,carbonZ_2018-07-30-17-36-35_engine_failure_with_emr_traj-mavros-global_position-local.csv,641.0,90.0,88.0,0.0
carbonZ_2018-07-30-17-36-35_engine_failure_with_emr_traj,carbonZ_2018-07-30-17-36-35_engine_failure_with_emr_traj-mavros-global_position-raw-fix.csv,784.0,19.0,18.0,0.0
carbonZ_2018-07-30-17-36-35_engine_failure_with_emr_traj,carbonZ_2018-07-30-17-36-35_engine_failure_with_emr_traj-mavros-global_position-raw-gps_vel.csv,784.0,10.0,9.0,0.0
carbonZ_2018-07-30-17-36-35_engine_failure_with_emr_traj,carbonZ_2018-07-30-17-36-35_engine_failure_with_emr_traj-mavros-global_position-rel_alt.csv,641.0,2.0,2.0,0.0
carbonZ_2018-07-30-17-36-35_engine_failure_with_emr_traj,carbonZ_2018-07-30-17-36-35_engine_failure_with_emr_traj-mavros-imu-atm_pressure.csv,1570.0,6.0,5.0,0.0
carbonZ_2018-07-30-17-36-35_engine_failure_with_emr_traj,carbonZ_2018-07-30-17-36-35_engine_failure_with_emr_traj-mavros-imu-data.csv,387.0,41.0,40.0,0.0
carbonZ_2018-07-30-17-36-35_engine_failure_with_emr_traj,carbonZ_2018-07-30-17-36-35_engine_failure_with_emr_traj-mavros-imu-data_raw.csv,1570.0,41.0,40.0,0.0
carbonZ_2018-07-30-17-36-35_engine_failure_with_emr_traj,carbonZ_2018-07-30-17-36-35_engine_failure_with_emr_traj-mavros-imu-mag.csv,1570.0,16.0,15.0,0.0
carbonZ_2018-07-30-17-36-35_engine_failure_with_emr_traj,carbonZ_2018-07-30-17-36-35_engine_failure_with_emr_traj-mavros-imu-temperature.csv,1570.0,6.0,5.0,0.0
carbonZ_2018-07-30-17-36-35_engine_failure_with_emr_traj,carbonZ_2018-07-30-17-36-35_engine_failure_with_emr_traj-mavros-local_position-odom.csv,642.0,90.0,88.0,0.0
carbonZ_2018-07-30-17-36-35_engine_failure_with_emr_traj,carbonZ_2018-07-30-17-36-35_engine_failure_with_emr_traj-mavros-local_position-pose.csv,642.0,11.0,10.0,0.0
carbonZ_2018-07-30-17-36-35_engine_failure_with_emr_traj,carbonZ_2018-07-30-17-36-35_engine_failure_with_emr_traj-mavros-local_position-velocity.csv,642.0,10.0,9.0,0.0
carbonZ_2018-07-30-17-36-35_engine_failure_with_emr_traj,carbonZ_2018-07-30-17-36-35_engine_failure_with_emr_traj-mavros-nav_info-airspeed.csv,2902.0,6.0,5.0,0.0
carbonZ_2018-07-30-17-36-35_engine_failure_with_emr_traj,carbonZ_2018-07-30-17-36-35_engine_failure_with_emr_traj-mavros-nav_info-errors.csv,2980.0,8.0,7.0,0.0
carbonZ_2018-07-30-17-36-35_engine_failure_with_emr_traj,carbonZ_2018-07-30-17-36-35_engine_failure_with_emr_traj-mavros-nav_info-pitch.csv,2980.0,6.0,5.0,0.0
carbonZ_2018-07-30-17-36-35_engine_failure_with_emr_traj,carbonZ_2018-07-30-17-36-35_engine_failure_with_emr_traj-mavros-nav_info-roll.csv,2980.0,6.0,5.0,0.0
carbonZ_2018-07-30-17-36-35_engine_failure_with_emr_traj,carbonZ_2018-07-30-17-36-35_engine_failure_with_emr_traj-mavros-nav_info-velocity.csv,2902.0,11.0,10.0,0.0
carbonZ_2018-07-30-17-36-35_engine_failure_with_emr_traj,carbonZ_2018-07-30-17-36-35_engine_failure_with_emr_traj-mavros-nav_info-yaw.csv,2980.0,6.0,5.0,0.0
carbonZ_2018-07-30-17-36-35_engine_failure_with_emr_traj,carbonZ_2018-07-30-17-36-35_engine_failure_with_emr_traj-mavros-rc-in.csv,455.0,21.0,21.0,0.047619
carbonZ_2018-07-30-17-36-35_engine_failure_with_emr_traj,carbonZ_2018-07-30-17-36-35_engine_failure_with_emr_traj-mavros-rc-out.csv,455.0,12.0,12.0,0.083333
carbonZ_2018-07-30-17-36-35_engine_failure_with_emr_traj,carbonZ_2018-07-30-17-36-35_engine_failure_with_emr_traj-mavros-setpoint_raw-target_global.csv,2902.0,17.0,17.0,0.058824
carbonZ_2018-07-30-17-36-35_engine_failure_with_emr_traj,carbonZ_2018-07-30-17-36-35_engine_failure_with_emr_traj-mavros-setpoint_raw-local.csv,7726.0,17.0,17.0,0.0
carbonZ_2018-07-30-17-36-35_engine_failure_with_emr_traj,carbonZ_2018-07-30-17-36-35_engine_failure_with_emr_traj-mavros-state.csv,157.0,9.0,8.0,0.111111
carbonZ_2018-07-30-17-36-35_engine_failure_with_emr_traj,carbonZ_2018-07-30-17-36-35_engine_failure_with_emr_traj-mavros-time_reference.csv,320.0,6.0,5.0,0.166667
carbonZ_2018-07-30-17-36-35_engine_failure_with_emr_traj,carbonZ_2018-07-30-17-36-35_engine_failure_with_emr_traj-mavros-vfr_hud.csv,387.0,10.0,10.0,0.1
carbonZ_2018-07-30-17-36-35_engine_failure_with_emr_traj,carbonZ_2018-07-30-17-36-35_engine_failure_with_emr_traj-mavros-wind_estimation.csv,320.0,10.0,10.0,0.1
carbonZ_2018-07-30-17-46-31_engine_failure_with_emr_traj,carbonZ_2018-07-30-17-46-31_engine_failure_with_emr_traj-emergency_responder-traj_file.csv,1.0,2.0,1.0,0.0
carbonZ_2018-07-30-17-46-31_engine_failure_with_emr_traj,carbonZ_2018-07-30-17-46-31_engine_failure_with_emr_traj-diagnostics.csv,85.0,122.0,35.0,0.008197
carbonZ_2018-07-30-17-46-31_engine_failure_with_emr_traj,carbonZ_2018-07-30-17-46-31_engine_failure_with_emr_traj-mavctrl-rpy.csv,5583.0,4.0,4.0,0.0
carbonZ_2018-07-30-17-46-31_engine_failure_with_emr_traj,carbonZ_2018-07-30-17-46-31_engine_failure_with_emr_traj-mavros-battery.csv,2272.0,16.0,16.0,0.375
carbonZ_2018-07-30-17-46-31_engine_failure_with_emr_traj,carbonZ_2018-07-30-17-46-31_engine_failure_with_emr_traj-mavctrl-path_dev.csv,5583.0,4.0,4.0,0.0
carbonZ_2018-07-30-17-46-31_engine_failure_with_emr_traj,carbonZ_2018-07-30-17-46-31_engine_failure_with_emr_traj-failure_status-engines.csv,112.0,2.0,2.0,0.0
carbonZ_2018-07-30-17-46-31_engine_failure_with_emr_traj,carbonZ_2018-07-30-17-46-31_engine_failure_with_emr_traj-mavros-global_position-compass_hdg.csv,460.0,2.0,2.0,0.0
carbonZ_2018-07-30-17-46-31_engine_failure_with_emr_traj,carbonZ_2018-07-30-17-46-31_engine_failure_with_emr_traj-mavlink-from.csv,22198.0,19.0,17.0,0.152942
carbonZ_2018-07-30-17-46-31_engine_failure_with_emr_traj,carbonZ_2018-07-30-17-46-31_engine_failure_with_emr_traj-mavros-global_position-global.csv,460.0,19.0,18.0,0.0
carbonZ_2018-07-30-17-46-31_engine_failure_with_emr_traj,carbonZ_2018-07-30-17-46-31_engine_failure_with_emr_traj-mavros-global_position-local.csv,460.0,90.0,88.0,0.0
carbonZ_2018-07-30-17-46-31_engine_failure_with_emr_traj,carbonZ_2018-07-30-17-46-31_engine_failure_with_emr_traj-mavros-global_position-raw-fix.csv,564.0,19.0,18.0,0.0
carbonZ_2018-07-30-17-46-31_engine_failure_with_emr_traj,carbonZ_2018-07-30-17-46-31_engine_failure_with_emr_traj-mavros-global_position-raw-gps_vel.csv,564.0,10.0,9.0,0.0
carbonZ_2018-07-30-17-46-31_engine_failure_with_emr_traj,carbonZ_2018-07-30-17-46-31_engine_failure_with_emr_traj-mavros-global_position-rel_alt.csv,460.0,2.0,2.0,0.0
carbonZ_2018-07-30-17-46-31_engine_failure_with_emr_traj,carbonZ_2018-07-30-17-46-31_engine_failure_with_emr_traj-mavros-imu-atm_pressure.csv,1126.0,6.0,5.0,0.0
carbonZ_2018-07-30-17-46-31_engine_failure_with_emr_traj,carbonZ_2018-07-30-17-46-31_engine_failure_with_emr_traj-mavros-imu-data.csv,281.0,41.0,40.0,0.0
carbonZ_2018-07-30-17-46-31_engine_failure_with_emr_traj,carbonZ_2018-07-30-17-46-31_engine_failure_with_emr_traj-mavros-imu-data_raw.csv,1127.0,41.0,40.0,0.0
carbonZ_2018-07-30-17-46-31_engine_failure_with_emr_traj,carbonZ_2018-07-30-17-46-31_engine_failure_with_emr_traj-mavros-imu-mag.csv,1127.0,16.0,15.0,0.0
carbonZ_2018-07-30-17-46-31_engine_failure_with_emr_traj,carbonZ_2018-07-30-17-46-31_engine_failure_with_emr_traj-mavros-imu-temperature.csv,1126.0,6.0,5.0,0.0
carbonZ_2018-07-30-17-46-31_engine_failure_with_emr_traj,carbonZ_2018-07-30-17-46-31_engine_failure_with_emr_traj-mavros-local_position-odom.csv,460.0,90.0,88.0,0.0
carbonZ_2018-07-30-17-46-31_engine_failure_with_emr_traj,carbonZ_2018-07-30-17-46-31_engine_failure_with_emr_traj-mavros-local_position-pose.csv,460.0,11.0,10.0,0.0
carbonZ_2018-07-30-17-46-31_engine_failure_with_emr_traj,carbonZ_2018-07-30-17-46-31_engine_failure_with_emr_traj-mavros-local_position-velocity.csv,460.0,10.0,9.0,0.0
carbonZ_2018-07-30-17-46-31_engine_failure_with_emr_traj,carbonZ_2018-07-30-17-46-31_engine_failure_with_emr_traj-mavros-nav_info-airspeed.csv,2089.0,6.0,5.0,0.0
carbonZ_2018-07-30-17-46-31_engine_failure_with_emr_traj,carbonZ_2018-07-30-17-46-31_engine_failure_with_emr_traj-mavros-nav_info-errors.csv,2144.0,8.0,7.0,0.0
carbonZ_2018-07-30-17-46-31_engine_failure_with_emr_traj,carbonZ_2018-07-30-17-46-31_engine_failure_with_emr_traj-mavros-nav_info-pitch.csv,2144.0,6.0,5.0,0.0
carbonZ_2018-07-30-17-46-31_engine_failure_with_emr_traj,carbonZ_2018-07-30-17-46-31_engine_failure_with_emr_traj-mavros-nav_info-roll.csv,2144.0,6.0,5.0,0.0
carbonZ_2018-07-30-17-46-31_engine_failure_with_emr_traj,carbonZ_2018-07-30-17-46-31_engine_failure_with_emr_traj-mavros-nav_info-velocity.csv,2089.0,11.0,10.0,0.0
carbonZ_2018-07-30-17-46-31_engine_failure_with_emr_traj,carbonZ_2018-07-30-17-46-31_engine_failure_with_emr_traj-mavros-nav_info-yaw.csv,2144.0,6.0,5.0,0.0
carbonZ_2018-07-30-17-46-31_engine_failure_with_emr_traj,carbonZ_2018-07-30-17-46-31_engine_failure_with_emr_traj-mavros-rc-in.csv,332.0,21.0,21.0,0.047619
carbonZ_2018-07-30-17-46-31_engine_failure_with_emr_traj,carbonZ_2018-07-30-17-46-31_engine_failure_with_emr_traj-mavros-rc-out.csv,332.0,12.0,12.0,0.083333
carbonZ_2018-07-30-17-46-31_engine_failure_with_emr_traj,carbonZ_2018-07-30-17-46-31_engine_failure_with_emr_traj-mavros-setpoint_raw-local.csv,5561.0,17.0,17.0,0.0
carbonZ_2018-07-30-17-46-31_engine_failure_with_emr_traj,carbonZ_2018-07-30-17-46-31_engine_failure_with_emr_traj-mavros-setpoint_raw-target_global.csv,2089.0,17.0,17.0,0.058824
carbonZ_2018-07-30-17-46-31_engine_failure_with_emr_traj,carbonZ_2018-07-30-17-46-31_engine_failure_with_emr_traj-mavros-state.csv,113.0,9.0,8.0,0.111111
carbonZ_2018-07-30-17-46-31_engine_failure_with_emr_traj,carbonZ_2018-07-30-17-46-31_engine_failure_with_emr_traj-mavros-time_reference.csv,233.0,6.0,5.0,0.166667
carbonZ_2018-07-30-17-46-31_engine_failure_with_emr_traj,carbonZ_2018-07-30-17-46-31_engine_failure_with_emr_traj-mavros-vfr_hud.csv,281.0,10.0,10.0,0.1
carbonZ_2018-07-30-17-46-31_engine_failure_with_emr_traj,carbonZ_2018-07-30-17-46-31_engine_failure_with_emr_traj-mavros-wind_estimation.csv,233.0,10.0,10.0,0.1
carbonZ_2018-09-11-11-56-30_engine_failure,carbonZ_2018-09-11-11-56-30_engine_failure-mavctrl-rpy.csv,6219.0,4.0,4.0,0.0
carbonZ_2018-09-11-11-56-30_engine_failure,carbonZ_2018-09-11-11-56-30_engine_failure-failure_status-engines.csv,42.0,2.0,2.0,0.0
carbonZ_2018-09-11-11-56-30_engine_failure,carbonZ_2018-09-11-11-56-30_engine_failure-diagnostics.csv,93.0,122.0,35.0,0.008197
carbonZ_2018-09-11-11-56-30_engine_failure,carbonZ_2018-09-11-11-56-30_engine_failure-mavros-battery.csv,2542.0,16.0,16.0,0.375
carbonZ_2018-09-11-11-56-30_engine_failure,carbonZ_2018-09-11-11-56-30_engine_failure-mavctrl-path_dev.csv,6219.0,4.0,4.0,0.0
carbonZ_2018-09-11-11-56-30_engine_failure,carbonZ_2018-09-11-11-56-30_engine_failure-mavros-global_position-compass_hdg.csv,512.0,2.0,2.0,0.0
carbonZ_2018-09-11-11-56-30_engine_failure,carbonZ_2018-09-11-11-56-30_engine_failure-mavros-global_position-global.csv,512.0,19.0,18.0,0.0
carbonZ_2018-09-11-11-56-30_engine_failure,carbonZ_2018-09-11-11-56-30_engine_failure-mavros-global_position-local.csv,512.0,90.0,88.0,0.0
carbonZ_2018-09-11-11-56-30_engine_failure,carbonZ_2018-09-11-11-56-30_engine_failure-mavros-global_position-raw-fix.csv,622.0,19.0,18.0,0.0
carbonZ_2018-09-11-11-56-30_engine_failure,carbonZ_2018-09-11-11-56-30_engine_failure-mavros-global_position-raw-gps_vel.csv,622.0,10.0,9.0,0.0
carbonZ_2018-09-11-11-56-30_engine_failure,carbonZ_2018-09-11-11-56-30_engine_failure-mavros-global_position-rel_alt.csv,512.0,2.0,2.0,0.0
carbonZ_2018-09-11-11-56-30_engine_failure,carbonZ_2018-09-11-11-56-30_engine_failure-mavros-imu-atm_pressure.csv,1244.0,6.0,5.0,0.0
carbonZ_2018-09-11-11-56-30_engine_failure,carbonZ_2018-09-11-11-56-30_engine_failure-mavros-imu-data.csv,317.0,41.0,40.0,0.0
carbonZ_2018-09-11-11-56-30_engine_failure,carbonZ_2018-09-11-11-56-30_engine_failure-mavros-imu-data_raw.csv,1244.0,41.0,40.0,0.0
carbonZ_2018-09-11-11-56-30_engine_failure,carbonZ_2018-09-11-11-56-30_engine_failure-mavros-imu-mag.csv,1244.0,16.0,15.0,0.0
carbonZ_2018-09-11-11-56-30_engine_failure,carbonZ_2018-09-11-11-56-30_engine_failure-mavros-imu-temperature.csv,1244.0,6.0,5.0,0.0
carbonZ_2018-09-11-11-56-30_engine_failure,carbonZ_2018-09-11-11-56-30_engine_failure-mavros-local_position-odom.csv,512.0,90.0,88.0,0.0
carbonZ_2018-09-11-11-56-30_engine_failure,carbonZ_2018-09-11-11-56-30_engine_failure-mavros-local_position-pose.csv,512.0,11.0,10.0,0.0
carbonZ_2018-09-11-11-56-30_engine_failure,carbonZ_2018-09-11-11-56-30_engine_failure-mavros-local_position-velocity.csv,512.0,10.0,9.0,0.0
carbonZ_2018-09-11-11-56-30_engine_failure,carbonZ_2018-09-11-11-56-30_engine_failure-mavros-nav_info-airspeed.csv,2346.0,6.0,5.0,0.0
carbonZ_2018-09-11-11-56-30_engine_failure,carbonZ_2018-09-11-11-56-30_engine_failure-mavros-nav_info-errors.csv,2396.0,8.0,7.0,0.0
carbonZ_2018-09-11-11-56-30_engine_failure,carbonZ_2018-09-11-11-56-30_engine_failure-mavros-nav_info-pitch.csv,2396.0,6.0,5.0,0.0
carbonZ_2018-09-11-11-56-30_engine_failure,carbonZ_2018-09-11-11-56-30_engine_failure-mavros-nav_info-roll.csv,2396.0,6.0,5.0,0.0
carbonZ_2018-09-11-11-56-30_engine_failure,carbonZ_2018-09-11-11-56-30_engine_failure-mavros-nav_info-velocity.csv,2346.0,11.0,10.0,0.0
carbonZ_2018-09-11-11-56-30_engine_failure,carbonZ_2018-09-11-11-56-30_engine_failure-mavros-nav_info-yaw.csv,2396.0,6.0,5.0,0.0
carbonZ_2018-09-11-11-56-30_engine_failure,carbonZ_2018-09-11-11-56-30_engine_failure-mavros-rc-in.csv,371.0,21.0,21.0,0.047619
carbonZ_2018-09-11-11-56-30_engine_failure,carbonZ_2018-09-11-11-56-30_engine_failure-mavros-rc-out.csv,371.0,12.0,12.0,0.083333
carbonZ_2018-09-11-11-56-30_engine_failure,carbonZ_2018-09-11-11-56-30_engine_failure-mavros-setpoint_raw-local.csv,6219.0,17.0,17.0,0.0
carbonZ_2018-09-11-11-56-30_engine_failure,carbonZ_2018-09-11-11-56-30_engine_failure-mavros-setpoint_raw-target_global.csv,2346.0,17.0,17.0,0.058824
carbonZ_2018-09-11-11-56-30_engine_failure,carbonZ_2018-09-11-11-56-30_engine_failure-mavros-state.csv,125.0,9.0,8.0,0.111111
carbonZ_2018-09-11-11-56-30_engine_failure,carbonZ_2018-09-11-11-56-30_engine_failure-mavros-time_reference.csv,264.0,6.0,5.0,0.166667
carbonZ_2018-09-11-11-56-30_engine_failure,carbonZ_2018-09-11-11-56-30_engine_failure-mavros-vfr_hud.csv,317.0,10.0,10.0,0.1
carbonZ_2018-09-11-11-56-30_engine_failure,carbonZ_2018-09-11-11-56-30_engine_failure-mavros-wind_estimation.csv,264.0,10.0,10.0,0.1
carbonZ_2018-09-11-14-16-55_no_failure,carbonZ_2018-09-11-14-16-55_no_failure-diagnostics.csv,26.0,122.0,35.0,0.008197
carbonZ_2018-09-11-14-16-55_no_failure,carbonZ_2018-09-11-14-16-55_no_failure-mavros-global_position-compass_hdg.csv,139.0,2.0,2.0,0.0
carbonZ_2018-09-11-14-16-55_no_failure,carbonZ_2018-09-11-14-16-55_no_failure-mavros-global_position-global.csv,139.0,19.0,18.0,0.0
carbonZ_2018-09-11-14-16-55_no_failure,carbonZ_2018-09-11-14-16-55_no_failure-mavros-global_position-raw-fix.csv,168.0,19.0,18.0,0.0
carbonZ_2018-09-11-14-16-55_no_failure,carbonZ_2018-09-11-14-16-55_no_failure-mavros-battery.csv,689.0,16.0,16.0,0.375
carbonZ_2018-09-11-14-16-55_no_failure,carbonZ_2018-09-11-14-16-55_no_failure-mavros-global_position-local.csv,139.0,90.0,88.0,0.0
carbonZ_2018-09-11-14-16-55_no_failure,carbonZ_2018-09-11-14-16-55_no_failure-mavros-global_position-raw-gps_vel.csv,168.0,10.0,9.0,0.0
carbonZ_2018-09-11-14-16-55_no_failure,carbonZ_2018-09-11-14-16-55_no_failure-mavros-global_position-rel_alt.csv,139.0,2.0,2.0,0.0
carbonZ_2018-09-11-14-16-55_no_failure,carbonZ_2018-09-11-14-16-55_no_failure-mavros-imu-atm_pressure.csv,334.0,6.0,5.0,0.0
carbonZ_2018-09-11-14-16-55_no_failure,carbonZ_2018-09-11-14-16-55_no_failure-mavros-imu-data.csv,88.0,41.0,40.0,0.0
carbonZ_2018-09-11-14-16-55_no_failure,carbonZ_2018-09-11-14-16-55_no_failure-mavros-imu-data_raw.csv,334.0,41.0,40.0,0.0
carbonZ_2018-09-11-14-16-55_no_failure,carbonZ_2018-09-11-14-16-55_no_failure-mavros-imu-mag.csv,334.0,16.0,15.0,0.0
carbonZ_2018-09-11-14-16-55_no_failure,carbonZ_2018-09-11-14-16-55_no_failure-mavros-imu-temperature.csv,334.0,6.0,5.0,0.0
carbonZ_2018-09-11-14-16-55_no_failure,carbonZ_2018-09-11-14-16-55_no_failure-mavros-local_position-odom.csv,139.0,90.0,88.0,0.0
carbonZ_2018-09-11-14-16-55_no_failure,carbonZ_2018-09-11-14-16-55_no_failure-mavros-local_position-pose.csv,139.0,11.0,10.0,0.0
carbonZ_2018-09-11-14-16-55_no_failure,carbonZ_2018-09-11-14-16-55_no_failure-mavros-local_position-velocity.csv,139.0,10.0,9.0,0.0
carbonZ_2018-09-11-14-16-55_no_failure,carbonZ_2018-09-11-14-16-55_no_failure-mavros-nav_info-airspeed.csv,652.0,6.0,5.0,0.0
carbonZ_2018-09-11-14-16-55_no_failure,carbonZ_2018-09-11-14-16-55_no_failure-mavros-nav_info-errors.csv,662.0,8.0,7.0,0.0
carbonZ_2018-09-11-14-16-55_no_failure,carbonZ_2018-09-11-14-16-55_no_failure-mavros-nav_info-pitch.csv,662.0,6.0,5.0,0.0
carbonZ_2018-09-11-14-16-55_no_failure,carbonZ_2018-09-11-14-16-55_no_failure-mavros-nav_info-roll.csv,662.0,6.0,5.0,0.0
carbonZ_2018-09-11-14-16-55_no_failure,carbonZ_2018-09-11-14-16-55_no_failure-mavros-nav_info-velocity.csv,652.0,11.0,10.0,0.0
carbonZ_2018-09-11-14-16-55_no_failure,carbonZ_2018-09-11-14-16-55_no_failure-mavros-nav_info-yaw.csv,662.0,6.0,5.0,0.0
carbonZ_2018-09-11-14-16-55_no_failure,carbonZ_2018-09-11-14-16-55_no_failure-mavros-rc-in.csv,102.0,21.0,21.0,0.047619
carbonZ_2018-09-11-14-16-55_no_failure,carbonZ_2018-09-11-14-16-55_no_failure-mavros-rc-out.csv,102.0,12.0,12.0,0.083333
carbonZ_2018-09-11-14-16-55_no_failure,carbonZ_2018-09-11-14-16-55_no_failure-mavros-setpoint_raw-target_global.csv,652.0,17.0,17.0,0.058824
carbonZ_2018-09-11-14-16-55_no_failure,carbonZ_2018-09-11-14-16-55_no_failure-mavros-state.csv,34.0,9.0,8.0,0.111111
carbonZ_2018-09-11-14-16-55_no_failure,carbonZ_2018-09-11-14-16-55_no_failure-mavros-time_reference.csv,74.0,6.0,5.0,0.166667
carbonZ_2018-09-11-14-16-55_no_failure,carbonZ_2018-09-11-14-16-55_no_failure-mavros-vfr_hud.csv,88.0,10.0,10.0,0.1
carbonZ_2018-09-11-14-16-55_no_failure,carbonZ_2018-09-11-14-16-55_no_failure-mavros-wind_estimation.csv,74.0,10.0,10.0,0.1
carbonZ_2018-09-11-14-22-07_1_engine_failure,carbonZ_2018-09-11-14-22-07_1_engine_failure-diagnostics.csv,85.0,122.0,35.0,0.008197
carbonZ_2018-09-11-14-22-07_1_engine_failure,carbonZ_2018-09-11-14-22-07_1_engine_failure-failure_status-engines.csv,19.0,2.0,2.0,0.0
carbonZ_2018-09-11-14-22-07_1_engine_failure,carbonZ_2018-09-11-14-22-07_1_engine_failure-mavctrl-path_dev.csv,5711.0,4.0,4.0,0.0
carbonZ_2018-09-11-14-22-07_1_engine_failure,carbonZ_2018-09-11-14-22-07_1_engine_failure-mavctrl-rpy.csv,5711.0,4.0,4.0,0.0
carbonZ_2018-09-11-14-22-07_1_engine_failure,carbonZ_2018-09-11-14-22-07_1_engine_failure-mavros-battery.csv,2295.0,16.0,16.0,0.375
carbonZ_2018-09-11-14-22-07_1_engine_failure,carbonZ_2018-09-11-14-22-07_1_engine_failure-mavros-global_position-compass_hdg.csv,467.0,2.0,2.0,0.0
carbonZ_2018-09-11-14-22-07_1_engine_failure,carbonZ_2018-09-11-14-22-07_1_engine_failure-mavros-global_position-global.csv,467.0,19.0,18.0,0.0
carbonZ_2018-09-11-14-22-07_1_engine_failure,carbonZ_2018-09-11-14-22-07_1_engine_failure-mavros-global_position-local.csv,467.0,90.0,88.0,0.0
carbonZ_2018-09-11-14-22-07_1_engine_failure,carbonZ_2018-09-11-14-22-07_1_engine_failure-mavros-global_position-raw-fix.csv,570.0,19.0,18.0,0.0
carbonZ_2018-09-11-14-22-07_1_engine_failure,carbonZ_2018-09-11-14-22-07_1_engine_failure-mavros-global_position-raw-gps_vel.csv,570.0,10.0,9.0,0.0
carbonZ_2018-09-11-14-22-07_1_engine_failure,carbonZ_2018-09-11-14-22-07_1_engine_failure-mavros-global_position-rel_alt.csv,467.0,2.0,2.0,0.0
carbonZ_2018-09-11-14-22-07_1_engine_failure,carbonZ_2018-09-11-14-22-07_1_engine_failure-mavros-imu-atm_pressure.csv,1141.0,6.0,5.0,0.0
carbonZ_2018-09-11-14-22-07_1_engine_failure,carbonZ_2018-09-11-14-22-07_1_engine_failure-mavros-imu-data.csv,279.0,41.0,40.0,0.0
carbonZ_2018-09-11-14-22-07_1_engine_failure,carbonZ_2018-09-11-14-22-07_1_engine_failure-mavros-imu-data_raw.csv,1142.0,41.0,40.0,0.0
carbonZ_2018-09-11-14-22-07_1_engine_failure,carbonZ_2018-09-11-14-22-07_1_engine_failure-mavros-imu-mag.csv,1142.0,16.0,15.0,0.0
carbonZ_2018-09-11-14-22-07_1_engine_failure,carbonZ_2018-09-11-14-22-07_1_engine_failure-mavros-imu-temperature.csv,1141.0,6.0,5.0,0.0
carbonZ_2018-09-11-14-22-07_1_engine_failure,carbonZ_2018-09-11-14-22-07_1_engine_failure-mavros-local_position-odom.csv,467.0,90.0,88.0,0.0
carbonZ_2018-09-11-14-22-07_1_engine_failure,carbonZ_2018-09-11-14-22-07_1_engine_failure-mavros-local_position-pose.csv,467.0,11.0,10.0,0.0
carbonZ_2018-09-11-14-22-07_1_engine_failure,carbonZ_2018-09-11-14-22-07_1_engine_failure-mavros-local_position-velocity.csv,467.0,10.0,9.0,0.0
carbonZ_2018-09-11-14-22-07_1_engine_failure,carbonZ_2018-09-11-14-22-07_1_engine_failure-mavros-nav_info-airspeed.csv,2102.0,6.0,5.0,0.0
carbonZ_2018-09-11-14-22-07_1_engine_failure,carbonZ_2018-09-11-14-22-07_1_engine_failure-mavros-nav_info-errors.csv,2155.0,8.0,7.0,0.0
carbonZ_2018-09-11-14-22-07_1_engine_failure,carbonZ_2018-09-11-14-22-07_1_engine_failure-mavros-nav_info-pitch.csv,2155.0,6.0,5.0,0.0
carbonZ_2018-09-11-14-22-07_1_engine_failure,carbonZ_2018-09-11-14-22-07_1_engine_failure-mavros-nav_info-roll.csv,2155.0,6.0,5.0,0.0
carbonZ_2018-09-11-14-22-07_1_engine_failure,carbonZ_2018-09-11-14-22-07_1_engine_failure-mavros-nav_info-velocity.csv,2102.0,11.0,10.0,0.0
carbonZ_2018-09-11-14-22-07_1_engine_failure,carbonZ_2018-09-11-14-22-07_1_engine_failure-mavros-nav_info-yaw.csv,2155.0,6.0,5.0,0.0
carbonZ_2018-09-11-14-22-07_1_engine_failure,carbonZ_2018-09-11-14-22-07_1_engine_failure-mavros-rc-in.csv,330.0,21.0,21.0,0.047619
carbonZ_2018-09-11-14-22-07_1_engine_failure,carbonZ_2018-09-11-14-22-07_1_engine_failure-mavros-rc-out.csv,330.0,12.0,12.0,0.083333
carbonZ_2018-09-11-14-22-07_1_engine_failure,carbonZ_2018-09-11-14-22-07_1_engine_failure-mavros-setpoint_raw-target_global.csv,2102.0,17.0,17.0,0.058824
carbonZ_2018-09-11-14-22-07_1_engine_failure,carbonZ_2018-09-11-14-22-07_1_engine_failure-mavros-state.csv,115.0,9.0,8.0,0.111111
carbonZ_2018-09-11-14-22-07_1_engine_failure,carbonZ_2018-09-11-14-22-07_1_engine_failure-mavros-time_reference.csv,232.0,6.0,5.0,0.166667
carbonZ_2018-09-11-14-22-07_1_engine_failure,carbonZ_2018-09-11-14-22-07_1_engine_failure-mavros-vfr_hud.csv,279.0,10.0,10.0,0.1
carbonZ_2018-09-11-14-22-07_1_engine_failure,carbonZ_2018-09-11-14-22-07_1_engine_failure-mavros-wind_estimation.csv,232.0,10.0,10.0,0.1
carbonZ_2018-09-11-14-22-07_1_engine_failure,carbonZ_2018-09-11-14-22-07_1_engine_failure-mavros-setpoint_raw-local.csv,5708.0,17.0,17.0,0.0
carbonZ_2018-09-11-14-22-07_2_engine_failure,carbonZ_2018-09-11-14-22-07_2_engine_failure-diagnostics.csv,47.0,122.0,35.0,0.008197
carbonZ_2018-09-11-14-22-07_2_engine_failure,carbonZ_2018-09-11-14-22-07_2_engine_failure-mavctrl-path_dev.csv,3118.0,4.0,4.0,0.0
carbonZ_2018-09-11-14-22-07_2_engine_failure,carbonZ_2018-09-11-14-22-07_2_engine_failure-mavros-battery.csv,1248.0,16.0,16.0,0.375
carbonZ_2018-09-11-14-22-07_2_engine_failure,carbonZ_2018-09-11-14-22-07_2_engine_failure-mavctrl-rpy.csv,3118.0,4.0,4.0,0.0
carbonZ_2018-09-11-14-22-07_2_engine_failure,carbonZ_2018-09-11-14-22-07_2_engine_failure-failure_status-engines.csv,25.0,2.0,2.0,0.0
carbonZ_2018-09-11-14-22-07_2_engine_failure,carbonZ_2018-09-11-14-22-07_2_engine_failure-mavros-global_position-compass_hdg.csv,254.0,2.0,2.0,0.0
carbonZ_2018-09-11-14-22-07_2_engine_failure,carbonZ_2018-09-11-14-22-07_2_engine_failure-mavros-global_position-global.csv,254.0,19.0,18.0,0.0
carbonZ_2018-09-11-14-22-07_2_engine_failure,carbonZ_2018-09-11-14-22-07_2_engine_failure-mavros-global_position-local.csv,254.0,90.0,88.0,0.0
carbonZ_2018-09-11-14-22-07_2_engine_failure,carbonZ_2018-09-11-14-22-07_2_engine_failure-mavros-global_position-raw-fix.csv,312.0,19.0,18.0,0.0
carbonZ_2018-09-11-14-22-07_2_engine_failure,carbonZ_2018-09-11-14-22-07_2_engine_failure-mavros-global_position-raw-gps_vel.csv,312.0,10.0,9.0,0.0
carbonZ_2018-09-11-14-22-07_2_engine_failure,carbonZ_2018-09-11-14-22-07_2_engine_failure-mavros-global_position-rel_alt.csv,254.0,2.0,2.0,0.0
carbonZ_2018-09-11-14-22-07_2_engine_failure,carbonZ_2018-09-11-14-22-07_2_engine_failure-mavros-imu-atm_pressure.csv,623.0,6.0,5.0,0.0
carbonZ_2018-09-11-14-22-07_2_engine_failure,carbonZ_2018-09-11-14-22-07_2_engine_failure-mavros-imu-data.csv,157.0,41.0,40.0,0.0
carbonZ_2018-09-11-14-22-07_2_engine_failure,carbonZ_2018-09-11-14-22-07_2_engine_failure-mavros-imu-data_raw.csv,623.0,41.0,40.0,0.0
carbonZ_2018-09-11-14-22-07_2_engine_failure,carbonZ_2018-09-11-14-22-07_2_engine_failure-mavros-imu-mag.csv,623.0,16.0,15.0,0.0
carbonZ_2018-09-11-14-22-07_2_engine_failure,carbonZ_2018-09-11-14-22-07_2_engine_failure-mavros-imu-temperature.csv,623.0,6.0,5.0,0.0
carbonZ_2018-09-11-14-22-07_2_engine_failure,carbonZ_2018-09-11-14-22-07_2_engine_failure-mavros-local_position-odom.csv,254.0,90.0,88.0,0.0
carbonZ_2018-09-11-14-22-07_2_engine_failure,carbonZ_2018-09-11-14-22-07_2_engine_failure-mavros-local_position-pose.csv,254.0,11.0,10.0,0.0
carbonZ_2018-09-11-14-22-07_2_engine_failure,carbonZ_2018-09-11-14-22-07_2_engine_failure-mavros-local_position-velocity.csv,254.0,10.0,9.0,0.0
carbonZ_2018-09-11-14-22-07_2_engine_failure,carbonZ_2018-09-11-14-22-07_2_engine_failure-mavros-nav_info-airspeed.csv,1144.0,6.0,5.0,0.0
carbonZ_2018-09-11-14-22-07_2_engine_failure,carbonZ_2018-09-11-14-22-07_2_engine_failure-mavros-nav_info-errors.csv,1175.0,8.0,7.0,0.0
carbonZ_2018-09-11-14-22-07_2_engine_failure,carbonZ_2018-09-11-14-22-07_2_engine_failure-mavros-nav_info-pitch.csv,1175.0,6.0,5.0,0.0
carbonZ_2018-09-11-14-22-07_2_engine_failure,carbonZ_2018-09-11-14-22-07_2_engine_failure-mavros-nav_info-roll.csv,1175.0,6.0,5.0,0.0
carbonZ_2018-09-11-14-22-07_2_engine_failure,carbonZ_2018-09-11-14-22-07_2_engine_failure-mavros-nav_info-yaw.csv,1175.0,6.0,5.0,0.0
carbonZ_2018-09-11-14-22-07_2_engine_failure,carbonZ_2018-09-11-14-22-07_2_engine_failure-mavros-rc-in.csv,182.0,21.0,21.0,0.047619
carbonZ_2018-09-11-14-22-07_2_engine_failure,carbonZ_2018-09-11-14-22-07_2_engine_failure-mavros-rc-out.csv,182.0,12.0,12.0,0.083333
carbonZ_2018-09-11-14-22-07_2_engine_failure,carbonZ_2018-09-11-14-22-07_2_engine_failure-mavros-setpoint_raw-local.csv,3114.0,17.0,17.0,0.0
carbonZ_2018-09-11-14-22-07_2_engine_failure,carbonZ_2018-09-11-14-22-07_2_engine_failure-mavros-setpoint_raw-target_global.csv,1145.0,17.0,17.0,0.058824
carbonZ_2018-09-11-14-22-07_2_engine_failure,carbonZ_2018-09-11-14-22-07_2_engine_failure-mavros-state.csv,63.0,9.0,8.0,0.111111
carbonZ_2018-09-11-14-22-07_2_engine_failure,carbonZ_2018-09-11-14-22-07_2_engine_failure-mavros-nav_info-velocity.csv,1145.0,11.0,10.0,0.0
carbonZ_2018-09-11-14-22-07_2_engine_failure,carbonZ_2018-09-11-14-22-07_2_engine_failure-mavros-time_reference.csv,131.0,6.0,5.0,0.166667
carbonZ_2018-09-11-14-22-07_2_engine_failure,carbonZ_2018-09-11-14-22-07_2_engine_failure-mavros-vfr_hud.csv,157.0,10.0,10.0,0.1
carbonZ_2018-09-11-14-22-07_2_engine_failure,carbonZ_2018-09-11-14-22-07_2_engine_failure-mavros-wind_estimation.csv,131.0,10.0,10.0,0.1
carbonZ_2018-09-11-14-41-38_no_failure,carbonZ_2018-09-11-14-41-38_no_failure-diagnostics.csv,33.0,122.0,35.0,0.008197
carbonZ_2018-09-11-14-41-38_no_failure,carbonZ_2018-09-11-14-41-38_no_failure-mavlink-from.csv,8708.0,21.0,17.0,0.132669
carbonZ_2018-09-11-14-41-38_no_failure,carbonZ_2018-09-11-14-41-38_no_failure-mavros-battery.csv,891.0,16.0,16.0,0.375
carbonZ_2018-09-11-14-41-38_no_failure,carbonZ_2018-09-11-14-41-38_no_failure-mavros-global_position-compass_hdg.csv,179.0,2.0,2.0,0.0
carbonZ_2018-09-11-14-41-38_no_failure,carbonZ_2018-09-11-14-41-38_no_failure-mavros-global_position-global.csv,179.0,19.0,18.0,0.0
carbonZ_2018-09-11-14-41-38_no_failure,carbonZ_2018-09-11-14-41-38_no_failure-mavros-global_position-local.csv,179.0,90.0,88.0,0.0
carbonZ_2018-09-11-14-41-38_no_failure,carbonZ_2018-09-11-14-41-38_no_failure-mavros-global_position-raw-fix.csv,217.0,19.0,18.0,0.0
carbonZ_2018-09-11-14-41-38_no_failure,carbonZ_2018-09-11-14-41-38_no_failure-mavros-global_position-rel_alt.csv,179.0,2.0,2.0,0.0
carbonZ_2018-09-11-14-41-38_no_failure,carbonZ_2018-09-11-14-41-38_no_failure-mavros-global_position-raw-gps_vel.csv,217.0,10.0,9.0,0.0
carbonZ_2018-09-11-14-41-38_no_failure,carbonZ_2018-09-11-14-41-38_no_failure-mavros-imu-atm_pressure.csv,433.0,6.0,5.0,0.0
carbonZ_2018-09-11-14-41-38_no_failure,carbonZ_2018-09-11-14-41-38_no_failure-mavros-imu-data.csv,112.0,41.0,40.0,0.0
carbonZ_2018-09-11-14-41-38_no_failure,carbonZ_2018-09-11-14-41-38_no_failure-mavros-imu-mag.csv,433.0,16.0,15.0,0.0
carbonZ_2018-09-11-14-41-38_no_failure,carbonZ_2018-09-11-14-41-38_no_failure-mavros-imu-data_raw.csv,433.0,41.0,40.0,0.0
carbonZ_2018-09-11-14-41-38_no_failure,carbonZ_2018-09-11-14-41-38_no_failure-mavros-imu-temperature.csv,433.0,6.0,5.0,0.0
carbonZ_2018-09-11-14-41-38_no_failure,carbonZ_2018-09-11-14-41-38_no_failure-mavros-local_position-odom.csv,179.0,90.0,88.0,0.0
carbonZ_2018-09-11-14-41-38_no_failure,carbonZ_2018-09-11-14-41-38_no_failure-mavros-local_position-pose.csv,179.0,11.0,10.0,0.0
carbonZ_2018-09-11-14-41-38_no_failure,carbonZ_2018-09-11-14-41-38_no_failure-mavros-local_position-velocity.csv,179.0,10.0,9.0,0.0
carbonZ_2018-09-11-14-41-38_no_failure,carbonZ_2018-09-11-14-41-38_no_failure-mavros-nav_info-airspeed.csv,833.0,6.0,5.0,0.0
carbonZ_2018-09-11-14-41-38_no_failure,carbonZ_2018-09-11-14-41-38_no_failure-mavros-nav_info-errors.csv,849.0,8.0,7.0,0.0
carbonZ_2018-09-11-14-41-38_no_failure,carbonZ_2018-09-11-14-41-38_no_failure-mavros-nav_info-pitch.csv,849.0,6.0,5.0,0.0
carbonZ_2018-09-11-14-41-38_no_failure,carbonZ_2018-09-11-14-41-38_no_failure-mavros-nav_info-roll.csv,848.0,6.0,5.0,0.0
carbonZ_2018-09-11-14-41-38_no_failure,carbonZ_2018-09-11-14-41-38_no_failure-mavros-nav_info-velocity.csv,833.0,11.0,10.0,0.0
carbonZ_2018-09-11-14-41-38_no_failure,carbonZ_2018-09-11-14-41-38_no_failure-mavros-nav_info-yaw.csv,849.0,6.0,5.0,0.0
carbonZ_2018-09-11-14-41-38_no_failure,carbonZ_2018-09-11-14-41-38_no_failure-mavros-rc-in.csv,131.0,21.0,21.0,0.047619
carbonZ_2018-09-11-14-41-38_no_failure,carbonZ_2018-09-11-14-41-38_no_failure-mavros-rc-out.csv,131.0,12.0,12.0,0.083333
carbonZ_2018-09-11-14-41-38_no_failure,carbonZ_2018-09-11-14-41-38_no_failure-mavros-setpoint_raw-target_global.csv,833.0,17.0,17.0,0.058824
carbonZ_2018-09-11-14-41-38_no_failure,carbonZ_2018-09-11-14-41-38_no_failure-mavros-state.csv,44.0,9.0,8.0,0.111111
carbonZ_2018-09-11-14-41-38_no_failure,carbonZ_2018-09-11-14-41-38_no_failure-mavros-time_reference.csv,93.0,6.0,5.0,0.166667
carbonZ_2018-09-11-14-41-38_no_failure,carbonZ_2018-09-11-14-41-38_no_failure-mavros-vfr_hud.csv,112.0,10.0,10.0,0.1
carbonZ_2018-09-11-14-41-38_no_failure,carbonZ_2018-09-11-14-41-38_no_failure-mavros-wind_estimation.csv,93.0,10.0,10.0,0.1
carbonZ_2018-09-11-14-41-51_elevator_failure,carbonZ_2018-09-11-14-41-51_elevator_failure-diagnostics.csv,100.0,122.0,35.0,0.008197
carbonZ_2018-09-11-14-41-51_elevator_failure,carbonZ_2018-09-11-14-41-51_elevator_failure-failure_status-elevator.csv,22.0,2.0,2.0,0.0
carbonZ_2018-09-11-14-41-51_elevator_failure,carbonZ_2018-09-11-14-41-51_elevator_failure-mavctrl-path_dev.csv,6423.0,4.0,4.0,0.0
carbonZ_2018-09-11-14-41-51_elevator_failure,carbonZ_2018-09-11-14-41-51_elevator_failure-mavctrl-rpy.csv,6423.0,4.0,4.0,0.0
carbonZ_2018-09-11-14-41-51_elevator_failure,carbonZ_2018-09-11-14-41-51_elevator_failure-mavros-battery.csv,2636.0,16.0,16.0,0.375
carbonZ_2018-09-11-14-41-51_elevator_failure,carbonZ_2018-09-11-14-41-51_elevator_failure-mavros-global_position-compass_hdg.csv,533.0,2.0,2.0,0.0
carbonZ_2018-09-11-14-41-51_elevator_failure,carbonZ_2018-09-11-14-41-51_elevator_failure-mavros-global_position-global.csv,533.0,19.0,18.0,0.0
carbonZ_2018-09-11-14-41-51_elevator_failure,carbonZ_2018-09-11-14-41-51_elevator_failure-mavros-global_position-local.csv,533.0,90.0,88.0,0.0
carbonZ_2018-09-11-14-41-51_elevator_failure,carbonZ_2018-09-11-14-41-51_elevator_failure-mavros-global_position-raw-fix.csv,643.0,19.0,18.0,0.0
carbonZ_2018-09-11-14-41-51_elevator_failure,carbonZ_2018-09-11-14-41-51_elevator_failure-mavros-global_position-raw-gps_vel.csv,643.0,10.0,9.0,0.0
carbonZ_2018-09-11-14-41-51_elevator_failure,carbonZ_2018-09-11-14-41-51_elevator_failure-mavros-global_position-rel_alt.csv,533.0,2.0,2.0,0.0
carbonZ_2018-09-11-14-41-51_elevator_failure,carbonZ_2018-09-11-14-41-51_elevator_failure-mavros-imu-atm_pressure.csv,1285.0,6.0,5.0,0.0
carbonZ_2018-09-11-14-41-51_elevator_failure,carbonZ_2018-09-11-14-41-51_elevator_failure-mavros-imu-data.csv,327.0,41.0,40.0,0.0
carbonZ_2018-09-11-14-41-51_elevator_failure,carbonZ_2018-09-11-14-41-51_elevator_failure-mavros-imu-data_raw.csv,1285.0,41.0,40.0,0.0
carbonZ_2018-09-11-14-41-51_elevator_failure,carbonZ_2018-09-11-14-41-51_elevator_failure-mavros-imu-mag.csv,1285.0,16.0,15.0,0.0
carbonZ_2018-09-11-14-41-51_elevator_failure,carbonZ_2018-09-11-14-41-51_elevator_failure-mavros-imu-temperature.csv,1285.0,6.0,5.0,0.0
carbonZ_2018-09-11-14-41-51_elevator_failure,carbonZ_2018-09-11-14-41-51_elevator_failure-mavros-local_position-odom.csv,533.0,90.0,88.0,0.0
carbonZ_2018-09-11-14-41-51_elevator_failure,carbonZ_2018-09-11-14-41-51_elevator_failure-mavros-local_position-pose.csv,533.0,11.0,10.0,0.0
carbonZ_2018-09-11-14-41-51_elevator_failure,carbonZ_2018-09-11-14-41-51_elevator_failure-mavros-local_position-velocity.csv,533.0,10.0,9.0,0.0
carbonZ_2018-09-11-14-41-51_elevator_failure,carbonZ_2018-09-11-14-41-51_elevator_failure-mavros-nav_info-airspeed.csv,2444.0,6.0,5.0,0.0
carbonZ_2018-09-11-14-41-51_elevator_failure,carbonZ_2018-09-11-14-41-51_elevator_failure-mavros-nav_info-errors.csv,2506.0,8.0,7.0,0.0
carbonZ_2018-09-11-14-41-51_elevator_failure,carbonZ_2018-09-11-14-41-51_elevator_failure-mavros-nav_info-pitch.csv,2506.0,6.0,5.0,0.0
carbonZ_2018-09-11-14-41-51_elevator_failure,carbonZ_2018-09-11-14-41-51_elevator_failure-mavros-nav_info-roll.csv,2506.0,6.0,5.0,0.0
carbonZ_2018-09-11-14-41-51_elevator_failure,carbonZ_2018-09-11-14-41-51_elevator_failure-mavros-nav_info-velocity.csv,2444.0,11.0,10.0,0.0
carbonZ_2018-09-11-14-41-51_elevator_failure,carbonZ_2018-09-11-14-41-51_elevator_failure-mavros-nav_info-yaw.csv,2506.0,6.0,5.0,0.0
carbonZ_2018-09-11-14-41-51_elevator_failure,carbonZ_2018-09-11-14-41-51_elevator_failure-mavros-rc-in.csv,386.0,21.0,21.0,0.047619
carbonZ_2018-09-11-14-41-51_elevator_failure,carbonZ_2018-09-11-14-41-51_elevator_failure-mavros-rc-out.csv,386.0,12.0,12.0,0.083333
carbonZ_2018-09-11-14-41-51_elevator_failure,carbonZ_2018-09-11-14-41-51_elevator_failure-mavros-setpoint_raw-local.csv,6415.0,17.0,17.0,0.0
carbonZ_2018-09-11-14-41-51_elevator_failure,carbonZ_2018-09-11-14-41-51_elevator_failure-mavros-setpoint_raw-target_global.csv,2444.0,17.0,17.0,0.058824
carbonZ_2018-09-11-14-41-51_elevator_failure,carbonZ_2018-09-11-14-41-51_elevator_failure-mavros-state.csv,129.0,9.0,8.0,0.111111
carbonZ_2018-09-11-14-41-51_elevator_failure,carbonZ_2018-09-11-14-41-51_elevator_failure-mavros-time_reference.csv,272.0,6.0,5.0,0.166667
carbonZ_2018-09-11-14-41-51_elevator_failure,carbonZ_2018-09-11-14-41-51_elevator_failure-mavros-vfr_hud.csv,327.0,10.0,10.0,0.1
carbonZ_2018-09-11-14-41-51_elevator_failure,carbonZ_2018-09-11-14-41-51_elevator_failure-mavros-wind_estimation.csv,272.0,10.0,10.0,0.1
carbonZ_2018-09-11-14-52-54_left_aileron__right_aileron__failure,carbonZ_2018-09-11-14-52-54_left_aileron__right_aileron__failure-diagnostics.csv,182.0,122.0,35.0,0.008197
carbonZ_2018-09-11-14-52-54_left_aileron__right_aileron__failure,carbonZ_2018-09-11-14-52-54_left_aileron__right_aileron__failure-failure_status-aileron.csv,257.0,2.0,2.0,0.0
carbonZ_2018-09-11-14-52-54_left_aileron__right_aileron__failure,carbonZ_2018-09-11-14-52-54_left_aileron__right_aileron__failure-mavctrl-rpy.csv,11669.0,4.0,4.0,0.0
carbonZ_2018-09-11-14-52-54_left_aileron__right_aileron__failure,carbonZ_2018-09-11-14-52-54_left_aileron__right_aileron__failure-mavctrl-path_dev.csv,11669.0,4.0,4.0,0.0
carbonZ_2018-09-11-14-52-54_left_aileron__right_aileron__failure,carbonZ_2018-09-11-14-52-54_left_aileron__right_aileron__failure-mavros-global_position-global.csv,957.0,19.0,18.0,0.0
carbonZ_2018-09-11-14-52-54_left_aileron__right_aileron__failure,carbonZ_2018-09-11-14-52-54_left_aileron__right_aileron__failure-mavros-battery.csv,4721.0,16.0,16.0,0.375
carbonZ_2018-09-11-14-52-54_left_aileron__right_aileron__failure,carbonZ_2018-09-11-14-52-54_left_aileron__right_aileron__failure-mavros-global_position-local.csv,957.0,90.0,88.0,0.0
carbonZ_2018-09-11-14-52-54_left_aileron__right_aileron__failure,carbonZ_2018-09-11-14-52-54_left_aileron__right_aileron__failure-mavros-global_position-compass_hdg.csv,957.0,2.0,2.0,0.0
carbonZ_2018-09-11-14-52-54_left_aileron__right_aileron__failure,carbonZ_2018-09-11-14-52-54_left_aileron__right_aileron__failure-mavros-global_position-raw-gps_vel.csv,1167.0,10.0,9.0,0.0
carbonZ_2018-09-11-14-52-54_left_aileron__right_aileron__failure,carbonZ_2018-09-11-14-52-54_left_aileron__right_aileron__failure-mavros-global_position-raw-fix.csv,1167.0,19.0,18.0,0.0
carbonZ_2018-09-11-14-52-54_left_aileron__right_aileron__failure,carbonZ_2018-09-11-14-52-54_left_aileron__right_aileron__failure-mavros-global_position-rel_alt.csv,957.0,2.0,2.0,0.0
carbonZ_2018-09-11-14-52-54_left_aileron__right_aileron__failure,carbonZ_2018-09-11-14-52-54_left_aileron__right_aileron__failure-mavros-imu-atm_pressure.csv,2334.0,6.0,5.0,0.0
carbonZ_2018-09-11-14-52-54_left_aileron__right_aileron__failure,carbonZ_2018-09-11-14-52-54_left_aileron__right_aileron__failure-mavros-imu-data.csv,574.0,41.0,40.0,0.0
carbonZ_2018-09-11-14-52-54_left_aileron__right_aileron__failure,carbonZ_2018-09-11-14-52-54_left_aileron__right_aileron__failure-mavros-imu-data_raw.csv,2334.0,41.0,40.0,0.0
carbonZ_2018-09-11-14-52-54_left_aileron__right_aileron__failure,carbonZ_2018-09-11-14-52-54_left_aileron__right_aileron__failure-mavros-imu-mag.csv,2334.0,16.0,15.0,0.0
carbonZ_2018-09-11-14-52-54_left_aileron__right_aileron__failure,carbonZ_2018-09-11-14-52-54_left_aileron__right_aileron__failure-mavros-imu-temperature.csv,2334.0,6.0,5.0,0.0
carbonZ_2018-09-11-14-52-54_left_aileron__right_aileron__failure,carbonZ_2018-09-11-14-52-54_left_aileron__right_aileron__failure-mavros-local_position-odom.csv,957.0,90.0,88.0,0.0
carbonZ_2018-09-11-14-52-54_left_aileron__right_aileron__failure,carbonZ_2018-09-11-14-52-54_left_aileron__right_aileron__failure-mavros-local_position-pose.csv,957.0,11.0,10.0,0.0
carbonZ_2018-09-11-14-52-54_left_aileron__right_aileron__failure,carbonZ_2018-09-11-14-52-54_left_aileron__right_aileron__failure-mavros-local_position-velocity.csv,957.0,10.0,9.0,0.0
carbonZ_2018-09-11-14-52-54_left_aileron__right_aileron__failure,carbonZ_2018-09-11-14-52-54_left_aileron__right_aileron__failure-mavros-nav_info-airspeed.csv,4348.0,6.0,5.0,0.0
carbonZ_2018-09-11-14-52-54_left_aileron__right_aileron__failure,carbonZ_2018-09-11-14-52-54_left_aileron__right_aileron__failure-mavros-nav_info-errors.csv,4440.0,8.0,7.0,0.0
carbonZ_2018-09-11-14-52-54_left_aileron__right_aileron__failure,carbonZ_2018-09-11-14-52-54_left_aileron__right_aileron__failure-mavros-nav_info-pitch.csv,4440.0,6.0,5.0,0.0
carbonZ_2018-09-11-14-52-54_left_aileron__right_aileron__failure,carbonZ_2018-09-11-14-52-54_left_aileron__right_aileron__failure-mavros-nav_info-roll.csv,4441.0,6.0,5.0,0.0
carbonZ_2018-09-11-14-52-54_left_aileron__right_aileron__failure,carbonZ_2018-09-11-14-52-54_left_aileron__right_aileron__failure-mavros-nav_info-velocity.csv,4348.0,11.0,10.0,0.0
carbonZ_2018-09-11-14-52-54_left_aileron__right_aileron__failure,carbonZ_2018-09-11-14-52-54_left_aileron__right_aileron__failure-mavros-nav_info-yaw.csv,4440.0,6.0,5.0,0.0
carbonZ_2018-09-11-14-52-54_left_aileron__right_aileron__failure,carbonZ_2018-09-11-14-52-54_left_aileron__right_aileron__failure-mavros-rc-in.csv,680.0,21.0,21.0,0.047619
carbonZ_2018-09-11-14-52-54_left_aileron__right_aileron__failure,carbonZ_2018-09-11-14-52-54_left_aileron__right_aileron__failure-mavros-rc-out.csv,680.0,12.0,12.0,0.083333
carbonZ_2018-09-11-14-52-54_left_aileron__right_aileron__failure,carbonZ_2018-09-11-14-52-54_left_aileron__right_aileron__failure-mavros-setpoint_raw-local.csv,11667.0,17.0,17.0,0.0
carbonZ_2018-09-11-14-52-54_left_aileron__right_aileron__failure,carbonZ_2018-09-11-14-52-54_left_aileron__right_aileron__failure-mavros-setpoint_raw-target_global.csv,4348.0,17.0,17.0,0.058824
carbonZ_2018-09-11-14-52-54_left_aileron__right_aileron__failure,carbonZ_2018-09-11-14-52-54_left_aileron__right_aileron__failure-mavros-state.csv,234.0,9.0,8.0,0.111111
carbonZ_2018-09-11-14-52-54_left_aileron__right_aileron__failure,carbonZ_2018-09-11-14-52-54_left_aileron__right_aileron__failure-mavros-time_reference.csv,477.0,6.0,5.0,0.166667
carbonZ_2018-09-11-14-52-54_left_aileron__right_aileron__failure,carbonZ_2018-09-11-14-52-54_left_aileron__right_aileron__failure-mavros-vfr_hud.csv,574.0,10.0,10.0,0.1
carbonZ_2018-09-11-14-52-54_left_aileron__right_aileron__failure,carbonZ_2018-09-11-14-52-54_left_aileron__right_aileron__failure-mavros-wind_estimation.csv,477.0,10.0,10.0,0.1
carbonZ_2018-09-11-15-05-11_1_elevator_failure,carbonZ_2018-09-11-15-05-11_1_elevator_failure-mavros-battery.csv,1544.0,16.0,16.0,0.375
carbonZ_2018-09-11-15-05-11_1_elevator_failure,carbonZ_2018-09-11-15-05-11_1_elevator_failure-diagnostics.csv,59.0,122.0,35.0,0.008197
carbonZ_2018-09-11-15-05-11_1_elevator_failure,carbonZ_2018-09-11-15-05-11_1_elevator_failure-mavros-global_position-compass_hdg.csv,311.0,2.0,2.0,0.0
carbonZ_2018-09-11-15-05-11_1_elevator_failure,carbonZ_2018-09-11-15-05-11_1_elevator_failure-failure_status-elevator.csv,26.0,2.0,2.0,0.0
carbonZ_2018-09-11-15-05-11_1_elevator_failure,carbonZ_2018-09-11-15-05-11_1_elevator_failure-mavctrl-rpy.csv,3809.0,4.0,4.0,0.0
carbonZ_2018-09-11-15-05-11_1_elevator_failure,carbonZ_2018-09-11-15-05-11_1_elevator_failure-mavctrl-path_dev.csv,3809.0,4.0,4.0,0.0
carbonZ_2018-09-11-15-05-11_1_elevator_failure,carbonZ_2018-09-11-15-05-11_1_elevator_failure-mavros-global_position-global.csv,311.0,19.0,18.0,0.0
carbonZ_2018-09-11-15-05-11_1_elevator_failure,carbonZ_2018-09-11-15-05-11_1_elevator_failure-mavros-global_position-local.csv,311.0,90.0,88.0,0.0
carbonZ_2018-09-11-15-05-11_1_elevator_failure,carbonZ_2018-09-11-15-05-11_1_elevator_failure-mavros-global_position-raw-fix.csv,381.0,19.0,18.0,0.0
carbonZ_2018-09-11-15-05-11_1_elevator_failure,carbonZ_2018-09-11-15-05-11_1_elevator_failure-mavros-global_position-raw-gps_vel.csv,381.0,10.0,9.0,0.0
carbonZ_2018-09-11-15-05-11_1_elevator_failure,carbonZ_2018-09-11-15-05-11_1_elevator_failure-mavros-global_position-rel_alt.csv,311.0,2.0,2.0,0.0
carbonZ_2018-09-11-15-05-11_1_elevator_failure,carbonZ_2018-09-11-15-05-11_1_elevator_failure-mavros-imu-atm_pressure.csv,762.0,6.0,5.0,0.0
carbonZ_2018-09-11-15-05-11_1_elevator_failure,carbonZ_2018-09-11-15-05-11_1_elevator_failure-mavros-imu-data.csv,197.0,41.0,40.0,0.0
carbonZ_2018-09-11-15-05-11_1_elevator_failure,carbonZ_2018-09-11-15-05-11_1_elevator_failure-mavros-imu-data_raw.csv,762.0,41.0,40.0,0.0
carbonZ_2018-09-11-15-05-11_1_elevator_failure,carbonZ_2018-09-11-15-05-11_1_elevator_failure-mavros-imu-mag.csv,762.0,16.0,15.0,0.0
carbonZ_2018-09-11-15-05-11_1_elevator_failure,carbonZ_2018-09-11-15-05-11_1_elevator_failure-mavros-imu-temperature.csv,762.0,6.0,5.0,0.0
carbonZ_2018-09-11-15-05-11_1_elevator_failure,carbonZ_2018-09-11-15-05-11_1_elevator_failure-mavros-local_position-odom.csv,311.0,90.0,88.0,0.0
carbonZ_2018-09-11-15-05-11_1_elevator_failure,carbonZ_2018-09-11-15-05-11_1_elevator_failure-mavros-local_position-velocity.csv,311.0,10.0,9.0,0.0
carbonZ_2018-09-11-15-05-11_1_elevator_failure,carbonZ_2018-09-11-15-05-11_1_elevator_failure-mavros-local_position-pose.csv,311.0,11.0,10.0,0.0
carbonZ_2018-09-11-15-05-11_1_elevator_failure,carbonZ_2018-09-11-15-05-11_1_elevator_failure-mavros-nav_info-airspeed.csv,1450.0,6.0,5.0,0.0
carbonZ_2018-09-11-15-05-11_1_elevator_failure,carbonZ_2018-09-11-15-05-11_1_elevator_failure-mavros-nav_info-errors.csv,1472.0,8.0,7.0,0.0
carbonZ_2018-09-11-15-05-11_1_elevator_failure,carbonZ_2018-09-11-15-05-11_1_elevator_failure-mavros-nav_info-pitch.csv,1472.0,6.0,5.0,0.0
carbonZ_2018-09-11-15-05-11_1_elevator_failure,carbonZ_2018-09-11-15-05-11_1_elevator_failure-mavros-nav_info-roll.csv,1472.0,6.0,5.0,0.0
carbonZ_2018-09-11-15-05-11_1_elevator_failure,carbonZ_2018-09-11-15-05-11_1_elevator_failure-mavros-nav_info-velocity.csv,1450.0,11.0,10.0,0.0
carbonZ_2018-09-11-15-05-11_1_elevator_failure,carbonZ_2018-09-11-15-05-11_1_elevator_failure-mavros-rc-in.csv,233.0,21.0,21.0,0.047619
carbonZ_2018-09-11-15-05-11_1_elevator_failure,carbonZ_2018-09-11-15-05-11_1_elevator_failure-mavros-nav_info-yaw.csv,1472.0,6.0,5.0,0.0
carbonZ_2018-09-11-15-05-11_1_elevator_failure,carbonZ_2018-09-11-15-05-11_1_elevator_failure-mavros-rc-out.csv,233.0,12.0,12.0,0.083333
carbonZ_2018-09-11-15-05-11_1_elevator_failure,carbonZ_2018-09-11-15-05-11_1_elevator_failure-mavros-setpoint_raw-local.csv,3805.0,17.0,17.0,0.0
carbonZ_2018-09-11-15-05-11_1_elevator_failure,carbonZ_2018-09-11-15-05-11_1_elevator_failure-mavros-setpoint_raw-target_global.csv,1450.0,17.0,17.0,0.058824
carbonZ_2018-09-11-15-05-11_1_elevator_failure,carbonZ_2018-09-11-15-05-11_1_elevator_failure-mavros-state.csv,77.0,9.0,8.0,0.111111
carbonZ_2018-09-11-15-05-11_1_elevator_failure,carbonZ_2018-09-11-15-05-11_1_elevator_failure-mavros-time_reference.csv,168.0,6.0,5.0,0.166667
carbonZ_2018-09-11-15-05-11_1_elevator_failure,carbonZ_2018-09-11-15-05-11_1_elevator_failure-mavros-vfr_hud.csv,198.0,10.0,10.0,0.1
carbonZ_2018-09-11-15-05-11_1_elevator_failure,carbonZ_2018-09-11-15-05-11_1_elevator_failure-mavros-wind_estimation.csv,168.0,10.0,10.0,0.1
carbonZ_2018-09-11-15-05-11_2_no_failure,carbonZ_2018-09-11-15-05-11_2_no_failure-diagnostics.csv,52.0,122.0,35.0,0.008197
carbonZ_2018-09-11-15-05-11_2_no_failure,carbonZ_2018-09-11-15-05-11_2_no_failure-mavctrl-path_dev.csv,3371.0,4.0,4.0,0.0
carbonZ_2018-09-11-15-05-11_2_no_failure,carbonZ_2018-09-11-15-05-11_2_no_failure-mavctrl-rpy.csv,3371.0,4.0,4.0,0.0
carbonZ_2018-09-11-15-05-11_2_no_failure,carbonZ_2018-09-11-15-05-11_2_no_failure-mavros-global_position-compass_hdg.csv,276.0,2.0,2.0,0.0
carbonZ_2018-09-11-15-05-11_2_no_failure,carbonZ_2018-09-11-15-05-11_2_no_failure-mavros-battery.csv,1366.0,16.0,16.0,0.375
carbonZ_2018-09-11-15-05-11_2_no_failure,carbonZ_2018-09-11-15-05-11_2_no_failure-mavros-global_position-global.csv,276.0,19.0,18.0,0.0
carbonZ_2018-09-11-15-05-11_2_no_failure,carbonZ_2018-09-11-15-05-11_2_no_failure-mavros-global_position-local.csv,276.0,90.0,88.0,0.0
carbonZ_2018-09-11-15-05-11_2_no_failure,carbonZ_2018-09-11-15-05-11_2_no_failure-mavros-global_position-raw-fix.csv,337.0,19.0,18.0,0.0
carbonZ_2018-09-11-15-05-11_2_no_failure,carbonZ_2018-09-11-15-05-11_2_no_failure-mavros-global_position-raw-gps_vel.csv,337.0,10.0,9.0,0.0
carbonZ_2018-09-11-15-05-11_2_no_failure,carbonZ_2018-09-11-15-05-11_2_no_failure-mavros-global_position-rel_alt.csv,276.0,2.0,2.0,0.0
carbonZ_2018-09-11-15-05-11_2_no_failure,carbonZ_2018-09-11-15-05-11_2_no_failure-mavros-imu-atm_pressure.csv,675.0,6.0,5.0,0.0
carbonZ_2018-09-11-15-05-11_2_no_failure,carbonZ_2018-09-11-15-05-11_2_no_failure-mavros-imu-data_raw.csv,675.0,41.0,40.0,0.0
carbonZ_2018-09-11-15-05-11_2_no_failure,carbonZ_2018-09-11-15-05-11_2_no_failure-mavros-imu-data.csv,174.0,41.0,40.0,0.0
carbonZ_2018-09-11-15-05-11_2_no_failure,carbonZ_2018-09-11-15-05-11_2_no_failure-mavros-imu-mag.csv,675.0,16.0,15.0,0.0
carbonZ_2018-09-11-15-05-11_2_no_failure,carbonZ_2018-09-11-15-05-11_2_no_failure-mavros-imu-temperature.csv,675.0,6.0,5.0,0.0
carbonZ_2018-09-11-15-05-11_2_no_failure,carbonZ_2018-09-11-15-05-11_2_no_failure-mavros-local_position-odom.csv,276.0,90.0,88.0,0.0
carbonZ_2018-09-11-15-05-11_2_no_failure,carbonZ_2018-09-11-15-05-11_2_no_failure-mavros-local_position-pose.csv,276.0,11.0,10.0,0.0
carbonZ_2018-09-11-15-05-11_2_no_failure,carbonZ_2018-09-11-15-05-11_2_no_failure-mavros-local_position-velocity.csv,276.0,10.0,9.0,0.0
carbonZ_2018-09-11-15-05-11_2_no_failure,carbonZ_2018-09-11-15-05-11_2_no_failure-mavros-nav_info-airspeed.csv,1294.0,6.0,5.0,0.0
carbonZ_2018-09-11-15-05-11_2_no_failure,carbonZ_2018-09-11-15-05-11_2_no_failure-mavros-nav_info-errors.csv,1320.0,8.0,7.0,0.0
carbonZ_2018-09-11-15-05-11_2_no_failure,carbonZ_2018-09-11-15-05-11_2_no_failure-mavros-nav_info-pitch.csv,1320.0,6.0,5.0,0.0
carbonZ_2018-09-11-15-05-11_2_no_failure,carbonZ_2018-09-11-15-05-11_2_no_failure-mavros-nav_info-roll.csv,1320.0,6.0,5.0,0.0
carbonZ_2018-09-11-15-05-11_2_no_failure,carbonZ_2018-09-11-15-05-11_2_no_failure-mavros-nav_info-velocity.csv,1294.0,11.0,10.0,0.0
carbonZ_2018-09-11-15-05-11_2_no_failure,carbonZ_2018-09-11-15-05-11_2_no_failure-mavros-nav_info-yaw.csv,1320.0,6.0,5.0,0.0
carbonZ_2018-09-11-15-05-11_2_no_failure,carbonZ_2018-09-11-15-05-11_2_no_failure-mavros-rc-in.csv,204.0,21.0,21.0,0.047619
carbonZ_2018-09-11-15-05-11_2_no_failure,carbonZ_2018-09-11-15-05-11_2_no_failure-mavros-rc-out.csv,204.0,12.0,12.0,0.083333
carbonZ_2018-09-11-15-05-11_2_no_failure,carbonZ_2018-09-11-15-05-11_2_no_failure-mavros-setpoint_raw-local.csv,3366.0,17.0,17.0,0.0
carbonZ_2018-09-11-15-05-11_2_no_failure,carbonZ_2018-09-11-15-05-11_2_no_failure-mavros-setpoint_raw-target_global.csv,1294.0,17.0,17.0,0.058824
carbonZ_2018-09-11-15-05-11_2_no_failure,carbonZ_2018-09-11-15-05-11_2_no_failure-mavros-state.csv,68.0,9.0,8.0,0.111111
carbonZ_2018-09-11-15-05-11_2_no_failure,carbonZ_2018-09-11-15-05-11_2_no_failure-mavros-time_reference.csv,147.0,6.0,5.0,0.166667
carbonZ_2018-09-11-15-05-11_2_no_failure,carbonZ_2018-09-11-15-05-11_2_no_failure-mavros-wind_estimation.csv,147.0,10.0,10.0,0.1
carbonZ_2018-09-11-15-05-11_2_no_failure,carbonZ_2018-09-11-15-05-11_2_no_failure-mavros-vfr_hud.csv,174.0,10.0,10.0,0.1
carbonZ_2018-09-11-15-06-34_1_rudder_right_failure,carbonZ_2018-09-11-15-06-34_1_rudder_right_failure-diagnostics.csv,54.0,122.0,35.0,0.008197
carbonZ_2018-09-11-15-06-34_1_rudder_right_failure,carbonZ_2018-09-11-15-06-34_1_rudder_right_failure-failure_status-rudder.csv,30.0,2.0,2.0,0.0
carbonZ_2018-09-11-15-06-34_1_rudder_right_failure,carbonZ_2018-09-11-15-06-34_1_rudder_right_failure-mavctrl-path_dev.csv,3514.0,4.0,4.0,0.0
carbonZ_2018-09-11-15-06-34_1_rudder_right_failure,carbonZ_2018-09-11-15-06-34_1_rudder_right_failure-mavctrl-rpy.csv,3514.0,4.0,4.0,0.0
carbonZ_2018-09-11-15-06-34_1_rudder_right_failure,carbonZ_2018-09-11-15-06-34_1_rudder_right_failure-mavros-battery.csv,1440.0,16.0,16.0,0.375
carbonZ_2018-09-11-15-06-34_1_rudder_right_failure,carbonZ_2018-09-11-15-06-34_1_rudder_right_failure-mavros-global_position-compass_hdg.csv,292.0,2.0,2.0,0.0
carbonZ_2018-09-11-15-06-34_1_rudder_right_failure,carbonZ_2018-09-11-15-06-34_1_rudder_right_failure-mavros-global_position-global.csv,292.0,19.0,18.0,0.0
carbonZ_2018-09-11-15-06-34_1_rudder_right_failure,carbonZ_2018-09-11-15-06-34_1_rudder_right_failure-mavros-global_position-local.csv,292.0,90.0,88.0,0.0
carbonZ_2018-09-11-15-06-34_1_rudder_right_failure,carbonZ_2018-09-11-15-06-34_1_rudder_right_failure-mavros-global_position-raw-fix.csv,352.0,19.0,18.0,0.0
carbonZ_2018-09-11-15-06-34_1_rudder_right_failure,carbonZ_2018-09-11-15-06-34_1_rudder_right_failure-mavros-global_position-raw-gps_vel.csv,352.0,10.0,9.0,0.0
carbonZ_2018-09-11-15-06-34_1_rudder_right_failure,carbonZ_2018-09-11-15-06-34_1_rudder_right_failure-mavros-global_position-rel_alt.csv,292.0,2.0,2.0,0.0
carbonZ_2018-09-11-15-06-34_1_rudder_right_failure,carbonZ_2018-09-11-15-06-34_1_rudder_right_failure-mavros-imu-atm_pressure.csv,703.0,6.0,5.0,0.0
carbonZ_2018-09-11-15-06-34_1_rudder_right_failure,carbonZ_2018-09-11-15-06-34_1_rudder_right_failure-mavros-imu-data.csv,177.0,41.0,40.0,0.0
carbonZ_2018-09-11-15-06-34_1_rudder_right_failure,carbonZ_2018-09-11-15-06-34_1_rudder_right_failure-mavros-imu-data_raw.csv,703.0,41.0,40.0,0.0
carbonZ_2018-09-11-15-06-34_1_rudder_right_failure,carbonZ_2018-09-11-15-06-34_1_rudder_right_failure-mavros-imu-mag.csv,703.0,16.0,15.0,0.0
carbonZ_2018-09-11-15-06-34_1_rudder_right_failure,carbonZ_2018-09-11-15-06-34_1_rudder_right_failure-mavros-imu-temperature.csv,703.0,6.0,5.0,0.0
carbonZ_2018-09-11-15-06-34_1_rudder_right_failure,carbonZ_2018-09-11-15-06-34_1_rudder_right_failure-mavros-local_position-odom.csv,292.0,90.0,88.0,0.0
carbonZ_2018-09-11-15-06-34_1_rudder_right_failure,carbonZ_2018-09-11-15-06-34_1_rudder_right_failure-mavros-local_position-pose.csv,292.0,11.0,10.0,0.0
carbonZ_2018-09-11-15-06-34_1_rudder_right_failure,carbonZ_2018-09-11-15-06-34_1_rudder_right_failure-mavros-local_position-velocity.csv,292.0,10.0,9.0,0.0
carbonZ_2018-09-11-15-06-34_1_rudder_right_failure,carbonZ_2018-09-11-15-06-34_1_rudder_right_failure-mavros-nav_info-airspeed.csv,1335.0,6.0,5.0,0.0
carbonZ_2018-09-11-15-06-34_1_rudder_right_failure,carbonZ_2018-09-11-15-06-34_1_rudder_right_failure-mavros-nav_info-errors.csv,1367.0,8.0,7.0,0.0
carbonZ_2018-09-11-15-06-34_1_rudder_right_failure,carbonZ_2018-09-11-15-06-34_1_rudder_right_failure-mavros-nav_info-pitch.csv,1367.0,6.0,5.0,0.0
carbonZ_2018-09-11-15-06-34_1_rudder_right_failure,carbonZ_2018-09-11-15-06-34_1_rudder_right_failure-mavros-nav_info-roll.csv,1367.0,6.0,5.0,0.0
carbonZ_2018-09-11-15-06-34_1_rudder_right_failure,carbonZ_2018-09-11-15-06-34_1_rudder_right_failure-mavros-nav_info-velocity.csv,1335.0,11.0,10.0,0.0
carbonZ_2018-09-11-15-06-34_1_rudder_right_failure,carbonZ_2018-09-11-15-06-34_1_rudder_right_failure-mavros-nav_info-yaw.csv,1367.0,6.0,5.0,0.0
carbonZ_2018-09-11-15-06-34_1_rudder_right_failure,carbonZ_2018-09-11-15-06-34_1_rudder_right_failure-mavros-rc-in.csv,209.0,21.0,21.0,0.047619
carbonZ_2018-09-11-15-06-34_1_rudder_right_failure,carbonZ_2018-09-11-15-06-34_1_rudder_right_failure-mavros-rc-out.csv,208.0,12.0,12.0,0.083333
carbonZ_2018-09-11-15-06-34_1_rudder_right_failure,carbonZ_2018-09-11-15-06-34_1_rudder_right_failure-mavros-setpoint_raw-local.csv,3508.0,17.0,17.0,0.0
carbonZ_2018-09-11-15-06-34_1_rudder_right_failure,carbonZ_2018-09-11-15-06-34_1_rudder_right_failure-mavros-setpoint_raw-target_global.csv,1335.0,17.0,17.0,0.058824
carbonZ_2018-09-11-15-06-34_1_rudder_right_failure,carbonZ_2018-09-11-15-06-34_1_rudder_right_failure-mavros-state.csv,71.0,9.0,8.0,0.111111
carbonZ_2018-09-11-15-06-34_1_rudder_right_failure,carbonZ_2018-09-11-15-06-34_1_rudder_right_failure-mavros-vfr_hud.csv,177.0,10.0,10.0,0.1
carbonZ_2018-09-11-15-06-34_1_rudder_right_failure,carbonZ_2018-09-11-15-06-34_1_rudder_right_failure-mavros-time_reference.csv,147.0,6.0,5.0,0.166667
carbonZ_2018-09-11-15-06-34_1_rudder_right_failure,carbonZ_2018-09-11-15-06-34_1_rudder_right_failure-mavros-wind_estimation.csv,147.0,10.0,10.0,0.1
carbonZ_2018-09-11-15-06-34_2_rudder_right_failure,carbonZ_2018-09-11-15-06-34_2_rudder_right_failure-diagnostics.csv,51.0,122.0,35.0,0.008197
carbonZ_2018-09-11-15-06-34_2_rudder_right_failure,carbonZ_2018-09-11-15-06-34_2_rudder_right_failure-failure_status-rudder.csv,35.0,2.0,2.0,0.0
carbonZ_2018-09-11-15-06-34_2_rudder_right_failure,carbonZ_2018-09-11-15-06-34_2_rudder_right_failure-mavctrl-path_dev.csv,2984.0,4.0,4.0,0.0
carbonZ_2018-09-11-15-06-34_2_rudder_right_failure,carbonZ_2018-09-11-15-06-34_2_rudder_right_failure-mavctrl-rpy.csv,2984.0,4.0,4.0,0.0
carbonZ_2018-09-11-15-06-34_2_rudder_right_failure,carbonZ_2018-09-11-15-06-34_2_rudder_right_failure-mavros-global_position-compass_hdg.csv,286.0,2.0,2.0,0.0
carbonZ_2018-09-11-15-06-34_2_rudder_right_failure,carbonZ_2018-09-11-15-06-34_2_rudder_right_failure-mavros-battery.csv,1413.0,16.0,16.0,0.375
carbonZ_2018-09-11-15-06-34_2_rudder_right_failure,carbonZ_2018-09-11-15-06-34_2_rudder_right_failure-mavros-global_position-global.csv,286.0,19.0,18.0,0.0
carbonZ_2018-09-11-15-06-34_2_rudder_right_failure,carbonZ_2018-09-11-15-06-34_2_rudder_right_failure-mavros-global_position-local.csv,286.0,90.0,88.0,0.0
carbonZ_2018-09-11-15-06-34_2_rudder_right_failure,carbonZ_2018-09-11-15-06-34_2_rudder_right_failure-mavros-global_position-raw-fix.csv,346.0,19.0,18.0,0.0
carbonZ_2018-09-11-15-06-34_2_rudder_right_failure,carbonZ_2018-09-11-15-06-34_2_rudder_right_failure-mavros-global_position-raw-gps_vel.csv,346.0,10.0,9.0,0.0
carbonZ_2018-09-11-15-06-34_2_rudder_right_failure,carbonZ_2018-09-11-15-06-34_2_rudder_right_failure-mavros-imu-atm_pressure.csv,693.0,6.0,5.0,0.0
carbonZ_2018-09-11-15-06-34_2_rudder_right_failure,carbonZ_2018-09-11-15-06-34_2_rudder_right_failure-mavros-imu-data.csv,178.0,41.0,40.0,0.0
carbonZ_2018-09-11-15-06-34_2_rudder_right_failure,carbonZ_2018-09-11-15-06-34_2_rudder_right_failure-mavros-imu-data_raw.csv,693.0,41.0,40.0,0.0
carbonZ_2018-09-11-15-06-34_2_rudder_right_failure,carbonZ_2018-09-11-15-06-34_2_rudder_right_failure-mavros-imu-mag.csv,693.0,16.0,15.0,0.0
carbonZ_2018-09-11-15-06-34_2_rudder_right_failure,carbonZ_2018-09-11-15-06-34_2_rudder_right_failure-mavros-global_position-rel_alt.csv,286.0,2.0,2.0,0.0
carbonZ_2018-09-11-15-06-34_2_rudder_right_failure,carbonZ_2018-09-11-15-06-34_2_rudder_right_failure-mavros-imu-temperature.csv,693.0,6.0,5.0,0.0
carbonZ_2018-09-11-15-06-34_2_rudder_right_failure,carbonZ_2018-09-11-15-06-34_2_rudder_right_failure-mavros-local_position-odom.csv,286.0,90.0,88.0,0.0
carbonZ_2018-09-11-15-06-34_2_rudder_right_failure,carbonZ_2018-09-11-15-06-34_2_rudder_right_failure-mavros-local_position-pose.csv,286.0,11.0,10.0,0.0
carbonZ_2018-09-11-15-06-34_2_rudder_right_failure,carbonZ_2018-09-11-15-06-34_2_rudder_right_failure-mavros-local_position-velocity.csv,286.0,10.0,9.0,0.0
carbonZ_2018-09-11-15-06-34_2_rudder_right_failure,carbonZ_2018-09-11-15-06-34_2_rudder_right_failure-mavros-nav_info-airspeed.csv,1303.0,6.0,5.0,0.0
carbonZ_2018-09-11-15-06-34_2_rudder_right_failure,carbonZ_2018-09-11-15-06-34_2_rudder_right_failure-mavros-nav_info-errors.csv,1330.0,8.0,7.0,0.0
carbonZ_2018-09-11-15-06-34_2_rudder_right_failure,carbonZ_2018-09-11-15-06-34_2_rudder_right_failure-mavros-nav_info-pitch.csv,1330.0,6.0,5.0,0.0
carbonZ_2018-09-11-15-06-34_2_rudder_right_failure,carbonZ_2018-09-11-15-06-34_2_rudder_right_failure-mavros-nav_info-roll.csv,1330.0,6.0,5.0,0.0
carbonZ_2018-09-11-15-06-34_2_rudder_right_failure,carbonZ_2018-09-11-15-06-34_2_rudder_right_failure-mavros-nav_info-velocity.csv,1303.0,11.0,10.0,0.0
carbonZ_2018-09-11-15-06-34_2_rudder_right_failure,carbonZ_2018-09-11-15-06-34_2_rudder_right_failure-mavros-nav_info-yaw.csv,1330.0,6.0,5.0,0.0
carbonZ_2018-09-11-15-06-34_2_rudder_right_failure,carbonZ_2018-09-11-15-06-34_2_rudder_right_failure-mavros-rc-in.csv,208.0,21.0,21.0,0.047619
carbonZ_2018-09-11-15-06-34_2_rudder_right_failure,carbonZ_2018-09-11-15-06-34_2_rudder_right_failure-mavros-rc-out.csv,208.0,12.0,12.0,0.083333
carbonZ_2018-09-11-15-06-34_2_rudder_right_failure,carbonZ_2018-09-11-15-06-34_2_rudder_right_failure-mavros-setpoint_raw-local.csv,2980.0,17.0,17.0,0.0
carbonZ_2018-09-11-15-06-34_2_rudder_right_failure,carbonZ_2018-09-11-15-06-34_2_rudder_right_failure-mavros-setpoint_raw-target_global.csv,1303.0,17.0,17.0,0.058824
carbonZ_2018-09-11-15-06-34_2_rudder_right_failure,carbonZ_2018-09-11-15-06-34_2_rudder_right_failure-mavros-state.csv,70.0,9.0,8.0,0.111111
carbonZ_2018-09-11-15-06-34_2_rudder_right_failure,carbonZ_2018-09-11-15-06-34_2_rudder_right_failure-mavros-time_reference.csv,147.0,6.0,5.0,0.166667
carbonZ_2018-09-11-15-06-34_2_rudder_right_failure,carbonZ_2018-09-11-15-06-34_2_rudder_right_failure-mavros-vfr_hud.csv,178.0,10.0,10.0,0.1
carbonZ_2018-09-11-15-06-34_2_rudder_right_failure,carbonZ_2018-09-11-15-06-34_2_rudder_right_failure-mavros-wind_estimation.csv,147.0,10.0,10.0,0.1
carbonZ_2018-09-11-15-06-34_3_rudder_left_failure,carbonZ_2018-09-11-15-06-34_3_rudder_left_failure-diagnostics.csv,52.0,122.0,35.0,0.008197
carbonZ_2018-09-11-15-06-34_3_rudder_left_failure,carbonZ_2018-09-11-15-06-34_3_rudder_left_failure-failure_status-rudder.csv,19.0,2.0,2.0,0.0
carbonZ_2018-09-11-15-06-34_3_rudder_left_failure,carbonZ_2018-09-11-15-06-34_3_rudder_left_failure-mavros-global_position-local.csv,288.0,90.0,88.0,0.0
carbonZ_2018-09-11-15-06-34_3_rudder_left_failure,carbonZ_2018-09-11-15-06-34_3_rudder_left_failure-mavros-battery.csv,1429.0,16.0,16.0,0.375
carbonZ_2018-09-11-15-06-34_3_rudder_left_failure,carbonZ_2018-09-11-15-06-34_3_rudder_left_failure-mavros-global_position-compass_hdg.csv,288.0,2.0,2.0,0.0
carbonZ_2018-09-11-15-06-34_3_rudder_left_failure,carbonZ_2018-09-11-15-06-34_3_rudder_left_failure-mavros-global_position-global.csv,288.0,19.0,18.0,0.0
carbonZ_2018-09-11-15-06-34_3_rudder_left_failure,carbonZ_2018-09-11-15-06-34_3_rudder_left_failure-mavros-global_position-raw-fix.csv,347.0,19.0,18.0,0.0
carbonZ_2018-09-11-15-06-34_3_rudder_left_failure,carbonZ_2018-09-11-15-06-34_3_rudder_left_failure-mavros-global_position-raw-gps_vel.csv,347.0,10.0,9.0,0.0
carbonZ_2018-09-11-15-06-34_3_rudder_left_failure,carbonZ_2018-09-11-15-06-34_3_rudder_left_failure-mavros-global_position-rel_alt.csv,288.0,2.0,2.0,0.0
carbonZ_2018-09-11-15-06-34_3_rudder_left_failure,carbonZ_2018-09-11-15-06-34_3_rudder_left_failure-mavros-imu-atm_pressure.csv,694.0,6.0,5.0,0.0
carbonZ_2018-09-11-15-06-34_3_rudder_left_failure,carbonZ_2018-09-11-15-06-34_3_rudder_left_failure-mavros-imu-data.csv,181.0,41.0,40.0,0.0
carbonZ_2018-09-11-15-06-34_3_rudder_left_failure,carbonZ_2018-09-11-15-06-34_3_rudder_left_failure-mavros-imu-data_raw.csv,694.0,41.0,40.0,0.0
carbonZ_2018-09-11-15-06-34_3_rudder_left_failure,carbonZ_2018-09-11-15-06-34_3_rudder_left_failure-mavros-imu-mag.csv,694.0,16.0,15.0,0.0
carbonZ_2018-09-11-15-06-34_3_rudder_left_failure,carbonZ_2018-09-11-15-06-34_3_rudder_left_failure-mavros-imu-temperature.csv,694.0,6.0,5.0,0.0
carbonZ_2018-09-11-15-06-34_3_rudder_left_failure,carbonZ_2018-09-11-15-06-34_3_rudder_left_failure-mavros-local_position-odom.csv,288.0,90.0,88.0,0.0
carbonZ_2018-09-11-15-06-34_3_rudder_left_failure,carbonZ_2018-09-11-15-06-34_3_rudder_left_failure-mavros-local_position-pose.csv,288.0,11.0,10.0,0.0
carbonZ_2018-09-11-15-06-34_3_rudder_left_failure,carbonZ_2018-09-11-15-06-34_3_rudder_left_failure-mavros-local_position-velocity.csv,288.0,10.0,9.0,0.0
carbonZ_2018-09-11-15-06-34_3_rudder_left_failure,carbonZ_2018-09-11-15-06-34_3_rudder_left_failure-mavros-nav_info-airspeed.csv,1341.0,6.0,5.0,0.0
carbonZ_2018-09-11-15-06-34_3_rudder_left_failure,carbonZ_2018-09-11-15-06-34_3_rudder_left_failure-mavros-nav_info-errors.csv,1367.0,8.0,7.0,0.0
carbonZ_2018-09-11-15-06-34_3_rudder_left_failure,carbonZ_2018-09-11-15-06-34_3_rudder_left_failure-mavros-nav_info-pitch.csv,1367.0,6.0,5.0,0.0
carbonZ_2018-09-11-15-06-34_3_rudder_left_failure,carbonZ_2018-09-11-15-06-34_3_rudder_left_failure-mavros-nav_info-roll.csv,1367.0,6.0,5.0,0.0
carbonZ_2018-09-11-15-06-34_3_rudder_left_failure,carbonZ_2018-09-11-15-06-34_3_rudder_left_failure-mavros-nav_info-velocity.csv,1341.0,11.0,10.0,0.0
carbonZ_2018-09-11-15-06-34_3_rudder_left_failure,carbonZ_2018-09-11-15-06-34_3_rudder_left_failure-mavros-nav_info-yaw.csv,1367.0,6.0,5.0,0.0
carbonZ_2018-09-11-15-06-34_3_rudder_left_failure,carbonZ_2018-09-11-15-06-34_3_rudder_left_failure-mavros-rc-in.csv,211.0,21.0,21.0,0.047619
carbonZ_2018-09-11-15-06-34_3_rudder_left_failure,carbonZ_2018-09-11-15-06-34_3_rudder_left_failure-mavros-rc-out.csv,211.0,12.0,12.0,0.083333
carbonZ_2018-09-11-15-06-34_3_rudder_left_failure,carbonZ_2018-09-11-15-06-34_3_rudder_left_failure-mavros-setpoint_raw-target_global.csv,1341.0,17.0,17.0,0.058824
carbonZ_2018-09-11-15-06-34_3_rudder_left_failure,carbonZ_2018-09-11-15-06-34_3_rudder_left_failure-mavros-state.csv,70.0,9.0,8.0,0.111111
carbonZ_2018-09-11-15-06-34_3_rudder_left_failure,carbonZ_2018-09-11-15-06-34_3_rudder_left_failure-mavros-time_reference.csv,150.0,6.0,5.0,0.166667
carbonZ_2018-09-11-15-06-34_3_rudder_left_failure,carbonZ_2018-09-11-15-06-34_3_rudder_left_failure-mavros-vfr_hud.csv,181.0,10.0,10.0,0.1
carbonZ_2018-09-11-15-06-34_3_rudder_left_failure,carbonZ_2018-09-11-15-06-34_3_rudder_left_failure-mavros-wind_estimation.csv,150.0,10.0,10.0,0.1
carbonZ_2018-09-11-17-27-13_1_rudder_zero__left_aileron_failure,carbonZ_2018-09-11-17-27-13_1_rudder_zero__left_aileron_failure-diagnostics.csv,112.0,122.0,35.0,0.008197
carbonZ_2018-09-11-17-27-13_1_rudder_zero__left_aileron_failure,carbonZ_2018-09-11-17-27-13_1_rudder_zero__left_aileron_failure-failure_status-aileron.csv,55.0,2.0,2.0,0.0
carbonZ_2018-09-11-17-27-13_1_rudder_zero__left_aileron_failure,carbonZ_2018-09-11-17-27-13_1_rudder_zero__left_aileron_failure-failure_status-rudder.csv,55.0,2.0,2.0,0.0
carbonZ_2018-09-11-17-27-13_1_rudder_zero__left_aileron_failure,carbonZ_2018-09-11-17-27-13_1_rudder_zero__left_aileron_failure-mavctrl-path_dev.csv,7174.0,4.0,4.0,0.0
carbonZ_2018-09-11-17-27-13_1_rudder_zero__left_aileron_failure,carbonZ_2018-09-11-17-27-13_1_rudder_zero__left_aileron_failure-mavctrl-rpy.csv,7174.0,4.0,4.0,0.0
carbonZ_2018-09-11-17-27-13_1_rudder_zero__left_aileron_failure,carbonZ_2018-09-11-17-27-13_1_rudder_zero__left_aileron_failure-mavros-battery.csv,2952.0,16.0,16.0,0.375
carbonZ_2018-09-11-17-27-13_1_rudder_zero__left_aileron_failure,carbonZ_2018-09-11-17-27-13_1_rudder_zero__left_aileron_failure-mavros-global_position-compass_hdg.csv,595.0,2.0,2.0,0.0
carbonZ_2018-09-11-17-27-13_1_rudder_zero__left_aileron_failure,carbonZ_2018-09-11-17-27-13_1_rudder_zero__left_aileron_failure-mavros-global_position-global.csv,595.0,19.0,18.0,0.0
carbonZ_2018-09-11-17-27-13_1_rudder_zero__left_aileron_failure,carbonZ_2018-09-11-17-27-13_1_rudder_zero__left_aileron_failure-mavros-global_position-local.csv,595.0,90.0,88.0,0.0
carbonZ_2018-09-11-17-27-13_1_rudder_zero__left_aileron_failure,carbonZ_2018-09-11-17-27-13_1_rudder_zero__left_aileron_failure-mavros-global_position-raw-fix.csv,718.0,19.0,18.0,0.0
carbonZ_2018-09-11-17-27-13_1_rudder_zero__left_aileron_failure,carbonZ_2018-09-11-17-27-13_1_rudder_zero__left_aileron_failure-mavros-global_position-raw-gps_vel.csv,718.0,10.0,9.0,0.0
carbonZ_2018-09-11-17-27-13_1_rudder_zero__left_aileron_failure,carbonZ_2018-09-11-17-27-13_1_rudder_zero__left_aileron_failure-mavros-global_position-rel_alt.csv,595.0,2.0,2.0,0.0
carbonZ_2018-09-11-17-27-13_1_rudder_zero__left_aileron_failure,carbonZ_2018-09-11-17-27-13_1_rudder_zero__left_aileron_failure-mavros-imu-atm_pressure.csv,1434.0,6.0,5.0,0.0
carbonZ_2018-09-11-17-27-13_1_rudder_zero__left_aileron_failure,carbonZ_2018-09-11-17-27-13_1_rudder_zero__left_aileron_failure-mavros-imu-data.csv,372.0,41.0,40.0,0.0
carbonZ_2018-09-11-17-27-13_1_rudder_zero__left_aileron_failure,carbonZ_2018-09-11-17-27-13_1_rudder_zero__left_aileron_failure-mavros-imu-data_raw.csv,1435.0,41.0,40.0,0.0
carbonZ_2018-09-11-17-27-13_1_rudder_zero__left_aileron_failure,carbonZ_2018-09-11-17-27-13_1_rudder_zero__left_aileron_failure-mavros-imu-mag.csv,1435.0,16.0,15.0,0.0
carbonZ_2018-09-11-17-27-13_1_rudder_zero__left_aileron_failure,carbonZ_2018-09-11-17-27-13_1_rudder_zero__left_aileron_failure-mavros-imu-temperature.csv,1434.0,6.0,5.0,0.0
carbonZ_2018-09-11-17-27-13_1_rudder_zero__left_aileron_failure,carbonZ_2018-09-11-17-27-13_1_rudder_zero__left_aileron_failure-mavros-local_position-odom.csv,595.0,90.0,88.0,0.0
carbonZ_2018-09-11-17-27-13_1_rudder_zero__left_aileron_failure,carbonZ_2018-09-11-17-27-13_1_rudder_zero__left_aileron_failure-mavros-local_position-pose.csv,595.0,11.0,10.0,0.0
carbonZ_2018-09-11-17-27-13_1_rudder_zero__left_aileron_failure,carbonZ_2018-09-11-17-27-13_1_rudder_zero__left_aileron_failure-mavros-local_position-velocity.csv,595.0,10.0,9.0,0.0
carbonZ_2018-09-11-17-27-13_1_rudder_zero__left_aileron_failure,carbonZ_2018-09-11-17-27-13_1_rudder_zero__left_aileron_failure-mavros-nav_info-airspeed.csv,2771.0,6.0,5.0,0.0
carbonZ_2018-09-11-17-27-13_1_rudder_zero__left_aileron_failure,carbonZ_2018-09-11-17-27-13_1_rudder_zero__left_aileron_failure-mavros-nav_info-errors.csv,2821.0,8.0,7.0,0.0
carbonZ_2018-09-11-17-27-13_1_rudder_zero__left_aileron_failure,carbonZ_2018-09-11-17-27-13_1_rudder_zero__left_aileron_failure-mavros-nav_info-pitch.csv,2821.0,6.0,5.0,0.0
carbonZ_2018-09-11-17-27-13_1_rudder_zero__left_aileron_failure,carbonZ_2018-09-11-17-27-13_1_rudder_zero__left_aileron_failure-mavros-nav_info-roll.csv,2821.0,6.0,5.0,0.0
carbonZ_2018-09-11-17-27-13_1_rudder_zero__left_aileron_failure,carbonZ_2018-09-11-17-27-13_1_rudder_zero__left_aileron_failure-mavros-nav_info-velocity.csv,2771.0,11.0,10.0,0.0
carbonZ_2018-09-11-17-27-13_1_rudder_zero__left_aileron_failure,carbonZ_2018-09-11-17-27-13_1_rudder_zero__left_aileron_failure-mavros-nav_info-yaw.csv,2821.0,6.0,5.0,0.0
carbonZ_2018-09-11-17-27-13_1_rudder_zero__left_aileron_failure,carbonZ_2018-09-11-17-27-13_1_rudder_zero__left_aileron_failure-mavros-rc-in.csv,436.0,21.0,21.0,0.047619
carbonZ_2018-09-11-17-27-13_1_rudder_zero__left_aileron_failure,carbonZ_2018-09-11-17-27-13_1_rudder_zero__left_aileron_failure-mavros-rc-out.csv,436.0,12.0,12.0,0.083333
carbonZ_2018-09-11-17-27-13_1_rudder_zero__left_aileron_failure,carbonZ_2018-09-11-17-27-13_1_rudder_zero__left_aileron_failure-mavros-setpoint_raw-local.csv,7164.0,17.0,17.0,0.0
carbonZ_2018-09-11-17-27-13_1_rudder_zero__left_aileron_failure,carbonZ_2018-09-11-17-27-13_1_rudder_zero__left_aileron_failure-mavros-setpoint_raw-target_global.csv,2771.0,17.0,17.0,0.058824
carbonZ_2018-09-11-17-27-13_1_rudder_zero__left_aileron_failure,carbonZ_2018-09-11-17-27-13_1_rudder_zero__left_aileron_failure-mavros-state.csv,144.0,9.0,8.0,0.111111
carbonZ_2018-09-11-17-27-13_1_rudder_zero__left_aileron_failure,carbonZ_2018-09-11-17-27-13_1_rudder_zero__left_aileron_failure-mavros-time_reference.csv,311.0,6.0,5.0,0.166667
carbonZ_2018-09-11-17-27-13_1_rudder_zero__left_aileron_failure,carbonZ_2018-09-11-17-27-13_1_rudder_zero__left_aileron_failure-mavros-vfr_hud.csv,372.0,10.0,10.0,0.1
carbonZ_2018-09-11-17-27-13_1_rudder_zero__left_aileron_failure,carbonZ_2018-09-11-17-27-13_1_rudder_zero__left_aileron_failure-mavros-wind_estimation.csv,311.0,10.0,10.0,0.1
carbonZ_2018-09-11-17-27-13_2_both_ailerons_failure,carbonZ_2018-09-11-17-27-13_2_both_ailerons_failure-mavctrl-path_dev.csv,5087.0,4.0,4.0,0.0
carbonZ_2018-09-11-17-27-13_2_both_ailerons_failure,carbonZ_2018-09-11-17-27-13_2_both_ailerons_failure-mavros-global_position-compass_hdg.csv,421.0,2.0,2.0,0.0
carbonZ_2018-09-11-17-27-13_2_both_ailerons_failure,carbonZ_2018-09-11-17-27-13_2_both_ailerons_failure-failure_status-aileron.csv,72.0,2.0,2.0,0.0
carbonZ_2018-09-11-17-27-13_2_both_ailerons_failure,carbonZ_2018-09-11-17-27-13_2_both_ailerons_failure-diagnostics.csv,78.0,122.0,35.0,0.008197
carbonZ_2018-09-11-17-27-13_2_both_ailerons_failure,carbonZ_2018-09-11-17-27-13_2_both_ailerons_failure-mavros-battery.csv,2095.0,16.0,16.0,0.375
carbonZ_2018-09-11-17-27-13_2_both_ailerons_failure,carbonZ_2018-09-11-17-27-13_2_both_ailerons_failure-mavctrl-rpy.csv,5087.0,4.0,4.0,0.0
carbonZ_2018-09-11-17-27-13_2_both_ailerons_failure,carbonZ_2018-09-11-17-27-13_2_both_ailerons_failure-mavros-global_position-global.csv,421.0,19.0,18.0,0.0
carbonZ_2018-09-11-17-27-13_2_both_ailerons_failure,carbonZ_2018-09-11-17-27-13_2_both_ailerons_failure-mavros-global_position-local.csv,421.0,90.0,88.0,0.0
carbonZ_2018-09-11-17-27-13_2_both_ailerons_failure,carbonZ_2018-09-11-17-27-13_2_both_ailerons_failure-mavros-global_position-raw-fix.csv,509.0,19.0,18.0,0.0
carbonZ_2018-09-11-17-27-13_2_both_ailerons_failure,carbonZ_2018-09-11-17-27-13_2_both_ailerons_failure-mavros-global_position-raw-gps_vel.csv,509.0,10.0,9.0,0.0
carbonZ_2018-09-11-17-27-13_2_both_ailerons_failure,carbonZ_2018-09-11-17-27-13_2_both_ailerons_failure-mavros-global_position-rel_alt.csv,421.0,2.0,2.0,0.0
carbonZ_2018-09-11-17-27-13_2_both_ailerons_failure,carbonZ_2018-09-11-17-27-13_2_both_ailerons_failure-mavros-imu-atm_pressure.csv,1016.0,6.0,5.0,0.0
carbonZ_2018-09-11-17-27-13_2_both_ailerons_failure,carbonZ_2018-09-11-17-27-13_2_both_ailerons_failure-mavros-imu-data.csv,263.0,41.0,40.0,0.0
carbonZ_2018-09-11-17-27-13_2_both_ailerons_failure,carbonZ_2018-09-11-17-27-13_2_both_ailerons_failure-mavros-imu-mag.csv,1016.0,16.0,15.0,0.0
carbonZ_2018-09-11-17-27-13_2_both_ailerons_failure,carbonZ_2018-09-11-17-27-13_2_both_ailerons_failure-mavros-imu-temperature.csv,1016.0,6.0,5.0,0.0
carbonZ_2018-09-11-17-27-13_2_both_ailerons_failure,carbonZ_2018-09-11-17-27-13_2_both_ailerons_failure-mavros-local_position-odom.csv,421.0,90.0,88.0,0.0
carbonZ_2018-09-11-17-27-13_2_both_ailerons_failure,carbonZ_2018-09-11-17-27-13_2_both_ailerons_failure-mavros-local_position-pose.csv,421.0,11.0,10.0,0.0
carbonZ_2018-09-11-17-27-13_2_both_ailerons_failure,carbonZ_2018-09-11-17-27-13_2_both_ailerons_failure-mavros-local_position-velocity.csv,421.0,10.0,9.0,0.0
carbonZ_2018-09-11-17-27-13_2_both_ailerons_failure,carbonZ_2018-09-11-17-27-13_2_both_ailerons_failure-mavros-nav_info-airspeed.csv,1965.0,6.0,5.0,0.0
carbonZ_2018-09-11-17-27-13_2_both_ailerons_failure,carbonZ_2018-09-11-17-27-13_2_both_ailerons_failure-mavros-nav_info-errors.csv,2004.0,8.0,7.0,0.0
carbonZ_2018-09-11-17-27-13_2_both_ailerons_failure,carbonZ_2018-09-11-17-27-13_2_both_ailerons_failure-mavros-nav_info-pitch.csv,2004.0,6.0,5.0,0.0
carbonZ_2018-09-11-17-27-13_2_both_ailerons_failure,carbonZ_2018-09-11-17-27-13_2_both_ailerons_failure-mavros-nav_info-roll.csv,2004.0,6.0,5.0,0.0
carbonZ_2018-09-11-17-27-13_2_both_ailerons_failure,carbonZ_2018-09-11-17-27-13_2_both_ailerons_failure-mavros-imu-data_raw.csv,1016.0,41.0,40.0,0.0
carbonZ_2018-09-11-17-27-13_2_both_ailerons_failure,carbonZ_2018-09-11-17-27-13_2_both_ailerons_failure-mavros-nav_info-velocity.csv,1965.0,11.0,10.0,0.0
carbonZ_2018-09-11-17-27-13_2_both_ailerons_failure,carbonZ_2018-09-11-17-27-13_2_both_ailerons_failure-mavros-nav_info-yaw.csv,2004.0,6.0,5.0,0.0
carbonZ_2018-09-11-17-27-13_2_both_ailerons_failure,carbonZ_2018-09-11-17-27-13_2_both_ailerons_failure-mavros-rc-in.csv,307.0,21.0,21.0,0.047619
carbonZ_2018-09-11-17-27-13_2_both_ailerons_failure,carbonZ_2018-09-11-17-27-13_2_both_ailerons_failure-mavros-rc-out.csv,307.0,12.0,12.0,0.083333
carbonZ_2018-09-11-17-27-13_2_both_ailerons_failure,carbonZ_2018-09-11-17-27-13_2_both_ailerons_failure-mavros-setpoint_raw-local.csv,5074.0,17.0,17.0,0.0
carbonZ_2018-09-11-17-27-13_2_both_ailerons_failure,carbonZ_2018-09-11-17-27-13_2_both_ailerons_failure-mavros-setpoint_raw-target_global.csv,1965.0,17.0,17.0,0.058824
carbonZ_2018-09-11-17-27-13_2_both_ailerons_failure,carbonZ_2018-09-11-17-27-13_2_both_ailerons_failure-mavros-state.csv,102.0,9.0,8.0,0.111111
carbonZ_2018-09-11-17-27-13_2_both_ailerons_failure,carbonZ_2018-09-11-17-27-13_2_both_ailerons_failure-mavros-time_reference.csv,220.0,6.0,5.0,0.166667
carbonZ_2018-09-11-17-27-13_2_both_ailerons_failure,carbonZ_2018-09-11-17-27-13_2_both_ailerons_failure-mavros-vfr_hud.csv,263.0,10.0,10.0,0.1
carbonZ_2018-09-11-17-27-13_2_both_ailerons_failure,carbonZ_2018-09-11-17-27-13_2_both_ailerons_failure-mavros-wind_estimation.csv,220.0,10.0,10.0,0.1
carbonZ_2018-09-11-17-55-30_1_right_aileron_failure,carbonZ_2018-09-11-17-55-30_1_right_aileron_failure-diagnostics.csv,104.0,122.0,35.0,0.008197
carbonZ_2018-09-11-17-55-30_1_right_aileron_failure,carbonZ_2018-09-11-17-55-30_1_right_aileron_failure-mavctrl-path_dev.csv,6659.0,4.0,4.0,0.0
carbonZ_2018-09-11-17-55-30_1_right_aileron_failure,carbonZ_2018-09-11-17-55-30_1_right_aileron_failure-failure_status-aileron.csv,43.0,2.0,2.0,0.0
carbonZ_2018-09-11-17-55-30_1_right_aileron_failure,carbonZ_2018-09-11-17-55-30_1_right_aileron_failure-mavctrl-rpy.csv,6659.0,4.0,4.0,0.0
carbonZ_2018-09-11-17-55-30_1_right_aileron_failure,carbonZ_2018-09-11-17-55-30_1_right_aileron_failure-mavros-battery.csv,2747.0,16.0,16.0,0.375
carbonZ_2018-09-11-17-55-30_1_right_aileron_failure,carbonZ_2018-09-11-17-55-30_1_right_aileron_failure-mavros-global_position-compass_hdg.csv,553.0,2.0,2.0,0.0
carbonZ_2018-09-11-17-55-30_1_right_aileron_failure,carbonZ_2018-09-11-17-55-30_1_right_aileron_failure-mavros-global_position-global.csv,553.0,19.0,18.0,0.0
carbonZ_2018-09-11-17-55-30_1_right_aileron_failure,carbonZ_2018-09-11-17-55-30_1_right_aileron_failure-mavros-global_position-local.csv,553.0,90.0,88.0,0.0
carbonZ_2018-09-11-17-55-30_1_right_aileron_failure,carbonZ_2018-09-11-17-55-30_1_right_aileron_failure-mavros-global_position-raw-fix.csv,666.0,19.0,18.0,0.0
carbonZ_2018-09-11-17-55-30_1_right_aileron_failure,carbonZ_2018-09-11-17-55-30_1_right_aileron_failure-mavros-global_position-raw-gps_vel.csv,666.0,10.0,9.0,0.0
carbonZ_2018-09-11-17-55-30_1_right_aileron_failure,carbonZ_2018-09-11-17-55-30_1_right_aileron_failure-mavros-global_position-rel_alt.csv,553.0,2.0,2.0,0.0
carbonZ_2018-09-11-17-55-30_1_right_aileron_failure,carbonZ_2018-09-11-17-55-30_1_right_aileron_failure-mavros-imu-atm_pressure.csv,1332.0,6.0,5.0,0.0
carbonZ_2018-09-11-17-55-30_1_right_aileron_failure,carbonZ_2018-09-11-17-55-30_1_right_aileron_failure-mavros-imu-data.csv,342.0,41.0,40.0,0.0
carbonZ_2018-09-11-17-55-30_1_right_aileron_failure,carbonZ_2018-09-11-17-55-30_1_right_aileron_failure-mavros-imu-data_raw.csv,1332.0,41.0,40.0,0.0
carbonZ_2018-09-11-17-55-30_1_right_aileron_failure,carbonZ_2018-09-11-17-55-30_1_right_aileron_failure-mavros-imu-mag.csv,1332.0,16.0,15.0,0.0
carbonZ_2018-09-11-17-55-30_1_right_aileron_failure,carbonZ_2018-09-11-17-55-30_1_right_aileron_failure-mavros-imu-temperature.csv,1332.0,6.0,5.0,0.0
carbonZ_2018-09-11-17-55-30_1_right_aileron_failure,carbonZ_2018-09-11-17-55-30_1_right_aileron_failure-mavros-local_position-odom.csv,554.0,90.0,88.0,0.0
carbonZ_2018-09-11-17-55-30_1_right_aileron_failure,carbonZ_2018-09-11-17-55-30_1_right_aileron_failure-mavros-local_position-pose.csv,554.0,11.0,10.0,0.0
carbonZ_2018-09-11-17-55-30_1_right_aileron_failure,carbonZ_2018-09-11-17-55-30_1_right_aileron_failure-mavros-mission-reached.csv,1.0,5.0,5.0,0.2
carbonZ_2018-09-11-17-55-30_1_right_aileron_failure,carbonZ_2018-09-11-17-55-30_1_right_aileron_failure-mavros-nav_info-airspeed.csv,2593.0,6.0,5.0,0.0
carbonZ_2018-09-11-17-55-30_1_right_aileron_failure,carbonZ_2018-09-11-17-55-30_1_right_aileron_failure-mavros-nav_info-errors.csv,2636.0,8.0,7.0,0.0
carbonZ_2018-09-11-17-55-30_1_right_aileron_failure,carbonZ_2018-09-11-17-55-30_1_right_aileron_failure-mavros-nav_info-pitch.csv,2636.0,6.0,5.0,0.0
carbonZ_2018-09-11-17-55-30_1_right_aileron_failure,carbonZ_2018-09-11-17-55-30_1_right_aileron_failure-mavros-local_position-velocity.csv,554.0,10.0,9.0,0.0
carbonZ_2018-09-11-17-55-30_1_right_aileron_failure,carbonZ_2018-09-11-17-55-30_1_right_aileron_failure-mavros-nav_info-roll.csv,2636.0,6.0,5.0,0.0
carbonZ_2018-09-11-17-55-30_1_right_aileron_failure,carbonZ_2018-09-11-17-55-30_1_right_aileron_failure-mavros-nav_info-velocity.csv,2593.0,11.0,10.0,0.0
carbonZ_2018-09-11-17-55-30_1_right_aileron_failure,carbonZ_2018-09-11-17-55-30_1_right_aileron_failure-mavros-nav_info-yaw.csv,2636.0,6.0,5.0,0.0
carbonZ_2018-09-11-17-55-30_1_right_aileron_failure,carbonZ_2018-09-11-17-55-30_1_right_aileron_failure-mavros-rc-in.csv,404.0,21.0,21.0,0.047619
carbonZ_2018-09-11-17-55-30_1_right_aileron_failure,carbonZ_2018-09-11-17-55-30_1_right_aileron_failure-mavros-rc-out.csv,404.0,12.0,12.0,0.083333
carbonZ_2018-09-11-17-55-30_1_right_aileron_failure,carbonZ_2018-09-11-17-55-30_1_right_aileron_failure-mavros-setpoint_raw-local.csv,6655.0,17.0,17.0,0.0
carbonZ_2018-09-11-17-55-30_1_right_aileron_failure,carbonZ_2018-09-11-17-55-30_1_right_aileron_failure-mavros-setpoint_raw-target_global.csv,2593.0,17.0,17.0,0.058824
carbonZ_2018-09-11-17-55-30_1_right_aileron_failure,carbonZ_2018-09-11-17-55-30_1_right_aileron_failure-mavros-state.csv,134.0,9.0,8.0,0.111111
carbonZ_2018-09-11-17-55-30_1_right_aileron_failure,carbonZ_2018-09-11-17-55-30_1_right_aileron_failure-mavros-time_reference.csv,283.0,6.0,5.0,0.166667
carbonZ_2018-09-11-17-55-30_1_right_aileron_failure,carbonZ_2018-09-11-17-55-30_1_right_aileron_failure-mavros-wind_estimation.csv,283.0,10.0,10.0,0.1
carbonZ_2018-09-11-17-55-30_1_right_aileron_failure,carbonZ_2018-09-11-17-55-30_1_right_aileron_failure-mavros-vfr_hud.csv,342.0,10.0,10.0,0.1
carbonZ_2018-09-11-17-55-30_2_left_aileron_failure,carbonZ_2018-09-11-17-55-30_2_left_aileron_failure-mavctrl-rpy.csv,4073.0,4.0,4.0,0.0
carbonZ_2018-09-11-17-55-30_2_left_aileron_failure,carbonZ_2018-09-11-17-55-30_2_left_aileron_failure-failure_status-aileron.csv,63.0,2.0,2.0,0.0
carbonZ_2018-09-11-17-55-30_2_left_aileron_failure,carbonZ_2018-09-11-17-55-30_2_left_aileron_failure-mavros-battery.csv,1667.0,16.0,16.0,0.375
carbonZ_2018-09-11-17-55-30_2_left_aileron_failure,carbonZ_2018-09-11-17-55-30_2_left_aileron_failure-mavros-global_position-compass_hdg.csv,337.0,2.0,2.0,0.0
carbonZ_2018-09-11-17-55-30_2_left_aileron_failure,carbonZ_2018-09-11-17-55-30_2_left_aileron_failure-diagnostics.csv,64.0,122.0,35.0,0.008197
carbonZ_2018-09-11-17-55-30_2_left_aileron_failure,carbonZ_2018-09-11-17-55-30_2_left_aileron_failure-mavctrl-path_dev.csv,4073.0,4.0,4.0,0.0
carbonZ_2018-09-11-17-55-30_2_left_aileron_failure,carbonZ_2018-09-11-17-55-30_2_left_aileron_failure-mavros-global_position-global.csv,337.0,19.0,18.0,0.0
carbonZ_2018-09-11-17-55-30_2_left_aileron_failure,carbonZ_2018-09-11-17-55-30_2_left_aileron_failure-mavros-global_position-local.csv,337.0,90.0,88.0,0.0
carbonZ_2018-09-11-17-55-30_2_left_aileron_failure,carbonZ_2018-09-11-17-55-30_2_left_aileron_failure-mavros-global_position-raw-fix.csv,407.0,19.0,18.0,0.0
carbonZ_2018-09-11-17-55-30_2_left_aileron_failure,carbonZ_2018-09-11-17-55-30_2_left_aileron_failure-mavros-global_position-raw-gps_vel.csv,407.0,10.0,9.0,0.0
carbonZ_2018-09-11-17-55-30_2_left_aileron_failure,carbonZ_2018-09-11-17-55-30_2_left_aileron_failure-mavros-global_position-rel_alt.csv,337.0,2.0,2.0,0.0
carbonZ_2018-09-11-17-55-30_2_left_aileron_failure,carbonZ_2018-09-11-17-55-30_2_left_aileron_failure-mavros-imu-atm_pressure.csv,815.0,6.0,5.0,0.0
carbonZ_2018-09-11-17-55-30_2_left_aileron_failure,carbonZ_2018-09-11-17-55-30_2_left_aileron_failure-mavros-imu-data.csv,207.0,41.0,40.0,0.0
carbonZ_2018-09-11-17-55-30_2_left_aileron_failure,carbonZ_2018-09-11-17-55-30_2_left_aileron_failure-mavros-imu-data_raw.csv,815.0,41.0,40.0,0.0
carbonZ_2018-09-11-17-55-30_2_left_aileron_failure,carbonZ_2018-09-11-17-55-30_2_left_aileron_failure-mavros-imu-mag.csv,815.0,16.0,15.0,0.0
carbonZ_2018-09-11-17-55-30_2_left_aileron_failure,carbonZ_2018-09-11-17-55-30_2_left_aileron_failure-mavros-imu-temperature.csv,815.0,6.0,5.0,0.0
carbonZ_2018-09-11-17-55-30_2_left_aileron_failure,carbonZ_2018-09-11-17-55-30_2_left_aileron_failure-mavros-local_position-odom.csv,337.0,90.0,88.0,0.0
carbonZ_2018-09-11-17-55-30_2_left_aileron_failure,carbonZ_2018-09-11-17-55-30_2_left_aileron_failure-mavros-local_position-pose.csv,337.0,11.0,10.0,0.0
carbonZ_2018-09-11-17-55-30_2_left_aileron_failure,carbonZ_2018-09-11-17-55-30_2_left_aileron_failure-mavros-local_position-velocity.csv,337.0,10.0,9.0,0.0
carbonZ_2018-09-11-17-55-30_2_left_aileron_failure,carbonZ_2018-09-11-17-55-30_2_left_aileron_failure-mavros-nav_info-airspeed.csv,1579.0,6.0,5.0,0.0
carbonZ_2018-09-11-17-55-30_2_left_aileron_failure,carbonZ_2018-09-11-17-55-30_2_left_aileron_failure-mavros-nav_info-errors.csv,1603.0,8.0,7.0,0.0
carbonZ_2018-09-11-17-55-30_2_left_aileron_failure,carbonZ_2018-09-11-17-55-30_2_left_aileron_failure-mavros-nav_info-pitch.csv,1603.0,6.0,5.0,0.0
carbonZ_2018-09-11-17-55-30_2_left_aileron_failure,carbonZ_2018-09-11-17-55-30_2_left_aileron_failure-mavros-nav_info-roll.csv,1603.0,6.0,5.0,0.0
carbonZ_2018-09-11-17-55-30_2_left_aileron_failure,carbonZ_2018-09-11-17-55-30_2_left_aileron_failure-mavros-nav_info-velocity.csv,1579.0,11.0,10.0,0.0
carbonZ_2018-09-11-17-55-30_2_left_aileron_failure,carbonZ_2018-09-11-17-55-30_2_left_aileron_failure-mavros-nav_info-yaw.csv,1603.0,6.0,5.0,0.0
carbonZ_2018-09-11-17-55-30_2_left_aileron_failure,carbonZ_2018-09-11-17-55-30_2_left_aileron_failure-mavros-rc-out.csv,240.0,12.0,12.0,0.083333
carbonZ_2018-09-11-17-55-30_2_left_aileron_failure,carbonZ_2018-09-11-17-55-30_2_left_aileron_failure-mavros-rc-in.csv,240.0,21.0,21.0,0.047619
carbonZ_2018-09-11-17-55-30_2_left_aileron_failure,carbonZ_2018-09-11-17-55-30_2_left_aileron_failure-mavros-setpoint_raw-local.csv,4068.0,17.0,17.0,0.0
carbonZ_2018-09-11-17-55-30_2_left_aileron_failure,carbonZ_2018-09-11-17-55-30_2_left_aileron_failure-mavros-setpoint_raw-target_global.csv,1579.0,17.0,17.0,0.058824
carbonZ_2018-09-11-17-55-30_2_left_aileron_failure,carbonZ_2018-09-11-17-55-30_2_left_aileron_failure-mavros-state.csv,82.0,9.0,8.0,0.111111
carbonZ_2018-09-11-17-55-30_2_left_aileron_failure,carbonZ_2018-09-11-17-55-30_2_left_aileron_failure-mavros-time_reference.csv,172.0,6.0,5.0,0.166667
carbonZ_2018-09-11-17-55-30_2_left_aileron_failure,carbonZ_2018-09-11-17-55-30_2_left_aileron_failure-mavros-vfr_hud.csv,207.0,10.0,10.0,0.1
carbonZ_2018-09-11-17-55-30_2_left_aileron_failure,carbonZ_2018-09-11-17-55-30_2_left_aileron_failure-mavros-wind_estimation.csv,172.0,10.0,10.0,0.1
carbonZ_2018-10-05-14-34-20_1_no_failure,carbonZ_2018-10-05-14-34-20_1_no_failure-diagnostics.csv,51.0,122.0,35.0,0.008197
carbonZ_2018-10-05-14-34-20_1_no_failure,carbonZ_2018-10-05-14-34-20_1_no_failure-mavros-global_position-local.csv,275.0,90.0,88.0,0.0
carbonZ_2018-10-05-14-34-20_1_no_failure,carbonZ_2018-10-05-14-34-20_1_no_failure-mavros-global_position-global.csv,275.0,19.0,18.0,0.0
carbonZ_2018-10-05-14-34-20_1_no_failure,carbonZ_2018-10-05-14-34-20_1_no_failure-mavros-global_position-raw-fix.csv,334.0,19.0,18.0,0.0
carbonZ_2018-10-05-14-34-20_1_no_failure,carbonZ_2018-10-05-14-34-20_1_no_failure-mavros-global_position-compass_hdg.csv,275.0,2.0,2.0,0.0
carbonZ_2018-10-05-14-34-20_1_no_failure,carbonZ_2018-10-05-14-34-20_1_no_failure-mavros-battery.csv,1371.0,16.0,16.0,0.375
carbonZ_2018-10-05-14-34-20_1_no_failure,carbonZ_2018-10-05-14-34-20_1_no_failure-mavros-global_position-rel_alt.csv,275.0,2.0,2.0,0.0
carbonZ_2018-10-05-14-34-20_1_no_failure,carbonZ_2018-10-05-14-34-20_1_no_failure-mavros-global_position-raw-gps_vel.csv,334.0,10.0,9.0,0.0
carbonZ_2018-10-05-14-34-20_1_no_failure,carbonZ_2018-10-05-14-34-20_1_no_failure-mavros-imu-atm_pressure.csv,668.0,6.0,5.0,0.0
carbonZ_2018-10-05-14-34-20_1_no_failure,carbonZ_2018-10-05-14-34-20_1_no_failure-mavros-imu-data.csv,175.0,41.0,40.0,0.0
carbonZ_2018-10-05-14-34-20_1_no_failure,carbonZ_2018-10-05-14-34-20_1_no_failure-mavros-imu-data_raw.csv,668.0,41.0,40.0,0.0
carbonZ_2018-10-05-14-34-20_1_no_failure,carbonZ_2018-10-05-14-34-20_1_no_failure-mavros-imu-mag.csv,668.0,16.0,15.0,0.0
carbonZ_2018-10-05-14-34-20_1_no_failure,carbonZ_2018-10-05-14-34-20_1_no_failure-mavros-local_position-odom.csv,275.0,90.0,88.0,0.0
carbonZ_2018-10-05-14-34-20_1_no_failure,carbonZ_2018-10-05-14-34-20_1_no_failure-mavros-imu-temperature.csv,668.0,6.0,5.0,0.0
carbonZ_2018-10-05-14-34-20_1_no_failure,carbonZ_2018-10-05-14-34-20_1_no_failure-mavros-local_position-pose.csv,275.0,11.0,10.0,0.0
carbonZ_2018-10-05-14-34-20_1_no_failure,carbonZ_2018-10-05-14-34-20_1_no_failure-mavros-local_position-velocity.csv,275.0,10.0,9.0,0.0
carbonZ_2018-10-05-14-34-20_1_no_failure,carbonZ_2018-10-05-14-34-20_1_no_failure-mavros-nav_info-airspeed.csv,1274.0,6.0,5.0,0.0
carbonZ_2018-10-05-14-34-20_1_no_failure,carbonZ_2018-10-05-14-34-20_1_no_failure-mavros-nav_info-errors.csv,1298.0,8.0,7.0,0.0
carbonZ_2018-10-05-14-34-20_1_no_failure,carbonZ_2018-10-05-14-34-20_1_no_failure-mavros-nav_info-pitch.csv,1298.0,6.0,5.0,0.0
carbonZ_2018-10-05-14-34-20_1_no_failure,carbonZ_2018-10-05-14-34-20_1_no_failure-mavros-nav_info-roll.csv,1298.0,6.0,5.0,0.0
carbonZ_2018-10-05-14-34-20_1_no_failure,carbonZ_2018-10-05-14-34-20_1_no_failure-mavros-nav_info-velocity.csv,1274.0,11.0,10.0,0.0
carbonZ_2018-10-05-14-34-20_1_no_failure,carbonZ_2018-10-05-14-34-20_1_no_failure-mavros-nav_info-yaw.csv,1298.0,6.0,5.0,0.0
carbonZ_2018-10-05-14-34-20_1_no_failure,carbonZ_2018-10-05-14-34-20_1_no_failure-mavros-rc-in.csv,204.0,21.0,21.0,0.047619
carbonZ_2018-10-05-14-34-20_1_no_failure,carbonZ_2018-10-05-14-34-20_1_no_failure-mavros-rc-out.csv,204.0,12.0,12.0,0.083333
carbonZ_2018-10-05-14-34-20_1_no_failure,carbonZ_2018-10-05-14-34-20_1_no_failure-mavros-setpoint_raw-target_global.csv,1274.0,17.0,17.0,0.058824
carbonZ_2018-10-05-14-34-20_1_no_failure,carbonZ_2018-10-05-14-34-20_1_no_failure-mavros-state.csv,67.0,9.0,8.0,0.111111
carbonZ_2018-10-05-14-34-20_1_no_failure,carbonZ_2018-10-05-14-34-20_1_no_failure-mavros-time_reference.csv,146.0,6.0,5.0,0.166667
carbonZ_2018-10-05-14-34-20_1_no_failure,carbonZ_2018-10-05-14-34-20_1_no_failure-mavros-vfr_hud.csv,175.0,10.0,10.0,0.1
carbonZ_2018-10-05-14-34-20_1_no_failure,carbonZ_2018-10-05-14-34-20_1_no_failure-mavros-wind_estimation.csv,146.0,10.0,10.0,0.1
carbonZ_2018-10-05-14-34-20_2_right_aileron_failure_with_emr_traj,carbonZ_2018-10-05-14-34-20_2_right_aileron_failure_with_emr_traj-diagnostics.csv,124.0,122.0,35.0,0.008197
carbonZ_2018-10-05-14-34-20_2_right_aileron_failure_with_emr_traj,carbonZ_2018-10-05-14-34-20_2_right_aileron_failure_with_emr_traj-emergency_responder-traj_file.csv,1.0,2.0,1.0,0.0
carbonZ_2018-10-05-14-34-20_2_right_aileron_failure_with_emr_traj,carbonZ_2018-10-05-14-34-20_2_right_aileron_failure_with_emr_traj-failure_status-aileron.csv,20.0,2.0,2.0,0.0
carbonZ_2018-10-05-14-34-20_2_right_aileron_failure_with_emr_traj,carbonZ_2018-10-05-14-34-20_2_right_aileron_failure_with_emr_traj-mavctrl-path_dev.csv,8095.0,4.0,4.0,0.0
carbonZ_2018-10-05-14-34-20_2_right_aileron_failure_with_emr_traj,carbonZ_2018-10-05-14-34-20_2_right_aileron_failure_with_emr_traj-mavctrl-rpy.csv,8095.0,4.0,4.0,0.0
carbonZ_2018-10-05-14-34-20_2_right_aileron_failure_with_emr_traj,carbonZ_2018-10-05-14-34-20_2_right_aileron_failure_with_emr_traj-mavros-battery.csv,3311.0,16.0,16.0,0.375
carbonZ_2018-10-05-14-34-20_2_right_aileron_failure_with_emr_traj,carbonZ_2018-10-05-14-34-20_2_right_aileron_failure_with_emr_traj-mavros-global_position-compass_hdg.csv,668.0,2.0,2.0,0.0
carbonZ_2018-10-05-14-34-20_2_right_aileron_failure_with_emr_traj,carbonZ_2018-10-05-14-34-20_2_right_aileron_failure_with_emr_traj-mavros-global_position-global.csv,668.0,19.0,18.0,0.0
carbonZ_2018-10-05-14-34-20_2_right_aileron_failure_with_emr_traj,carbonZ_2018-10-05-14-34-20_2_right_aileron_failure_with_emr_traj-mavros-global_position-local.csv,668.0,90.0,88.0,0.0
carbonZ_2018-10-05-14-34-20_2_right_aileron_failure_with_emr_traj,carbonZ_2018-10-05-14-34-20_2_right_aileron_failure_with_emr_traj-mavros-global_position-raw-fix.csv,810.0,19.0,18.0,0.0
carbonZ_2018-10-05-14-34-20_2_right_aileron_failure_with_emr_traj,carbonZ_2018-10-05-14-34-20_2_right_aileron_failure_with_emr_traj-mavros-global_position-raw-gps_vel.csv,810.0,10.0,9.0,0.0
carbonZ_2018-10-05-14-34-20_2_right_aileron_failure_with_emr_traj,carbonZ_2018-10-05-14-34-20_2_right_aileron_failure_with_emr_traj-mavros-global_position-rel_alt.csv,668.0,2.0,2.0,0.0
carbonZ_2018-10-05-14-34-20_2_right_aileron_failure_with_emr_traj,carbonZ_2018-10-05-14-34-20_2_right_aileron_failure_with_emr_traj-mavros-imu-atm_pressure.csv,1623.0,6.0,5.0,0.0
carbonZ_2018-10-05-14-34-20_2_right_aileron_failure_with_emr_traj,carbonZ_2018-10-05-14-34-20_2_right_aileron_failure_with_emr_traj-mavros-imu-data.csv,410.0,41.0,40.0,0.0
carbonZ_2018-10-05-14-34-20_2_right_aileron_failure_with_emr_traj,carbonZ_2018-10-05-14-34-20_2_right_aileron_failure_with_emr_traj-mavros-imu-data_raw.csv,1623.0,41.0,40.0,0.0
carbonZ_2018-10-05-14-34-20_2_right_aileron_failure_with_emr_traj,carbonZ_2018-10-05-14-34-20_2_right_aileron_failure_with_emr_traj-mavros-imu-mag.csv,1623.0,16.0,15.0,0.0
carbonZ_2018-10-05-14-34-20_2_right_aileron_failure_with_emr_traj,carbonZ_2018-10-05-14-34-20_2_right_aileron_failure_with_emr_traj-mavros-imu-temperature.csv,1623.0,6.0,5.0,0.0
carbonZ_2018-10-05-14-34-20_2_right_aileron_failure_with_emr_traj,carbonZ_2018-10-05-14-34-20_2_right_aileron_failure_with_emr_traj-mavros-local_position-odom.csv,668.0,90.0,88.0,0.0
carbonZ_2018-10-05-14-34-20_2_right_aileron_failure_with_emr_traj,carbonZ_2018-10-05-14-34-20_2_right_aileron_failure_with_emr_traj-mavros-local_position-pose.csv,668.0,11.0,10.0,0.0
carbonZ_2018-10-05-14-34-20_2_right_aileron_failure_with_emr_traj,carbonZ_2018-10-05-14-34-20_2_right_aileron_failure_with_emr_traj-mavros-local_position-velocity.csv,668.0,10.0,9.0,0.0
carbonZ_2018-10-05-14-34-20_2_right_aileron_failure_with_emr_traj,carbonZ_2018-10-05-14-34-20_2_right_aileron_failure_with_emr_traj-mavros-nav_info-airspeed.csv,3056.0,6.0,5.0,0.0
carbonZ_2018-10-05-14-34-20_2_right_aileron_failure_with_emr_traj,carbonZ_2018-10-05-14-34-20_2_right_aileron_failure_with_emr_traj-mavros-nav_info-errors.csv,3128.0,8.0,7.0,0.0
carbonZ_2018-10-05-14-34-20_2_right_aileron_failure_with_emr_traj,carbonZ_2018-10-05-14-34-20_2_right_aileron_failure_with_emr_traj-mavros-nav_info-pitch.csv,3128.0,6.0,5.0,0.0
carbonZ_2018-10-05-14-34-20_2_right_aileron_failure_with_emr_traj,carbonZ_2018-10-05-14-34-20_2_right_aileron_failure_with_emr_traj-mavros-nav_info-roll.csv,3128.0,6.0,5.0,0.0
carbonZ_2018-10-05-14-34-20_2_right_aileron_failure_with_emr_traj,carbonZ_2018-10-05-14-34-20_2_right_aileron_failure_with_emr_traj-mavros-nav_info-velocity.csv,3056.0,11.0,10.0,0.0
carbonZ_2018-10-05-14-34-20_2_right_aileron_failure_with_emr_traj,carbonZ_2018-10-05-14-34-20_2_right_aileron_failure_with_emr_traj-mavros-nav_info-yaw.csv,3128.0,6.0,5.0,0.0
carbonZ_2018-10-05-14-34-20_2_right_aileron_failure_with_emr_traj,carbonZ_2018-10-05-14-34-20_2_right_aileron_failure_with_emr_traj-mavros-rc-out.csv,480.0,12.0,12.0,0.083333
carbonZ_2018-10-05-14-34-20_2_right_aileron_failure_with_emr_traj,carbonZ_2018-10-05-14-34-20_2_right_aileron_failure_with_emr_traj-mavros-rc-in.csv,480.0,21.0,21.0,0.047619
carbonZ_2018-10-05-14-34-20_2_right_aileron_failure_with_emr_traj,carbonZ_2018-10-05-14-34-20_2_right_aileron_failure_with_emr_traj-mavros-setpoint_raw-local.csv,8093.0,17.0,17.0,0.0
carbonZ_2018-10-05-14-34-20_2_right_aileron_failure_with_emr_traj,carbonZ_2018-10-05-14-34-20_2_right_aileron_failure_with_emr_traj-mavros-setpoint_raw-target_global.csv,3056.0,17.0,17.0,0.058824
carbonZ_2018-10-05-14-34-20_2_right_aileron_failure_with_emr_traj,carbonZ_2018-10-05-14-34-20_2_right_aileron_failure_with_emr_traj-mavros-state.csv,163.0,9.0,8.0,0.111111
carbonZ_2018-10-05-14-34-20_2_right_aileron_failure_with_emr_traj,carbonZ_2018-10-05-14-34-20_2_right_aileron_failure_with_emr_traj-mavros-time_reference.csv,345.0,6.0,5.0,0.166667
carbonZ_2018-10-05-14-34-20_2_right_aileron_failure_with_emr_traj,carbonZ_2018-10-05-14-34-20_2_right_aileron_failure_with_emr_traj-mavros-vfr_hud.csv,410.0,10.0,10.0,0.1
carbonZ_2018-10-05-14-34-20_2_right_aileron_failure_with_emr_traj,carbonZ_2018-10-05-14-34-20_2_right_aileron_failure_with_emr_traj-mavros-wind_estimation.csv,345.0,10.0,10.0,0.1
carbonZ_2018-10-05-14-37-22_1_no_failure,carbonZ_2018-10-05-14-37-22_1_no_failure-mavros-global_position-global.csv,298.0,19.0,18.0,0.0
carbonZ_2018-10-05-14-37-22_1_no_failure,carbonZ_2018-10-05-14-37-22_1_no_failure-mavros-global_position-compass_hdg.csv,298.0,2.0,2.0,0.0
carbonZ_2018-10-05-14-37-22_1_no_failure,carbonZ_2018-10-05-14-37-22_1_no_failure-mavros-global_position-raw-fix.csv,364.0,19.0,18.0,0.0
carbonZ_2018-10-05-14-37-22_1_no_failure,carbonZ_2018-10-05-14-37-22_1_no_failure-mavros-battery.csv,1482.0,16.0,16.0,0.375
carbonZ_2018-10-05-14-37-22_1_no_failure,carbonZ_2018-10-05-14-37-22_1_no_failure-mavros-global_position-local.csv,298.0,90.0,88.0,0.0
carbonZ_2018-10-05-14-37-22_1_no_failure,carbonZ_2018-10-05-14-37-22_1_no_failure-mavros-global_position-raw-gps_vel.csv,364.0,10.0,9.0,0.0
carbonZ_2018-10-05-14-37-22_1_no_failure,carbonZ_2018-10-05-14-37-22_1_no_failure-mavros-global_position-rel_alt.csv,298.0,2.0,2.0,0.0
carbonZ_2018-10-05-14-37-22_1_no_failure,carbonZ_2018-10-05-14-37-22_1_no_failure-mavros-imu-atm_pressure.csv,727.0,6.0,5.0,0.0
carbonZ_2018-10-05-14-37-22_1_no_failure,carbonZ_2018-10-05-14-37-22_1_no_failure-mavros-imu-data.csv,189.0,41.0,40.0,0.0
carbonZ_2018-10-05-14-37-22_1_no_failure,carbonZ_2018-10-05-14-37-22_1_no_failure-mavros-imu-data_raw.csv,727.0,41.0,40.0,0.0
carbonZ_2018-10-05-14-37-22_1_no_failure,carbonZ_2018-10-05-14-37-22_1_no_failure-mavros-imu-mag.csv,727.0,16.0,15.0,0.0
carbonZ_2018-10-05-14-37-22_1_no_failure,carbonZ_2018-10-05-14-37-22_1_no_failure-mavros-imu-temperature.csv,727.0,6.0,5.0,0.0
carbonZ_2018-10-05-14-37-22_1_no_failure,carbonZ_2018-10-05-14-37-22_1_no_failure-mavros-local_position-odom.csv,298.0,90.0,88.0,0.0
carbonZ_2018-10-05-14-37-22_1_no_failure,carbonZ_2018-10-05-14-37-22_1_no_failure-mavros-local_position-pose.csv,298.0,11.0,10.0,0.0
carbonZ_2018-10-05-14-37-22_1_no_failure,carbonZ_2018-10-05-14-37-22_1_no_failure-mavros-local_position-velocity.csv,298.0,10.0,9.0,0.0
carbonZ_2018-10-05-14-37-22_1_no_failure,carbonZ_2018-10-05-14-37-22_1_no_failure-mavros-mission-reached.csv,1.0,5.0,5.0,0.2
carbonZ_2018-10-05-14-37-22_1_no_failure,carbonZ_2018-10-05-14-37-22_1_no_failure-mavros-nav_info-airspeed.csv,1414.0,6.0,5.0,0.0
carbonZ_2018-10-05-14-37-22_1_no_failure,carbonZ_2018-10-05-14-37-22_1_no_failure-mavros-nav_info-errors.csv,1430.0,8.0,7.0,0.0
carbonZ_2018-10-05-14-37-22_1_no_failure,carbonZ_2018-10-05-14-37-22_1_no_failure-mavros-nav_info-pitch.csv,1430.0,6.0,5.0,0.0
carbonZ_2018-10-05-14-37-22_1_no_failure,carbonZ_2018-10-05-14-37-22_1_no_failure-mavros-nav_info-roll.csv,1430.0,6.0,5.0,0.0
carbonZ_2018-10-05-14-37-22_1_no_failure,carbonZ_2018-10-05-14-37-22_1_no_failure-mavros-nav_info-velocity.csv,1414.0,11.0,10.0,0.0
carbonZ_2018-10-05-14-37-22_1_no_failure,carbonZ_2018-10-05-14-37-22_1_no_failure-mavros-nav_info-yaw.csv,1430.0,6.0,5.0,0.0
carbonZ_2018-10-05-14-37-22_1_no_failure,carbonZ_2018-10-05-14-37-22_1_no_failure-mavros-rc-in.csv,219.0,21.0,21.0,0.047619
carbonZ_2018-10-05-14-37-22_1_no_failure,carbonZ_2018-10-05-14-37-22_1_no_failure-mavros-rc-out.csv,219.0,12.0,12.0,0.083333
carbonZ_2018-10-05-14-37-22_1_no_failure,carbonZ_2018-10-05-14-37-22_1_no_failure-mavros-setpoint_raw-target_global.csv,1414.0,17.0,17.0,0.058824
carbonZ_2018-10-05-14-37-22_1_no_failure,carbonZ_2018-10-05-14-37-22_1_no_failure-mavros-state.csv,73.0,9.0,8.0,0.111111
carbonZ_2018-10-05-14-37-22_1_no_failure,carbonZ_2018-10-05-14-37-22_1_no_failure-mavros-time_reference.csv,161.0,6.0,5.0,0.166667
carbonZ_2018-10-05-14-37-22_1_no_failure,carbonZ_2018-10-05-14-37-22_1_no_failure-mavros-vfr_hud.csv,189.0,10.0,10.0,0.1
carbonZ_2018-10-05-14-37-22_1_no_failure,carbonZ_2018-10-05-14-37-22_1_no_failure-mavros-wind_estimation.csv,161.0,10.0,10.0,0.1
carbonZ_2018-10-05-14-37-22_2_right_aileron_failure,carbonZ_2018-10-05-14-37-22_2_right_aileron_failure-diagnostics.csv,114.0,122.0,35.0,0.008197
carbonZ_2018-10-05-14-37-22_2_right_aileron_failure,carbonZ_2018-10-05-14-37-22_2_right_aileron_failure-failure_status-aileron.csv,143.0,2.0,2.0,0.0
carbonZ_2018-10-05-14-37-22_2_right_aileron_failure,carbonZ_2018-10-05-14-37-22_2_right_aileron_failure-mavctrl-path_dev.csv,7249.0,4.0,4.0,0.0
carbonZ_2018-10-05-14-37-22_2_right_aileron_failure,carbonZ_2018-10-05-14-37-22_2_right_aileron_failure-mavctrl-rpy.csv,7249.0,4.0,4.0,0.0
carbonZ_2018-10-05-14-37-22_2_right_aileron_failure,carbonZ_2018-10-05-14-37-22_2_right_aileron_failure-mavros-battery.csv,2947.0,16.0,16.0,0.375
carbonZ_2018-10-05-14-37-22_2_right_aileron_failure,carbonZ_2018-10-05-14-37-22_2_right_aileron_failure-mavros-global_position-compass_hdg.csv,593.0,2.0,2.0,0.0
carbonZ_2018-10-05-14-37-22_2_right_aileron_failure,carbonZ_2018-10-05-14-37-22_2_right_aileron_failure-mavros-global_position-global.csv,593.0,19.0,18.0,0.0
carbonZ_2018-10-05-14-37-22_2_right_aileron_failure,carbonZ_2018-10-05-14-37-22_2_right_aileron_failure-mavros-global_position-local.csv,593.0,90.0,88.0,0.0
carbonZ_2018-10-05-14-37-22_2_right_aileron_failure,carbonZ_2018-10-05-14-37-22_2_right_aileron_failure-mavros-global_position-raw-fix.csv,725.0,19.0,18.0,0.0
carbonZ_2018-10-05-14-37-22_2_right_aileron_failure,carbonZ_2018-10-05-14-37-22_2_right_aileron_failure-mavros-global_position-raw-gps_vel.csv,725.0,10.0,9.0,0.0
carbonZ_2018-10-05-14-37-22_2_right_aileron_failure,carbonZ_2018-10-05-14-37-22_2_right_aileron_failure-mavros-global_position-rel_alt.csv,593.0,2.0,2.0,0.0
carbonZ_2018-10-05-14-37-22_2_right_aileron_failure,carbonZ_2018-10-05-14-37-22_2_right_aileron_failure-mavros-imu-atm_pressure.csv,1450.0,6.0,5.0,0.0
carbonZ_2018-10-05-14-37-22_2_right_aileron_failure,carbonZ_2018-10-05-14-37-22_2_right_aileron_failure-mavros-imu-data.csv,376.0,41.0,40.0,0.0
carbonZ_2018-10-05-14-37-22_2_right_aileron_failure,carbonZ_2018-10-05-14-37-22_2_right_aileron_failure-mavros-imu-data_raw.csv,1450.0,41.0,40.0,0.0
carbonZ_2018-10-05-14-37-22_2_right_aileron_failure,carbonZ_2018-10-05-14-37-22_2_right_aileron_failure-mavros-imu-mag.csv,1450.0,16.0,15.0,0.0
carbonZ_2018-10-05-14-37-22_2_right_aileron_failure,carbonZ_2018-10-05-14-37-22_2_right_aileron_failure-mavros-imu-temperature.csv,1450.0,6.0,5.0,0.0
carbonZ_2018-10-05-14-37-22_2_right_aileron_failure,carbonZ_2018-10-05-14-37-22_2_right_aileron_failure-mavros-local_position-odom.csv,593.0,90.0,88.0,0.0
carbonZ_2018-10-05-14-37-22_2_right_aileron_failure,carbonZ_2018-10-05-14-37-22_2_right_aileron_failure-mavros-local_position-pose.csv,593.0,11.0,10.0,0.0
carbonZ_2018-10-05-14-37-22_2_right_aileron_failure,carbonZ_2018-10-05-14-37-22_2_right_aileron_failure-mavros-local_position-velocity.csv,593.0,10.0,9.0,0.0
carbonZ_2018-10-05-14-37-22_2_right_aileron_failure,carbonZ_2018-10-05-14-37-22_2_right_aileron_failure-mavros-nav_info-airspeed.csv,2792.0,6.0,5.0,0.0
carbonZ_2018-10-05-14-37-22_2_right_aileron_failure,carbonZ_2018-10-05-14-37-22_2_right_aileron_failure-mavros-nav_info-errors.csv,2842.0,8.0,7.0,0.0
carbonZ_2018-10-05-14-37-22_2_right_aileron_failure,carbonZ_2018-10-05-14-37-22_2_right_aileron_failure-mavros-nav_info-pitch.csv,2842.0,6.0,5.0,0.0
carbonZ_2018-10-05-14-37-22_2_right_aileron_failure,carbonZ_2018-10-05-14-37-22_2_right_aileron_failure-mavros-nav_info-roll.csv,2842.0,6.0,5.0,0.0
carbonZ_2018-10-05-14-37-22_2_right_aileron_failure,carbonZ_2018-10-05-14-37-22_2_right_aileron_failure-mavros-nav_info-velocity.csv,2792.0,11.0,10.0,0.0
carbonZ_2018-10-05-14-37-22_2_right_aileron_failure,carbonZ_2018-10-05-14-37-22_2_right_aileron_failure-mavros-nav_info-yaw.csv,2842.0,6.0,5.0,0.0
carbonZ_2018-10-05-14-37-22_2_right_aileron_failure,carbonZ_2018-10-05-14-37-22_2_right_aileron_failure-mavros-rc-in.csv,435.0,21.0,21.0,0.047619
carbonZ_2018-10-05-14-37-22_2_right_aileron_failure,carbonZ_2018-10-05-14-37-22_2_right_aileron_failure-mavros-rc-out.csv,435.0,12.0,12.0,0.083333
carbonZ_2018-10-05-14-37-22_2_right_aileron_failure,carbonZ_2018-10-05-14-37-22_2_right_aileron_failure-mavros-setpoint_raw-local.csv,7245.0,17.0,17.0,0.0
carbonZ_2018-10-05-14-37-22_2_right_aileron_failure,carbonZ_2018-10-05-14-37-22_2_right_aileron_failure-mavros-setpoint_raw-target_global.csv,2792.0,17.0,17.0,0.058824
carbonZ_2018-10-05-14-37-22_2_right_aileron_failure,carbonZ_2018-10-05-14-37-22_2_right_aileron_failure-mavros-state.csv,145.0,9.0,8.0,0.111111
carbonZ_2018-10-05-14-37-22_2_right_aileron_failure,carbonZ_2018-10-05-14-37-22_2_right_aileron_failure-mavros-time_reference.csv,315.0,6.0,5.0,0.166667
carbonZ_2018-10-05-14-37-22_2_right_aileron_failure,carbonZ_2018-10-05-14-37-22_2_right_aileron_failure-mavros-vfr_hud.csv,375.0,10.0,10.0,0.1
carbonZ_2018-10-05-14-37-22_2_right_aileron_failure,carbonZ_2018-10-05-14-37-22_2_right_aileron_failure-mavros-wind_estimation.csv,315.0,10.0,10.0,0.1
carbonZ_2018-10-05-14-37-22_3_left_aileron_failure,carbonZ_2018-10-05-14-37-22_3_left_aileron_failure-mavros-global_position-compass_hdg.csv,394.0,2.0,2.0,0.0
carbonZ_2018-10-05-14-37-22_3_left_aileron_failure,carbonZ_2018-10-05-14-37-22_3_left_aileron_failure-mavros-battery.csv,1959.0,16.0,16.0,0.375
carbonZ_2018-10-05-14-37-22_3_left_aileron_failure,carbonZ_2018-10-05-14-37-22_3_left_aileron_failure-mavctrl-rpy.csv,4822.0,4.0,4.0,0.0
carbonZ_2018-10-05-14-37-22_3_left_aileron_failure,carbonZ_2018-10-05-14-37-22_3_left_aileron_failure-mavctrl-path_dev.csv,4822.0,4.0,4.0,0.0
carbonZ_2018-10-05-14-37-22_3_left_aileron_failure,carbonZ_2018-10-05-14-37-22_3_left_aileron_failure-failure_status-aileron.csv,49.0,2.0,2.0,0.0
carbonZ_2018-10-05-14-37-22_3_left_aileron_failure,carbonZ_2018-10-05-14-37-22_3_left_aileron_failure-diagnostics.csv,74.0,122.0,35.0,0.008197
carbonZ_2018-10-05-14-37-22_3_left_aileron_failure,carbonZ_2018-10-05-14-37-22_3_left_aileron_failure-mavros-global_position-global.csv,394.0,19.0,18.0,0.0
carbonZ_2018-10-05-14-37-22_3_left_aileron_failure,carbonZ_2018-10-05-14-37-22_3_left_aileron_failure-mavros-global_position-local.csv,394.0,90.0,88.0,0.0
carbonZ_2018-10-05-14-37-22_3_left_aileron_failure,carbonZ_2018-10-05-14-37-22_3_left_aileron_failure-mavros-global_position-raw-fix.csv,482.0,19.0,18.0,0.0
carbonZ_2018-10-05-14-37-22_3_left_aileron_failure,carbonZ_2018-10-05-14-37-22_3_left_aileron_failure-mavros-global_position-raw-gps_vel.csv,482.0,10.0,9.0,0.0
carbonZ_2018-10-05-14-37-22_3_left_aileron_failure,carbonZ_2018-10-05-14-37-22_3_left_aileron_failure-mavros-global_position-rel_alt.csv,394.0,2.0,2.0,0.0
carbonZ_2018-10-05-14-37-22_3_left_aileron_failure,carbonZ_2018-10-05-14-37-22_3_left_aileron_failure-mavros-imu-atm_pressure.csv,964.0,6.0,5.0,0.0
carbonZ_2018-10-05-14-37-22_3_left_aileron_failure,carbonZ_2018-10-05-14-37-22_3_left_aileron_failure-mavros-imu-data.csv,251.0,41.0,40.0,0.0
carbonZ_2018-10-05-14-37-22_3_left_aileron_failure,carbonZ_2018-10-05-14-37-22_3_left_aileron_failure-mavros-imu-data_raw.csv,965.0,41.0,40.0,0.0
carbonZ_2018-10-05-14-37-22_3_left_aileron_failure,carbonZ_2018-10-05-14-37-22_3_left_aileron_failure-mavros-imu-mag.csv,965.0,16.0,15.0,0.0
carbonZ_2018-10-05-14-37-22_3_left_aileron_failure,carbonZ_2018-10-05-14-37-22_3_left_aileron_failure-mavros-imu-temperature.csv,964.0,6.0,5.0,0.0
carbonZ_2018-10-05-14-37-22_3_left_aileron_failure,carbonZ_2018-10-05-14-37-22_3_left_aileron_failure-mavros-local_position-odom.csv,394.0,90.0,88.0,0.0
carbonZ_2018-10-05-14-37-22_3_left_aileron_failure,carbonZ_2018-10-05-14-37-22_3_left_aileron_failure-mavros-local_position-pose.csv,394.0,11.0,10.0,0.0
carbonZ_2018-10-05-14-37-22_3_left_aileron_failure,carbonZ_2018-10-05-14-37-22_3_left_aileron_failure-mavros-local_position-velocity.csv,394.0,10.0,9.0,0.0
carbonZ_2018-10-05-14-37-22_3_left_aileron_failure,carbonZ_2018-10-05-14-37-22_3_left_aileron_failure-mavros-nav_info-airspeed.csv,1842.0,6.0,5.0,0.0
carbonZ_2018-10-05-14-37-22_3_left_aileron_failure,carbonZ_2018-10-05-14-37-22_3_left_aileron_failure-mavros-nav_info-errors.csv,1868.0,8.0,7.0,0.0
carbonZ_2018-10-05-14-37-22_3_left_aileron_failure,carbonZ_2018-10-05-14-37-22_3_left_aileron_failure-mavros-nav_info-pitch.csv,1868.0,6.0,5.0,0.0
carbonZ_2018-10-05-14-37-22_3_left_aileron_failure,carbonZ_2018-10-05-14-37-22_3_left_aileron_failure-mavros-nav_info-roll.csv,1868.0,6.0,5.0,0.0
carbonZ_2018-10-05-14-37-22_3_left_aileron_failure,carbonZ_2018-10-05-14-37-22_3_left_aileron_failure-mavros-nav_info-velocity.csv,1842.0,11.0,10.0,0.0
carbonZ_2018-10-05-14-37-22_3_left_aileron_failure,carbonZ_2018-10-05-14-37-22_3_left_aileron_failure-mavros-nav_info-yaw.csv,1868.0,6.0,5.0,0.0
carbonZ_2018-10-05-14-37-22_3_left_aileron_failure,carbonZ_2018-10-05-14-37-22_3_left_aileron_failure-mavros-rc-in.csv,289.0,21.0,21.0,0.047619
carbonZ_2018-10-05-14-37-22_3_left_aileron_failure,carbonZ_2018-10-05-14-37-22_3_left_aileron_failure-mavros-rc-out.csv,289.0,12.0,12.0,0.083333
carbonZ_2018-10-05-14-37-22_3_left_aileron_failure,carbonZ_2018-10-05-14-37-22_3_left_aileron_failure-mavros-setpoint_raw-target_global.csv,1842.0,17.0,17.0,0.058824
carbonZ_2018-10-05-14-37-22_3_left_aileron_failure,carbonZ_2018-10-05-14-37-22_3_left_aileron_failure-mavros-setpoint_raw-local.csv,4822.0,17.0,17.0,0.0
carbonZ_2018-10-05-14-37-22_3_left_aileron_failure,carbonZ_2018-10-05-14-37-22_3_left_aileron_failure-mavros-state.csv,97.0,9.0,8.0,0.111111
carbonZ_2018-10-05-14-37-22_3_left_aileron_failure,carbonZ_2018-10-05-14-37-22_3_left_aileron_failure-mavros-time_reference.csv,212.0,6.0,5.0,0.166667
carbonZ_2018-10-05-14-37-22_3_left_aileron_failure,carbonZ_2018-10-05-14-37-22_3_left_aileron_failure-mavros-vfr_hud.csv,251.0,10.0,10.0,0.1
carbonZ_2018-10-05-14-37-22_3_left_aileron_failure,carbonZ_2018-10-05-14-37-22_3_left_aileron_failure-mavros-wind_estimation.csv,212.0,10.0,10.0,0.1
carbonZ_2018-10-05-15-52-12_1_no_failure,carbonZ_2018-10-05-15-52-12_1_no_failure-diagnostics.csv,70.0,122.0,35.0,0.008197
carbonZ_2018-10-05-15-52-12_1_no_failure,carbonZ_2018-10-05-15-52-12_1_no_failure-mavctrl-rpy.csv,4484.0,4.0,4.0,0.0
carbonZ_2018-10-05-15-52-12_1_no_failure,carbonZ_2018-10-05-15-52-12_1_no_failure-mavctrl-path_dev.csv,4484.0,4.0,4.0,0.0
carbonZ_2018-10-05-15-52-12_1_no_failure,carbonZ_2018-10-05-15-52-12_1_no_failure-mavros-global_position-local.csv,367.0,90.0,88.0,0.0
carbonZ_2018-10-05-15-52-12_1_no_failure,carbonZ_2018-10-05-15-52-12_1_no_failure-mavros-global_position-compass_hdg.csv,367.0,2.0,2.0,0.0
carbonZ_2018-10-05-15-52-12_1_no_failure,carbonZ_2018-10-05-15-52-12_1_no_failure-mavros-global_position-global.csv,367.0,19.0,18.0,0.0
carbonZ_2018-10-05-15-52-12_1_no_failure,carbonZ_2018-10-05-15-52-12_1_no_failure-mavros-battery.csv,1814.0,16.0,16.0,0.375
carbonZ_2018-10-05-15-52-12_1_no_failure,carbonZ_2018-10-05-15-52-12_1_no_failure-mavros-global_position-raw-fix.csv,449.0,19.0,18.0,0.0
carbonZ_2018-10-05-15-52-12_1_no_failure,carbonZ_2018-10-05-15-52-12_1_no_failure-mavros-global_position-raw-gps_vel.csv,449.0,10.0,9.0,0.0
carbonZ_2018-10-05-15-52-12_1_no_failure,carbonZ_2018-10-05-15-52-12_1_no_failure-mavros-global_position-rel_alt.csv,367.0,2.0,2.0,0.0
carbonZ_2018-10-05-15-52-12_1_no_failure,carbonZ_2018-10-05-15-52-12_1_no_failure-mavros-imu-atm_pressure.csv,896.0,6.0,5.0,0.0
carbonZ_2018-10-05-15-52-12_1_no_failure,carbonZ_2018-10-05-15-52-12_1_no_failure-mavros-imu-data.csv,227.0,41.0,40.0,0.0
carbonZ_2018-10-05-15-52-12_1_no_failure,carbonZ_2018-10-05-15-52-12_1_no_failure-mavros-imu-data_raw.csv,896.0,41.0,40.0,0.0
carbonZ_2018-10-05-15-52-12_1_no_failure,carbonZ_2018-10-05-15-52-12_1_no_failure-mavros-imu-mag.csv,896.0,16.0,15.0,0.0
carbonZ_2018-10-05-15-52-12_1_no_failure,carbonZ_2018-10-05-15-52-12_1_no_failure-mavros-imu-temperature.csv,896.0,6.0,5.0,0.0
carbonZ_2018-10-05-15-52-12_1_no_failure,carbonZ_2018-10-05-15-52-12_1_no_failure-mavros-local_position-odom.csv,367.0,90.0,88.0,0.0
carbonZ_2018-10-05-15-52-12_1_no_failure,carbonZ_2018-10-05-15-52-12_1_no_failure-mavros-local_position-pose.csv,367.0,11.0,10.0,0.0
carbonZ_2018-10-05-15-52-12_1_no_failure,carbonZ_2018-10-05-15-52-12_1_no_failure-mavros-local_position-velocity.csv,367.0,10.0,9.0,0.0
carbonZ_2018-10-05-15-52-12_1_no_failure,carbonZ_2018-10-05-15-52-12_1_no_failure-mavros-nav_info-airspeed.csv,1686.0,6.0,5.0,0.0
carbonZ_2018-10-05-15-52-12_1_no_failure,carbonZ_2018-10-05-15-52-12_1_no_failure-mavros-nav_info-errors.csv,1723.0,8.0,7.0,0.0
carbonZ_2018-10-05-15-52-12_1_no_failure,carbonZ_2018-10-05-15-52-12_1_no_failure-mavros-nav_info-pitch.csv,1723.0,6.0,5.0,0.0
carbonZ_2018-10-05-15-52-12_1_no_failure,carbonZ_2018-10-05-15-52-12_1_no_failure-mavros-nav_info-roll.csv,1723.0,6.0,5.0,0.0
carbonZ_2018-10-05-15-52-12_1_no_failure,carbonZ_2018-10-05-15-52-12_1_no_failure-mavros-nav_info-velocity.csv,1686.0,11.0,10.0,0.0
carbonZ_2018-10-05-15-52-12_1_no_failure,carbonZ_2018-10-05-15-52-12_1_no_failure-mavros-nav_info-yaw.csv,1723.0,6.0,5.0,0.0
carbonZ_2018-10-05-15-52-12_1_no_failure,carbonZ_2018-10-05-15-52-12_1_no_failure-mavros-rc-in.csv,269.0,21.0,21.0,0.047619
carbonZ_2018-10-05-15-52-12_1_no_failure,carbonZ_2018-10-05-15-52-12_1_no_failure-mavros-rc-out.csv,269.0,12.0,12.0,0.083333
carbonZ_2018-10-05-15-52-12_1_no_failure,carbonZ_2018-10-05-15-52-12_1_no_failure-mavros-setpoint_raw-local.csv,4467.0,17.0,17.0,0.0
carbonZ_2018-10-05-15-52-12_1_no_failure,carbonZ_2018-10-05-15-52-12_1_no_failure-mavros-setpoint_raw-target_global.csv,1686.0,17.0,17.0,0.058824
carbonZ_2018-10-05-15-52-12_1_no_failure,carbonZ_2018-10-05-15-52-12_1_no_failure-mavros-state.csv,90.0,9.0,8.0,0.111111
carbonZ_2018-10-05-15-52-12_1_no_failure,carbonZ_2018-10-05-15-52-12_1_no_failure-mavros-time_reference.csv,192.0,6.0,5.0,0.166667
carbonZ_2018-10-05-15-52-12_1_no_failure,carbonZ_2018-10-05-15-52-12_1_no_failure-mavros-vfr_hud.csv,227.0,10.0,10.0,0.1
carbonZ_2018-10-05-15-52-12_1_no_failure,carbonZ_2018-10-05-15-52-12_1_no_failure-mavros-wind_estimation.csv,192.0,10.0,10.0,0.1
carbonZ_2018-10-05-15-52-12_2_no_failure,carbonZ_2018-10-05-15-52-12_2_no_failure-mavctrl-path_dev.csv,2423.0,4.0,4.0,0.0
carbonZ_2018-10-05-15-52-12_2_no_failure,carbonZ_2018-10-05-15-52-12_2_no_failure-mavros-global_position-global.csv,197.0,19.0,18.0,0.0
carbonZ_2018-10-05-15-52-12_2_no_failure,carbonZ_2018-10-05-15-52-12_2_no_failure-mavros-global_position-compass_hdg.csv,197.0,2.0,2.0,0.0
carbonZ_2018-10-05-15-52-12_2_no_failure,carbonZ_2018-10-05-15-52-12_2_no_failure-diagnostics.csv,37.0,122.0,35.0,0.008197
carbonZ_2018-10-05-15-52-12_2_no_failure,carbonZ_2018-10-05-15-52-12_2_no_failure-mavctrl-rpy.csv,2423.0,4.0,4.0,0.0
carbonZ_2018-10-05-15-52-12_2_no_failure,carbonZ_2018-10-05-15-52-12_2_no_failure-mavros-battery.csv,970.0,16.0,16.0,0.375
carbonZ_2018-10-05-15-52-12_2_no_failure,carbonZ_2018-10-05-15-52-12_2_no_failure-mavros-global_position-local.csv,197.0,90.0,88.0,0.0
carbonZ_2018-10-05-15-52-12_2_no_failure,carbonZ_2018-10-05-15-52-12_2_no_failure-mavros-global_position-raw-fix.csv,242.0,19.0,18.0,0.0
carbonZ_2018-10-05-15-52-12_2_no_failure,carbonZ_2018-10-05-15-52-12_2_no_failure-mavros-global_position-raw-gps_vel.csv,242.0,10.0,9.0,0.0
carbonZ_2018-10-05-15-52-12_2_no_failure,carbonZ_2018-10-05-15-52-12_2_no_failure-mavros-global_position-rel_alt.csv,197.0,2.0,2.0,0.0
carbonZ_2018-10-05-15-52-12_2_no_failure,carbonZ_2018-10-05-15-52-12_2_no_failure-mavros-imu-atm_pressure.csv,485.0,6.0,5.0,0.0
carbonZ_2018-10-05-15-52-12_2_no_failure,carbonZ_2018-10-05-15-52-12_2_no_failure-mavros-imu-data.csv,122.0,41.0,40.0,0.0
carbonZ_2018-10-05-15-52-12_2_no_failure,carbonZ_2018-10-05-15-52-12_2_no_failure-mavros-imu-data_raw.csv,485.0,41.0,40.0,0.0
carbonZ_2018-10-05-15-52-12_2_no_failure,carbonZ_2018-10-05-15-52-12_2_no_failure-mavros-imu-mag.csv,485.0,16.0,15.0,0.0
carbonZ_2018-10-05-15-52-12_2_no_failure,carbonZ_2018-10-05-15-52-12_2_no_failure-mavros-imu-temperature.csv,485.0,6.0,5.0,0.0
carbonZ_2018-10-05-15-52-12_2_no_failure,carbonZ_2018-10-05-15-52-12_2_no_failure-mavros-local_position-pose.csv,197.0,11.0,10.0,0.0
carbonZ_2018-10-05-15-52-12_2_no_failure,carbonZ_2018-10-05-15-52-12_2_no_failure-mavros-local_position-odom.csv,197.0,90.0,88.0,0.0
carbonZ_2018-10-05-15-52-12_2_no_failure,carbonZ_2018-10-05-15-52-12_2_no_failure-mavros-local_position-velocity.csv,197.0,10.0,9.0,0.0
carbonZ_2018-10-05-15-52-12_2_no_failure,carbonZ_2018-10-05-15-52-12_2_no_failure-mavros-nav_info-airspeed.csv,903.0,6.0,5.0,0.0
carbonZ_2018-10-05-15-52-12_2_no_failure,carbonZ_2018-10-05-15-52-12_2_no_failure-mavros-nav_info-errors.csv,922.0,8.0,7.0,0.0
carbonZ_2018-10-05-15-52-12_2_no_failure,carbonZ_2018-10-05-15-52-12_2_no_failure-mavros-nav_info-pitch.csv,922.0,6.0,5.0,0.0
carbonZ_2018-10-05-15-52-12_2_no_failure,carbonZ_2018-10-05-15-52-12_2_no_failure-mavros-nav_info-velocity.csv,903.0,11.0,10.0,0.0
carbonZ_2018-10-05-15-52-12_2_no_failure,carbonZ_2018-10-05-15-52-12_2_no_failure-mavros-nav_info-roll.csv,922.0,6.0,5.0,0.0
carbonZ_2018-10-05-15-52-12_2_no_failure,carbonZ_2018-10-05-15-52-12_2_no_failure-mavros-rc-in.csv,144.0,21.0,21.0,0.047619
carbonZ_2018-10-05-15-52-12_2_no_failure,carbonZ_2018-10-05-15-52-12_2_no_failure-mavros-nav_info-yaw.csv,922.0,6.0,5.0,0.0
carbonZ_2018-10-05-15-52-12_2_no_failure,carbonZ_2018-10-05-15-52-12_2_no_failure-mavros-rc-out.csv,144.0,12.0,12.0,0.083333
carbonZ_2018-10-05-15-52-12_2_no_failure,carbonZ_2018-10-05-15-52-12_2_no_failure-mavros-setpoint_raw-local.csv,2412.0,17.0,17.0,0.0
carbonZ_2018-10-05-15-52-12_2_no_failure,carbonZ_2018-10-05-15-52-12_2_no_failure-mavros-state.csv,49.0,9.0,8.0,0.111111
carbonZ_2018-10-05-15-52-12_2_no_failure,carbonZ_2018-10-05-15-52-12_2_no_failure-mavros-setpoint_raw-target_global.csv,903.0,17.0,17.0,0.058824
carbonZ_2018-10-05-15-52-12_2_no_failure,carbonZ_2018-10-05-15-52-12_2_no_failure-mavros-time_reference.csv,105.0,6.0,5.0,0.166667
carbonZ_2018-10-05-15-52-12_2_no_failure,carbonZ_2018-10-05-15-52-12_2_no_failure-mavros-vfr_hud.csv,122.0,10.0,10.0,0.1
carbonZ_2018-10-05-15-52-12_2_no_failure,carbonZ_2018-10-05-15-52-12_2_no_failure-mavros-wind_estimation.csv,105.0,10.0,10.0,0.1
carbonZ_2018-10-05-15-52-12_3_engine_failure_with_emr_traj,carbonZ_2018-10-05-15-52-12_3_engine_failure_with_emr_traj-diagnostics.csv,51.0,122.0,35.0,0.008197
carbonZ_2018-10-05-15-52-12_3_engine_failure_with_emr_traj,carbonZ_2018-10-05-15-52-12_3_engine_failure_with_emr_traj-emergency_responder-traj_file.csv,1.0,2.0,1.0,0.0
carbonZ_2018-10-05-15-52-12_3_engine_failure_with_emr_traj,carbonZ_2018-10-05-15-52-12_3_engine_failure_with_emr_traj-failure_status-engines.csv,35.0,2.0,2.0,0.0
carbonZ_2018-10-05-15-52-12_3_engine_failure_with_emr_traj,carbonZ_2018-10-05-15-52-12_3_engine_failure_with_emr_traj-mavctrl-path_dev.csv,3298.0,4.0,4.0,0.0
carbonZ_2018-10-05-15-52-12_3_engine_failure_with_emr_traj,carbonZ_2018-10-05-15-52-12_3_engine_failure_with_emr_traj-mavctrl-rpy.csv,3298.0,4.0,4.0,0.0
carbonZ_2018-10-05-15-52-12_3_engine_failure_with_emr_traj,carbonZ_2018-10-05-15-52-12_3_engine_failure_with_emr_traj-mavros-battery.csv,1356.0,16.0,16.0,0.375
carbonZ_2018-10-05-15-52-12_3_engine_failure_with_emr_traj,carbonZ_2018-10-05-15-52-12_3_engine_failure_with_emr_traj-mavros-global_position-compass_hdg.csv,272.0,2.0,2.0,0.0
carbonZ_2018-10-05-15-52-12_3_engine_failure_with_emr_traj,carbonZ_2018-10-05-15-52-12_3_engine_failure_with_emr_traj-mavros-global_position-global.csv,272.0,19.0,18.0,0.0
carbonZ_2018-10-05-15-52-12_3_engine_failure_with_emr_traj,carbonZ_2018-10-05-15-52-12_3_engine_failure_with_emr_traj-mavros-global_position-local.csv,272.0,90.0,88.0,0.0
carbonZ_2018-10-05-15-52-12_3_engine_failure_with_emr_traj,carbonZ_2018-10-05-15-52-12_3_engine_failure_with_emr_traj-mavros-global_position-raw-fix.csv,333.0,19.0,18.0,0.0
carbonZ_2018-10-05-15-52-12_3_engine_failure_with_emr_traj,carbonZ_2018-10-05-15-52-12_3_engine_failure_with_emr_traj-mavros-global_position-raw-gps_vel.csv,333.0,10.0,9.0,0.0
carbonZ_2018-10-05-15-52-12_3_engine_failure_with_emr_traj,carbonZ_2018-10-05-15-52-12_3_engine_failure_with_emr_traj-mavros-global_position-rel_alt.csv,272.0,2.0,2.0,0.0
carbonZ_2018-10-05-15-52-12_3_engine_failure_with_emr_traj,carbonZ_2018-10-05-15-52-12_3_engine_failure_with_emr_traj-mavros-imu-atm_pressure.csv,666.0,6.0,5.0,0.0
carbonZ_2018-10-05-15-52-12_3_engine_failure_with_emr_traj,carbonZ_2018-10-05-15-52-12_3_engine_failure_with_emr_traj-mavros-imu-data.csv,174.0,41.0,40.0,0.0
carbonZ_2018-10-05-15-52-12_3_engine_failure_with_emr_traj,carbonZ_2018-10-05-15-52-12_3_engine_failure_with_emr_traj-mavros-imu-data_raw.csv,666.0,41.0,40.0,0.0
carbonZ_2018-10-05-15-52-12_3_engine_failure_with_emr_traj,carbonZ_2018-10-05-15-52-12_3_engine_failure_with_emr_traj-mavros-imu-mag.csv,666.0,16.0,15.0,0.0
carbonZ_2018-10-05-15-52-12_3_engine_failure_with_emr_traj,carbonZ_2018-10-05-15-52-12_3_engine_failure_with_emr_traj-mavros-imu-temperature.csv,666.0,6.0,5.0,0.0
carbonZ_2018-10-05-15-52-12_3_engine_failure_with_emr_traj,carbonZ_2018-10-05-15-52-12_3_engine_failure_with_emr_traj-mavros-local_position-odom.csv,272.0,90.0,88.0,0.0
carbonZ_2018-10-05-15-52-12_3_engine_failure_with_emr_traj,carbonZ_2018-10-05-15-52-12_3_engine_failure_with_emr_traj-mavros-local_position-pose.csv,272.0,11.0,10.0,0.0
carbonZ_2018-10-05-15-52-12_3_engine_failure_with_emr_traj,carbonZ_2018-10-05-15-52-12_3_engine_failure_with_emr_traj-mavros-local_position-velocity.csv,272.0,10.0,9.0,0.0
carbonZ_2018-10-05-15-52-12_3_engine_failure_with_emr_traj,carbonZ_2018-10-05-15-52-12_3_engine_failure_with_emr_traj-mavros-nav_info-airspeed.csv,1255.0,6.0,5.0,0.0
carbonZ_2018-10-05-15-52-12_3_engine_failure_with_emr_traj,carbonZ_2018-10-05-15-52-12_3_engine_failure_with_emr_traj-mavros-nav_info-errors.csv,1280.0,8.0,7.0,0.0
carbonZ_2018-10-05-15-52-12_3_engine_failure_with_emr_traj,carbonZ_2018-10-05-15-52-12_3_engine_failure_with_emr_traj-mavros-nav_info-pitch.csv,1280.0,6.0,5.0,0.0
carbonZ_2018-10-05-15-52-12_3_engine_failure_with_emr_traj,carbonZ_2018-10-05-15-52-12_3_engine_failure_with_emr_traj-mavros-nav_info-roll.csv,1280.0,6.0,5.0,0.0
carbonZ_2018-10-05-15-52-12_3_engine_failure_with_emr_traj,carbonZ_2018-10-05-15-52-12_3_engine_failure_with_emr_traj-mavros-nav_info-velocity.csv,1255.0,11.0,10.0,0.0
carbonZ_2018-10-05-15-52-12_3_engine_failure_with_emr_traj,carbonZ_2018-10-05-15-52-12_3_engine_failure_with_emr_traj-mavros-nav_info-yaw.csv,1280.0,6.0,5.0,0.0
carbonZ_2018-10-05-15-52-12_3_engine_failure_with_emr_traj,carbonZ_2018-10-05-15-52-12_3_engine_failure_with_emr_traj-mavros-rc-in.csv,201.0,21.0,21.0,0.047619
carbonZ_2018-10-05-15-52-12_3_engine_failure_with_emr_traj,carbonZ_2018-10-05-15-52-12_3_engine_failure_with_emr_traj-mavros-rc-out.csv,201.0,12.0,12.0,0.083333
carbonZ_2018-10-05-15-52-12_3_engine_failure_with_emr_traj,carbonZ_2018-10-05-15-52-12_3_engine_failure_with_emr_traj-mavros-setpoint_raw-local.csv,3275.0,17.0,17.0,0.0
carbonZ_2018-10-05-15-52-12_3_engine_failure_with_emr_traj,carbonZ_2018-10-05-15-52-12_3_engine_failure_with_emr_traj-mavros-setpoint_raw-target_global.csv,1255.0,17.0,17.0,0.058824
carbonZ_2018-10-05-15-52-12_3_engine_failure_with_emr_traj,carbonZ_2018-10-05-15-52-12_3_engine_failure_with_emr_traj-mavros-state.csv,67.0,9.0,8.0,0.111111
carbonZ_2018-10-05-15-52-12_3_engine_failure_with_emr_traj,carbonZ_2018-10-05-15-52-12_3_engine_failure_with_emr_traj-mavros-time_reference.csv,146.0,6.0,5.0,0.166667
carbonZ_2018-10-05-15-52-12_3_engine_failure_with_emr_traj,carbonZ_2018-10-05-15-52-12_3_engine_failure_with_emr_traj-mavros-vfr_hud.csv,174.0,10.0,10.0,0.1
carbonZ_2018-10-05-15-52-12_3_engine_failure_with_emr_traj,carbonZ_2018-10-05-15-52-12_3_engine_failure_with_emr_traj-mavros-wind_estimation.csv,146.0,10.0,10.0,0.1
carbonZ_2018-10-05-15-55-10_engine_failure_with_emr_traj,carbonZ_2018-10-05-15-55-10_engine_failure_with_emr_traj-diagnostics.csv,88.0,122.0,35.0,0.008197
carbonZ_2018-10-05-15-55-10_engine_failure_with_emr_traj,carbonZ_2018-10-05-15-55-10_engine_failure_with_emr_traj-emergency_responder-traj_file.csv,1.0,2.0,1.0,0.0
carbonZ_2018-10-05-15-55-10_engine_failure_with_emr_traj,carbonZ_2018-10-05-15-55-10_engine_failure_with_emr_traj-failure_status-engines.csv,27.0,2.0,2.0,0.0
carbonZ_2018-10-05-15-55-10_engine_failure_with_emr_traj,carbonZ_2018-10-05-15-55-10_engine_failure_with_emr_traj-mavctrl-path_dev.csv,5638.0,4.0,4.0,0.0
carbonZ_2018-10-05-15-55-10_engine_failure_with_emr_traj,carbonZ_2018-10-05-15-55-10_engine_failure_with_emr_traj-mavctrl-rpy.csv,5638.0,4.0,4.0,0.0
carbonZ_2018-10-05-15-55-10_engine_failure_with_emr_traj,carbonZ_2018-10-05-15-55-10_engine_failure_with_emr_traj-mavros-battery.csv,2332.0,16.0,16.0,0.375
carbonZ_2018-10-05-15-55-10_engine_failure_with_emr_traj,carbonZ_2018-10-05-15-55-10_engine_failure_with_emr_traj-mavros-global_position-compass_hdg.csv,472.0,2.0,2.0,0.0
carbonZ_2018-10-05-15-55-10_engine_failure_with_emr_traj,carbonZ_2018-10-05-15-55-10_engine_failure_with_emr_traj-mavros-global_position-global.csv,472.0,19.0,18.0,0.0
carbonZ_2018-10-05-15-55-10_engine_failure_with_emr_traj,carbonZ_2018-10-05-15-55-10_engine_failure_with_emr_traj-mavros-global_position-local.csv,472.0,90.0,88.0,0.0
carbonZ_2018-10-05-15-55-10_engine_failure_with_emr_traj,carbonZ_2018-10-05-15-55-10_engine_failure_with_emr_traj-mavros-global_position-raw-fix.csv,566.0,19.0,18.0,0.0
carbonZ_2018-10-05-15-55-10_engine_failure_with_emr_traj,carbonZ_2018-10-05-15-55-10_engine_failure_with_emr_traj-mavros-global_position-raw-gps_vel.csv,566.0,10.0,9.0,0.0
carbonZ_2018-10-05-15-55-10_engine_failure_with_emr_traj,carbonZ_2018-10-05-15-55-10_engine_failure_with_emr_traj-mavros-global_position-rel_alt.csv,472.0,2.0,2.0,0.0
carbonZ_2018-10-05-15-55-10_engine_failure_with_emr_traj,carbonZ_2018-10-05-15-55-10_engine_failure_with_emr_traj-mavros-imu-data.csv,291.0,41.0,40.0,0.0
carbonZ_2018-10-05-15-55-10_engine_failure_with_emr_traj,carbonZ_2018-10-05-15-55-10_engine_failure_with_emr_traj-mavros-imu-data_raw.csv,1133.0,41.0,40.0,0.0
carbonZ_2018-10-05-15-55-10_engine_failure_with_emr_traj,carbonZ_2018-10-05-15-55-10_engine_failure_with_emr_traj-mavros-imu-atm_pressure.csv,1133.0,6.0,5.0,0.0
carbonZ_2018-10-05-15-55-10_engine_failure_with_emr_traj,carbonZ_2018-10-05-15-55-10_engine_failure_with_emr_traj-mavros-imu-mag.csv,1133.0,16.0,15.0,0.0
carbonZ_2018-10-05-15-55-10_engine_failure_with_emr_traj,carbonZ_2018-10-05-15-55-10_engine_failure_with_emr_traj-mavros-imu-temperature.csv,1133.0,6.0,5.0,0.0
carbonZ_2018-10-05-15-55-10_engine_failure_with_emr_traj,carbonZ_2018-10-05-15-55-10_engine_failure_with_emr_traj-mavros-local_position-odom.csv,472.0,90.0,88.0,0.0
carbonZ_2018-10-05-15-55-10_engine_failure_with_emr_traj,carbonZ_2018-10-05-15-55-10_engine_failure_with_emr_traj-mavros-local_position-pose.csv,472.0,11.0,10.0,0.0
carbonZ_2018-10-05-15-55-10_engine_failure_with_emr_traj,carbonZ_2018-10-05-15-55-10_engine_failure_with_emr_traj-mavros-local_position-velocity.csv,472.0,10.0,9.0,0.0
carbonZ_2018-10-05-15-55-10_engine_failure_with_emr_traj,carbonZ_2018-10-05-15-55-10_engine_failure_with_emr_traj-mavros-nav_info-airspeed.csv,2169.0,6.0,5.0,0.0
carbonZ_2018-10-05-15-55-10_engine_failure_with_emr_traj,carbonZ_2018-10-05-15-55-10_engine_failure_with_emr_traj-mavros-nav_info-errors.csv,2211.0,8.0,7.0,0.0
carbonZ_2018-10-05-15-55-10_engine_failure_with_emr_traj,carbonZ_2018-10-05-15-55-10_engine_failure_with_emr_traj-mavros-nav_info-pitch.csv,2211.0,6.0,5.0,0.0
carbonZ_2018-10-05-15-55-10_engine_failure_with_emr_traj,carbonZ_2018-10-05-15-55-10_engine_failure_with_emr_traj-mavros-nav_info-roll.csv,2211.0,6.0,5.0,0.0
carbonZ_2018-10-05-15-55-10_engine_failure_with_emr_traj,carbonZ_2018-10-05-15-55-10_engine_failure_with_emr_traj-mavros-nav_info-velocity.csv,2169.0,11.0,10.0,0.0
carbonZ_2018-10-05-15-55-10_engine_failure_with_emr_traj,carbonZ_2018-10-05-15-55-10_engine_failure_with_emr_traj-mavros-nav_info-yaw.csv,2211.0,6.0,5.0,0.0
carbonZ_2018-10-05-15-55-10_engine_failure_with_emr_traj,carbonZ_2018-10-05-15-55-10_engine_failure_with_emr_traj-mavros-rc-in.csv,343.0,21.0,21.0,0.047619
carbonZ_2018-10-05-15-55-10_engine_failure_with_emr_traj,carbonZ_2018-10-05-15-55-10_engine_failure_with_emr_traj-mavros-rc-out.csv,343.0,12.0,12.0,0.083333
carbonZ_2018-10-05-15-55-10_engine_failure_with_emr_traj,carbonZ_2018-10-05-15-55-10_engine_failure_with_emr_traj-mavros-setpoint_raw-local.csv,5633.0,17.0,17.0,0.0
carbonZ_2018-10-05-15-55-10_engine_failure_with_emr_traj,carbonZ_2018-10-05-15-55-10_engine_failure_with_emr_traj-mavros-setpoint_raw-target_global.csv,2169.0,17.0,17.0,0.058824
carbonZ_2018-10-05-15-55-10_engine_failure_with_emr_traj,carbonZ_2018-10-05-15-55-10_engine_failure_with_emr_traj-mavros-state.csv,114.0,9.0,8.0,0.111111
carbonZ_2018-10-05-15-55-10_engine_failure_with_emr_traj,carbonZ_2018-10-05-15-55-10_engine_failure_with_emr_traj-mavros-time_reference.csv,242.0,6.0,5.0,0.166667
carbonZ_2018-10-05-15-55-10_engine_failure_with_emr_traj,carbonZ_2018-10-05-15-55-10_engine_failure_with_emr_traj-mavros-vfr_hud.csv,291.0,10.0,10.0,0.1
carbonZ_2018-10-05-15-55-10_engine_failure_with_emr_traj,carbonZ_2018-10-05-15-55-10_engine_failure_with_emr_traj-mavros-wind_estimation.csv,242.0,10.0,10.0,0.1
carbonZ_2018-10-05-16-04-46_engine_failure_with_emr_traj,carbonZ_2018-10-05-16-04-46_engine_failure_with_emr_traj-diagnostics.csv,71.0,122.0,35.0,0.008197
carbonZ_2018-10-05-16-04-46_engine_failure_with_emr_traj,carbonZ_2018-10-05-16-04-46_engine_failure_with_emr_traj-mavros-battery.csv,1872.0,16.0,16.0,0.375
carbonZ_2018-10-05-16-04-46_engine_failure_with_emr_traj,carbonZ_2018-10-05-16-04-46_engine_failure_with_emr_traj-mavctrl-rpy.csv,4579.0,4.0,4.0,0.0
carbonZ_2018-10-05-16-04-46_engine_failure_with_emr_traj,carbonZ_2018-10-05-16-04-46_engine_failure_with_emr_traj-emergency_responder-traj_file.csv,1.0,2.0,1.0,0.0
carbonZ_2018-10-05-16-04-46_engine_failure_with_emr_traj,carbonZ_2018-10-05-16-04-46_engine_failure_with_emr_traj-mavctrl-path_dev.csv,4579.0,4.0,4.0,0.0
carbonZ_2018-10-05-16-04-46_engine_failure_with_emr_traj,carbonZ_2018-10-05-16-04-46_engine_failure_with_emr_traj-failure_status-engines.csv,33.0,2.0,2.0,0.0
carbonZ_2018-10-05-16-04-46_engine_failure_with_emr_traj,carbonZ_2018-10-05-16-04-46_engine_failure_with_emr_traj-mavros-global_position-compass_hdg.csv,381.0,2.0,2.0,0.0
carbonZ_2018-10-05-16-04-46_engine_failure_with_emr_traj,carbonZ_2018-10-05-16-04-46_engine_failure_with_emr_traj-mavros-global_position-global.csv,381.0,19.0,18.0,0.0
carbonZ_2018-10-05-16-04-46_engine_failure_with_emr_traj,carbonZ_2018-10-05-16-04-46_engine_failure_with_emr_traj-mavros-global_position-local.csv,381.0,90.0,88.0,0.0
carbonZ_2018-10-05-16-04-46_engine_failure_with_emr_traj,carbonZ_2018-10-05-16-04-46_engine_failure_with_emr_traj-mavros-global_position-raw-fix.csv,461.0,19.0,18.0,0.0
carbonZ_2018-10-05-16-04-46_engine_failure_with_emr_traj,carbonZ_2018-10-05-16-04-46_engine_failure_with_emr_traj-mavros-global_position-raw-gps_vel.csv,461.0,10.0,9.0,0.0
carbonZ_2018-10-05-16-04-46_engine_failure_with_emr_traj,carbonZ_2018-10-05-16-04-46_engine_failure_with_emr_traj-mavros-global_position-rel_alt.csv,381.0,2.0,2.0,0.0
carbonZ_2018-10-05-16-04-46_engine_failure_with_emr_traj,carbonZ_2018-10-05-16-04-46_engine_failure_with_emr_traj-mavros-imu-atm_pressure.csv,923.0,6.0,5.0,0.0
carbonZ_2018-10-05-16-04-46_engine_failure_with_emr_traj,carbonZ_2018-10-05-16-04-46_engine_failure_with_emr_traj-mavros-imu-data_raw.csv,923.0,41.0,40.0,0.0
carbonZ_2018-10-05-16-04-46_engine_failure_with_emr_traj,carbonZ_2018-10-05-16-04-46_engine_failure_with_emr_traj-mavros-imu-data.csv,233.0,41.0,40.0,0.0
carbonZ_2018-10-05-16-04-46_engine_failure_with_emr_traj,carbonZ_2018-10-05-16-04-46_engine_failure_with_emr_traj-mavros-imu-mag.csv,923.0,16.0,15.0,0.0
carbonZ_2018-10-05-16-04-46_engine_failure_with_emr_traj,carbonZ_2018-10-05-16-04-46_engine_failure_with_emr_traj-mavros-imu-temperature.csv,923.0,6.0,5.0,0.0
carbonZ_2018-10-05-16-04-46_engine_failure_with_emr_traj,carbonZ_2018-10-05-16-04-46_engine_failure_with_emr_traj-mavros-local_position-odom.csv,381.0,90.0,88.0,0.0
carbonZ_2018-10-05-16-04-46_engine_failure_with_emr_traj,carbonZ_2018-10-05-16-04-46_engine_failure_with_emr_traj-mavros-local_position-pose.csv,381.0,11.0,10.0,0.0
carbonZ_2018-10-05-16-04-46_engine_failure_with_emr_traj,carbonZ_2018-10-05-16-04-46_engine_failure_with_emr_traj-mavros-local_position-velocity.csv,381.0,10.0,9.0,0.0
carbonZ_2018-10-05-16-04-46_engine_failure_with_emr_traj,carbonZ_2018-10-05-16-04-46_engine_failure_with_emr_traj-mavros-mission-reached.csv,1.0,5.0,5.0,0.2
carbonZ_2018-10-05-16-04-46_engine_failure_with_emr_traj,carbonZ_2018-10-05-16-04-46_engine_failure_with_emr_traj-mavros-nav_info-airspeed.csv,1724.0,6.0,5.0,0.0
carbonZ_2018-10-05-16-04-46_engine_failure_with_emr_traj,carbonZ_2018-10-05-16-04-46_engine_failure_with_emr_traj-mavros-nav_info-errors.csv,1758.0,8.0,7.0,0.0
carbonZ_2018-10-05-16-04-46_engine_failure_with_emr_traj,carbonZ_2018-10-05-16-04-46_engine_failure_with_emr_traj-mavros-nav_info-pitch.csv,1758.0,6.0,5.0,0.0
carbonZ_2018-10-05-16-04-46_engine_failure_with_emr_traj,carbonZ_2018-10-05-16-04-46_engine_failure_with_emr_traj-mavros-nav_info-roll.csv,1758.0,6.0,5.0,0.0
carbonZ_2018-10-05-16-04-46_engine_failure_with_emr_traj,carbonZ_2018-10-05-16-04-46_engine_failure_with_emr_traj-mavros-nav_info-velocity.csv,1724.0,11.0,10.0,0.0
carbonZ_2018-10-05-16-04-46_engine_failure_with_emr_traj,carbonZ_2018-10-05-16-04-46_engine_failure_with_emr_traj-mavros-nav_info-yaw.csv,1758.0,6.0,5.0,0.0
carbonZ_2018-10-05-16-04-46_engine_failure_with_emr_traj,carbonZ_2018-10-05-16-04-46_engine_failure_with_emr_traj-mavros-rc-in.csv,275.0,21.0,21.0,0.047619
carbonZ_2018-10-05-16-04-46_engine_failure_with_emr_traj,carbonZ_2018-10-05-16-04-46_engine_failure_with_emr_traj-mavros-rc-out.csv,275.0,12.0,12.0,0.083333
carbonZ_2018-10-05-16-04-46_engine_failure_with_emr_traj,carbonZ_2018-10-05-16-04-46_engine_failure_with_emr_traj-mavros-setpoint_raw-local.csv,4572.0,17.0,17.0,0.0
carbonZ_2018-10-05-16-04-46_engine_failure_with_emr_traj,carbonZ_2018-10-05-16-04-46_engine_failure_with_emr_traj-mavros-state.csv,93.0,9.0,8.0,0.111111
carbonZ_2018-10-05-16-04-46_engine_failure_with_emr_traj,carbonZ_2018-10-05-16-04-46_engine_failure_with_emr_traj-mavros-time_reference.csv,194.0,6.0,5.0,0.166667
carbonZ_2018-10-05-16-04-46_engine_failure_with_emr_traj,carbonZ_2018-10-05-16-04-46_engine_failure_with_emr_traj-mavros-wind_estimation.csv,194.0,10.0,10.0,0.1
carbonZ_2018-10-05-16-04-46_engine_failure_with_emr_traj,carbonZ_2018-10-05-16-04-46_engine_failure_with_emr_traj-mavros-setpoint_raw-target_global.csv,1724.0,17.0,17.0,0.058824
carbonZ_2018-10-05-16-04-46_engine_failure_with_emr_traj,carbonZ_2018-10-05-16-04-46_engine_failure_with_emr_traj-mavros-vfr_hud.csv,233.0,10.0,10.0,0.1
carbonZ_2018-10-18-11-03-57_engine_failure_with_emr_traj,carbonZ_2018-10-18-11-03-57_engine_failure_with_emr_traj-mavctrl-rpy.csv,5799.0,4.0,4.0,0.0
carbonZ_2018-10-18-11-03-57_engine_failure_with_emr_traj,carbonZ_2018-10-18-11-03-57_engine_failure_with_emr_traj-emergency_responder-traj_file.csv,1.0,2.0,1.0,0.0
carbonZ_2018-10-18-11-03-57_engine_failure_with_emr_traj,carbonZ_2018-10-18-11-03-57_engine_failure_with_emr_traj-mavctrl-path_dev.csv,5799.0,4.0,4.0,0.0
carbonZ_2018-10-18-11-03-57_engine_failure_with_emr_traj,carbonZ_2018-10-18-11-03-57_engine_failure_with_emr_traj-failure_status-engines.csv,25.0,2.0,2.0,0.0
carbonZ_2018-10-18-11-03-57_engine_failure_with_emr_traj,carbonZ_2018-10-18-11-03-57_engine_failure_with_emr_traj-diagnostics.csv,89.0,122.0,35.0,0.008197
carbonZ_2018-10-18-11-03-57_engine_failure_with_emr_traj,carbonZ_2018-10-18-11-03-57_engine_failure_with_emr_traj-mavlink-from.csv,23289.0,21.0,17.0,0.132664
carbonZ_2018-10-18-11-03-57_engine_failure_with_emr_traj,carbonZ_2018-10-18-11-03-57_engine_failure_with_emr_traj-mavros-battery.csv,2378.0,16.0,16.0,0.375
carbonZ_2018-10-18-11-03-57_engine_failure_with_emr_traj,carbonZ_2018-10-18-11-03-57_engine_failure_with_emr_traj-mavros-global_position-compass_hdg.csv,481.0,2.0,2.0,0.0
carbonZ_2018-10-18-11-03-57_engine_failure_with_emr_traj,carbonZ_2018-10-18-11-03-57_engine_failure_with_emr_traj-mavros-global_position-global.csv,481.0,19.0,18.0,0.0
carbonZ_2018-10-18-11-03-57_engine_failure_with_emr_traj,carbonZ_2018-10-18-11-03-57_engine_failure_with_emr_traj-mavros-global_position-local.csv,481.0,90.0,88.0,0.0
carbonZ_2018-10-18-11-03-57_engine_failure_with_emr_traj,carbonZ_2018-10-18-11-03-57_engine_failure_with_emr_traj-mavros-global_position-raw-fix.csv,582.0,19.0,18.0,0.0
carbonZ_2018-10-18-11-03-57_engine_failure_with_emr_traj,carbonZ_2018-10-18-11-03-57_engine_failure_with_emr_traj-mavros-global_position-raw-gps_vel.csv,582.0,10.0,9.0,0.0
carbonZ_2018-10-18-11-03-57_engine_failure_with_emr_traj,carbonZ_2018-10-18-11-03-57_engine_failure_with_emr_traj-mavros-global_position-rel_alt.csv,481.0,2.0,2.0,0.0
carbonZ_2018-10-18-11-03-57_engine_failure_with_emr_traj,carbonZ_2018-10-18-11-03-57_engine_failure_with_emr_traj-mavros-imu-atm_pressure.csv,1164.0,6.0,5.0,0.0
carbonZ_2018-10-18-11-03-57_engine_failure_with_emr_traj,carbonZ_2018-10-18-11-03-57_engine_failure_with_emr_traj-mavros-imu-data.csv,300.0,41.0,40.0,0.0
carbonZ_2018-10-18-11-03-57_engine_failure_with_emr_traj,carbonZ_2018-10-18-11-03-57_engine_failure_with_emr_traj-mavros-imu-data_raw.csv,1164.0,41.0,40.0,0.0
carbonZ_2018-10-18-11-03-57_engine_failure_with_emr_traj,carbonZ_2018-10-18-11-03-57_engine_failure_with_emr_traj-mavros-imu-mag.csv,1164.0,16.0,15.0,0.0
carbonZ_2018-10-18-11-03-57_engine_failure_with_emr_traj,carbonZ_2018-10-18-11-03-57_engine_failure_with_emr_traj-mavros-imu-temperature.csv,1164.0,6.0,5.0,0.0
carbonZ_2018-10-18-11-03-57_engine_failure_with_emr_traj,carbonZ_2018-10-18-11-03-57_engine_failure_with_emr_traj-mavros-local_position-odom.csv,481.0,90.0,88.0,0.0
carbonZ_2018-10-18-11-03-57_engine_failure_with_emr_traj,carbonZ_2018-10-18-11-03-57_engine_failure_with_emr_traj-mavros-local_position-pose.csv,481.0,11.0,10.0,0.0
carbonZ_2018-10-18-11-03-57_engine_failure_with_emr_traj,carbonZ_2018-10-18-11-03-57_engine_failure_with_emr_traj-mavros-local_position-velocity.csv,481.0,10.0,9.0,0.0
carbonZ_2018-10-18-11-03-57_engine_failure_with_emr_traj,carbonZ_2018-10-18-11-03-57_engine_failure_with_emr_traj-mavros-nav_info-airspeed.csv,2208.0,6.0,5.0,0.0
carbonZ_2018-10-18-11-03-57_engine_failure_with_emr_traj,carbonZ_2018-10-18-11-03-57_engine_failure_with_emr_traj-mavros-nav_info-errors.csv,2257.0,8.0,7.0,0.0
carbonZ_2018-10-18-11-03-57_engine_failure_with_emr_traj,carbonZ_2018-10-18-11-03-57_engine_failure_with_emr_traj-mavros-nav_info-pitch.csv,2257.0,6.0,5.0,0.0
carbonZ_2018-10-18-11-03-57_engine_failure_with_emr_traj,carbonZ_2018-10-18-11-03-57_engine_failure_with_emr_traj-mavros-nav_info-roll.csv,2257.0,6.0,5.0,0.0
carbonZ_2018-10-18-11-03-57_engine_failure_with_emr_traj,carbonZ_2018-10-18-11-03-57_engine_failure_with_emr_traj-mavros-nav_info-velocity.csv,2208.0,11.0,10.0,0.0
carbonZ_2018-10-18-11-03-57_engine_failure_with_emr_traj,carbonZ_2018-10-18-11-03-57_engine_failure_with_emr_traj-mavros-nav_info-yaw.csv,2257.0,6.0,5.0,0.0
carbonZ_2018-10-18-11-03-57_engine_failure_with_emr_traj,carbonZ_2018-10-18-11-03-57_engine_failure_with_emr_traj-mavros-rc-in.csv,350.0,21.0,21.0,0.047619
carbonZ_2018-10-18-11-03-57_engine_failure_with_emr_traj,carbonZ_2018-10-18-11-03-57_engine_failure_with_emr_traj-mavros-rc-out.csv,350.0,12.0,12.0,0.083333
carbonZ_2018-10-18-11-03-57_engine_failure_with_emr_traj,carbonZ_2018-10-18-11-03-57_engine_failure_with_emr_traj-mavros-setpoint_raw-local.csv,5794.0,17.0,17.0,1e-05
carbonZ_2018-10-18-11-03-57_engine_failure_with_emr_traj,carbonZ_2018-10-18-11-03-57_engine_failure_with_emr_traj-mavros-setpoint_raw-target_global.csv,2208.0,17.0,17.0,0.058824
carbonZ_2018-10-18-11-03-57_engine_failure_with_emr_traj,carbonZ_2018-10-18-11-03-57_engine_failure_with_emr_traj-mavros-state.csv,117.0,9.0,8.0,0.111111
carbonZ_2018-10-18-11-03-57_engine_failure_with_emr_traj,carbonZ_2018-10-18-11-03-57_engine_failure_with_emr_traj-mavros-time_reference.csv,250.0,6.0,5.0,0.166667
carbonZ_2018-10-18-11-03-57_engine_failure_with_emr_traj,carbonZ_2018-10-18-11-03-57_engine_failure_with_emr_traj-mavros-vfr_hud.csv,300.0,10.0,10.0,0.1
carbonZ_2018-10-18-11-03-57_engine_failure_with_emr_traj,carbonZ_2018-10-18-11-03-57_engine_failure_with_emr_traj-mavros-wind_estimation.csv,250.0,10.0,10.0,0.1
carbonZ_2018-10-18-11-04-00_engine_failure_with_emr_traj,carbonZ_2018-10-18-11-04-00_engine_failure_with_emr_traj-failure_status-engines.csv,23.0,2.0,2.0,0.0
carbonZ_2018-10-18-11-04-00_engine_failure_with_emr_traj,carbonZ_2018-10-18-11-04-00_engine_failure_with_emr_traj-mavros-battery.csv,2517.0,16.0,16.0,0.375
carbonZ_2018-10-18-11-04-00_engine_failure_with_emr_traj,carbonZ_2018-10-18-11-04-00_engine_failure_with_emr_traj-emergency_responder-traj_file.csv,1.0,2.0,1.0,0.0
carbonZ_2018-10-18-11-04-00_engine_failure_with_emr_traj,carbonZ_2018-10-18-11-04-00_engine_failure_with_emr_traj-mavctrl-rpy.csv,6127.0,4.0,4.0,0.0
carbonZ_2018-10-18-11-04-00_engine_failure_with_emr_traj,carbonZ_2018-10-18-11-04-00_engine_failure_with_emr_traj-mavctrl-path_dev.csv,6127.0,4.0,4.0,0.0
carbonZ_2018-10-18-11-04-00_engine_failure_with_emr_traj,carbonZ_2018-10-18-11-04-00_engine_failure_with_emr_traj-diagnostics.csv,94.0,122.0,35.0,0.008197
carbonZ_2018-10-18-11-04-00_engine_failure_with_emr_traj,carbonZ_2018-10-18-11-04-00_engine_failure_with_emr_traj-mavros-global_position-compass_hdg.csv,509.0,2.0,2.0,0.0
carbonZ_2018-10-18-11-04-00_engine_failure_with_emr_traj,carbonZ_2018-10-18-11-04-00_engine_failure_with_emr_traj-mavros-global_position-global.csv,509.0,19.0,18.0,0.0
carbonZ_2018-10-18-11-04-00_engine_failure_with_emr_traj,carbonZ_2018-10-18-11-04-00_engine_failure_with_emr_traj-mavros-global_position-local.csv,509.0,90.0,88.0,0.0
carbonZ_2018-10-18-11-04-00_engine_failure_with_emr_traj,carbonZ_2018-10-18-11-04-00_engine_failure_with_emr_traj-mavros-global_position-raw-fix.csv,612.0,19.0,18.0,0.0
carbonZ_2018-10-18-11-04-00_engine_failure_with_emr_traj,carbonZ_2018-10-18-11-04-00_engine_failure_with_emr_traj-mavros-global_position-raw-gps_vel.csv,612.0,10.0,9.0,0.0
carbonZ_2018-10-18-11-04-00_engine_failure_with_emr_traj,carbonZ_2018-10-18-11-04-00_engine_failure_with_emr_traj-mavros-global_position-rel_alt.csv,509.0,2.0,2.0,0.0
carbonZ_2018-10-18-11-04-00_engine_failure_with_emr_traj,carbonZ_2018-10-18-11-04-00_engine_failure_with_emr_traj-mavros-imu-atm_pressure.csv,1226.0,6.0,5.0,0.0
carbonZ_2018-10-18-11-04-00_engine_failure_with_emr_traj,carbonZ_2018-10-18-11-04-00_engine_failure_with_emr_traj-mavros-imu-data.csv,313.0,41.0,40.0,0.0
carbonZ_2018-10-18-11-04-00_engine_failure_with_emr_traj,carbonZ_2018-10-18-11-04-00_engine_failure_with_emr_traj-mavros-imu-data_raw.csv,1226.0,41.0,40.0,0.0
carbonZ_2018-10-18-11-04-00_engine_failure_with_emr_traj,carbonZ_2018-10-18-11-04-00_engine_failure_with_emr_traj-mavros-imu-mag.csv,1226.0,16.0,15.0,0.0
carbonZ_2018-10-18-11-04-00_engine_failure_with_emr_traj,carbonZ_2018-10-18-11-04-00_engine_failure_with_emr_traj-mavros-imu-temperature.csv,1226.0,6.0,5.0,0.0
carbonZ_2018-10-18-11-04-00_engine_failure_with_emr_traj,carbonZ_2018-10-18-11-04-00_engine_failure_with_emr_traj-mavros-local_position-odom.csv,509.0,90.0,88.0,0.0
carbonZ_2018-10-18-11-04-00_engine_failure_with_emr_traj,carbonZ_2018-10-18-11-04-00_engine_failure_with_emr_traj-mavros-local_position-pose.csv,509.0,11.0,10.0,0.0
carbonZ_2018-10-18-11-04-00_engine_failure_with_emr_traj,carbonZ_2018-10-18-11-04-00_engine_failure_with_emr_traj-mavros-local_position-velocity.csv,509.0,10.0,9.0,0.0
carbonZ_2018-10-18-11-04-00_engine_failure_with_emr_traj,carbonZ_2018-10-18-11-04-00_engine_failure_with_emr_traj-mavros-nav_info-airspeed.csv,2341.0,6.0,5.0,0.0
carbonZ_2018-10-18-11-04-00_engine_failure_with_emr_traj,carbonZ_2018-10-18-11-04-00_engine_failure_with_emr_traj-mavros-nav_info-errors.csv,2394.0,8.0,7.0,0.0
carbonZ_2018-10-18-11-04-00_engine_failure_with_emr_traj,carbonZ_2018-10-18-11-04-00_engine_failure_with_emr_traj-mavros-nav_info-pitch.csv,2394.0,6.0,5.0,0.0
carbonZ_2018-10-18-11-04-00_engine_failure_with_emr_traj,carbonZ_2018-10-18-11-04-00_engine_failure_with_emr_traj-mavros-nav_info-roll.csv,2394.0,6.0,5.0,0.0
carbonZ_2018-10-18-11-04-00_engine_failure_with_emr_traj,carbonZ_2018-10-18-11-04-00_engine_failure_with_emr_traj-mavros-nav_info-velocity.csv,2341.0,11.0,10.0,0.0
carbonZ_2018-10-18-11-04-00_engine_failure_with_emr_traj,carbonZ_2018-10-18-11-04-00_engine_failure_with_emr_traj-mavros-nav_info-yaw.csv,2394.0,6.0,5.0,0.0
carbonZ_2018-10-18-11-04-00_engine_failure_with_emr_traj,carbonZ_2018-10-18-11-04-00_engine_failure_with_emr_traj-mavros-rc-in.csv,370.0,21.0,21.0,0.047619
carbonZ_2018-10-18-11-04-00_engine_failure_with_emr_traj,carbonZ_2018-10-18-11-04-00_engine_failure_with_emr_traj-mavros-rc-out.csv,370.0,12.0,12.0,0.083333
carbonZ_2018-10-18-11-04-00_engine_failure_with_emr_traj,carbonZ_2018-10-18-11-04-00_engine_failure_with_emr_traj-mavros-setpoint_raw-local.csv,6114.0,17.0,17.0,0.0
carbonZ_2018-10-18-11-04-00_engine_failure_with_emr_traj,carbonZ_2018-10-18-11-04-00_engine_failure_with_emr_traj-mavros-setpoint_raw-target_global.csv,2341.0,17.0,17.0,0.058824
carbonZ_2018-10-18-11-04-00_engine_failure_with_emr_traj,carbonZ_2018-10-18-11-04-00_engine_failure_with_emr_traj-mavros-state.csv,123.0,9.0,8.0,0.111111
carbonZ_2018-10-18-11-04-00_engine_failure_with_emr_traj,carbonZ_2018-10-18-11-04-00_engine_failure_with_emr_traj-mavros-time_reference.csv,261.0,6.0,5.0,0.166667
carbonZ_2018-10-18-11-04-00_engine_failure_with_emr_traj,carbonZ_2018-10-18-11-04-00_engine_failure_with_emr_traj-mavros-vfr_hud.csv,313.0,10.0,10.0,0.1
carbonZ_2018-10-18-11-04-00_engine_failure_with_emr_traj,carbonZ_2018-10-18-11-04-00_engine_failure_with_emr_traj-mavros-wind_estimation.csv,261.0,10.0,10.0,0.1
carbonZ_2018-10-18-11-04-08_1_engine_failure_with_emr_traj,carbonZ_2018-10-18-11-04-08_1_engine_failure_with_emr_traj-diagnostics.csv,89.0,122.0,35.0,0.008197
carbonZ_2018-10-18-11-04-08_1_engine_failure_with_emr_traj,carbonZ_2018-10-18-11-04-08_1_engine_failure_with_emr_traj-emergency_responder-traj_file.csv,1.0,2.0,1.0,0.0
carbonZ_2018-10-18-11-04-08_1_engine_failure_with_emr_traj,carbonZ_2018-10-18-11-04-08_1_engine_failure_with_emr_traj-mavctrl-rpy.csv,5731.0,4.0,4.0,0.0
carbonZ_2018-10-18-11-04-08_1_engine_failure_with_emr_traj,carbonZ_2018-10-18-11-04-08_1_engine_failure_with_emr_traj-mavros-battery.csv,2351.0,16.0,16.0,0.375
carbonZ_2018-10-18-11-04-08_1_engine_failure_with_emr_traj,carbonZ_2018-10-18-11-04-08_1_engine_failure_with_emr_traj-mavctrl-path_dev.csv,5731.0,4.0,4.0,0.0
carbonZ_2018-10-18-11-04-08_1_engine_failure_with_emr_traj,carbonZ_2018-10-18-11-04-08_1_engine_failure_with_emr_traj-failure_status-engines.csv,29.0,2.0,2.0,0.0
carbonZ_2018-10-18-11-04-08_1_engine_failure_with_emr_traj,carbonZ_2018-10-18-11-04-08_1_engine_failure_with_emr_traj-mavros-global_position-compass_hdg.csv,474.0,2.0,2.0,0.0
carbonZ_2018-10-18-11-04-08_1_engine_failure_with_emr_traj,carbonZ_2018-10-18-11-04-08_1_engine_failure_with_emr_traj-mavros-global_position-global.csv,474.0,19.0,18.0,0.0
carbonZ_2018-10-18-11-04-08_1_engine_failure_with_emr_traj,carbonZ_2018-10-18-11-04-08_1_engine_failure_with_emr_traj-mavros-global_position-local.csv,474.0,90.0,88.0,0.0
carbonZ_2018-10-18-11-04-08_1_engine_failure_with_emr_traj,carbonZ_2018-10-18-11-04-08_1_engine_failure_with_emr_traj-mavros-global_position-raw-fix.csv,573.0,19.0,18.0,0.0
carbonZ_2018-10-18-11-04-08_1_engine_failure_with_emr_traj,carbonZ_2018-10-18-11-04-08_1_engine_failure_with_emr_traj-mavros-global_position-raw-gps_vel.csv,573.0,10.0,9.0,0.0
carbonZ_2018-10-18-11-04-08_1_engine_failure_with_emr_traj,carbonZ_2018-10-18-11-04-08_1_engine_failure_with_emr_traj-mavros-global_position-rel_alt.csv,474.0,2.0,2.0,0.0
carbonZ_2018-10-18-11-04-08_1_engine_failure_with_emr_traj,carbonZ_2018-10-18-11-04-08_1_engine_failure_with_emr_traj-mavros-imu-atm_pressure.csv,1147.0,6.0,5.0,0.0
carbonZ_2018-10-18-11-04-08_1_engine_failure_with_emr_traj,carbonZ_2018-10-18-11-04-08_1_engine_failure_with_emr_traj-mavros-imu-data.csv,291.0,41.0,40.0,0.0
carbonZ_2018-10-18-11-04-08_1_engine_failure_with_emr_traj,carbonZ_2018-10-18-11-04-08_1_engine_failure_with_emr_traj-mavros-imu-data_raw.csv,1147.0,41.0,40.0,0.0
carbonZ_2018-10-18-11-04-08_1_engine_failure_with_emr_traj,carbonZ_2018-10-18-11-04-08_1_engine_failure_with_emr_traj-mavros-imu-mag.csv,1147.0,16.0,15.0,0.0
carbonZ_2018-10-18-11-04-08_1_engine_failure_with_emr_traj,carbonZ_2018-10-18-11-04-08_1_engine_failure_with_emr_traj-mavros-imu-temperature.csv,1147.0,6.0,5.0,0.0
carbonZ_2018-10-18-11-04-08_1_engine_failure_with_emr_traj,carbonZ_2018-10-18-11-04-08_1_engine_failure_with_emr_traj-mavros-local_position-odom.csv,474.0,90.0,88.0,0.0
carbonZ_2018-10-18-11-04-08_1_engine_failure_with_emr_traj,carbonZ_2018-10-18-11-04-08_1_engine_failure_with_emr_traj-mavros-local_position-pose.csv,474.0,11.0,10.0,0.0
carbonZ_2018-10-18-11-04-08_1_engine_failure_with_emr_traj,carbonZ_2018-10-18-11-04-08_1_engine_failure_with_emr_traj-mavros-local_position-velocity.csv,474.0,10.0,9.0,0.0
carbonZ_2018-10-18-11-04-08_1_engine_failure_with_emr_traj,carbonZ_2018-10-18-11-04-08_1_engine_failure_with_emr_traj-mavros-nav_info-airspeed.csv,2170.0,6.0,5.0,0.0
carbonZ_2018-10-18-11-04-08_1_engine_failure_with_emr_traj,carbonZ_2018-10-18-11-04-08_1_engine_failure_with_emr_traj-mavros-nav_info-errors.csv,2227.0,8.0,7.0,0.0
carbonZ_2018-10-18-11-04-08_1_engine_failure_with_emr_traj,carbonZ_2018-10-18-11-04-08_1_engine_failure_with_emr_traj-mavros-nav_info-pitch.csv,2227.0,6.0,5.0,0.0
carbonZ_2018-10-18-11-04-08_1_engine_failure_with_emr_traj,carbonZ_2018-10-18-11-04-08_1_engine_failure_with_emr_traj-mavros-nav_info-roll.csv,2227.0,6.0,5.0,0.0
carbonZ_2018-10-18-11-04-08_1_engine_failure_with_emr_traj,carbonZ_2018-10-18-11-04-08_1_engine_failure_with_emr_traj-mavros-nav_info-velocity.csv,2170.0,11.0,10.0,0.0
carbonZ_2018-10-18-11-04-08_1_engine_failure_with_emr_traj,carbonZ_2018-10-18-11-04-08_1_engine_failure_with_emr_traj-mavros-nav_info-yaw.csv,2227.0,6.0,5.0,0.0
carbonZ_2018-10-18-11-04-08_1_engine_failure_with_emr_traj,carbonZ_2018-10-18-11-04-08_1_engine_failure_with_emr_traj-mavros-rc-in.csv,345.0,21.0,21.0,0.047619
carbonZ_2018-10-18-11-04-08_1_engine_failure_with_emr_traj,carbonZ_2018-10-18-11-04-08_1_engine_failure_with_emr_traj-mavros-rc-out.csv,345.0,12.0,12.0,0.083333
carbonZ_2018-10-18-11-04-08_1_engine_failure_with_emr_traj,carbonZ_2018-10-18-11-04-08_1_engine_failure_with_emr_traj-mavros-setpoint_raw-local.csv,5722.0,17.0,17.0,0.0
carbonZ_2018-10-18-11-04-08_1_engine_failure_with_emr_traj,carbonZ_2018-10-18-11-04-08_1_engine_failure_with_emr_traj-mavros-setpoint_raw-target_global.csv,2170.0,17.0,17.0,0.058824
carbonZ_2018-10-18-11-04-08_1_engine_failure_with_emr_traj,carbonZ_2018-10-18-11-04-08_1_engine_failure_with_emr_traj-mavros-state.csv,115.0,9.0,8.0,0.111111
carbonZ_2018-10-18-11-04-08_1_engine_failure_with_emr_traj,carbonZ_2018-10-18-11-04-08_1_engine_failure_with_emr_traj-mavros-time_reference.csv,241.0,6.0,5.0,0.166667
carbonZ_2018-10-18-11-04-08_1_engine_failure_with_emr_traj,carbonZ_2018-10-18-11-04-08_1_engine_failure_with_emr_traj-mavros-vfr_hud.csv,291.0,10.0,10.0,0.1
carbonZ_2018-10-18-11-04-08_1_engine_failure_with_emr_traj,carbonZ_2018-10-18-11-04-08_1_engine_failure_with_emr_traj-mavros-wind_estimation.csv,241.0,10.0,10.0,0.1
carbonZ_2018-10-18-11-04-08_2_engine_failure_with_emr_traj,carbonZ_2018-10-18-11-04-08_2_engine_failure_with_emr_traj-diagnostics.csv,91.0,122.0,35.0,0.008197
carbonZ_2018-10-18-11-04-08_2_engine_failure_with_emr_traj,carbonZ_2018-10-18-11-04-08_2_engine_failure_with_emr_traj-mavctrl-rpy.csv,5892.0,4.0,4.0,0.0
carbonZ_2018-10-18-11-04-08_2_engine_failure_with_emr_traj,carbonZ_2018-10-18-11-04-08_2_engine_failure_with_emr_traj-mavros-battery.csv,2428.0,16.0,16.0,0.375
carbonZ_2018-10-18-11-04-08_2_engine_failure_with_emr_traj,carbonZ_2018-10-18-11-04-08_2_engine_failure_with_emr_traj-emergency_responder-traj_file.csv,1.0,2.0,1.0,0.0
carbonZ_2018-10-18-11-04-08_2_engine_failure_with_emr_traj,carbonZ_2018-10-18-11-04-08_2_engine_failure_with_emr_traj-mavctrl-path_dev.csv,5892.0,4.0,4.0,0.0
carbonZ_2018-10-18-11-04-08_2_engine_failure_with_emr_traj,carbonZ_2018-10-18-11-04-08_2_engine_failure_with_emr_traj-failure_status-engines.csv,40.0,2.0,2.0,0.0
carbonZ_2018-10-18-11-04-08_2_engine_failure_with_emr_traj,carbonZ_2018-10-18-11-04-08_2_engine_failure_with_emr_traj-mavros-global_position-compass_hdg.csv,490.0,2.0,2.0,0.0
carbonZ_2018-10-18-11-04-08_2_engine_failure_with_emr_traj,carbonZ_2018-10-18-11-04-08_2_engine_failure_with_emr_traj-mavros-global_position-global.csv,489.0,19.0,18.0,0.0
carbonZ_2018-10-18-11-04-08_2_engine_failure_with_emr_traj,carbonZ_2018-10-18-11-04-08_2_engine_failure_with_emr_traj-mavros-global_position-local.csv,489.0,90.0,88.0,0.0
carbonZ_2018-10-18-11-04-08_2_engine_failure_with_emr_traj,carbonZ_2018-10-18-11-04-08_2_engine_failure_with_emr_traj-mavros-global_position-raw-fix.csv,589.0,19.0,18.0,0.0
carbonZ_2018-10-18-11-04-08_2_engine_failure_with_emr_traj,carbonZ_2018-10-18-11-04-08_2_engine_failure_with_emr_traj-mavros-global_position-raw-gps_vel.csv,589.0,10.0,9.0,0.0
carbonZ_2018-10-18-11-04-08_2_engine_failure_with_emr_traj,carbonZ_2018-10-18-11-04-08_2_engine_failure_with_emr_traj-mavros-global_position-rel_alt.csv,490.0,2.0,2.0,0.0
carbonZ_2018-10-18-11-04-08_2_engine_failure_with_emr_traj,carbonZ_2018-10-18-11-04-08_2_engine_failure_with_emr_traj-mavros-imu-atm_pressure.csv,1179.0,6.0,5.0,0.0
carbonZ_2018-10-18-11-04-08_2_engine_failure_with_emr_traj,carbonZ_2018-10-18-11-04-08_2_engine_failure_with_emr_traj-mavros-imu-data.csv,298.0,41.0,40.0,0.0
carbonZ_2018-10-18-11-04-08_2_engine_failure_with_emr_traj,carbonZ_2018-10-18-11-04-08_2_engine_failure_with_emr_traj-mavros-imu-data_raw.csv,1179.0,41.0,40.0,0.0
carbonZ_2018-10-18-11-04-08_2_engine_failure_with_emr_traj,carbonZ_2018-10-18-11-04-08_2_engine_failure_with_emr_traj-mavros-imu-mag.csv,1179.0,16.0,15.0,0.0
carbonZ_2018-10-18-11-04-08_2_engine_failure_with_emr_traj,carbonZ_2018-10-18-11-04-08_2_engine_failure_with_emr_traj-mavros-imu-temperature.csv,1179.0,6.0,5.0,0.0
carbonZ_2018-10-18-11-04-08_2_engine_failure_with_emr_traj,carbonZ_2018-10-18-11-04-08_2_engine_failure_with_emr_traj-mavros-local_position-odom.csv,490.0,90.0,88.0,0.0
carbonZ_2018-10-18-11-04-08_2_engine_failure_with_emr_traj,carbonZ_2018-10-18-11-04-08_2_engine_failure_with_emr_traj-mavros-local_position-velocity.csv,490.0,10.0,9.0,0.0
carbonZ_2018-10-18-11-04-08_2_engine_failure_with_emr_traj,carbonZ_2018-10-18-11-04-08_2_engine_failure_with_emr_traj-mavros-nav_info-airspeed.csv,2259.0,6.0,5.0,0.0
carbonZ_2018-10-18-11-04-08_2_engine_failure_with_emr_traj,carbonZ_2018-10-18-11-04-08_2_engine_failure_with_emr_traj-mavros-nav_info-pitch.csv,2314.0,6.0,5.0,0.0
carbonZ_2018-10-18-11-04-08_2_engine_failure_with_emr_traj,carbonZ_2018-10-18-11-04-08_2_engine_failure_with_emr_traj-mavros-nav_info-errors.csv,2314.0,8.0,7.0,0.0
carbonZ_2018-10-18-11-04-08_2_engine_failure_with_emr_traj,carbonZ_2018-10-18-11-04-08_2_engine_failure_with_emr_traj-mavros-nav_info-roll.csv,2314.0,6.0,5.0,0.0
carbonZ_2018-10-18-11-04-08_2_engine_failure_with_emr_traj,carbonZ_2018-10-18-11-04-08_2_engine_failure_with_emr_traj-mavros-nav_info-velocity.csv,2259.0,11.0,10.0,0.0
carbonZ_2018-10-18-11-04-08_2_engine_failure_with_emr_traj,carbonZ_2018-10-18-11-04-08_2_engine_failure_with_emr_traj-mavros-local_position-pose.csv,490.0,11.0,10.0,0.0
carbonZ_2018-10-18-11-04-08_2_engine_failure_with_emr_traj,carbonZ_2018-10-18-11-04-08_2_engine_failure_with_emr_traj-mavros-rc-in.csv,350.0,21.0,21.0,0.047619
carbonZ_2018-10-18-11-04-08_2_engine_failure_with_emr_traj,carbonZ_2018-10-18-11-04-08_2_engine_failure_with_emr_traj-mavros-nav_info-yaw.csv,2314.0,6.0,5.0,0.0
carbonZ_2018-10-18-11-04-08_2_engine_failure_with_emr_traj,carbonZ_2018-10-18-11-04-08_2_engine_failure_with_emr_traj-mavros-rc-out.csv,350.0,12.0,12.0,0.083333
carbonZ_2018-10-18-11-04-08_2_engine_failure_with_emr_traj,carbonZ_2018-10-18-11-04-08_2_engine_failure_with_emr_traj-mavros-setpoint_raw-local.csv,5889.0,17.0,17.0,0.0
carbonZ_2018-10-18-11-04-08_2_engine_failure_with_emr_traj,carbonZ_2018-10-18-11-04-08_2_engine_failure_with_emr_traj-mavros-setpoint_raw-target_global.csv,2259.0,17.0,17.0,0.058824
carbonZ_2018-10-18-11-04-08_2_engine_failure_with_emr_traj,carbonZ_2018-10-18-11-04-08_2_engine_failure_with_emr_traj-mavros-state.csv,118.0,9.0,8.0,0.111111
carbonZ_2018-10-18-11-04-08_2_engine_failure_with_emr_traj,carbonZ_2018-10-18-11-04-08_2_engine_failure_with_emr_traj-mavros-time_reference.csv,248.0,6.0,5.0,0.166667
carbonZ_2018-10-18-11-04-08_2_engine_failure_with_emr_traj,carbonZ_2018-10-18-11-04-08_2_engine_failure_with_emr_traj-mavros-vfr_hud.csv,298.0,10.0,10.0,0.1
carbonZ_2018-10-18-11-04-08_2_engine_failure_with_emr_traj,carbonZ_2018-10-18-11-04-08_2_engine_failure_with_emr_traj-mavros-wind_estimation.csv,248.0,10.0,10.0,0.1
carbonZ_2018-10-18-11-04-35_engine_failure_with_emr_traj,carbonZ_2018-10-18-11-04-35_engine_failure_with_emr_traj-failure_status-engines.csv,16.0,2.0,2.0,0.0
carbonZ_2018-10-18-11-04-35_engine_failure_with_emr_traj,carbonZ_2018-10-18-11-04-35_engine_failure_with_emr_traj-mavctrl-path_dev.csv,5436.0,4.0,4.0,0.0
carbonZ_2018-10-18-11-04-35_engine_failure_with_emr_traj,carbonZ_2018-10-18-11-04-35_engine_failure_with_emr_traj-mavctrl-rpy.csv,5436.0,4.0,4.0,0.0
carbonZ_2018-10-18-11-04-35_engine_failure_with_emr_traj,carbonZ_2018-10-18-11-04-35_engine_failure_with_emr_traj-emergency_responder-traj_file.csv,1.0,2.0,1.0,0.0
carbonZ_2018-10-18-11-04-35_engine_failure_with_emr_traj,carbonZ_2018-10-18-11-04-35_engine_failure_with_emr_traj-mavros-battery.csv,2233.0,16.0,16.0,0.375
carbonZ_2018-10-18-11-04-35_engine_failure_with_emr_traj,carbonZ_2018-10-18-11-04-35_engine_failure_with_emr_traj-diagnostics.csv,84.0,122.0,35.0,0.008197
carbonZ_2018-10-18-11-04-35_engine_failure_with_emr_traj,carbonZ_2018-10-18-11-04-35_engine_failure_with_emr_traj-mavros-global_position-compass_hdg.csv,451.0,2.0,2.0,0.0
carbonZ_2018-10-18-11-04-35_engine_failure_with_emr_traj,carbonZ_2018-10-18-11-04-35_engine_failure_with_emr_traj-mavros-global_position-global.csv,451.0,19.0,18.0,0.0
carbonZ_2018-10-18-11-04-35_engine_failure_with_emr_traj,carbonZ_2018-10-18-11-04-35_engine_failure_with_emr_traj-mavros-global_position-local.csv,451.0,90.0,88.0,0.0
carbonZ_2018-10-18-11-04-35_engine_failure_with_emr_traj,carbonZ_2018-10-18-11-04-35_engine_failure_with_emr_traj-mavros-global_position-raw-fix.csv,547.0,19.0,18.0,0.0
carbonZ_2018-10-18-11-04-35_engine_failure_with_emr_traj,carbonZ_2018-10-18-11-04-35_engine_failure_with_emr_traj-mavros-global_position-raw-gps_vel.csv,547.0,10.0,9.0,0.0
carbonZ_2018-10-18-11-04-35_engine_failure_with_emr_traj,carbonZ_2018-10-18-11-04-35_engine_failure_with_emr_traj-mavros-global_position-rel_alt.csv,451.0,2.0,2.0,0.0
carbonZ_2018-10-18-11-04-35_engine_failure_with_emr_traj,carbonZ_2018-10-18-11-04-35_engine_failure_with_emr_traj-mavros-imu-atm_pressure.csv,1092.0,6.0,5.0,0.0
carbonZ_2018-10-18-11-04-35_engine_failure_with_emr_traj,carbonZ_2018-10-18-11-04-35_engine_failure_with_emr_traj-mavros-imu-data.csv,277.0,41.0,40.0,0.0
carbonZ_2018-10-18-11-04-35_engine_failure_with_emr_traj,carbonZ_2018-10-18-11-04-35_engine_failure_with_emr_traj-mavros-imu-data_raw.csv,1092.0,41.0,40.0,0.0
carbonZ_2018-10-18-11-04-35_engine_failure_with_emr_traj,carbonZ_2018-10-18-11-04-35_engine_failure_with_emr_traj-mavros-imu-mag.csv,1092.0,16.0,15.0,0.0
carbonZ_2018-10-18-11-04-35_engine_failure_with_emr_traj,carbonZ_2018-10-18-11-04-35_engine_failure_with_emr_traj-mavros-imu-temperature.csv,1092.0,6.0,5.0,0.0
carbonZ_2018-10-18-11-04-35_engine_failure_with_emr_traj,carbonZ_2018-10-18-11-04-35_engine_failure_with_emr_traj-mavros-local_position-odom.csv,451.0,90.0,88.0,0.0
carbonZ_2018-10-18-11-04-35_engine_failure_with_emr_traj,carbonZ_2018-10-18-11-04-35_engine_failure_with_emr_traj-mavros-local_position-pose.csv,451.0,11.0,10.0,0.0
carbonZ_2018-10-18-11-04-35_engine_failure_with_emr_traj,carbonZ_2018-10-18-11-04-35_engine_failure_with_emr_traj-mavros-local_position-velocity.csv,451.0,10.0,9.0,0.0
carbonZ_2018-10-18-11-04-35_engine_failure_with_emr_traj,carbonZ_2018-10-18-11-04-35_engine_failure_with_emr_traj-mavros-nav_info-airspeed.csv,2094.0,6.0,5.0,0.0
carbonZ_2018-10-18-11-04-35_engine_failure_with_emr_traj,carbonZ_2018-10-18-11-04-35_engine_failure_with_emr_traj-mavros-nav_info-errors.csv,2133.0,8.0,7.0,0.0
carbonZ_2018-10-18-11-04-35_engine_failure_with_emr_traj,carbonZ_2018-10-18-11-04-35_engine_failure_with_emr_traj-mavros-nav_info-pitch.csv,2133.0,6.0,5.0,0.0
carbonZ_2018-10-18-11-04-35_engine_failure_with_emr_traj,carbonZ_2018-10-18-11-04-35_engine_failure_with_emr_traj-mavros-nav_info-roll.csv,2133.0,6.0,5.0,0.0
carbonZ_2018-10-18-11-04-35_engine_failure_with_emr_traj,carbonZ_2018-10-18-11-04-35_engine_failure_with_emr_traj-mavros-nav_info-velocity.csv,2094.0,11.0,10.0,0.0
carbonZ_2018-10-18-11-04-35_engine_failure_with_emr_traj,carbonZ_2018-10-18-11-04-35_engine_failure_with_emr_traj-mavros-nav_info-yaw.csv,2133.0,6.0,5.0,0.0
carbonZ_2018-10-18-11-04-35_engine_failure_with_emr_traj,carbonZ_2018-10-18-11-04-35_engine_failure_with_emr_traj-mavros-rc-out.csv,327.0,12.0,12.0,0.083333
carbonZ_2018-10-18-11-04-35_engine_failure_with_emr_traj,carbonZ_2018-10-18-11-04-35_engine_failure_with_emr_traj-mavros-rc-in.csv,327.0,21.0,21.0,0.047619
carbonZ_2018-10-18-11-04-35_engine_failure_with_emr_traj,carbonZ_2018-10-18-11-04-35_engine_failure_with_emr_traj-mavros-setpoint_raw-local.csv,5434.0,17.0,17.0,0.0
carbonZ_2018-10-18-11-04-35_engine_failure_with_emr_traj,carbonZ_2018-10-18-11-04-35_engine_failure_with_emr_traj-mavros-setpoint_raw-target_global.csv,2094.0,17.0,17.0,0.058824
carbonZ_2018-10-18-11-04-35_engine_failure_with_emr_traj,carbonZ_2018-10-18-11-04-35_engine_failure_with_emr_traj-mavros-state.csv,110.0,9.0,8.0,0.111111
carbonZ_2018-10-18-11-04-35_engine_failure_with_emr_traj,carbonZ_2018-10-18-11-04-35_engine_failure_with_emr_traj-mavros-time_reference.csv,232.0,6.0,5.0,0.166667
carbonZ_2018-10-18-11-04-35_engine_failure_with_emr_traj,carbonZ_2018-10-18-11-04-35_engine_failure_with_emr_traj-mavros-vfr_hud.csv,277.0,10.0,10.0,0.1
carbonZ_2018-10-18-11-04-35_engine_failure_with_emr_traj,carbonZ_2018-10-18-11-04-35_engine_failure_with_emr_traj-mavros-wind_estimation.csv,232.0,10.0,10.0,0.1
carbonZ_2018-10-18-11-06-06_engine_failure_with_emr_traj,carbonZ_2018-10-18-11-06-06_engine_failure_with_emr_traj-failure_status-engines.csv,28.0,2.0,2.0,0.0
carbonZ_2018-10-18-11-06-06_engine_failure_with_emr_traj,carbonZ_2018-10-18-11-06-06_engine_failure_with_emr_traj-diagnostics.csv,90.0,122.0,35.0,0.008197
carbonZ_2018-10-18-11-06-06_engine_failure_with_emr_traj,carbonZ_2018-10-18-11-06-06_engine_failure_with_emr_traj-emergency_responder-traj_file.csv,1.0,2.0,1.0,0.0
carbonZ_2018-10-18-11-06-06_engine_failure_with_emr_traj,carbonZ_2018-10-18-11-06-06_engine_failure_with_emr_traj-mavctrl-rpy.csv,5764.0,4.0,4.0,0.0
carbonZ_2018-10-18-11-06-06_engine_failure_with_emr_traj,carbonZ_2018-10-18-11-06-06_engine_failure_with_emr_traj-mavctrl-path_dev.csv,5764.0,4.0,4.0,0.0
carbonZ_2018-10-18-11-06-06_engine_failure_with_emr_traj,carbonZ_2018-10-18-11-06-06_engine_failure_with_emr_traj-mavros-battery.csv,2411.0,16.0,16.0,0.375
carbonZ_2018-10-18-11-06-06_engine_failure_with_emr_traj,carbonZ_2018-10-18-11-06-06_engine_failure_with_emr_traj-mavros-global_position-compass_hdg.csv,485.0,2.0,2.0,0.0
carbonZ_2018-10-18-11-06-06_engine_failure_with_emr_traj,carbonZ_2018-10-18-11-06-06_engine_failure_with_emr_traj-mavros-global_position-global.csv,485.0,19.0,18.0,0.0
carbonZ_2018-10-18-11-06-06_engine_failure_with_emr_traj,carbonZ_2018-10-18-11-06-06_engine_failure_with_emr_traj-mavros-global_position-local.csv,485.0,90.0,88.0,0.0
carbonZ_2018-10-18-11-06-06_engine_failure_with_emr_traj,carbonZ_2018-10-18-11-06-06_engine_failure_with_emr_traj-mavros-global_position-raw-fix.csv,582.0,19.0,18.0,0.0
carbonZ_2018-10-18-11-06-06_engine_failure_with_emr_traj,carbonZ_2018-10-18-11-06-06_engine_failure_with_emr_traj-mavros-global_position-raw-gps_vel.csv,582.0,10.0,9.0,0.0
carbonZ_2018-10-18-11-06-06_engine_failure_with_emr_traj,carbonZ_2018-10-18-11-06-06_engine_failure_with_emr_traj-mavros-global_position-rel_alt.csv,485.0,2.0,2.0,0.0
carbonZ_2018-10-18-11-06-06_engine_failure_with_emr_traj,carbonZ_2018-10-18-11-06-06_engine_failure_with_emr_traj-mavros-imu-atm_pressure.csv,1165.0,6.0,5.0,0.0
carbonZ_2018-10-18-11-06-06_engine_failure_with_emr_traj,carbonZ_2018-10-18-11-06-06_engine_failure_with_emr_traj-mavros-imu-data.csv,304.0,41.0,40.0,0.0
carbonZ_2018-10-18-11-06-06_engine_failure_with_emr_traj,carbonZ_2018-10-18-11-06-06_engine_failure_with_emr_traj-mavros-imu-data_raw.csv,1165.0,41.0,40.0,0.0
carbonZ_2018-10-18-11-06-06_engine_failure_with_emr_traj,carbonZ_2018-10-18-11-06-06_engine_failure_with_emr_traj-mavros-imu-mag.csv,1165.0,16.0,15.0,0.0
carbonZ_2018-10-18-11-06-06_engine_failure_with_emr_traj,carbonZ_2018-10-18-11-06-06_engine_failure_with_emr_traj-mavros-imu-temperature.csv,1165.0,6.0,5.0,0.0
carbonZ_2018-10-18-11-06-06_engine_failure_with_emr_traj,carbonZ_2018-10-18-11-06-06_engine_failure_with_emr_traj-mavros-local_position-odom.csv,485.0,90.0,88.0,0.0
carbonZ_2018-10-18-11-06-06_engine_failure_with_emr_traj,carbonZ_2018-10-18-11-06-06_engine_failure_with_emr_traj-mavros-local_position-pose.csv,485.0,11.0,10.0,0.0
carbonZ_2018-10-18-11-06-06_engine_failure_with_emr_traj,carbonZ_2018-10-18-11-06-06_engine_failure_with_emr_traj-mavros-local_position-velocity.csv,485.0,10.0,9.0,0.0
carbonZ_2018-10-18-11-06-06_engine_failure_with_emr_traj,carbonZ_2018-10-18-11-06-06_engine_failure_with_emr_traj-mavros-nav_info-airspeed.csv,2296.0,6.0,5.0,0.0
carbonZ_2018-10-18-11-06-06_engine_failure_with_emr_traj,carbonZ_2018-10-18-11-06-06_engine_failure_with_emr_traj-mavros-nav_info-errors.csv,2333.0,8.0,7.0,0.0
carbonZ_2018-10-18-11-06-06_engine_failure_with_emr_traj,carbonZ_2018-10-18-11-06-06_engine_failure_with_emr_traj-mavros-nav_info-pitch.csv,2333.0,6.0,5.0,0.0
carbonZ_2018-10-18-11-06-06_engine_failure_with_emr_traj,carbonZ_2018-10-18-11-06-06_engine_failure_with_emr_traj-mavros-nav_info-roll.csv,2333.0,6.0,5.0,0.0
carbonZ_2018-10-18-11-06-06_engine_failure_with_emr_traj,carbonZ_2018-10-18-11-06-06_engine_failure_with_emr_traj-mavros-nav_info-yaw.csv,2333.0,6.0,5.0,0.0
carbonZ_2018-10-18-11-06-06_engine_failure_with_emr_traj,carbonZ_2018-10-18-11-06-06_engine_failure_with_emr_traj-mavros-nav_info-velocity.csv,2296.0,11.0,10.0,0.0
carbonZ_2018-10-18-11-06-06_engine_failure_with_emr_traj,carbonZ_2018-10-18-11-06-06_engine_failure_with_emr_traj-mavros-rc-in.csv,357.0,21.0,21.0,0.047619
carbonZ_2018-10-18-11-06-06_engine_failure_with_emr_traj,carbonZ_2018-10-18-11-06-06_engine_failure_with_emr_traj-mavros-rc-out.csv,357.0,12.0,12.0,0.083333
carbonZ_2018-10-18-11-06-06_engine_failure_with_emr_traj,carbonZ_2018-10-18-11-06-06_engine_failure_with_emr_traj-mavros-setpoint_raw-local.csv,5760.0,17.0,17.0,0.0
carbonZ_2018-10-18-11-06-06_engine_failure_with_emr_traj,carbonZ_2018-10-18-11-06-06_engine_failure_with_emr_traj-mavros-setpoint_raw-target_global.csv,2296.0,17.0,17.0,0.058824
carbonZ_2018-10-18-11-06-06_engine_failure_with_emr_traj,carbonZ_2018-10-18-11-06-06_engine_failure_with_emr_traj-mavros-state.csv,117.0,9.0,8.0,0.111111
carbonZ_2018-10-18-11-06-06_engine_failure_with_emr_traj,carbonZ_2018-10-18-11-06-06_engine_failure_with_emr_traj-mavros-time_reference.csv,254.0,6.0,5.0,0.166667
carbonZ_2018-10-18-11-06-06_engine_failure_with_emr_traj,carbonZ_2018-10-18-11-06-06_engine_failure_with_emr_traj-mavros-vfr_hud.csv,304.0,10.0,10.0,0.1
carbonZ_2018-10-18-11-06-06_engine_failure_with_emr_traj,carbonZ_2018-10-18-11-06-06_engine_failure_with_emr_traj-mavros-wind_estimation.csv,254.0,10.0,10.0,0.1
carbonZ_2018-10-18-11-08-24_no_failure,carbonZ_2018-10-18-11-08-24_no_failure-mavros-battery.csv,543.0,16.0,16.0,0.375
carbonZ_2018-10-18-11-08-24_no_failure,carbonZ_2018-10-18-11-08-24_no_failure-mavros-global_position-compass_hdg.csv,110.0,2.0,2.0,0.0
carbonZ_2018-10-18-11-08-24_no_failure,carbonZ_2018-10-18-11-08-24_no_failure-mavros-global_position-global.csv,110.0,19.0,18.0,0.0
carbonZ_2018-10-18-11-08-24_no_failure,carbonZ_2018-10-18-11-08-24_no_failure-diagnostics.csv,20.0,122.0,35.0,0.008197
carbonZ_2018-10-18-11-08-24_no_failure,carbonZ_2018-10-18-11-08-24_no_failure-mavctrl-path_dev.csv,1322.0,4.0,4.0,0.0
carbonZ_2018-10-18-11-08-24_no_failure,carbonZ_2018-10-18-11-08-24_no_failure-mavctrl-rpy.csv,1322.0,4.0,4.0,0.0
carbonZ_2018-10-18-11-08-24_no_failure,carbonZ_2018-10-18-11-08-24_no_failure-mavros-global_position-local.csv,110.0,90.0,88.0,0.0
carbonZ_2018-10-18-11-08-24_no_failure,carbonZ_2018-10-18-11-08-24_no_failure-mavros-global_position-raw-fix.csv,132.0,19.0,18.0,0.0
carbonZ_2018-10-18-11-08-24_no_failure,carbonZ_2018-10-18-11-08-24_no_failure-mavros-global_position-raw-gps_vel.csv,132.0,10.0,9.0,0.0
carbonZ_2018-10-18-11-08-24_no_failure,carbonZ_2018-10-18-11-08-24_no_failure-mavros-global_position-rel_alt.csv,110.0,2.0,2.0,0.0
carbonZ_2018-10-18-11-08-24_no_failure,carbonZ_2018-10-18-11-08-24_no_failure-mavros-imu-atm_pressure.csv,264.0,6.0,5.0,0.0
carbonZ_2018-10-18-11-08-24_no_failure,carbonZ_2018-10-18-11-08-24_no_failure-mavros-imu-data.csv,67.0,41.0,40.0,0.0
carbonZ_2018-10-18-11-08-24_no_failure,carbonZ_2018-10-18-11-08-24_no_failure-mavros-imu-data_raw.csv,264.0,41.0,40.0,0.0
carbonZ_2018-10-18-11-08-24_no_failure,carbonZ_2018-10-18-11-08-24_no_failure-mavros-imu-mag.csv,264.0,16.0,15.0,0.0
carbonZ_2018-10-18-11-08-24_no_failure,carbonZ_2018-10-18-11-08-24_no_failure-mavros-imu-temperature.csv,264.0,6.0,5.0,0.0
carbonZ_2018-10-18-11-08-24_no_failure,carbonZ_2018-10-18-11-08-24_no_failure-mavros-local_position-odom.csv,110.0,90.0,88.0,0.0
carbonZ_2018-10-18-11-08-24_no_failure,carbonZ_2018-10-18-11-08-24_no_failure-mavros-local_position-pose.csv,110.0,11.0,10.0,0.0
carbonZ_2018-10-18-11-08-24_no_failure,carbonZ_2018-10-18-11-08-24_no_failure-mavros-local_position-velocity.csv,110.0,10.0,9.0,0.0
carbonZ_2018-10-18-11-08-24_no_failure,carbonZ_2018-10-18-11-08-24_no_failure-mavros-nav_info-airspeed.csv,492.0,6.0,5.0,0.0
carbonZ_2018-10-18-11-08-24_no_failure,carbonZ_2018-10-18-11-08-24_no_failure-mavros-nav_info-errors.csv,509.0,8.0,7.0,0.0
carbonZ_2018-10-18-11-08-24_no_failure,carbonZ_2018-10-18-11-08-24_no_failure-mavros-nav_info-pitch.csv,509.0,6.0,5.0,0.0
carbonZ_2018-10-18-11-08-24_no_failure,carbonZ_2018-10-18-11-08-24_no_failure-mavros-nav_info-roll.csv,509.0,6.0,5.0,0.0
carbonZ_2018-10-18-11-08-24_no_failure,carbonZ_2018-10-18-11-08-24_no_failure-mavros-nav_info-velocity.csv,492.0,11.0,10.0,0.0
carbonZ_2018-10-18-11-08-24_no_failure,carbonZ_2018-10-18-11-08-24_no_failure-mavros-nav_info-yaw.csv,509.0,6.0,5.0,0.0
carbonZ_2018-10-18-11-08-24_no_failure,carbonZ_2018-10-18-11-08-24_no_failure-mavros-rc-in.csv,80.0,21.0,21.0,0.047619
carbonZ_2018-10-18-11-08-24_no_failure,carbonZ_2018-10-18-11-08-24_no_failure-mavros-rc-out.csv,80.0,12.0,12.0,0.083333
carbonZ_2018-10-18-11-08-24_no_failure,carbonZ_2018-10-18-11-08-24_no_failure-mavros-setpoint_raw-local.csv,1313.0,17.0,17.0,0.0
carbonZ_2018-10-18-11-08-24_no_failure,carbonZ_2018-10-18-11-08-24_no_failure-mavros-setpoint_raw-target_global.csv,492.0,17.0,17.0,0.058824
carbonZ_2018-10-18-11-08-24_no_failure,carbonZ_2018-10-18-11-08-24_no_failure-mavros-state.csv,27.0,9.0,8.0,0.111111
carbonZ_2018-10-18-11-08-24_no_failure,carbonZ_2018-10-18-11-08-24_no_failure-mavros-time_reference.csv,56.0,6.0,5.0,0.166667
carbonZ_2018-10-18-11-08-24_no_failure,carbonZ_2018-10-18-11-08-24_no_failure-mavros-wind_estimation.csv,56.0,10.0,10.0,0.1
carbonZ_2018-10-18-11-08-24_no_failure,carbonZ_2018-10-18-11-08-24_no_failure-mavros-vfr_hud.csv,67.0,10.0,10.0,0.1
_reports,alfa_manifest_csv.csv,1591.0,7.0,2.0,0.0
